1chKYR_sXd8OgzoGsHP_lXCmKOK3v0z6B	[music] Post Malone - Reputation	mp3	181.08	CinePRO Sound Design	PLAYLIST	
1Oad7u-grdG5-amD1v7yOMpwl8qJhmBGG	[vocals] Post Malone - Reputation	mp3	181.08	CinePRO Sound Design	PLAYLIST	
1K42D1zZqcQHjZc1-3l4jZS0bv_62uiA4	01	wav	2.23	CinePRO Sound Design	SFX	
1471lJxskUBGY2Lh2CPGG5_bd8lEmD8Z8	01 - Thoughts	wav	274.56	CinePRO Sound Design	PLAYLIST	
18JJzf3b3ZwugnyJjzEwt8zaRfkLdYcJs	01 Air Dock	mp3	7.9	CinePRO Sound Design	Essentials	
1jOE43oOM6rEgMOkSXgnvwRjyiQzlqioS	01 Bright Start A	mp3	16.71	CinePRO Sound Design	Essentials	
1KU9FesL1Ckm4jxmb0NnxKstQyeUN31G8	01 Chopper A	wav	12	CinePRO Sound Design	Essentials	
1DrzSx72dsNJTpVTSl_ro3l0JwFpqyA40	01 Clacker A	wav	3.56	CinePRO Sound Design	Essentials	
1V3GqFyhVwOlLuP0ejfodcHuRUhps8uvg	01 Classic Bass Drop A	wav	6	CinePRO Sound Design	Essentials	
1zfyP8kCziU4SOrYQQpD2gqmtdz-vZrrm	01 Clock Ticking	wav	9.6	CinePRO Sound Design	Essentials	
1nSwrPkhQNKJ2qQpjP03YTL7KArmeT1mi	01 Dark Hit	wav	12	CinePRO Sound Design	Essentials	terror
1mJ9rjg9q6RY-4-_X8wgDkPo1cl8yI7A-	01 Deep Hit A	wav	11	CinePRO Sound Design	Essentials	
1cJWSAMB1Soe2x9PEyDP73ncD4UcEeEXj	01 Epic Riser	wav	7.41	CinePRO Sound Design	Essentials	
1sgYgV1AtV-d1wVcSmxZ7m2WXKiWzDDuS	01 Existence	mp3	52.9	CinePRO Sound Design	Essentials	
1LuqKy9knldSmLvzMLYCUfq2z6artOyES	01 Heartbeat A	wav	24.77	CinePRO Sound Design	Essentials	terror
1aqy88C4aR6WT3V81Do2D-HZTKqxNcQht	01 Low Rumble A	wav	12	CinePRO Sound Design	Essentials	terror
1mfFMlr87uqU5Pdu9RL9buztbItCTef8F	01 Moment of Truth	mp3	8.79	CinePRO Sound Design	Essentials	
1uyPlcBCdS2gnn6BqRVsERGjogQqmScwv	01 Muffled Piano Hit A	wav	13.37	CinePRO Sound Design	Essentials	
1WCzp50zKYwSd1FjhI3Rqzwl-M-AkSTWr	01 New World	mp3	11.07	CinePRO Sound Design	Essentials	
1K3F8LK5lrTdJyh3TbGgj5hUb0BN0T1UZ	01 Perfect Braaam	wav	6	CinePRO Sound Design	Essentials	
1QfnZ4c8c46e3hdxDf_V7edfj-Mlgn5gm	01 Pin Points	mp3	58.2	CinePRO Sound Design	Essentials	
1nr96oUtHGIFa1ZAN9GzYfgRWcvu_iM0F	01 Rumble Swell	wav	14.57	CinePRO Sound Design	Essentials	terror
1bymrLjvj50xrM0tjlfyuI-gcWytxBoUr	01 Simple Whoosh A	wav	2.97	CinePRO Sound Design	Essentials	corporativo
16FfrXm7tAsKWLKNWQGO3rNRZrI-yJmZ9	01 Wind A	wav	52.01	CinePRO Sound Design	Essentials	
1Ydt7WtACR9r9yfQ55ezDSyP7qGPJL2o1	01 Woosh1	mp3	1.93	CinePRO Sound Design	SFX	
12ifiD8ZaZOg7WWMUT-13tuU07sUpm7A6	01 Woosh1	wav	1.87	CinePRO Sound Design	SFX	
1aV_MsrmToul-IabcWMcONYB3O4mmk6WT	01_Glitch	wav	0.79	CinePRO Visual	Overlay	reels
1Rzbyk7rgPfomuEpVzRlxqWXC4v6RCnd7	01. Trailer Impact	wav	6	CinePRO Sound Design	SFX	
1IKlIHNawmt-iCL-bR_4GCJkh0sGbalZm	02	wav	2.4	CinePRO Sound Design	SFX	
1-3ghDy9Q2iX30Ap9sJ7fyE0WTef8MJuU	02 Bold Hit	mp3	7.85	CinePRO Sound Design	Essentials	
1gbMS1_8B-UCGXpnnSgWBL3mV-6__ip_F	02 Bright Start B	mp3	8.07	CinePRO Sound Design	Essentials	
1ZNpTYeiatvMV57wjtMpGLVh70FTS-8iA	02 Chopper B	wav	12	CinePRO Sound Design	Essentials	
1wQ3aG1vVQOAaGRID0zkvH8CGZ6sYCurz	02 Clacker B	wav	4.4	CinePRO Sound Design	Essentials	
1H1QZIdCnORELF8f6T-i2iRh-gmns-az7	02 Classic Bass Drop B	wav	6	CinePRO Sound Design	Essentials	
1G1Cnn3mpbw-r1yL-_6DtyEMX8J3qpWMK	02 Clock Ticking	wav	9.6	CinePRO Sound Design	Essentials	
1NnrvTc0to5X25OHb-ef03CSahOIeJ9O8	02 Close Riser	wav	7.75	CinePRO Sound Design	Essentials	
1T5nzu036m2FdXTb2M65tpJPhq99JUyXT	02 Deep Hit B	wav	6.61	CinePRO Sound Design	Essentials	
193c8zBk1r1PRAUxA3vBuGusIQrRKOnBy	02 Dimensions	mp3	74.38	CinePRO Sound Design	Essentials	
1TruqeFyuxf5qXS219BORjBJyi60-9jRM	02 Dream	mp3	8.16	CinePRO Sound Design	Essentials	
1dCYwAPhaphtT8bs4wfOfPl_5jLy1a6Eu	02 Heartbeat B	wav	23	CinePRO Sound Design	Essentials	terror
126i8GkHuBK0LscLfHDdjJKRTNGHbxPeT	02 Impact Hit	wav	7.24	CinePRO Sound Design	Essentials	
1I3eF0OBZhGkWWC56kGPeqy7iF1rBCfnC	02 Low Rumble B	wav	20	CinePRO Sound Design	Essentials	terror
1ZKVxKHdl80t7x9VowD3EktzqTlMcFp2a	02 Muffled Piano Hit B	wav	13.37	CinePRO Sound Design	Essentials	
1tqDxmDAIJ9ieTIMGJwYRbKpXcMbb6oly	02 Prison Braaam	wav	4.5	CinePRO Sound Design	Essentials	
11XbThU95Lhc7wIv0tF0Pk-TVDgSCa0o_	02 Simple Whoosh B	wav	2.2	CinePRO Sound Design	Essentials	corporativo
1R0yeHXqdjJ33b0xgbX5uItBrUL5BMt2a	02 Spirit	wav	14	CinePRO Sound Design	Essentials	terror
11SYueteCoVvXFRharSFZbZvt8vMzkbcT	02 Transcend	mp3	57.75	CinePRO Sound Design	Essentials	
1d4htd3z8eJ9D1WOI9R0d26XUbzACnAtx	02 Velocity Whoosh	mp3	3.08	CinePRO Sound Design	Essentials	
1HUgsBx0cKQKNPtlDjob8SE8KW_8gb9Jb	02 Wind B	wav	52.01	CinePRO Sound Design	Essentials	
1_tr9swQfkssOl1ta2QPM1E0kqOuqb88w	02 Woosh2	mp3	1.54	CinePRO Sound Design	SFX	
11aRRy4e4QlnEEyjpAqvMpbI5X74rGVZc	02 Woosh2	wav	1.47	CinePRO Sound Design	SFX	
18EoiGTnqmj7TedcW3Cs4SgIXbKuq5zWW	02_Glitch	wav	0.63	CinePRO Visual	Overlay	reels
1Tx1qUWvJ4u95XFvK4r4ttD-p0n2hP-dK	02. Trailer Impact	wav	10	CinePRO Sound Design	SFX	
1jxI-qNTrwVSIHwXgDv0dtCtwLBUiJRya	03	wav	2.43	CinePRO Sound Design	SFX	
1sBuoYzs07j7ug4XbNiwSP9FkB_X9J_0S	03 Chopper C	wav	18.78	CinePRO Sound Design	Essentials	
1BC5QiNHR-Ui7RpYBXcsdAMJfKCv_hkYT	03 Classic Bass Drop C	wav	6	CinePRO Sound Design	Essentials	
1yWmN-5PCHss4kxWygaZrbCXS8eXuFHEP	03 Clock Ticking	wav	9.6	CinePRO Sound Design	Essentials	
1jmLDdqwpLoqrx3gJYHm6dPyq8GR0_qnp	03 Danger Hit	wav	5.38	CinePRO Sound Design	Essentials	
12TqVFoB2_gRcSxvjdqijVg1IpBhiR3PU	03 Deep Subtle Sweep A	wav	13.65	CinePRO Sound Design	Essentials	
1FueRr68089FJnt8S6_mSfq3KTs_kKqsS	03 Distortion Braaam A	wav	8.85	CinePRO Sound Design	Essentials	
10ZUsUEYcsR1-Q3W5seB-cnrfoKwM6Z1j	03 First Light	mp3	39.17	CinePRO Sound Design	Essentials	
1mvC1i0TYiWsmYW4z1vMrTawZQ4pt3NgT	03 Heartbeat C	wav	17.31	CinePRO Sound Design	Essentials	terror
1sWf9Nta2tOQ5J43pGz2IyTetqvUUTB9E	03 Hollow Hit	wav	3.64	CinePRO Sound Design	Essentials	
1KGcOpRvScuSDJ6bAHF4NDJuIMJ0xiGfj	03 Human Touch	mp3	16.3	CinePRO Sound Design	Essentials	
1G6GLAxYflFx2I3iBLUUSgVPzrcPmsK6t	03 Muffled Piano Hit C	wav	11.89	CinePRO Sound Design	Essentials	
1xpIpmCeMUf8st80bZO1OFrG2_BZ5inuU	03 Nature Riser	wav	9.77	CinePRO Sound Design	Essentials	
1EEXHd-niumR2pzXL_WwwhOvfd-0ofrhS	03 Pulsing Sub A	wav	23.27	CinePRO Sound Design	Essentials	
1MlO19W4Jb-7Jh4IW7pC5z8niMohxGUlO	03 Simple Whoosh C	wav	2.87	CinePRO Sound Design	Essentials	corporativo
1MXNp7W_eHLBI98szHbTYr2IyyLsxeYqO	03 Sub Hit	wav	13.37	CinePRO Sound Design	Essentials	
1lUBYKkFoR4GB3h37dvoFy86qvBVfqY5o	03 Surface	mp3	7.35	CinePRO Sound Design	Essentials	
1HuNOapGJoyUJNARqbtA1uPbi804id6t1	03 Travelers	mp3	4.83	CinePRO Sound Design	Essentials	
17ViZ_sAB0M9ShEQwGhlRs8Ml8PnkaQqf	03 Weightless	mp3	51.89	CinePRO Sound Design	Essentials	
1tY_5_UcjksC3JQpzSCvuJ9225covml99	03 Whoosh Hit	mp3	7.78	CinePRO Sound Design	Essentials	reels
14BUMxwnwvE8SQbgMCrmr1DvyRWuLVDHF	03 Wind C	wav	14.86	CinePRO Sound Design	Essentials	
1aw1lKQXIUATAzYk2tFUyVTTnmCXajFWA	03 Woosh3	mp3	0.92	CinePRO Sound Design	SFX	vlog,corporativo
17DxBBuANIY_lvv1q8MP8EvxaAAfmklJ4	03 Woosh3	wav	0.85	CinePRO Sound Design	SFX	
1xpmCk2YDQw99VPIKWA71jBqIS9DUHQeo	03_Glitch	wav	0.75	CinePRO Visual	Overlay	reels
1SrdNNwW88lXRQ47ye8cOuGn1hO04z8UB	03. Trailer Impact	wav	8	CinePRO Sound Design	SFX	
10W5xWmHGxzgIap62SkgCQkGCKfwZeVBn	03121 ring signals	wav	1.4	CinePRO Sound Design	Essentials	
18S-w1tFL3BcfyVWYGIAKFR9rj-zZZpKB	04 Alien Hit	wav	7.36	CinePRO Sound Design	Essentials	
18ecKpDwlonx47Bbq17LMdDfJHAkLivkN	04 Blare Hit	wav	5.94	CinePRO Sound Design	Essentials	
1bDnVpV8I15MAFj6qDhwi0Ikl-zd1NkWv	04 Chamber Hit	wav	7.43	CinePRO Sound Design	Essentials	
1Uy7nmAI8MwbHuo6puOVOBiei83xgFs-o	04 Chopper D	wav	18.78	CinePRO Sound Design	Essentials	
1w3wYdHma7eElh9DD6Epc5lJFz6WcMrsw	04 Classic Bass Drop D	wav	6	CinePRO Sound Design	Essentials	
1ciwh-exqA_ktJfbWXa1XZsfMdLpoSYgc	04 Clock Ticking	wav	9.6	CinePRO Sound Design	Essentials	
154nhksHNfjqX3kewwOaW4vUBbFlJj0aV	04 Deep Subtle Sweep B	wav	12.65	CinePRO Sound Design	Essentials	
1UR9wSo-ZE5QUx8XuMh9eg24DPzf5geV9	04 Definitive Hit	mp3	5.48	CinePRO Sound Design	Essentials	
1dj6J2twlJ8TNULea5Y2ylXE8m885QsD_	04 Distant Energy	mp3	57.75	CinePRO Sound Design	Essentials	
1FtUyIH6Bg0MOsLi4jz3J9lrMeYahIeth	04 Distortion Braaam B	wav	8.72	CinePRO Sound Design	Essentials	
1CI4jB0v1Gnc5xUrgpJaqJWieMs7Ajodd	04 Gentle Gleams	mp3	26.79	CinePRO Sound Design	Essentials	
1eTIR-PcDu2DaPjlSYtKV0RkNMq8qIk5j	04 Muffled Piano Hit D	wav	11.89	CinePRO Sound Design	Essentials	
1i6YzIbn3uOGcK-2aB4l5HW_EKJMaeNc5	04 Paradox A	mp3	10.83	CinePRO Sound Design	Essentials	
1KT15iQBe60G-9_8GFGdiuzBvmn4EZodW	04 Pulsing Sub B	wav	29.72	CinePRO Sound Design	Essentials	
1sOlOp7xGd74fgD-XAruRzrR8PgEQcUAB	04 Simple Whoosh D	wav	2.97	CinePRO Sound Design	Essentials	corporativo
1G8yl6KV97EFNc_E1WU41Q3Mnym6lgZ1J	04 Storm	mp3	5.69	CinePRO Sound Design	Essentials	
1VKU8D6U_emz9O6B-j2gxp0dRAH8kqPAp	04 Uncharted	mp3	6.94	CinePRO Sound Design	Essentials	
1ZnI9_HL-QjwZWWbjKcBCLhP2VICixoxP	04 Waiting	wav	19.25	CinePRO Sound Design	Essentials	terror
1vi0DZPjTvem_4jPoqhjga4F2qPAfy1ez	04 Wind D	wav	28.24	CinePRO Sound Design	Essentials	
1-O8TaFJ3cfEPGAGbk7erwpBJP3ub2yuS	04 Woosh4	wav	2.55	CinePRO Sound Design	SFX	vlog,corporativo
1Lk_vaXGo92MR3-WjZFHfiygfHY6p5Bgt	04 Woosh4	mp3	2.61	CinePRO Sound Design	SFX	
1MTzT15HrgLPC-nMZt9lN7CIAzu5iJsbj	04 Zero In Riser	wav	7.43	CinePRO Sound Design	Essentials	
1yP4wiSpGUmr8z5tIbWKpCpHg8iw09LZq	04_Friction	wav	0.63	CinePRO Visual	Overlay	
11KNvPm6s4H2Z_kZZdS023J3nt8IYjUVG	04. Trailer Impact	wav	8	CinePRO Sound Design	SFX	
1hBerg6cxXTl6xHAZp0wBU8U-e2Q7xzFL	05 Arriving	mp3	8.74	CinePRO Sound Design	Essentials	
1s9N4tXUIxGP_L9ATbrYxfyfuB9TLe5bV	05 Attention Hit	wav	3.67	CinePRO Sound Design	Essentials	
1pF0g2iQC-kAtjyqeXk-cZmzGrM-lR6Hv	05 Cape Whoosh A	wav	2.02	CinePRO Sound Design	Essentials	
1q17lQwSGSGx8y3FsGxhoyRoCxbGdXJbB	05 Clock Ticking	wav	9.6	CinePRO Sound Design	Essentials	
1wqyPiqV0OJBJqqVj8MUCvBcolt9UoAzv	05 Deep Drone Slow	wav	8.65	CinePRO Sound Design	Essentials	
1npHV6L0T19ZasIDu3IlJ_McZjzcsibVt	05 Deep Rumble	wav	27.75	CinePRO Sound Design	Essentials	
1yujntqJJ_LMI8WlQ8Pyt3w2rwrXwojy2	05 Deep Subtle Sweep C	wav	12.56	CinePRO Sound Design	Essentials	
1kaHTElNoYOQYWwuOehXd2PeBRWkd9o_S	05 Dystopian A	wav	5.94	CinePRO Sound Design	Essentials	
1kiV0Ke3sBQEkS9O03VmLYx1yYIkrNxIp	05 Exhale A	mp3	8.76	CinePRO Sound Design	Essentials	
1r0ipsIJJa_M6o09e0_IElinAMkmftt4-	05 Hum	mp3	37.85	CinePRO Sound Design	Essentials	
1EhAd9BW9iAPI8_yERG3UVCvK54oA6YAZ	05 Light Piano Hit 1	wav	13.37	CinePRO Sound Design	Essentials	
1UEJNjSo2QwXYQSHq8jH96jC49wRC6R8y	05 Lingering Hit	wav	14.86	CinePRO Sound Design	Essentials	
1wQTzbdRGZxlKVZ54Ht99kbsLQ2wBnQOX	05 Medium Bass Drop A	wav	5	CinePRO Sound Design	Essentials	
1AlCbkDACN2wQFvllE6em9pprvG645RZT	05 Paradox B	mp3	15.7	CinePRO Sound Design	Essentials	
1Ws75nb80Pnmvxm4_tUnIfil1Sb3qUVkY	05 Resonance	mp3	58.25	CinePRO Sound Design	Essentials	
1cSEYlAInCC5CRuryYkU2miERQA6GnMse	05 Spirit Riser	wav	5.56	CinePRO Sound Design	Essentials	
1LN5l0R2yxtJLhsdlqVm6vd1cG1cW1Ot0	05 Stakeout	wav	19.25	CinePRO Sound Design	Essentials	terror
1o9yK9aLtu3Y_eNH0KRc3HhteVIfXjDBv	05 Subtle Hit	mp3	3.48	CinePRO Sound Design	Essentials	
1Em3uCHfb0sn-jD8IFJOIg_xbDPtrd_14	05 Temple Hit	wav	4.5	CinePRO Sound Design	Essentials	
1ZtF8iyiiWEKeOs_bt1POI13n7PqKPXFH	05 Wind E	wav	20.81	CinePRO Sound Design	Essentials	
1H6sXbIKIlr7oEb-s99IBi3hNUDZUuLq1	05 Woosh5	mp3	1.7	CinePRO Sound Design	SFX	
1fpaJwmZSatVgEBiOlpJ_o9xi-anVae6H	05 Woosh5	wav	1.65	CinePRO Sound Design	SFX	
1xYLtAK72rvZbx1rCsYTdA69uuPUmbfeI	05_Grunge Record	wav	2.84	CinePRO Visual	Overlay	
1KWH5n9HAa1o9dYzvVe5MA8RWLTUgoy3t	05. Trailer Impact	wav	6.5	CinePRO Sound Design	SFX	
1XS_7H1JpcMXgoBrH-ayJUOZ_zhJx3ajv	06 Afterwards	mp3	47.12	CinePRO Sound Design	Essentials	
1i_aeLzNEHgspTO_tzPwAgsY72SpI0KYq	06 Bassy Hit	wav	14.86	CinePRO Sound Design	Essentials	
1ITq70xfE6o318OijUDJ8MC2arAR1-7w1	06 Below The Surface	mp3	52.35	CinePRO Sound Design	Essentials	
1QB9izpvquBJhoo-bKHD6JohzDYubD1rE	06 Cape Whoosh B	wav	2.12	CinePRO Sound Design	Essentials	
1988yHZm_8EKrgerHiCUdbXWKMgMpEB2x	06 Deep Drone Fast	wav	7.55	CinePRO Sound Design	Essentials	
1IoGxNr045b4TGq57ZmH5fBCkbdRe8mvm	06 Drone Sweep A	wav	7.59	CinePRO Sound Design	Essentials	terror
1xryJz-4y7EMUsJmTcoasnH-FZli_wMs1	06 Dystopian B	wav	5.94	CinePRO Sound Design	Essentials	
1VAR0fRsR_jTT5U_lccXa1Z0zZSaFNrLG	06 Exhale B	mp3	9.92	CinePRO Sound Design	Essentials	
1EQ9glTjL0g2cVg_MLIws5AjN7hDIdjAJ	06 Full Hit	wav	7	CinePRO Sound Design	Essentials	
1v2Gztk4hR0v1GEz8YkUjvHcXZju1DVSG	06 Hum	wav	23.27	CinePRO Sound Design	Essentials	terror
1Cpzx7msOYHIy6qYmFFiN5IsnBTT8WKl-	06 Light Piano Hit 2	wav	13.37	CinePRO Sound Design	Essentials	
1_vz1QsUy5hEIsi3Z5wTUdMT_xawLGW20	06 Look Hit	wav	2.97	CinePRO Sound Design	Essentials	
1rYAPPJhxiRhvi9jUxJH2meRj47g4a92W	06 Medium Bass Drop B	wav	6	CinePRO Sound Design	Essentials	
1vFR4mHyXtvALAI0DAvzxzbDnVR0bFA8p	06 Murmur Heavy	wav	40	CinePRO Sound Design	Essentials	
19t3mZa6EE_GFz1omKUzA5W5B13kfriX-	06 Powerful A	mp3	16.4	CinePRO Sound Design	Essentials	
1Yf_G5cxXxusvI5AWlFaXP1SHVdblPnmW	06 Prisms	mp3	7.7	CinePRO Sound Design	Essentials	
1ZEwO2T75MGscBXvVkyZ2I9m0ZFx2zM1L	06 Pulse Riser	wav	4.46	CinePRO Sound Design	Essentials	
1R8I3SIjdemfduL1bX5MmbHQWjPLj90mP	06 Serious Hit A	mp3	11.5	CinePRO Sound Design	Essentials	
1w0plwe4OEOoepzbDGZ2D1Ya2xYOs7ZY-	06 Wind F	wav	20.81	CinePRO Sound Design	Essentials	
1v7mKtuqvhB0A3jY09mwiu_whAXSQT1mg	06 Woosh6	wav	1.66	CinePRO Sound Design	SFX	
1LDp6c7hm4h524c4lCjDYiqgzv8j9OYvU	06 Woosh6	mp3	1.72	CinePRO Sound Design	SFX	
14aaEduPB058DtPkIXNh_4U9FH22W-WGS	06_Grunge Record	wav	2.13	CinePRO Visual	Overlay	
1W9_h5jsp4Ga2eOi_qw5-NnwD9ApGp6U2	06. Trailer Impact	wav	5.25	CinePRO Sound Design	SFX	
1vU-HL8bIhVtL4ofxZsqYIHSXBMmEFHs8	07 Accent	wav	15	CinePRO Sound Design	Essentials	
1vBgLHx7ypZZREFcFdpFWPZoOzu4Ohpkj	07 Bass Drop Runner A	wav	6	CinePRO Sound Design	Essentials	
1iys9K5bAl0H9C1xTii5HDdys_RZjYQp0	07 Bass Drum Hit	wav	11.2	CinePRO Sound Design	Essentials	
1Jfzq0Lfv3DYrCl2PsXGYfgFLdx2kvNna	07 Coldness	mp3	26.6	CinePRO Sound Design	Essentials	
1AIbxSWSaKTzxN7Jd8lY_cE3M3WPXvKC5	07 Conceptual	mp3	5.52	CinePRO Sound Design	Essentials	
1PrcEQfyX1bST3WnUsM03OP02FMNGNdul	07 Drone Sweep B	wav	8.86	CinePRO Sound Design	Essentials	terror
1x4Mmt3unOA36L19_qmwK8KTy56RDkx-m	07 Dystopian C	wav	5.94	CinePRO Sound Design	Essentials	
1_SwnRHF7cSs3emU2332ljbZy9YXgizp7	07 Evolving Chopper A	wav	14.86	CinePRO Sound Design	Essentials	terror
1y4wL5odc--3zFaobVJKW1TZHQqNL884k	07 Exhale C	mp3	10.68	CinePRO Sound Design	Essentials	
1t0OxByCxgS4AA2X_8O0FnFuNxkM-MRxV	07 Murmur Light	wav	40	CinePRO Sound Design	Essentials	
1uQFWcZPnmDy6AOz7ALTYIdwodluERU5B	07 Powerful B	mp3	15.82	CinePRO Sound Design	Essentials	
1yMMLkgt6T_c_r38UUldQYyRJmXeiHYid	07 Purr Drone	wav	8.92	CinePRO Sound Design	Essentials	
1XTHxSFl3yLIZeYpAioSVsGAlGvX9M172	07 Rumble Riser	wav	11.37	CinePRO Sound Design	Essentials	
11yJuAKwrjLC0rUh-0Ms0vkKsHyJG5nU5	07 Serious Hit B	mp3	5.86	CinePRO Sound Design	Essentials	
1sHLsItfmu9hPGlqI3GWAGt_jPrDZJls3	07 Soft Whoosh	wav	2.97	CinePRO Sound Design	Essentials	corporativo
10XAhdX9ATobnsirz8MeJ3km7Ku2oVJUX	07 The Factory	mp3	60.87	CinePRO Sound Design	Essentials	
1L6zcCl-wsiZQtAb_XEbSqz8ontVWiGM6	07 Under Hit	wav	7.43	CinePRO Sound Design	Essentials	
18BnZhN7DJexCaKBOLQHLOA3INB53xMQS	07 Unfamiliar Hit	wav	10.4	CinePRO Sound Design	Essentials	
1NaUu2FSnL83VtipxUpblhzhznjz8PvjU	07 Wind G	wav	27.26	CinePRO Sound Design	Essentials	
1GO_jY7mn2o-c_JqgIWE1OVe_eAmWRcmW	07 Woosh7	wav	3	CinePRO Sound Design	SFX	
1IOXg6GHuRNAGabLdntfS18bOu2yIb_Cc	07 Woosh7	mp3	3.05	CinePRO Sound Design	SFX	
1j3SifqWX7zq_XpzU1UbXM_9hNWmTqIEf	07_Grunge Record	wav	1.84	CinePRO Visual	Overlay	
1AMnELclSRMkAvcpf1uePYaNfhcYtYu-J	07. Trailer Impact	wav	5.75	CinePRO Sound Design	SFX	
117MtzZJM0m9cNnP-AbL0soVpWlHlqOcn	08 Apex	wav	20.73	CinePRO Sound Design	Essentials	terror
1JZSAnB2ECkdNvL4EQAOPZX1il__zx9Jp	08 Bass Drop Runner B	wav	6.09	CinePRO Sound Design	Essentials	
1rG62_saRatUyFbfsEGngBMpa66Ck_sf1	08 Bass Overload A	wav	9.5	CinePRO Sound Design	Essentials	
1BwHYbAXQN3GgrTmofvf-PyIkAQW6PiHE	08 Canopy Hit	wav	4.93	CinePRO Sound Design	Essentials	
10hqv9IC-cCrmnXesFQ_1pY2KW2jdFWQk	08 Classic Braaam A	wav	5	CinePRO Sound Design	Essentials	
1A74ISoBLJ5QxkJgwn7PwnQ7aaIYSPTA0	08 Creep Whoosh	wav	2.87	CinePRO Sound Design	Essentials	
19mFjNYqou1JTe5gPFj9LsVy_nEbdJi7q	08 Dark Build A	mp3	11.62	CinePRO Sound Design	Essentials	
1wv-Z3-J1qmcRf4WR_ddidMFwRSkIi99L	08 Distant Lands	mp3	14.55	CinePRO Sound Design	Essentials	
1YqCIgihTo7YNKFFY4mjc2aCgsnNlrjBF	08 Evolving Chopper B	wav	14.86	CinePRO Sound Design	Essentials	terror
1ymT8peQ2guWGDRLS_Cca3pqLpijDDTHm	08 Fly Riser	wav	7.43	CinePRO Sound Design	Essentials	
1QYsRpEuYJyRV_35lT8hAprNEqnJ4YYwq	08 Growing Old	mp3	54.87	CinePRO Sound Design	Essentials	
1jQW68zVogWFafL-uFOfK9kndPxFQna-M	08 Leftover Hit	wav	6	CinePRO Sound Design	Essentials	
1_67tta3RyZpo3D3maRhGuo0E2t51IcbF	08 Pass Drone	wav	18.37	CinePRO Sound Design	Essentials	
1VRR-MclKmjcWZcAmixPdm5HD0Dy1rglO	08 Slow Whoosh A	mp3	11.16	CinePRO Sound Design	Essentials	
1mvphY6GIkQw81YVto_4OHxCq5SQ7xQO5	08 Standstill	mp3	39.51	CinePRO Sound Design	Essentials	
1tJ83nhS0sBz3sk4cPmy-E3BdH6uWRiBu	08 Suspense Hit A	wav	3.92	CinePRO Sound Design	Essentials	terror
1gq-jFhVkBvUacCol-9IlXWlBFBLKRPyQ	08 Thoughtful	wav	13.37	CinePRO Sound Design	Essentials	
1cYOBvfiUcwhyj044BZah5ZWMgqZfTQRc	08 Throne Drop A	mp3	10.32	CinePRO Sound Design	Essentials	
1REDwjRtNlevnq8eui9-JYInX3xFRohdK	08 Woosh8	wav	1.82	CinePRO Sound Design	SFX	
179oypxMQIFeGWcAPlPLtMrqpQLzvPwVU	08 Woosh8	mp3	1.88	CinePRO Sound Design	SFX	
1d433RcGJs2rS4Nv3Rc4FucqXuKcZU_j_	08_Grunge Record	wav	4.84	CinePRO Visual	Overlay	
1g03h2suE8crf-x8dQeCLU0zC1V20aq2y	08. Trailer Impact	wav	7.25	CinePRO Sound Design	SFX	
1Ln4dX8UI6xw_RSBfbnoEY1T5E34LTqXA	08952 sliding click	wav	0.24	CinePRO Sound Design	SFX	tutorial
1lWd3OkPbS9ZwfgTKpM23ISVntgQUbt8q	09 Air Woosh	mp3	3.55	CinePRO Sound Design	SFX	
1LhQRtToZ_dsIvz7UpnMHJNWtJpM6X0yn	09 Air Woosh	wav	3.5	CinePRO Sound Design	SFX	
1fyTy0XlBZSBdbfLsK4TaAFzB6Y7kIgVz	09 Apocalypse	wav	31.23	CinePRO Sound Design	Essentials	terror
1_bbE4nP8bcys7n0NtYRJZnYNCcybm-I5	09 Bass Drop Runnner C	wav	4.85	CinePRO Sound Design	Essentials	
16B8AxHR6ai8wmTZ5tn8uBoSb7Kg_hT9q	09 Bass Overload B	wav	8	CinePRO Sound Design	Essentials	
1dt_EmMrPrOjinT0okihS5Cl4etQjhrgG	09 Certainty	mp3	51.53	CinePRO Sound Design	Essentials	
1q8fyHIeXTsMlsH77bJE6jjXOxqcp_r9R	09 Chaos Hit	wav	12	CinePRO Sound Design	Essentials	
1_rud6ldV0S4xSEi7BuLlBoZ0ne9Fq-9e	09 Classic Braaam B	wav	5	CinePRO Sound Design	Essentials	
1N8fGzA9oez_HvGx-nDZjGjj3cPoPtIze	09 Constellation	wav	16	CinePRO Sound Design	Essentials	
1fTOkk-Nt9Q1agvH8FN2QULjB7blropqC	09 Dark Build B	mp3	10.37	CinePRO Sound Design	Essentials	
1m4PdRJtVLHnUWA20PJUgZI7Ox53QZ-Nb	09 Fly Whoosh	wav	2.97	CinePRO Sound Design	Essentials	
1m35AEK9m4RHwmCmkExHYucpN2HZK4gg2	09 Jet Riser A	wav	7.43	CinePRO Sound Design	Essentials	
1XqgmJ9q39akwxHHUmHOfWr090E-aspWT	09 Practical Hit	wav	5.89	CinePRO Sound Design	Essentials	
13E70vgQAcLZQjGHigcGQqvPzYaLT5ifH	09 Slow Whoosh B	mp3	12.92	CinePRO Sound Design	Essentials	
12ODw_02V5fsXl6uG65DNOs2paZ0NCDlt	09 Super Clean	mp3	10.49	CinePRO Sound Design	Essentials	
1FDKS4opZJNlLBTrtIwjtzCrxS1Mz-aXR	09 Suspense Hit B	wav	3.6	CinePRO Sound Design	Essentials	terror
18QBQ55S-OzqTU7pSGkx0qbcCTe2XONR8	09 The Furthest	mp3	50.91	CinePRO Sound Design	Essentials	
1u5f49zodirho8BnSUKDoF_rElmKeA0AW	09 Throne Drop B	mp3	6.87	CinePRO Sound Design	Essentials	
1WjUnFPy1I0TY85TSIkuoXF76K4taCAks	09 Vibrate Drone	wav	18.37	CinePRO Sound Design	Essentials	
1RO8ewCnU_L8Oml3nMKCT4k0UjJS1o7u8	09 War Party	wav	20.73	CinePRO Sound Design	Essentials	terror
1NsoQjfj_dMML1cEprkB_5fZzTb3Lcxk5	09_Grunge Record	wav	1.17	CinePRO Visual	Overlay	
1buBJ0M2ldbAJfQ589KHHOJly0zweyiRW	09. Trailer Impact	wav	7.63	CinePRO Sound Design	SFX	
1Z9fbOTX0hxx6U96e7qiGcMIf2BNINOCe	1 Riser	wav	4.15	CinePRO Sound Design	SFX	
1eG1mnkRt5Mt-SmRKlSUuByHNkHbD7OLh	10 Air Woosh2	wav	2.2	CinePRO Sound Design	SFX	
1f5YMD-hjkZxWkud3_LayzVEn3oaf-6RP	10 Air Woosh2	mp3	2.27	CinePRO Sound Design	SFX	
1B_do_AmHufHxAZNcqGDztae-WyRAU7rH	10 Bass Drop Runner D	wav	4.59	CinePRO Sound Design	Essentials	
12QcPoZEbrmBB1t-ON3RhNBt-aZQiPebD	10 Bass Overload C	wav	8	CinePRO Sound Design	Essentials	
1zYwBuqUL5meOjR2-Act7y19xWXmDmIS3	10 Classic Braaam C	wav	5	CinePRO Sound Design	Essentials	
1T0PlyfLjTZagcXFPuAYTV5M2sXLcPYhX	10 Darkness	wav	10.91	CinePRO Sound Design	Essentials	terror
1bk4hPkxFPUpg3y0u30a8eARVa0pSk2hA	10 Drop Whoosh	mp3	5.14	CinePRO Sound Design	Essentials	
1diIS-Ctwac6PamDYpOF-yx6ikLVFMqFO	10 Inhale	wav	8.92	CinePRO Sound Design	Essentials	terror
1KIZ721y78SzITW4f9w_qeuEcJ_fgE4ks	10 Jet Riser B	wav	7.13	CinePRO Sound Design	Essentials	
1J-GtG9uNLF6thKPSk8Pvo-u_Juk4SRou	10 Massive Strike	mp3	6.77	CinePRO Sound Design	Essentials	
1GiCV4yNdnZQLsS0C5lc-AS5JTNZt8ab-	10 Night Crickets	wav	16	CinePRO Sound Design	Essentials	
1IVeT-V-3Jy0HEMniXykOnovD2G9Idd5t	10 Patrol Drone	wav	10.53	CinePRO Sound Design	Essentials	
1JqLuTapdLeL4vuDgO-B3HHSpr6EXcUe_	10 Radiance	mp3	5.45	CinePRO Sound Design	Essentials	
1h8xyEPtwcxeeC8cDOYt9f8wO8F2_0FOF	10 Rail Hit	wav	5.23	CinePRO Sound Design	Essentials	
1wLg7vtSVb74JriAadOAObptycRy9fXpk	10 Regenerate	mp3	7.61	CinePRO Sound Design	Essentials	
1pJFvbMq2PVj0DOOlB5bViz9A-z4PXHgJ	10 Reverent A	mp3	38.69	CinePRO Sound Design	Essentials	
1kOxdzdUwxov8ffHFOFIk0q1GfKS-Yv5L	10 Slow Tone	mp3	39.2	CinePRO Sound Design	Essentials	
1hA-gMozPFBMj2Xqk9ZD4iBuOETbuh32g	10 Speed Whoosh	wav	2.87	CinePRO Sound Design	Essentials	
1nUtNPVtsj7Xp7ldsNjh5XD1OOoH78NXF	10 Thunder Clap A	wav	7.75	CinePRO Sound Design	Essentials	
1kuZS55G1Rs6OEuYZruV2NlHUowG1mcz7	10 War Drum	wav	5.09	CinePRO Sound Design	Essentials	
1vTv4tX_xxi18galclC_40ZZpEeQ3JFLQ	10_Grunge Record	wav	3.59	CinePRO Visual	Overlay	
1qBGJgZAIAAX7q4CdQbyV8TqvuSeSa94E	11 Air Woosh3	wav	1.77	CinePRO Sound Design	SFX	
1le3uBJN_TnLfmtj6H11epwiG3nLAr8mP	11 Air Woosh3	mp3	1.83	CinePRO Sound Design	SFX	
1HHB-5ZS454RBXjvPLhReNov2sEtxidua	11 Bass Drop Fade A	wav	4.46	CinePRO Sound Design	Essentials	
1WB-JlMjnpzmyorlnqfruCDiakBdbCwEe	11 Bones	wav	5.89	CinePRO Sound Design	Essentials	terror
1GwXFHZW5cKN2LUUjECEU9XlXlajrN6Lt	11 Concern	mp3	17.88	CinePRO Sound Design	Essentials	
1RkjyfAcKo7_TqxLiPi4wHMv9RvoLWvw6	11 Continuum	mp3	41.91	CinePRO Sound Design	Essentials	
17dmqcY9XhkS-yfAa0K9B8E00Lz6hckJx	11 Enemies	mp3	13.2	CinePRO Sound Design	Essentials	
1g-N2I0zJ1iX7C8JQSoMaT0IYJGYcD0Re	11 Exhale	wav	9	CinePRO Sound Design	Essentials	terror
1DJjEsUIVB5rxoaPxSm_4FAHPOk3T3Atw	11 Leaving Drone	wav	7.76	CinePRO Sound Design	Essentials	
1ZHtHuFjEescFUqtBO5jY19EttErPD90S	11 Low Drone	wav	25.5	CinePRO Sound Design	Essentials	terror
1F7Rn8Iezx698T9o35jZmTnRbk_BL47aL	11 Moment	wav	3.8	CinePRO Sound Design	Essentials	
1m2fjL6NOaGq3ki1jr5ZDAQLaYUuw-cNR	11 Muffled Braaam A	wav	4.46	CinePRO Sound Design	Essentials	
12T8S1yBB-xlPiNlfHp-lG1oqUOgm5k_Z	11 Orchestral Riser	wav	7.43	CinePRO Sound Design	Essentials	
1oULbSTQZNGL02-K27RXeUVmPvddOLWEX	11 Overwhelm	mp3	5.91	CinePRO Sound Design	Essentials	
14P_E90eulIVaHEHC7nr2Xn8kCcmbA11S	11 Reverent B	mp3	42.65	CinePRO Sound Design	Essentials	
11ihSrQc9KejZjoLpcp6s4O1Rw7HJ7scI	11 Rising Electricity	mp3	33.05	CinePRO Sound Design	Essentials	
15QrsexqaKOgoVCox3ZQ2wthWA-lRLrBZ	11 Subtle Strings	wav	12.5	CinePRO Sound Design	Essentials	
1CsER0x9COF_CAQMftANeOT6W8VpoW-KX	11 Swing Whoosh	wav	2.87	CinePRO Sound Design	Essentials	
1UfGcpQu0XUg9Ii70pVWcQJyrQpa03QLh	11 Thunder Clap B	wav	7.2	CinePRO Sound Design	Essentials	
11oGGqrPE1jByaaFYhawhy1GWNaY4hCyX	11 Well Hit	wav	4.37	CinePRO Sound Design	Essentials	
1sCyEGPX0SRFMdUnbKIts3yrWq8EMtxLA	11_Impact	wav	0.88	CinePRO Visual	Overlay	
1MN2v-DiS6GELEyEbFVin24iLV-kE48T8	11000 rumble subbass sweep	wav	1.67	CinePRO Sound Design	SFX	vlog,corporativo
1wqFFECO0yishBbL4PvCZ6rVzrGgc9e0-	12 80s Riser A	wav	8	CinePRO Sound Design	Essentials	
1aXaOvO4Kr7vQUmE2V1ZkFYRyuP7fiIqy	12 Air Woosh4	mp3	0.89	CinePRO Sound Design	SFX	
1kStoXkorpeZKKDmwB1tPzh1slbFwUAvS	12 Air Woosh4	wav	0.82	CinePRO Sound Design	SFX	
1HRQTR4CnJD-QJokHKE2iAnlTfpB-izdv	12 Bass Drop Fade B	wav	4	CinePRO Sound Design	Essentials	
1_K1NtHrcUP-qaR-OrUdco909mmajOJie	12 Bonechiller Hit	wav	5.89	CinePRO Sound Design	Essentials	
1Id9pUtpPalYRyhz0zanRtP16MeWXX0g2	12 Charging Up	mp3	19.66	CinePRO Sound Design	Essentials	
1b-nnqACL_3Yyys-PeRlO7Wpx5zzFLmAw	12 Depth	mp3	3.44	CinePRO Sound Design	Essentials	
1qLdOpRqKxzkEqE7II07J5OFJmXKmK-Xx	12 Easy Braaam A	wav	8.92	CinePRO Sound Design	Essentials	
1QU5NQJCaLoyrKhHx07D-v8BDobVpQlQy	12 Echo Shaker	wav	16.29	CinePRO Sound Design	Essentials	
1AGEEo4tE3QO4E-gcSusUAAa2jpHWeZh7	12 Glass Machine	mp3	52.32	CinePRO Sound Design	Essentials	
1AnkdL9Kjy9g00FT97dZORGcLYShCL4sl	12 Out Of Place	mp3	7.9	CinePRO Sound Design	Essentials	
1MJilsYxLE5xnRxrICj1zxEH0wM1EFrUz	12 Outer Darkness	mp3	33.48	CinePRO Sound Design	Essentials	terror
1JfUvbSRaqATgMnaVJAIVNPgaP6aUVFoe	12 Power Down Drone	wav	9.67	CinePRO Sound Design	Essentials	
1myCqpv8Nle6XfZakyGQh5nCDNHW58RJG	12 Pressure Builder	wav	54.93	CinePRO Sound Design	Essentials	
1GIAZnVEJ-sSZEjGEpD3MCf_sWqEOYNWY	12 Retro	wav	18	CinePRO Sound Design	Essentials	
1_SyXGIm_nPXqmHedZ5rFk4TweTsCwg1b	12 Slap Hit	wav	7.28	CinePRO Sound Design	Essentials	
1sL3JVQxAnb67YLStd82w_sFGD-HcioBq	12 Speaker Hit	wav	4.1	CinePRO Sound Design	Essentials	
11uk4sL11R51hPJQj6TPO7hTe-sNFOPNx	12 Sudden Whoosh A	wav	2.87	CinePRO Sound Design	Essentials	
1omC27bbpTxxlmfoveHdlS-Vmq2A4r1Hl	12 Tick A	wav	32.69	CinePRO Sound Design	Essentials	terror
1a9Z5t-dPwoOsxJHquZFVG_Bqh9FEoZcp	12 Tunnel Hit	mp3	8.5	CinePRO Sound Design	Essentials	
1IFfmY0cwRlf6B2UcI3P0t4sVXxQkSXlo	12_Impact	wav	1.88	CinePRO Visual	Overlay	
1m2FEs-d_rE0bnMB9DqhlQhLLyM4c-KQt	13 80s Riser B	wav	8.5	CinePRO Sound Design	Essentials	
1YxyqGtfpBJNTrgmkts3BRLyXeEtcePEp	13 Air Woosh5	wav	0.76	CinePRO Sound Design	SFX	
1_D3GA45YAPK3KJsjHBEaSBie_P4NI7K1	13 Air Woosh5	mp3	0.81	CinePRO Sound Design	SFX	
1ff6gIoRWE1R2eJXNWNzQH4IR2q-8jy9V	13 Cave Hit	wav	7.57	CinePRO Sound Design	Essentials	
1qKiYnYYY85Hd1LKgM3C2bE9huzifQJ1u	13 Deep Bass Drop	wav	4.46	CinePRO Sound Design	Essentials	
1FdLsKEIuQ_N9NdkYNFcU6XBAimtZHlN4	13 Down There	mp3	59.26	CinePRO Sound Design	Essentials	
1R_BKAZeGieBFCbrx7rI3QHPpOjs1QeqB	13 Draining Drone	wav	9.79	CinePRO Sound Design	Essentials	
1pl-m0DMY1mhdm3XcklrziAk6IRiy9bLv	13 Easy Braaam B	wav	5.94	CinePRO Sound Design	Essentials	
1oacpuc5k4Tou_qBvrq5LxT2gOvk31KEW	13 Fantasy	wav	18	CinePRO Sound Design	Essentials	
1lOKQPeYPCdODxy5BZncY0zuUw3KQXHfq	13 Glass	mp3	5.62	CinePRO Sound Design	Essentials	
17Kx88XmATJaaJqRSreQ6QTFm9ccEbqH3	13 I Like Me	mp3	185.1	CinePRO Sound Design	PLAYLIST	
1mY_4AN2gvWxYkecwzDFbMjZYnE71Op59	13 Long Whoosh	mp3	6.17	CinePRO Sound Design	Essentials	
1dtvYg1vPnGJT3k1JeRBdEO8YtriZ10zW	13 Overhead Space	wav	58.5	CinePRO Sound Design	Essentials	
1JMHB1A2p_rq6MYsl2JswAfexTaL7d6P5	13 Pace Hit	wav	4.43	CinePRO Sound Design	Essentials	
1n8AXBdKi9hOIgyQlpB0OS72VxE80Pdoi	13 Problems Arise	mp3	21.44	CinePRO Sound Design	Essentials	
1WlTo5klrC8nhwmE_z8Hl-s4Sg55TPxxf	13 Shatter Shaker A	wav	23.78	CinePRO Sound Design	Essentials	terror
1HvyfQAujQ5eAJO98UCE2s0aKUGdVi1K9	13 Sudden Whoosh B	wav	2.87	CinePRO Sound Design	Essentials	
1G32aNSKz65jtKh6E7Plx_uPB0JMHs8uD	13 Tick B	wav	26	CinePRO Sound Design	Essentials	terror
1uoCf6KNjrwnDhqCys7iByuj0nyBEbEke	13 Tribal Hit	wav	3.71	CinePRO Sound Design	Essentials	
1Wt3jL3lDOPeeODLs1L247o9rlnOUJjNM	13 Turning Point	mp3	9.68	CinePRO Sound Design	Essentials	
1c3Xf9Zf-MQKELeMzg6FDoA0KaXU4_e_Y	14 Air Woosh6	mp3	1.38	CinePRO Sound Design	SFX	
19ZjAJMnKFsfnwJF9xBGYbZT-tiNMQKzm	14 Air Woosh6	wav	1.31	CinePRO Sound Design	SFX	
1m-6mQ2PN1i-wlkV-2EybXItVP9CTPP9C	14 Banshees	wav	19.26	CinePRO Sound Design	Essentials	terror
18LLojKIcsc13J3upATrfbF3tf6dAhxW_	14 Boiler Room	mp3	55.35	CinePRO Sound Design	Essentials	
1ZGz3-EcQuI84DayqXZkjsXoBTye9mZal	14 Breach	mp3	8.81	CinePRO Sound Design	Essentials	
1MEHqjWMcgrv02fSinLtzYNiu1vO0baAR	14 Chop Drone	wav	9.61	CinePRO Sound Design	Essentials	
16gv-S2DJ08tD2h8-jjzyqRyjZ-x_AOWv	14 Futuristic pan	mp3	7.06	CinePRO Sound Design	Essentials	
1qvbsadqvcj458ciyVa5p4Qb8JXQtgFuP	14 Ghost Hit	wav	7.25	CinePRO Sound Design	Essentials	
1xOCDEa_s3ojzTNnE6DcmsOy5qB7Vet6a	14 Hard Whoosh A	wav	2.97	CinePRO Sound Design	Essentials	
1zbqmPBjN0mggeVbhI7EbjSJSh_IGoJW4	14 High Bass Drop 1	wav	11	CinePRO Sound Design	Essentials	
1lw7wgxyjlmv4VeZz4TfDYeKq4_n2d-Hc	14 Jet Thrust	mp3	18.75	CinePRO Sound Design	Essentials	
1AjtvsHe-MM1EM8CNxfdawaX0YHSUtcCj	14 Push Hit	wav	3.42	CinePRO Sound Design	Essentials	
1KSc2gXq6u366gr1AB2cuBAOOF02BKXFy	14 Rise Braaam	wav	6.26	CinePRO Sound Design	Essentials	
1gHJMeA6jUP9jOOc6l1HHAvaJca4VVD5I	14 Shatter Shaker B	wav	22.23	CinePRO Sound Design	Essentials	terror
1DmKRI2yBQmBAVjy_eCbEqgHYVZGVIP7F	14 Spectacle	wav	16.99	CinePRO Sound Design	Essentials	
1JO6zVlgO0fKTKr8mXGXYJMtJa91-k_mE	14 Spy Hit	wav	4.6	CinePRO Sound Design	Essentials	
1J2zUNScuc36O2lC9AKvtzLgXdwRgy6yg	14 Tick C	wav	17.21	CinePRO Sound Design	Essentials	terror
1w57G4jawURzC0Ojs4Gx3be123qIKOyYV	14 Tunnel Chatter	mp3	5.31	CinePRO Sound Design	Essentials	
1hRdLGKqaN772ArCF7XMRdxVMcKFA_HSC	14 Wonder Riser	wav	8.92	CinePRO Sound Design	Essentials	
1ytdWssT39uuLbJ-Kh1dr0OQv08XJpDbJ	15 Air Woosh7	mp3	2.14	CinePRO Sound Design	SFX	
1NRt8iG_V2Wu4zgpb0oLI0j7HoHT2ptvo	15 Air Woosh7	wav	2.07	CinePRO Sound Design	SFX	
1uoftqi0H1mA01RDYqkWUX488I9TXJuun	15 Bass Hit	wav	4.46	CinePRO Sound Design	Essentials	
1L2RT5Y5sRfBEks57Y7ziEryuUg3aEho4	15 Cables	mp3	5.48	CinePRO Sound Design	Essentials	
1YUao2h3Jg-btYeiz1qO2WZUB_WM92q9n	15 Dark Game	mp3	7.9	CinePRO Sound Design	Essentials	terror
1xYTB5QFSqPjejShrE7SgWMdzFl92Plfk	15 Deflect Drone A	wav	9.56	CinePRO Sound Design	Essentials	
1hFq-PbaPheuzQrjTKPPyqp0N3LVvXOgY	15 Enemy Hit	wav	5.26	CinePRO Sound Design	Essentials	
11Rz95QcYQqQLZit1UEGuEBRwiR4HXM4g	15 Gothic Cymbals	wav	11.56	CinePRO Sound Design	Essentials	terror
1U5mEKfBbOHdf3AsvFmx6pkKsAeqbw4xG	15 Hard Whoosh B	wav	2.97	CinePRO Sound Design	Essentials	
1q6LZismi2r7UQScutTrLNndhE_dBbaAP	15 High Swell A	wav	10	CinePRO Sound Design	Essentials	
1gaN9J1iXXhJkvMOTQk_2juIyUPiwBfmy	15 Note Hit A	wav	3.67	CinePRO Sound Design	Essentials	
1Y7FCkoHnNpOailUrPapFXu2senXKR025	15 Quick Pan	mp3	2.57	CinePRO Sound Design	Essentials	
1puZtrq9RKfodUT_Tz0qbfLzm_WSQ3Zy7	15 Siren Braaam	wav	6.36	CinePRO Sound Design	Essentials	
1IjOijNTE_j1yTF8VIXLiUCKiuFcpOJ8t	15 Stranded	mp3	48.63	CinePRO Sound Design	Essentials	
15lmX69dZfCRg3tjLDOVs0DgSoEROb3HN	15 String Riser	wav	10.5	CinePRO Sound Design	Essentials	
1asKdcXvgDVoVTh39aRAGrepptSPVN_Qn	15 Sub Basement	mp3	41.36	CinePRO Sound Design	Essentials	
1ok2ZplxJfLPK_Dh4YYJauEhrqK_iQYsv	15 Swarm	mp3	14.4	CinePRO Sound Design	Essentials	
1PU8yZQXRR1cXb7CIq0drp6y5Gmi5Khnm	15 Sweep Bass Drop A	wav	5.11	CinePRO Sound Design	Essentials	
1e2B1UAQAGAWCCUcd3Rxoc0ZGJRpz2bkE	15 The Other Side	wav	12.37	CinePRO Sound Design	Essentials	terror
1FpW5eCopVvQP-f3fJ0xnV_cTtN-jglb1	15 Tick D	wav	16.35	CinePRO Sound Design	Essentials	terror
1Hn_mCcXZEkXpjGfP4_qVpXUtG6XcdJPd	16 Air Woosh8	mp3	1.96	CinePRO Sound Design	SFX	
1aZO0Emupkxaqqi52XIlIuTXsqwT9YOlM	16 Air Woosh8	wav	1.89	CinePRO Sound Design	SFX	
1m5BBK8GyT5_0Cs4R0ESYlTPkmdUXuXiD	16 Ascension	wav	54	CinePRO Sound Design	Essentials	terror
1lOSBYZijOSYH5M_KmznYCeuaJUxlu0Aw	16 Chime Hit	wav	4.8	CinePRO Sound Design	Essentials	
1nk3sIW_GULKpZDPdgG665jXnDjpHEpNg	16 Dark Chimes	wav	19.59	CinePRO Sound Design	Essentials	terror
1qLeoV0EIuJTbMUpkNpU5WMBwVNAAQSZJ	16 Deflect Drone B	wav	9.84	CinePRO Sound Design	Essentials	
1W6opng7jUUgM-EMTVXk6sh20JXih7y1Y	16 High Swell B	wav	10	CinePRO Sound Design	Essentials	
1twcYTPOJaSweJn2y7lEwwUln5E_7-Snf	16 Hollow	mp3	50.91	CinePRO Sound Design	Essentials	
19FlgayJfgoiZ_JeOgBkqbSnBN21mxqYm	16 Jug Hit	wav	3.4	CinePRO Sound Design	Essentials	
1jQln1EmgjlO9Itslxprd2ip8SNTOuQBW	16 Lazy Braaam A	wav	8.92	CinePRO Sound Design	Essentials	
1xMLTcr66PXT7F9StSNPKRNQ_BnwxPwIZ	16 Note Hit B	wav	4.93	CinePRO Sound Design	Essentials	
1mzvEm5p8iODx8qmCPsT1uxMbyk18vZXE	16 Power Cell	mp3	3.58	CinePRO Sound Design	Essentials	
14ztiIbiTRoJn4HA4iZPfVZZ4DZy6vBdH	16 Scoop Whoosh	wav	2.87	CinePRO Sound Design	Essentials	
1zMNGKQh_QuuhRFbhTGo8_L-H13GiaNk1	16 Solemn Riser	wav	11	CinePRO Sound Design	Essentials	
1YU1jz6UrBEBSWo1pdDs1LHfVnFnW_VNm	16 Sweep Bass Drop B	wav	5.31	CinePRO Sound Design	Essentials	
1iXnc7g6-eSrhLXs3nb3TFTDTIfR8TlfK	16 Swift Pan	mp3	2.31	CinePRO Sound Design	Essentials	
1hI7Cpul7t0Cv5uIfK2dxa22lD0a_Wbxd	16 Tick E	wav	17.83	CinePRO Sound Design	Essentials	terror
1nPQvqESH71o5IsH5BlrNmbSZGkjvMVNh	16 Timestamp	mp3	3.6	CinePRO Sound Design	Essentials	
1LNJl870RSMp7Ei-SgUvsKowBhrJzjM9D	16698 marimba win-full	mp3	1.65	CinePRO Sound Design	Essentials	
141ubKf60L3v8jDHSWsd8mr_YQy61yuJd	16698 marimba win-full	wav	1.59	CinePRO Sound Design	Essentials	
1gTY4H6tNblUW5YGP1TvIDB1G7i5PPMas	17 Bass Drop Hit	wav	4.72	CinePRO Sound Design	Essentials	
1FjeI9AJKzGXD0ulOKEZYfOARWrbc5xs1	17 Blow Out	wav	19.08	CinePRO Sound Design	Essentials	
1uu5j1RLgE5C1vtkwywXAlQpNF2YH3zJP	17 Collapse Drone	wav	13.42	CinePRO Sound Design	Essentials	
1qoQBIuMGUvB8w8s7BIp9-NPEREie_uGc	17 Dark Scan	mp3	5.48	CinePRO Sound Design	Essentials	
1OPoDDKwXHhcEjsok39CuW4cQrcFc1-GC	17 Digital Woosh	wav	0.73	CinePRO Sound Design	SFX	reels
1x7f9i9KyEnEr2257Lgd7jDiOGYDmDi07	17 Digital Woosh	mp3	0.78	CinePRO Sound Design	SFX	reels
14hRGwoaDzAJ_HfUiNqAjLQDWaLFbNc6Z	17 Dropout A	wav	12	CinePRO Sound Design	Essentials	
1rKHHGYXhtRFxMxZpUGLtLRuAQtx1dp4i	17 Empty Whoosh 13	wav	2.97	CinePRO Sound Design	Essentials	
1XcMEsnCE0zGnfWAqacwaVbfnPPhYebo-	17 Feedback Riser	wav	5.05	CinePRO Sound Design	Essentials	
1mM9uvUBewn50PVd1c34gMw87oPG04d0U	17 Gothic	wav	20	CinePRO Sound Design	Essentials	terror
19Ck_ncZd6LsYM_Lkhm7MNztyVnMaFaTF	17 High Swell C	wav	9.5	CinePRO Sound Design	Essentials	
1ueEa0X3c5cvcasqe1ZviEuB9W3ZYr6TW	17 Lazy Braaam B	wav	7.43	CinePRO Sound Design	Essentials	
1auajNNoHaXTSG5wekVffvp2wsn5yheT0	17 Lower Deck	mp3	58.28	CinePRO Sound Design	Essentials	
1b_Hzdj8gIwKoGokCSCYnU2eNhIGDGclE	17 March Hit	wav	4.4	CinePRO Sound Design	Essentials	
1v1-aprHQdJ695QYl_vXYOI0BhacOKKi-	17 Pulse Pan A	mp3	4.85	CinePRO Sound Design	Essentials	
1gzf8b97L2x5-rrMgQGNS7cLHFBViOVFO	17 Tick F	wav	14.79	CinePRO Sound Design	Essentials	terror
1utD7yXIqtB54HzcpNcQ8XKxoa0EHWRY2	17 Whoosh Click	mp3	6.41	CinePRO Sound Design	Essentials	tutorial
1YVFCFxRtZ4RT6xJeOmhjJF-ZH2T8TccX	18 Acute	mp3	4.16	CinePRO Sound Design	Essentials	
1KuPF_rvvMZ0sncAFal7EK-T1DfjRIGvL	18 Angel	wav	17.5	CinePRO Sound Design	Essentials	
1CWxu75i32SihSZB4_fDFCfiov6y-JEpa	18 Braaam Call A	wav	8.92	CinePRO Sound Design	Essentials	
12xRstoJVAse95bnYTQaHpZQ-cZikZqlK	18 Clicker A	mp3	3.2	CinePRO Sound Design	Essentials	
1803qOE3nLMm6McJ6ZuV3p58UZMSQwWmh	18 Digital Woosh2	mp3	0.39	CinePRO Sound Design	SFX	reels
1WQUhZFEjfel_qFNq6t3mU8RmyWN4b_Bc	18 Digital Woosh2	wav	0.33	CinePRO Sound Design	SFX	reels
1IJq_EBAfQwH16VEsimbNfpzmK3fK8FFp	18 Dropout B	wav	12	CinePRO Sound Design	Essentials	
168f0UP8UaSDPDHdumT0BxzfVfR9g8GMZ	18 Dystopia	wav	13.37	CinePRO Sound Design	Essentials	terror
1YoDmXqeUnShOMbiWvoHXklLHqQodo6U2	18 Empty Hit Distant	wav	8.23	CinePRO Sound Design	Essentials	
1rLLO6bwHHiOL7nYN47gH4Gt6zKbNSCCG	18 Feedback Hit	wav	5	CinePRO Sound Design	Essentials	
1JKmERJrO5iMrgfYIaraBuUkSLlGl1-gK	18 Jug Echo	wav	4.92	CinePRO Sound Design	Essentials	
1jwtDjCOQ_nWUvRYUDMo3x0y_6hCa562X	18 min de AGGRESSIVE PHONK	mp3	1054.09	CinePRO Sound Design	PLAYLIST	
1OmNDlYj9Ia1QahwQCJuo09JBSudSOwee	18 Pad Riser A	wav	10.4	CinePRO Sound Design	Essentials	
1bPIgVnIVJzCcbcIVOrldZkdSS7FMC_az	18 Pulse Pan B	mp3	2.91	CinePRO Sound Design	Essentials	
1VdzQXJ9azMUV2lPas2UES1ncBpP0nkMZ	18 Slow Time Drone	wav	10.69	CinePRO Sound Design	Essentials	
1o2G-_lzCf_AFLExecGDViBauNj5bk6w_	18 Tick G	wav	10.33	CinePRO Sound Design	Essentials	terror
1inBuyUp4N28bGOg3YYqmRYrLonF_b5LO	18 Under Whoosh	wav	2.87	CinePRO Sound Design	Essentials	
1JTO5BH683CVRfm7TL3p1Lea83x9LA1yO	19 Boundary	wav	25.5	CinePRO Sound Design	Essentials	terror
1PHcb-ethfWzWDRp-kQhyZkXRWtS1r6Vi	19 Braaam Call B	wav	8.92	CinePRO Sound Design	Essentials	
1eZs6eEt-9lUzruLN94GHanGS2UrhfIxm	19 Charged Pan	mp3	3.27	CinePRO Sound Design	Essentials	
1W75loJWMltMq0VHib4YVxgiBlhR_Kj50	19 Clicker B	mp3	4.56	CinePRO Sound Design	Essentials	
1u7e9H9QX6F6zu4F9rFyXdfH3p8WK1B-V	19 Digital Woosh3	wav	0.6	CinePRO Sound Design	SFX	reels
1HMOLNP8iqhWqaaMbdjrzJGbzXSuiHWlY	19 Digital Woosh3	mp3	0.65	CinePRO Sound Design	SFX	reels
104Ry_j3XGlV2Lc3re2R0WI300Sgc_3sa	19 Disorient Hit	wav	14.75	CinePRO Sound Design	Essentials	
1kZffj0pxO_fVxNiGPVMeGYZoxjC6FnKG	19 Drop Hit	wav	6	CinePRO Sound Design	Essentials	
1MWFb_zZZsjv-6MF0SmE_xYTqU4LerAor	19 Dropout C	wav	12	CinePRO Sound Design	Essentials	
18uVBOWrK84tqSda0VTZBMR4WgNrFBvcP	19 Inspired	wav	19.32	CinePRO Sound Design	Essentials	
1khrw9RjkzAtRu28vPciI27ctnNArNzO5	19 Pad Riser B	wav	10.4	CinePRO Sound Design	Essentials	
17sAduAQVq2bOQO-Kd82_p3jbnGyCotlA	19 Submarine Hit 1	wav	7.43	CinePRO Sound Design	Essentials	
1qL20zEV_3MJzxYncgUvGKLqVoLlGQSYe	19 Subtle Drone A	wav	18.37	CinePRO Sound Design	Essentials	documentario
1-f0NLS8F7cl462mQlh3eisPMK_EEdc6L	19 Sweep Whoosh	wav	2.92	CinePRO Sound Design	Essentials	
1Jn9nA8gY8yIgf73NOmg1PAVeH-2wmj5r	19 System	mp3	4.95	CinePRO Sound Design	Essentials	
1Wu3Zsysa0aBm9HpuOHKQh4xzRQj17xL5	2 Riser	wav	4.77	CinePRO Sound Design	SFX	
1ydkwPcwzOLnHvgiphh8k4mptWtPg-gM2	20 Digital Woosh4	mp3	0.89	CinePRO Sound Design	SFX	reels
1tTMG_ca7I86LrzBsgjnh3wc08NmaI8WW	20 Digital Woosh4	wav	0.83	CinePRO Sound Design	SFX	reels
14Y84-UeJjbAAHwdgX0r7f2wN733sSthA	20 Distant Braaam	wav	11.89	CinePRO Sound Design	Essentials	
1MTVC4aVQQSPpcXp4IHrtK5uqty1nL7SY	20 Drama Riser	wav	7.43	CinePRO Sound Design	Essentials	
1HG2Zs3R_-33iy27p54hxNg5lLD0whP15	20 Hit The Fan	wav	11.67	CinePRO Sound Design	Essentials	terror
1akCw56hB8zZuxQMIzjV-pXtimejIXWva	20 Machine Whoosh	mp3	6.44	CinePRO Sound Design	Essentials	
1F9_D6U3-aOzXmjQOVVXoQO22NSUjqgOg	20 min de AGGRESSIVE PHONK 2023	mp3	1165.7	CinePRO Sound Design	PLAYLIST	
1Xi-methReaHU64J4bVWOfKCrCBFGXYRs	20 Mysterious A	mp3	11.86	CinePRO Sound Design	Essentials	
1BoD5_w-OAE5iNas3X9A0F2WrBn4cfFhn	20 Simple Strike	mp3	6.1	CinePRO Sound Design	Essentials	
1DpMlVC9PGLTlW-6gPS7Rr-xncdvCzXBA	20 Submarine Hit 2	wav	7.43	CinePRO Sound Design	Essentials	
1AxOW0F7y5YnyJ_L30OZGquQJ3GaNaHJH	20 Subtle Drone B	wav	18.78	CinePRO Sound Design	Essentials	documentario
1fufgLfkemvxwnkwMym7KEl4r5DV0oZwM	20 Sudden Hit	wav	13.37	CinePRO Sound Design	Essentials	
1iWlNlIpdh31CSE4ERzbgXrWaWPY7Cj3m	20 Swelling	wav	20.81	CinePRO Sound Design	Essentials	terror
1tm_-LtydFql3koh56zu24LaaoIGKPrs1	20 The Unknown	wav	8.72	CinePRO Sound Design	Essentials	
1UpAHQ78wykGajC1_uC86O6Qz0g-itG-X	20 War Drum Hit A	wav	2.97	CinePRO Sound Design	Essentials	
1-o6EjmFo-nrwAS5WqV305W5V5ozmxKen	20 Whistle Whoosh	wav	2.97	CinePRO Sound Design	Essentials	
1ZX3w99xM20kE9-yMnt0WsNoFdwuA6w1a	21 Boat Horn Braaam	wav	5.89	CinePRO Sound Design	Essentials	
189HAlNxhSWVPS-kR8kkOkKEMYPqDqSwf	21 Breath Riser	wav	5.43	CinePRO Sound Design	Essentials	
1LWYwiHUCgIQzt6SaVdY9y7QC20aOwnrI	21 Electric Woosh1	wav	1.72	CinePRO Sound Design	SFX	
1WWrgpX_Pz21hxUUXicg80RAHMGtCsqBx	21 Electric Woosh1	mp3	1.77	CinePRO Sound Design	SFX	
1QwRdv3YUU1xoBMa1C54M0Koz31vxPRPW	21 Escape Hit	wav	13.37	CinePRO Sound Design	Essentials	
12GZRlS3khZ5O0va97Dy5hO88mf52YaSq	21 Metal Hit A	wav	3.52	CinePRO Sound Design	Essentials	
1QLUI0H2DlJ45ZBW2sAfnxFNUl14IcTWc	21 Mysterious B	mp3	7.4	CinePRO Sound Design	Essentials	
14zmzqY1jSNThYYXtA_54HZqR6KC8GRQN	21 Reverb Whoosh	wav	11.77	CinePRO Sound Design	Essentials	
1qZGZqe1E8BigPjyfMTDaQqIdlxexPQXi	21 Sharp	wav	7.43	CinePRO Sound Design	Essentials	
1mKTttfArwhubOSdolPKVyqFYEd552lht	21 Soundscape A	wav	10.4	CinePRO Sound Design	Essentials	
1C_3WVdZh3xyrl44PDWcS_pPg8VVwpy5S	21 Space Braaam	wav	17.83	CinePRO Sound Design	Essentials	
1BlMK3EYxCPKj1tOX5_sWkO5Lv-92ye3P	21 Supersonic	mp3	14.16	CinePRO Sound Design	Essentials	
1ucD9ZrVyKeskjmU0nmoHA-xW0KDd6Iai	21 Undulating Organ	wav	20.81	CinePRO Sound Design	Essentials	terror
1xaj7phLJ2B6B_-J7RajRfXYO0APMczle	21 War Drum Hit B	wav	4.58	CinePRO Sound Design	Essentials	
15tGnhjjcPz-jKR_-jc5vJo6607btzDO9	22 Distortion Riser	wav	13.37	CinePRO Sound Design	Essentials	reels
1zSm7d11lh5GZrq8LJBWzSkQz2qbDh3n9	22 Electric Woosh2	wav	1.74	CinePRO Sound Design	SFX	
1dIiCdgL50WyoTF4DrTqdBiMoZpOQSkvz	22 Electric Woosh2	mp3	1.8	CinePRO Sound Design	SFX	
1n6F74fnV13wzGCH20zYv9PFtLF9Ks5Ux	22 Exhale Whoosh	wav	14.86	CinePRO Sound Design	Essentials	
17Md06XGxzfn3EAAW-sgx5x0pda8KrMk5	22 Metal Hit B	wav	3.69	CinePRO Sound Design	Essentials	
1KYBssFfnES4EsKgkBmWH1DGpXys-omr_	22 Mysterious C	mp3	11.12	CinePRO Sound Design	Essentials	
1ndrd7bB18x3HekmQeND1ogFeU_PKyimU	22 Piano Hit Echo	wav	9	CinePRO Sound Design	Essentials	
1wKMXdAB0Vah_FKAAi4esvCgzMIK57RrL	22 Power Braaam A	wav	13.37	CinePRO Sound Design	Essentials	
1_4tYidv-BDrRlUYVc9n7a_2XA3_C7BZE	22 Prowl	wav	58.5	CinePRO Sound Design	Essentials	terror
1cYM3M9y5jamXorQnP-JlGoFeoI3Qe0XL	22 Rumble Shutdown	wav	9.68	CinePRO Sound Design	Essentials	terror
170G3oExGGKMZO09xi-740gTIpPvjO4y3	22 Shadow Whoosh	mp3	8.98	CinePRO Sound Design	Essentials	
1LUb4LLEPm3I52Oa9MWWpGJjDmxIRg2dr	22 Soundscape B	wav	10.4	CinePRO Sound Design	Essentials	
1ogWhCPlhhUnBc2DBitiiZq9ChiDvJw-5	22 War Drum Hit C	wav	4.76	CinePRO Sound Design	Essentials	
14mTnuSS3TeOznhvaii6vjrdIP1-s2QU8	22 Wonder	wav	9.1	CinePRO Sound Design	Essentials	
1zAitiTvBo0DCu4TWmyeO94ion9lxAQa8	23 Electric Woosh3	wav	1.03	CinePRO Sound Design	SFX	
1QqNkdLTM4J7wyiF7-nbprXPhb3fPvBpN	23 Electric Woosh3	mp3	1.1	CinePRO Sound Design	SFX	
1Wz1w_rkUf5cu58rQsJ0er9KfyzMdDdfL	23 Envelope Riser	wav	6.5	CinePRO Sound Design	Essentials	
1P1CWFUDKOP7oSpvyO_ZouV4iCBKx-zq_	23 Hi Low Sweeps	wav	31.5	CinePRO Sound Design	Essentials	
1PJqbZ1H7UQmKiTYLDx7Vh7vFQIKtjKyD	23 Insight	wav	13.37	CinePRO Sound Design	Essentials	
1mlwhlMOR6wBi1ch0RDZ9nRxuwptw0oYs	23 Metal Hit C	wav	3.64	CinePRO Sound Design	Essentials	
1Kh5CvHOO9JzbkG4_0A506Q4QiPxVIKnK	23 Odd Feeling	mp3	7.32	CinePRO Sound Design	Essentials	
1Vsefx1VOLDYlYDaVR5zzsEXs73EJkX1a	23 Power Braaam B	wav	10.33	CinePRO Sound Design	Essentials	
19l3atvvEHGPhMn0cu5w_Rxd9JSlvgIjg	23 Pressure Leak	mp3	5.31	CinePRO Sound Design	Essentials	
1q0-JhSQECnn8qdIJBI0dO6havzoWb_Xn	23 Soundscape C	wav	16.42	CinePRO Sound Design	Essentials	
1PFgokBSg6v8mXY_Q-CZB-qhcyK3PIHs_	23 Space Warp	wav	13.37	CinePRO Sound Design	Essentials	
1UF0jaCA2X_FzvPL5k5u8f0CttNz7g-Ci	23 Terror Hit	wav	11.89	CinePRO Sound Design	Essentials	terror
1cVEmo0PEY_KWkaQUHT6BHGH1ObVTAfXO	23 War Drum Hit D	wav	5.33	CinePRO Sound Design	Essentials	
12InuYub3VEfw2RV082UEoswgq8d60VH5	23 Whoosh Echo A	wav	6.17	CinePRO Sound Design	Essentials	
1gaoIzobHnN44PLah7CilwSfUafsYIi1l	24 Clap Hit A	wav	4.46	CinePRO Sound Design	Essentials	
1yIwcXSWiw4yVSpPKkkoWGL4PCF_rkRV4	24 Fire Woosh1	mp3	1.25	CinePRO Sound Design	SFX	
1YFbJ7-seIyXFMGVAQdOORMJLpWvQ9V4g	24 Fire Woosh1	wav	1.18	CinePRO Sound Design	SFX	
1XtXUGfe0Php0_ntn83xqa3AseWaBMYis	24 Flange Whoosh	mp3	5.96	CinePRO Sound Design	Essentials	
1pIZ71AfcW4Un9NIOu_RwMLflt2CtNgQp	24 Hi Sweeps	wav	16.83	CinePRO Sound Design	Essentials	
18EoJGtJBE3hLYGkxzPZyEGqykgDM8xHX	24 Imperfect	mp3	6.99	CinePRO Sound Design	Essentials	
1KqAVswl102LO4Oc8DJZWzeyJlX0P2kYa	24 Metal Hit D	wav	3.86	CinePRO Sound Design	Essentials	
15QewLF3iTLAAa9gIHJfm_FfR3XxE8jac	24 Overkill Braaam	wav	10.5	CinePRO Sound Design	Essentials	
1OEKBn82T-jFteGIdEnCaTG_LN63LrqZM	24 Pacemaker Hit	wav	14.5	CinePRO Sound Design	Essentials	
1G9_Jy61MklfzNrQwrfeSm9zdMXaU5eel	24 Push Riser	wav	2.97	CinePRO Sound Design	Essentials	
18ixxKdHq_mDhUpBTvS4619NomffnWcaz	24 Serenity	wav	10.4	CinePRO Sound Design	Essentials	
1s2S-iEI8u1ntPasi_2T1kGvyPRrxr48n	24 Soundscape D	wav	30	CinePRO Sound Design	Essentials	
1fcoMUEnMxu3mxs0EFubhF8L-7q45KLqW	24 Whoosh Echo B	wav	5.89	CinePRO Sound Design	Essentials	
15ImFXjR3QlN7draPJ0axGDCRXDzygSVl	24 Wobble Bass	wav	8.92	CinePRO Sound Design	Essentials	
1P3r-2zIec2yZrFaiRTTtu2Si5pD4BLJm	25 Clap Hit B	wav	7.43	CinePRO Sound Design	Essentials	
1OfFtv_EOURWdOuD_LVFWALjfeTma5Ahc	25 Creep Braaam	wav	7.43	CinePRO Sound Design	Essentials	terror
1x23l0Zmy4G9yYrE0dkxPpGLrHzMaxpKT	25 Descending Horror Strings	wav	17.83	CinePRO Sound Design	Essentials	terror
1oh-M9QNwsDUxqVbGX6SSpzo_HRrGZhWa	25 Fire Woosh2	wav	2.22	CinePRO Sound Design	SFX	
18LouwvZXfmokrUBw7i0TgFsX1AyVNUUz	25 Fire Woosh2	mp3	2.27	CinePRO Sound Design	SFX	
1CwDvPf3pS0RmX447N2P0AWkEgu90qI-v	25 Iron Whoosh A	mp3	2.38	CinePRO Sound Design	Essentials	
1YeQx0xjeLRcFXLz_RsS_gV-ABzvhsYSM	25 Metal Hit E	wav	3.8	CinePRO Sound Design	Essentials	
1W_GB5aEj6QhB9jlMxzaogZgoj2sYiXvu	25 Sloppy Distortion Braaam	wav	6.62	CinePRO Sound Design	Essentials	
1QGqbwm2MBpZTvM_ZdnFuxzO9m-mFfzq5	25 Soundscape Riser A	wav	28.18	CinePRO Sound Design	Essentials	
1X9p1jRGv45TphqcNftK3Tc5tcaB_KR6n	25 Stellar A	wav	10.4	CinePRO Sound Design	Essentials	
1NrwUr4nowFQRIeimcBkF0525qi8h3ffb	25 Synthetic	mp3	11.28	CinePRO Sound Design	Essentials	
1es66LDURj5D4Ok-diTK4Q4pQSRMtKnWP	25 Warehouse Hit	wav	14.78	CinePRO Sound Design	Essentials	
1AGLZLXqWsdUPrhINA6GdSIjNbtrPjizL	25 Wave Riser	wav	4.46	CinePRO Sound Design	Essentials	
1gqUKy_Jjx9A4fytQNXe0m2lNrA8tze9Q	25 Whoosh Echo C	wav	5.89	CinePRO Sound Design	Essentials	
1rDv6s14MYZVqddaUyAX4Qt9v7jmornUQ	26 Braaam Whoosh	wav	10	CinePRO Sound Design	Essentials	
1iHOhBpAhjF53we2zvJ9vW6wybKg28mQv	26 Clap Hit C	wav	6.22	CinePRO Sound Design	Essentials	
1kRc2V3E2QGUPMIh1YVMHzbgDmfliS5w4	26 Fire Woosh3	wav	2.56	CinePRO Sound Design	SFX	
1bPnATKZBe0D3IdZh_JvXXqETu04PErE_	26 Fire Woosh3	mp3	2.61	CinePRO Sound Design	SFX	
1JyAtI01kTqaSGh4PbKg6fCmA9z-GfPZd	26 Horror Strings A	wav	28.24	CinePRO Sound Design	Essentials	terror
1wT0Id9qBRRfGjbOX2kBQbKC6ErcVcbU0	26 Mech Warehouse	wav	7	CinePRO Sound Design	Essentials	terror
1UfZO5IpXmamivJHF-1d3tuuHeDaevvpJ	26 Premature Riser	wav	4.18	CinePRO Sound Design	Essentials	
1BmOKiZOlkFCL_39yh8rSk_wFgN8aEydk	26 Soundscape Riser B	wav	28.18	CinePRO Sound Design	Essentials	
1l-ftTqlBBLFuZyrPluyN8GDgqrEMSgYe	26 Stellar B	wav	10.4	CinePRO Sound Design	Essentials	
1LZSCKGcZBkiibQ3BRFAn0lipBwkj38Sx	26 Unsettling	mp3	12.24	CinePRO Sound Design	Essentials	
1OGLDhWkmvXyspOoXrRc5GXUmm2jhdlkB	27 Bell Hit	wav	8.92	CinePRO Sound Design	Essentials	
1qSSZ0lzbd2qkOJnCxsshUdC1Kaoon6NM	27 Converge Riser	wav	7.27	CinePRO Sound Design	Essentials	
1LD3SiVX6LDhS2Ko_g9W8r3Np8tIYv1UZ	27 Dramatic Glide	wav	13.62	CinePRO Sound Design	Essentials	
1pj9yLkhL_cJVlRMqmA5WLmta-NqT0-4u	27 Fire Woosh4	mp3	5.43	CinePRO Sound Design	SFX	
1AKZMl9ybWElVPs82x2xoCrpcYkIQug-D	27 Fire Woosh4	wav	5.37	CinePRO Sound Design	SFX	
1s9alkMqr7kSBnGVBW5WUAS2WLSZlN_88	27 Horn Braaam 15	wav	5	CinePRO Sound Design	Essentials	
1lS0PjS7gw3BKLCkm8RSUO9s0oUqPIbq4	27 Horror Strings B	wav	31.21	CinePRO Sound Design	Essentials	terror
1TBNMN2HkGX4oZ9EB2q2uCNeDbe9D6lZK	27 Transport	mp3	7.97	CinePRO Sound Design	Essentials	
1-fdkR-UBhOd7y8Jxa-Em8_yaV3xVh5IE	27 Vocal A	wav	18.91	CinePRO Sound Design	Essentials	
1f_661PMYoD5tpmT07kDvhPe5rq6JF2Nk	27 Wind Whoosh A	wav	13.4	CinePRO Sound Design	Essentials	
1aXurPiRw1fCDQKSD1lrU-qhLBFf7BJmw	28 Deep Braaam A	wav	11.89	CinePRO Sound Design	Essentials	
1VVTtxRwh3KIC8FORfJr-M1c_6GsOlQgL	28 Empty Hit Close	wav	3.64	CinePRO Sound Design	Essentials	
1auODKMrhlnQegbKMhdXUUQPt1L6WUKiJ	28 Fire Woosh5	mp3	1.59	CinePRO Sound Design	SFX	
1gKPF4hV7orHU5nfTITc21EGNo_Lg4gZU	28 Fire Woosh5	wav	1.52	CinePRO Sound Design	SFX	
1qVoUn-QVyD2VJHNLJbBgOERhhNoG0nyu	28 Horror Strings C	wav	29.72	CinePRO Sound Design	Essentials	terror
1XgPGbOLcDN1xalqx0eYfRAXY-uea4lDL	28 Savage Braaam A	wav	3	CinePRO Sound Design	Essentials	
1AMA3rdYriNfH5_Wkb6POC9_2QcxjEKdi	28 Storm Riser	wav	10.62	CinePRO Sound Design	Essentials	
1NHVuhWUvvid24eir4yo8-bLsec6KdY44	28 Vacant	mp3	8.16	CinePRO Sound Design	Essentials	
1ctePNffOTccqV13bb0nOJcQhWYkpRWqH	28 Vocal B	wav	18	CinePRO Sound Design	Essentials	
1nauc8621mYwQmLHDgSCOe7kDcXiKdgZy	28 Wind Whoosh B	wav	15	CinePRO Sound Design	Essentials	
12BQygY46cUilGVnBqvHq5N18RR4E2h2J	29 Approach Riser	wav	4.35	CinePRO Sound Design	Essentials	
1VbUgEkLyo5cKSxf6D4DbVli8SwYtV2tp	29 Deep Braaam B	wav	11.89	CinePRO Sound Design	Essentials	
1tFDW7KV-itSMGVlV3kIk2hVDlgG1C52Z	29 Dread Piano Hit	wav	8.92	CinePRO Sound Design	Essentials	terror
1Ws84Zr_H2lIrj7Sw70Ff2oBqMj5pYm7q	29 Fire Woosh6	wav	1.43	CinePRO Sound Design	SFX	
1jUHjIgNIRMkKfD7LtQrMBmP4e5YSmP4t	29 Fire Woosh6	mp3	1.49	CinePRO Sound Design	SFX	
1kQml6da7vr64EOgrv0j6TCdf2Fomyeqh	29 Graven	mp3	6.6	CinePRO Sound Design	Essentials	
1ZMllBIzKefDT-QW3jX5GFaJONOmY5-Ep	29 Repeater A	wav	20.81	CinePRO Sound Design	Essentials	terror
1DeWHNzVSzw6YvzgaUzQP5l4BFSjDzBWT	29 Savage Braaam B	wav	4.46	CinePRO Sound Design	Essentials	
1bk2CekCA3N_11e_qKMUO5lO_dMj9BTDl	29 Vocal C	wav	11.89	CinePRO Sound Design	Essentials	
1eYO7MKuI8xLACWVJCY6ve-z-_wNLk_bI	29 Wind Whoosh C	wav	10.4	CinePRO Sound Design	Essentials	
1kMot-nqdSkV1sPe7QwWCReEaVDM1XZ8o	3 Riser	wav	3.25	CinePRO Sound Design	SFX	
1xCQ152UklEdX42Ei_wsBcemzGOAVkMZT	30 Action Braaam	wav	4.46	CinePRO Sound Design	Essentials	
16EoiXi9BU4b0p4KhFHuZ-41KRFdZm5CZ	30 Amp Riser	wav	11	CinePRO Sound Design	Essentials	
1lQ6KYzlTf0kPR6V3h6CDF5RWxq0ScqUo	30 Dark Texture	mp3	4.95	CinePRO Sound Design	Essentials	terror
1vQwBNlSlkxQ5E--xdQ3HKk-A04DqiRNR	30 Fire Woosh7	mp3	1.04	CinePRO Sound Design	SFX	
1-nuBU-exsi32PTpVXjP88FaS8NMA-Osx	30 Fire Woosh7	wav	0.99	CinePRO Sound Design	SFX	
1o9w_dbjzt6yeISby8g4eUa0bktZeiz9B	30 Heavy Notes	wav	36	CinePRO Sound Design	Essentials	
11wFe4SqYwpBkwyDDMb9Q-lK-YHzBJK70	30 Horn Hit	wav	9.35	CinePRO Sound Design	Essentials	
1bvq3r2pipM4aZxpvCNwOS6nzpY0-H-5A	30 min de Epic Heroic Trap	mp3	1861.25	CinePRO Sound Design	PLAYLIST	
1R_PlixMHTU_fmYjIZBsvfZHxlC33zpCQ	30 min de Phonk EPIC	mp3	2552.79	CinePRO Sound Design	PLAYLIST	
19aG0pgUzMW3r7Ll-RSLtKafhyjnAmBDu	30 Repeater B	wav	20.81	CinePRO Sound Design	Essentials	terror
1tDI-qPeU9vzbzqqW1FP-zF2rb5jp-Lq9	30 Vocal D	wav	11.89	CinePRO Sound Design	Essentials	
1VHVCKgUDUkzMp3UzDPtON1PiS7OBt5r5	30 Wind Whoosh D	wav	10.4	CinePRO Sound Design	Essentials	
1wcHWqGJJ4kCScxp_eqz-xo31aPRQxKCT	31 Futuristic War Horn	wav	9.5	CinePRO Sound Design	Essentials	terror
1fEzvro-zsVXDfZpj28A8LWS4FDIzNSy9	31 Noise Woosh	wav	0.95	CinePRO Sound Design	SFX	
17e3t7aqi692WbqZZR-MHttv6Lmu43ZQi	31 Noise Woosh	mp3	1.02	CinePRO Sound Design	SFX	
1JnYfIzh4H--Ixv73MsMKadLNOyCgwa18	31 Orchestral Hit A	wav	18.25	CinePRO Sound Design	Essentials	
1b4AopVvIIU9HZK3uU8x5C9KDR2FmW6bH	31 Spaceship Riser A	wav	13.71	CinePRO Sound Design	Essentials	
1JvRLCCPBsYtUdRFyCV14uaiFpWlrgQgU	31 Sweep Bass	wav	15.65	CinePRO Sound Design	Essentials	
14zwSLvPh27vYotmq53-a6vVlt6q58hG5	31 Trail Braaam A	wav	8.92	CinePRO Sound Design	Essentials	
17HN1_9_D5o18z2lMxG5hTZgMjOwMSvBs	31 Vocal E	wav	13.37	CinePRO Sound Design	Essentials	
19GNBB90_tz9iocBURgovzed6u2e0eBwx	31 Wind Whoosh E	wav	10.4	CinePRO Sound Design	Essentials	
1hg2KSitfUqkW0f9Y0uj9lJDH-5epFGHu	32 Dark Temple	wav	12	CinePRO Sound Design	Essentials	terror
15StMVJRHLy8UERO44aMCCUlhXjYLhUU6	32 Hypnotic Organ	wav	40.62	CinePRO Sound Design	Essentials	terror
1DfwVbcVFmw2m1SSbE_klaj_pBNMW6cWC	32 Noise Woosh2	mp3	1.46	CinePRO Sound Design	SFX	
1UPFPYMSSZ5WfRUuv1RLR2IF3-uRjux30	32 Noise Woosh2	wav	1.39	CinePRO Sound Design	SFX	
1OtQeB9TQ7xosDkl5-G_50CZL6yWSiTWP	32 Orchestral Hit B	wav	18.19	CinePRO Sound Design	Essentials	
1tFAgw8Iyt6Awor6T8oob29JAhg6axRcp	32 Spaceship Riser B	wav	13.32	CinePRO Sound Design	Essentials	
1vJq2o6zGM0uMfRUPY5nTHuRFfIdp9YPq	32 Trail Braaam B	wav	8.92	CinePRO Sound Design	Essentials	
1kYUPq2QkRH8n6ImpcKK6o2Tv1VWWmqVH	32 Vocal F	wav	11.89	CinePRO Sound Design	Essentials	
1xdjNPGoXlyW6b1dlEpHvFIFTqZure6mi	32 Wind Whoosh F	wav	10.4	CinePRO Sound Design	Essentials	
1IKhZWsFKIzUEUcPij6HWUkyifWObrqlJ	33 01 Weapon, Torpedo - Submarine Missile Shot Whoosh Underwater Pass By, Woosh	mp3	1.63	CinePRO Sound Design	SFX	
14uQgTq_FdH4u_7cE2LtxyLQpfUWpE8hF	33 Bass Overload Ambiance	wav	21.29	CinePRO Sound Design	Essentials	
1J0CkQDln8yTAZPgYjptG69e225087Pft	33 Drone Riser	wav	20.81	CinePRO Sound Design	Essentials	
1Y5w_N5yWD6zR7xxRP63JkVuGyM0iAoQ7	33 Kingdom Braaam	wav	5	CinePRO Sound Design	Essentials	
1s-QCLQ5s3ZgZvpoL76lwZZqAS5Z20meJ	33 Noise Woosh3	wav	1.61	CinePRO Sound Design	SFX	
1DmPIozb3VL1sEJAh4Ehv9M1tZBk-7pAE	33 Noise Woosh3	mp3	1.67	CinePRO Sound Design	SFX	
14aWpQx7Ejdz7tzS-armwaMPj-A9T_SFw	33 Sacred Vocal A	wav	10.1	CinePRO Sound Design	Essentials	
1bs3KEFfLNbr2RreKGxvw8ByR7NaD8Q7c	33 Vocal G	wav	13.37	CinePRO Sound Design	Essentials	
1BmHhvEuYRSzsOakXSwoSAbRUrtKF4P_C	34 Intense Riser A	wav	10.35	CinePRO Sound Design	Essentials	
1EEcugvza6ZAZSnnfND5NKo6EDyvYueLi	34 Noise Woosh4	mp3	1.88	CinePRO Sound Design	SFX	
1itXJwKAf1QmDJmsnwZa2OlqAuEyutDYx	34 Noise Woosh4	wav	1.82	CinePRO Sound Design	SFX	
1K1R2mqRHWzjJaBttc5ZQSKQihLaJxECw	34 ntense Sweeps A	wav	15.27	CinePRO Sound Design	Essentials	
1dq3ypMPoNTpXw1FpCIZLI9wLfXYRcAFk	34 Old Gods Braaam	wav	6.73	CinePRO Sound Design	Essentials	
13UK6yGUreZrWaisdS9iCvoJhUCDSSn0H	34 Sacred Vocal B	wav	10.27	CinePRO Sound Design	Essentials	
1bZpWpiL9uB1YGemkEnnw_a8FF4T4NS1N	34 Slipspace	wav	16.21	CinePRO Sound Design	Essentials	
1IflY7Hpc1y9fvmc3pvRhB88pLkjEQRjs	35 Braaam Roar	wav	8.83	CinePRO Sound Design	Essentials	
1o_XDGWr-fU39qk_N8kK6nnMxmmKdTZKF	35 Deep Sweep	wav	2.97	CinePRO Sound Design	Essentials	
1dRbUkPjEyCr6vCOENiabkNQVUjywlbOl	35 Intense Riser B	wav	16.29	CinePRO Sound Design	Essentials	
153th7FR-wM9RTgA0ddSI48ko7OoEv6fR	35 Intense Sweeps B	wav	13	CinePRO Sound Design	Essentials	
1K9AHppGthCUlqIw649f56vw6o8cSSqBv	35 Noise Woosh5	wav	0.76	CinePRO Sound Design	SFX	
1cLTUbXKu6vl3z3jDEsZFAirgZEtWx6OD	35 Noise Woosh5	mp3	0.84	CinePRO Sound Design	SFX	
1RJKCuuaKC6x8SXx_ipO9MrdAkwk5WCLD	36 Braaam Drop A	wav	5.94	CinePRO Sound Design	Essentials	
1oX52bPX1kdSG8UyJ7B2j3ilrOwa7o5ZX	36 Intense Riser C	wav	12	CinePRO Sound Design	Essentials	
1MqQHri2D_64KN56DptrhF-zjby2vhHJB	36 Intense Sweeps C	wav	23.78	CinePRO Sound Design	Essentials	
1jLKo673E3h8GauDxOi-Pa2f_XrwGsxfI	36 Noise Woosh6	mp3	0.81	CinePRO Sound Design	SFX	
1f2uNclmqxWVqPbMawC5061QxkO7fs_qT	36 Noise Woosh6	wav	0.75	CinePRO Sound Design	SFX	
1BzMdce5oBG8JF2PGvbZSlGeKzoIOkMfP	36 Signal Sweep	wav	5.94	CinePRO Sound Design	Essentials	
1PyZGsXIwHGuEwrUKjnK7fK1tua7DbLCO	37 Braaam Drop B	wav	11	CinePRO Sound Design	Essentials	
1WfF_uXMA4g5AObJ8-gZ42etjO3BD_ZBf	37 Intense Riser D	wav	10.35	CinePRO Sound Design	Essentials	
15CGFst9GyWx9MBdTy0YNeGYhbj0vXvnv	37 Intense Sweeps D	wav	22.29	CinePRO Sound Design	Essentials	
1DuURj_NCnGN7YHEUb2z4BjUkV_VEy8mP	37 Noise Woosh7	wav	2.28	CinePRO Sound Design	SFX	
18s7sqlOph_QKJI0eGkf2XRdrvsXv4KKu	37 Noise Woosh7	mp3	2.35	CinePRO Sound Design	SFX	
1C4yS7NVfqW0Gv6gETZXTEMZlSRmFMSiL	37 Submarine Hit	wav	12	CinePRO Sound Design	Essentials	terror
1M1O9_p9vlfSi4DokNZPuyM2u3FZHmx3X	38 Intense Riser E	wav	8.86	CinePRO Sound Design	Essentials	
16ks_cVqRM67BL4vUY7eIt-6hVqsFlA2B	38 Intense Sweeps E	wav	22.29	CinePRO Sound Design	Essentials	
1gMRf3zGuXvx4B3tgGaKfPR3dRuf0HbLQ	38 Particles Woosh1	mp3	3.31	CinePRO Sound Design	SFX	
1AErzdQcPuT5ciW4qUMwG0-mPAvD7F5LO	38 Particles Woosh1	wav	3.26	CinePRO Sound Design	SFX	
1t_4Wh0Zm0sU7ogf7P5A8gyHMSZnfEDI4	38 Swell Braaam A	wav	6.62	CinePRO Sound Design	Essentials	
1UdiweqSFeOG1zaOGZo1uJkrXbkQ6DN9j	38 Thunder Chopper 14	wav	13.37	CinePRO Sound Design	Essentials	
1k5ENk68lw7v0pfA-ZepWnRKmljnGaXSy	39 Incongruent	wav	8.92	CinePRO Sound Design	Essentials	terror
1WbWy-yfoeGsfkHQwF03JDdmueCiDtBWf	39 Intense Riser F	wav	7.5	CinePRO Sound Design	Essentials	
1hpsnJTss3E14FuTi2Ubd_IORZaKYmLGA	39 Particles Woosh2	mp3	1.15	CinePRO Sound Design	SFX	
1Nhbj6S08CgpCJ0QHQN9OJkICns7HA0bD	39 Particles Woosh2	wav	1.08	CinePRO Sound Design	SFX	
1iKxr4PTlXJaRhiXlgmeBJQQEkHTabOxq	39 Swell Braaam B	wav	6.62	CinePRO Sound Design	Essentials	
1pUBezd9n6Sdl6H33pfn9N_yW4nWbhH09	4 Riser	wav	4.63	CinePRO Sound Design	SFX	
1dd3aoUzCIpTk-ZE88Th5nuSZMpd-nbPw	40 Intense Riser G	wav	18	CinePRO Sound Design	Essentials	
1BKtk_t3Qw9XTHwYTzdYZtG8XMv_yUFC_	40 Particles Woosh3	mp3	0.91	CinePRO Sound Design	SFX	
1Uv03R4ptPCsE-WoKDMcHtLPLxKGrcocU	40 Particles Woosh3	wav	0.86	CinePRO Sound Design	SFX	
13uifwxwH7cIVHOrUKVX-8PnT1ngOugqO	40 Power Deflection A	wav	10	CinePRO Sound Design	Essentials	terror
1LHFkzpsK5z6EVks7d7hg0OycUeXK6l4b	40 Swell Braaam C	wav	6.62	CinePRO Sound Design	Essentials	
19sKkdjiBC2cWXWFFh6050eRjHIcvloPd	41 Intense Riser H	wav	18	CinePRO Sound Design	Essentials	
1m8sB-A3etg2pmtn0J8zuPqKlTBwv2onY	41 Particles Woosh4	mp3	3.03	CinePRO Sound Design	SFX	
1HjaYRty5l-X-AxZTROJNFCL54wD0Blj7	41 Particles Woosh4	wav	2.96	CinePRO Sound Design	SFX	
1lkt-0TiksHLgUFK75r4u3FH5z2MPjBuM	41 Power Deflection B	wav	13.7	CinePRO Sound Design	Essentials	terror
1YIndpk1rLRGiqQN4qoJE5ovBUHjZLag-	41 Swell Braaam D	wav	5.28	CinePRO Sound Design	Essentials	
11sBiQEfoVghj8uU9cqr772pbEyr0IJZE	42 Intense Riser I	wav	6.65	CinePRO Sound Design	Essentials	
1l9mRt7AQeGwil_KIGExnmAAp32EiKCav	42 Particles Woosh5	wav	1.1	CinePRO Sound Design	SFX	
1bCXbhjKIWJ-2-jxQaf-r3sK-3_ZGzM7v	42 Particles Woosh5	mp3	1.17	CinePRO Sound Design	SFX	
12_qCL6bKcUkRr08hv1YY_dWHZjKytuF4	42 Power Down A	wav	13.43	CinePRO Sound Design	Essentials	terror
10EzavqOt2_SS5eWN0QjwYmW3sb7AoVQJ	42 Swell Braaam E	wav	5	CinePRO Sound Design	Essentials	
14WPhgIP4vzcakdz8gSl_tFRnWjpNqbFw	42 Trap Music	wav	94.29	CinePRO Sound Design	PLAYLIST	
1sMC8-no9pRsxartf5sClN_wirGtJg8qa	43 Intense Riser J	wav	6.36	CinePRO Sound Design	Essentials	
1P1tkTu-dBCzCq_ZWfPzZAOG1f4T19MwN	43 Particles Woosh6	wav	2.16	CinePRO Sound Design	SFX	
1DuoYGWzO8sfByS4h9jchCK9xIX5B230-	43 Particles Woosh6	mp3	2.22	CinePRO Sound Design	SFX	
1hAqoNyekg76yYFd3bgSbGaRHj6wmF6KB	43 Power Down B	wav	14.16	CinePRO Sound Design	Essentials	terror
12h4seL-Ti6DTrluzEym5nO3tHjkRqiyi	43 Swell Braaam F	wav	4.7	CinePRO Sound Design	Essentials	
1CNIeMFscllG4qqBCauLXhtKIUOS3kZN3	44 Intense Riser K	wav	8.86	CinePRO Sound Design	Essentials	
11YbXuCrAWlWtC-q_htM-qC14QfRJkcIj	44 Power Down C	wav	10.39	CinePRO Sound Design	Essentials	terror
1de2GBD-ppz6RtlH2Bv8Ce7-kCphBiz9W	44 Swell Braaam G	wav	5.31	CinePRO Sound Design	Essentials	
1q-mU3vz5y2IakHCgw6ojsaSMLHIasEf6	45 Cymbal Riser A	wav	7	CinePRO Sound Design	Essentials	
1l2R5kcDBh0-eU04i_wvBHWKijOZwkZ7V	45 Power Down D	wav	8	CinePRO Sound Design	Essentials	terror
1XjU2XJPctavqD5yt3Zth195uiJ5thAQA	45 Swell Braaam H	wav	10	CinePRO Sound Design	Essentials	
1Heo23dptuZOOB4ellk01Kv6Dewskggri	46 Cymbal Riser B	wav	8.68	CinePRO Sound Design	Essentials	
1aKZoJoJYunhfQ1tv6yJVI8QXXmC9-tFh	46 Power Down E	wav	19.26	CinePRO Sound Design	Essentials	terror
1DSK3L8dJysSYjPHmVQW0CNaUIvTke0g0	47 Cymbal Riser C	wav	8.43	CinePRO Sound Design	Essentials	
1knosGXd1xd2LwQX27qxIp4CVtxnfp2q2	47 Sweep Synth A	wav	8.92	CinePRO Sound Design	Essentials	
1p2V79pmjJ6am2TQY0edwZGGXFRLvQ3S6	48 Sweep Synth B	wav	8	CinePRO Sound Design	Essentials	
1LHUlaFqcLedf9bXh9xjISGTO88IVpfge	48 Tension Riser A	wav	5.94	CinePRO Sound Design	Essentials	
1GXrBrmYYhii3Ohps9MwOJd2hbOicwJO9	49 Sweep Synth C	wav	9.57	CinePRO Sound Design	Essentials	
1d2HEkIG9AH5pFGo1bz1721EgdymfajL_	49 Tension Riser B	wav	2.53	CinePRO Sound Design	Essentials	
1n8LgxxVykVDvKmTsaHUBDOvAi2SRaMhN	5 Riser	wav	9.26	CinePRO Sound Design	SFX	
1xSr8DZ1aKDfvRdPlX1LJNB-3Sspa5Of0	50 Sweep Synth D	wav	10	CinePRO Sound Design	Essentials	
1vh_Uou2tyy366mgDFyHFyd5P4Zj4ygW8	50 Tension Riser C	wav	4.46	CinePRO Sound Design	Essentials	
1_lU5bmU0n5NONxZ0Rm5TUpCBXPteQV_7	51 Sweep Synth E	wav	10	CinePRO Sound Design	Essentials	
1TejNu42Mj1WE1VNnQwXg7RIc3DQZTCE4	52 Sweep Synth F	wav	9.91	CinePRO Sound Design	Essentials	
1c3etT89k0CyZAHeqTrPV78NCy6DFG74W	77. Wooshes A	mp3	19.78	CinePRO Sound Design	SFX	
1BEOOJ4H6Oa2Ywc9X12ZnoZCIBJZjoOx5	78. Wooshes B	mp3	23.79	CinePRO Sound Design	SFX	
1d1WiIiXbPHPIuF80N5rqA20VaNBO51ND	808001	wav	5.9	CinePRO Sound Design	Essentials	
1YGvGYgVwPyjc0_y4cQw5Wj2wybUrBkcN	808002	wav	2.95	CinePRO Sound Design	Essentials	
1hZjMea6dtmQrxeZxYN4H1FE9sfY83NSr	A Lowly Shoe Salesman Oppenheimer OST	mp3	215.17	CinePRO Sound Design	PLAYLIST	
1C3z-pTwiSpf4RfXFU6aIUua59QJhksMV	A$AP Ferg - Work (REMIX) (s l o w e d + BASS BOOST + reverb)	mp3	360.5	CinePRO Sound Design	PLAYLIST	
1E36i4XUsZjQAlystqJ9X6lxA9l00K743	A$AP Ferg - Work REMIX Slowed & Reverb to PERFECTION	mp3	309.36	CinePRO Sound Design	PLAYLIST	
1JoANfOmPCCulcB4ET0LjjCIl5oUvyoVj	ABYSS Abyss ARP	wav	52	CinePRO Sound Design	Essentials	
1cf4j2Os7CiejBMArtJfIrldXKaOEGPIs	ABYSS Abyss Symphony	wav	40	CinePRO Sound Design	Essentials	
1QgAIUAzhg-2t57a1N382SD5OLPMqYxm6	ABYSS Mamoth on Mars	wav	24	CinePRO Sound Design	Essentials	
1_fiYfSm3l18PssI4VzLpaHoUI0EDLAZB	ABYSS Odd Perc FIlter Loop	wav	18	CinePRO Sound Design	Essentials	
1knUviQSOpIWgkEuAQiPcvOJY3L34Aryt	ABYSS Ravishingly Unpredictable Arp	wav	40.05	CinePRO Sound Design	Essentials	
1Ghm-vGgMA4ujNYWvQEZNtPzfDwYfZUBF	ABYSS Saturn Sprinkles	wav	20	CinePRO Sound Design	Essentials	
1wnOWWydXH6-NZsxU-J2h2Z4STGc0TwzD	ABYSS Simulation Sequence	wav	20	CinePRO Sound Design	Essentials	
111XF2wlu47rv1LVf9QjDP-ZDD3yk2wNH	ABYSS Space Whales	wav	33.67	CinePRO Sound Design	Essentials	
1QsYelzqeJR9pz5PU8PDUE3RNYgAM7ho-	Adam Turley - Circles - Instrumental Version	mp3	155.4	CinePRO Sound Design	PLAYLIST	
1OjpoCD8g33hY_x6Pe8QKioSED63-ljz_	Adele - Skyfall (Official Lyric Video)	mp3	289.41	CinePRO Sound Design	PLAYLIST	
1FNjakoQbLgiqpIf4wtNUninzayOZai_I	Adrián Berenguer - Aware	mp3	195.19	CinePRO Sound Design	PLAYLIST	
1BT6pdj7w4tWWqZ4kzg0hhiYK1zA0aCV4	Adrián Berenguer - Class Act	mp3	186.54	CinePRO Sound Design	PLAYLIST	
14fecxQ8IiHOIUEnFn3jyUtKPAIsMTN4H	Adrián Berenguer - Diffusion	mp3	213.32	CinePRO Sound Design	PLAYLIST	
1effHgKYqAfN8WyVLAScg7ysMyBY-SHaP	Adrián Berenguer - Dynasty	mp3	165.54	CinePRO Sound Design	PLAYLIST	
1RNo4Ekjs7iqDkZJbr2SckT2dRT6G2gEh	Adrián Berenguer - Forzisimo	mp3	200.52	CinePRO Sound Design	PLAYLIST	
16Niv_bpS-yp8eFUDuMXde-jEwUAaKYml	Adrián Berenguer - Premiere	wav	195.02	CinePRO Sound Design	PLAYLIST	
14R7VCGq3ffBvqPjF0KD_oN0XKh60iroX	Adrián Berenguer - Presto - Slowed and Reverbed	wav	226.8	CinePRO Sound Design	PLAYLIST	
1NcNdXVoRDWMjrYmZ87jZ0sQadyNecX_k	Adrián Berenguer - Reprise	mp3	160.03	CinePRO Sound Design	PLAYLIST	
1UaiNKbfCwjeaGqh7KIA1_zziWdThFaSC	Adrián Berenguer - The Walking	mp3	217.57	CinePRO Sound Design	PLAYLIST	
1kgEqc-X00YjOro2AozPdr13PN5mcdCvM	After Burner	wav	20.48	CinePRO Sound Design	SFX	
1VFP0hJP7fBb7an5fFCVkE49C7xShNACw	Aggressiv Big Dog at Night	wav	10.68	CinePRO Sound Design	SFX	
1_8s5yPH4HlpT_OcSsNL8ZaPwlsYI15jv	Aggressiv Small Dog at Night	wav	19.38	CinePRO Sound Design	SFX	
1iI1T3j_-IdW0HnxOuryACLpaVrxtejoM	Aggro Synth	wav	29.41	CinePRO Sound Design	Essentials	
1eG08ldkf0D2W5xLJSSKrUskkKbrbdA1x	air pressure_1	mp3	127.3	CinePRO Sound Design	Party FX	
1qBWJHl8YTIgnb5cO1SGxNjCtoR2j64d2	Air Slicers - Short Dirty Woosh	wav	2.6	CinePRO Sound Design	SFX	
1YUQEoblAVE8hU4aAFTirl83g2qDoTiMw	AIRBrst_SOURCE RECORDINGS-Quick Steam Burst 01	wav	1.08	CinePRO Sound Library	Velocity	
1GhbILNfAegEKWwNDxgEQSgpCBoyPVruR	AIRBrst_SOURCE RECORDINGS-Quick Steam Burst 02	wav	1.13	CinePRO Sound Library	Velocity	
13d726m4znU-fv9CT8kN2MeZMEH_I5iqq	airbus_a319_crowd_capitan_voice	wav	28.29	CinePRO Sound Design	Essentials	
13RN7lFK8z9jZLdozIRK-gilupdImb3cS	airbus_a319_crowd_start_fly	wav	339.41	CinePRO Sound Design	Essentials	
1hyBHYG7p-l85br0CJ2o9GIMpPt0aAa7w	airbus_a319_fly	wav	86.86	CinePRO Sound Design	Essentials	
1RTpy5zZIvVQLLI9PoTUprVfltJ76d6Ui	Airplaines	wav	38.4	CinePRO Sound Design	SFX	
1hwo8d-JwHRj9GsFi7gSvsE3pHP2yzLGf	Airplane obove a city	wav	53.89	CinePRO Sound Design	SFX	
1C-hxaEPmwl9G7UdLUogbaen4n0Hn4P7Z	Aleksey Chistilin - Utopia	mp3	189.05	CinePRO Sound Design	PLAYLIST	
1HESes-WljYAaniCFCmSzdnx-tgpTkDir	Aleksey Chistilin - Waiting for a New Day	mp3	228.49	CinePRO Sound Design	PLAYLIST	
1F743pq9MSlN6hpRswCCoaiUM3hVXYi4X	AlexGrohl - Rusted Wound	wav	89.33	CinePRO Sound Design	PLAYLIST	
1G-FgvfuCI-jhRC5Il_LCOEX6uPZZYDzJ	Alien Woosh 01	mp3	4.73	CinePRO Sound Design	SFX	
1UZAibrPUzMe2vfLBYTAF8b-xoSmDHCnF	Alon Peretz - My Friend Frida	mp3	146.49	CinePRO Sound Design	PLAYLIST	
1YDFG4jk6j9hirHFmhJvU2dH7AbL3V6wd	Am I Welcome in this Village? - Eden Avery	mp3	180.41	CinePRO Sound Design	PLAYLIST	
1KBkt_4BOJbAfG-DMqO0z4qQ7MPgoemm_	AMBFarm_FARM-Day Ambience Farm Loop 01	wav	160.17	CinePRO Sound Library	The Provence	
1WbpM2YVzpdWEkBp9gyR_w-ES--uje88b	AMBFarm_FARM-Day Ambience Farm Loop 02	wav	122.33	CinePRO Sound Library	The Provence	
1brtNskekmjQvYMoFGmWMQ6-PyimkeotD	AMBForst_WOODS-Day Ambience Woodland Loop 01	wav	133.67	CinePRO Sound Library	The Provence	
1c_DyBN0I0opBDOulRgjIPMkxcxSxPFeo	AMBForst_WOODS-Day Ambience Woodland Loop 02	wav	193.19	CinePRO Sound Library	The Provence	
1Txqqn-TlIjFNBfVmmBOdGhA75viyGSS9	AMBForst_WOODS-Day Ambience Woodland Loop 03	wav	176.13	CinePRO Sound Library	The Provence	
1wfP6pdWd0RoL5LPntCNE-eS5blyZSA0n	AMBForst_WOODS-Day Ambience Woodland Loop 04	wav	96.01	CinePRO Sound Library	The Provence	
1Id7ChwAD_47KDEUQrI7v1sc_M1dSTVPw	AMBForst_WOODS-Day Ambience Woodland Loop 05	wav	190.21	CinePRO Sound Library	The Provence	
1OXV7Rsyu0ZZXrCI6Sy2rPRsbLN_g3FiN	AMBForst_WOODS-Day Ambience Woodland Loop 06	wav	96.3	CinePRO Sound Library	The Provence	
1P9bazbxMdDX8nXCWUX6dbJglthTxq6Mz	AMBForst_WOODS-Day Ambience Woodland Loop 07	wav	133.87	CinePRO Sound Library	The Provence	
1by9Tghzs8ZiYMZK_3jJwhYo--yKCh33K	AMBForst_WOODS-Day Ambience Woodland Loop 08	wav	222.63	CinePRO Sound Library	The Provence	
13gnD-lGi-zjnxWKyWp7w0hJZOVOehBFV	AMBForst_WOODS-Night Ambience Woodland Loop 01	wav	203.43	CinePRO Sound Library	The Provence	
1ubGzUaEXZZg-CJbvhj8K1fRXiO0a7xfb	AMBGras_FIELD-Day Ambience Field Loop 01	wav	147.11	CinePRO Sound Library	The Provence	
1VjQsad8g34So2Ev3iiPZ590qV_eziwXr	AMBGras_FIELD-Day Ambience Field Loop 02	wav	112.66	CinePRO Sound Library	The Provence	
1Ns7AnsFsjvbiWUlQM7J_La0uCoeFAUnC	AMBGras_FIELD-Day Ambience Field Loop 03	wav	103.59	CinePRO Sound Library	The Provence	
1OkGeqru_MUyHkZJUDKQU7KYio5lqRkuj	AMBGras_FIELD-Day Ambience Field Loop 04	wav	120.66	CinePRO Sound Library	The Provence	
1n7R1Uh-nxOR_QIasxL4_QKHkjpfztgyp	AMBGras_FIELD-Day Ambience Field Loop 05	wav	183.55	CinePRO Sound Library	The Provence	
1Uw7ktAZgvu1Rmu76IhtzYxovCCwZ5BN9	AMBGras_FIELD-Day Ambience Field Loop 06	wav	158.25	CinePRO Sound Library	The Provence	
1jEgPSWxjwA3vTyadk-tLqbEw74FG-ivk	AMBGras_FIELD-Day Ambience Field Loop 07	wav	109.23	CinePRO Sound Library	The Provence	
1iNP3-fhRST4yZHxVthREvB3Ec70Wjq1Z	AMBGras_FIELD-Day Ambience Field Loop 08	wav	125.61	CinePRO Sound Library	The Provence	
1NzWI5Gdi0JjcsOf3LC2142mwl5b4N-lU	AMBGras_FIELD-Day Ambience Field Loop 09	wav	202.42	CinePRO Sound Library	The Provence	
1nBEo2sn-D78ncmuA1f4vmVXOxMr31U1Z	AMBGras_FIELD-Day Ambience Field Loop 10	wav	55.64	CinePRO Sound Library	The Provence	
1CCb540Oi8MwPvhElrqr5032ndOhgDGdK	AMBGras_FIELD-Night Ambience Field Loop 01	wav	183.54	CinePRO Sound Library	The Provence	
1G2ZeiDRliDhCMaffbjgU1lwhKfvoF3Yk	AmbienceSciFi 8008_37	wav	60.5	CinePRO Sound Design	SFX	
1E_OyWRlvPekWutcAegYKfxteGvYvs0Ee	Ambient Drone 25	mp3	23.35	CinePRO Sound Design	SFX	
1TkIO7fAvdD-DHG82QEpupI0AEC8x4cRf	AMBUrbn_CITY PARK-Urban Park Ambience Loop 01	wav	120	CinePRO Sound Library	Cityscapes Vol.1	
1UjnJ9q6NjfpdQf3GoBB1TbgsTzfgqMSb	AMBUrbn_CITY PARK-Urban Park Ambience Loop 02	wav	120	CinePRO Sound Library	Cityscapes Vol.1	
1NJHLOP_T_yrH7TJ7i_HNuiLM91Ee_xP1	AMBUrbn_CITY PARK-Urban Park Ambience Loop 03	wav	120	CinePRO Sound Library	Cityscapes Vol.1	
1TbJtj0WUEnryKaY8dRTofRgUaMqJ9d5v	AMBUrbn_CITY PARK-Urban Park Ambience Loop 04	wav	120	CinePRO Sound Library	Cityscapes Vol.1	
1bpKqwt-E4ZtfmOm-x3nod4zB1CX-CrRv	AMBUrbn_CITY PARK-Urban Park Ambience Loop 05	wav	120	CinePRO Sound Library	Cityscapes Vol.1	
1qWWDKIDJVASpMVyo2WY0hfPB6j44BgCe	AMBUrbn_CITY PARK-Urban Park Ambience Loop 06	wav	120	CinePRO Sound Library	Cityscapes Vol.1	
16bBtV4Dzk-JrZDiiCcmxa4jTsexJM5eb	AMBUrbn_CITY PARK-Urban Park Ambience Loop 07	wav	120	CinePRO Sound Library	Cityscapes Vol.1	
1bt4b1IqU6AC9nAoPVOMxuZss1DkXtX-u	AMBUrbn_CITY PARK-Urban Park Ambience Loop 08	wav	120	CinePRO Sound Library	Cityscapes Vol.1	
1J4jRIv1az-S_lepXiKV_Ygw0R-iPgjq5	AMBUrbn_CITY PARK-Urban Park Ambience Loop 09	wav	120	CinePRO Sound Library	Cityscapes Vol.1	
1ZAkzW5YyOsrXu5QcDgidHTHIQMPyX_tZ	AMBUrbn_CITY PARK-Urban Park Ambience Loop 10	wav	120	CinePRO Sound Library	Cityscapes Vol.1	
16T1TV0Z84LlCQYYRvKJgOcj2ZxKaVUDc	AMBUrbn_CITY PARK-Urban Park Ambience Loop 11	wav	120	CinePRO Sound Library	Cityscapes Vol.1	
1d7spdNtbewRs83wAg6uezvAMm-JCZUYV	AMBUrbn_CITY PARK-Urban Park Ambience Loop 12	wav	120	CinePRO Sound Library	Cityscapes Vol.1	
1o-ajDmSTkKS8-yI45Itq2rJlxBA1TNO0	AMBUrbn_CITY PARK-Urban Park Ambience Loop 13	wav	120	CinePRO Sound Library	Cityscapes Vol.1	
1d6MXmr5kGNOzNQ4io5aojUw-hLZXXEGo	AMBUrbn_CITY PARK-Urban Park Ambience Loop 14	wav	120	CinePRO Sound Library	Cityscapes Vol.1	
1YEmlBljiZ_xsxuxg8-OEhkGCKQgxZGhy	AMBUrbn_DOWNTOWN-City Center Ambience Loop 01	wav	120	CinePRO Sound Library	Cityscapes Vol.1	
1R1RToIPLgn4ie9XvgLSWCfiIvZhgOUca	AMBUrbn_DOWNTOWN-City Center Ambience Loop 02	wav	120	CinePRO Sound Library	Cityscapes Vol.1	
1IO-e4CqEsSbEXfQA7CXQXWZryL-9c7gw	AMBUrbn_DOWNTOWN-City Center Ambience Loop 03	wav	120	CinePRO Sound Library	Cityscapes Vol.1	
1ahoxL2iQ8yA6vUsfJWs7RC_SdaCJBgos	AMBUrbn_DOWNTOWN-City Center Ambience Loop 04	wav	120	CinePRO Sound Library	Cityscapes Vol.1	
1XvyhHp54258lZROJmZZfu6oUkxmtb3Tm	AMBUrbn_DOWNTOWN-City Center Ambience Loop 05	wav	120	CinePRO Sound Library	Cityscapes Vol.1	
1_zY8KPOIk1XJtjlqz0W-NznrBg5r0wlu	AMBUrbn_DOWNTOWN-City Center Ambience Loop 06	wav	120	CinePRO Sound Library	Cityscapes Vol.1	
1iyc0KGGJlG4eC_W-FBInf_s7Sg6KZzWE	AMBUrbn_DOWNTOWN-City Center Ambience Loop 07	wav	120	CinePRO Sound Library	Cityscapes Vol.1	
1R3obq5couqHfPaRhd5M8RCW2J88g2NOd	AMBUrbn_DOWNTOWN-City Center Ambience Loop 08	wav	120	CinePRO Sound Library	Cityscapes Vol.1	
1BWcaO2-Zoe6N8Lw_PByD9I7f2DoLKUYL	AMBUrbn_DOWNTOWN-City Center Ambience Loop 09	wav	120	CinePRO Sound Library	Cityscapes Vol.1	
1-uS95CP-QjqMCQc4EoJCNtxTyFk9q6PA	AMBUrbn_DOWNTOWN-City Center Ambience Loop 10	wav	120	CinePRO Sound Library	Cityscapes Vol.1	
1iXNY57ZA_MYGMaR6HFq3j9cKfvGIbYgp	AMBUrbn_DOWNTOWN-City Center Ambience Loop 11	wav	120	CinePRO Sound Library	Cityscapes Vol.1	
1rzHm5NxjGlaJipEV5J-hVXPMpqa_4FkB	AMBUrbn_DOWNTOWN-City Center Ambience Loop 12	wav	120	CinePRO Sound Library	Cityscapes Vol.1	
1C5h3Z_RWWFfkZ1AoB1Vh2-OTsRjyYWGg	AMBUrbn_DOWNTOWN-City Center Ambience Loop 13	wav	120	CinePRO Sound Library	Cityscapes Vol.1	
108v5E69_BNC9tU5Q2uALDAA4hl7iHL-a	AMBUrbn_DOWNTOWN-City Center Ambience Loop 14	wav	120	CinePRO Sound Library	Cityscapes Vol.1	
1YZzY0y7U_qFFyNsozWSvXFeTviAMNkYu	AMBUrbn_DOWNTOWN-City Center Ambience Loop 15	wav	120	CinePRO Sound Library	Cityscapes Vol.1	
1hzEXjsGUCjej6EXirJtPFuRy4Wrd5E7g	AMBUrbn_DOWNTOWN-City Center Ambience Loop 16	wav	120	CinePRO Sound Library	Cityscapes Vol.1	
1v5tgGeH2n_FZdT8QKGf2W-dp_Y0KntUg	AMBUrbn_DOWNTOWN-City Center Ambience Loop 17	wav	120	CinePRO Sound Library	Cityscapes Vol.1	
1j1VXg1pZQlJ65SrnO0QRAWpkdYcXm_si	AMBUrbn_DOWNTOWN-City Center Ambience Loop 18	wav	120	CinePRO Sound Library	Cityscapes Vol.1	
10mIO9411U414-CXp_Rn6ybI0VDFucCGf	AMBUrbn_DOWNTOWN-City Center Ambience Loop 19	wav	120	CinePRO Sound Library	Cityscapes Vol.1	
1WVN1JsOUQiPjj6PnE41x2Cz0RKu6BDE5	AMBUrbn_DOWNTOWN-City Center Ambience Loop 20	wav	120	CinePRO Sound Library	Cityscapes Vol.1	
12oE7Ma9zdO_EMwASEUNpuyyOpVg1P2Nc	AMBUrbn_DOWNTOWN-City Center Ambience Loop 21	wav	120	CinePRO Sound Library	Cityscapes Vol.1	
1EnRuq9JmhnQDsG6UxkoVBw3-gwGNoMh9	AMBUrbn_DOWNTOWN-City Center Ambience Loop 22	wav	120	CinePRO Sound Library	Cityscapes Vol.1	
1TN0lijYvSCUaTOxG0qZiFI15nBK9c9MH	AMBUrbn_DOWNTOWN-City Center Ambience Loop 23	wav	120	CinePRO Sound Library	Cityscapes Vol.1	
1lu8ip8b0XESj4DRQRdgrd9iAphk5r8oj	AMBUrbn_DOWNTOWN-City Center Ambience Loop 24	wav	120	CinePRO Sound Library	Cityscapes Vol.1	
1fYBPDrhw4VAE1C9SlaKEGGp7tkzdaPYZ	AMBUrbn_DOWNTOWN-City Center Ambience Loop 25	wav	120	CinePRO Sound Library	Cityscapes Vol.1	
1ZgRJepljbcTry6tzC3jSjLBbc0UKnqub	AMBUrbn_NEIGHBORHOOD-Inner City Neighborhood Ambience Loop 01	wav	120	CinePRO Sound Library	Cityscapes Vol.1	
1Mv2eb2JcQZcQhEeN4NYTd2iGLJ-IAPo0	AMBUrbn_NEIGHBORHOOD-Inner City Neighborhood Ambience Loop 02	wav	120	CinePRO Sound Library	Cityscapes Vol.1	
1k2iYguFmcugHF6uTKbmekpHokt088tER	AMBUrbn_NEIGHBORHOOD-Inner City Neighborhood Ambience Loop 03	wav	120	CinePRO Sound Library	Cityscapes Vol.1	
1s63T4CrYEOodMNnZLt137LMuQ5Vy3Iy2	AMBUrbn_NEIGHBORHOOD-Inner City Neighborhood Ambience Loop 04	wav	120	CinePRO Sound Library	Cityscapes Vol.1	
1dq0kSpOgsm2M8Wtwf0KTStUTDr0D8bdU	AMBUrbn_NEIGHBORHOOD-Inner City Neighborhood Ambience Loop 05	wav	120	CinePRO Sound Library	Cityscapes Vol.1	
13Wh5tQRFGNG_shqcfPxoiVxtwOCtrqJ6	AMBUrbn_NEIGHBORHOOD-Inner City Neighborhood Ambience Loop 06	wav	120	CinePRO Sound Library	Cityscapes Vol.1	
1pcsTmwWkS5bUBK_w-Wtm0dvUM4ee3jiC	AMBUrbn_NEIGHBORHOOD-Inner City Neighborhood Ambience Loop 07	wav	120	CinePRO Sound Library	Cityscapes Vol.1	
1Cao9ufAMHsur-xo8oLl7aDkYeoa0k6Wu	AMBUrbn_NEIGHBORHOOD-Inner City Neighborhood Ambience Loop 08	wav	120	CinePRO Sound Library	Cityscapes Vol.1	
166hVa7GmcMeZuXPHjAdtY4F1bPmGhfmS	AMBUrbn_NEIGHBORHOOD-Inner City Neighborhood Ambience Loop 09	wav	120	CinePRO Sound Library	Cityscapes Vol.1	
1Y0fHuQ1itXCIXArGe0cb_7sBhZSgoXz1	AMBUrbn_NEIGHBORHOOD-Inner City Neighborhood Ambience Loop 10	wav	120	CinePRO Sound Library	Cityscapes Vol.1	
1XEkWZbnI8anhbxA9m8Zl5e5S45xyxLpl	AMBUrbn_NEIGHBORHOOD-Inner City Neighborhood Ambience Loop 11	wav	120	CinePRO Sound Library	Cityscapes Vol.1	
1BtGxe5F7V3FL_qGiVB5Y05DVfihqz7sQ	Amir Marcus - Andromeda - Instrumental Version	mp3	131.92	CinePRO Sound Design	PLAYLIST	
1K2-qpt47Le1LCX0WjkdGxj-KMgWD5JUy	Amir Marcus - Destiny	mp3	117.05	CinePRO Sound Design	PLAYLIST	
1b-zi9z3SlP6UTK60AH9Le0EGhaMHo9zW	Amit Weiner - Mount Everest	mp3	200.31	CinePRO Sound Design	PLAYLIST	
1G_b0S1Ju9X6QlqJRlmv79yF78vVdF1sP	Amor e Guerra	mp3	201.41	CinePRO Sound Design	PLAYLIST	
1ecsi50tma8IdjPnFqI8Yz9W6-PVFS4iK	Analog Crack Whoosh	wav	7.5	CinePRO Sound Design	SFX	
1uMYFMR_1DeDfRWLkZtyEiZxf7r3LNd8t	ANBR - Beyond	mp3	218.51	CinePRO Sound Design	PLAYLIST	
1upcQ_LvrJwMC7NrurBmYMmXsn2jvITfO	ANBR - Continent	mp3	88.99	CinePRO Sound Design	PLAYLIST	
1V3nWVkkbxeK3JdUYBuEdr0rGXQXnInP3	ANBR - Voyage	mp3	194.01	CinePRO Sound Design	PLAYLIST	
1YPsBrnNiIatNa5L7qXsNL39tPVr6cNCL	Angel Salazar - You Are Ready	mp3	233.25	CinePRO Sound Design	PLAYLIST	
1_uL3N8I1ktKpN-sAwe9c8Jkfi80O5yCK	Angel Sound . For cartoon and videos (320 kbps)	mp3	18.87	CinePRO Sound Design	Essentials	
1KyO-efsk2SiW9fO5xyw6hpasvdiackec	AnimalHorse 6003_65_1	wav	1.86	CinePRO Sound Design	Essentials	
1tmSrxVwvBhEHoRB2J8q2w0ft9JXbzXHK	Annihilate001	wav	2.06	CinePRO Sound Design	Essentials	
15Q_D7lrx3W5J3JO8UGVNq5kE20qLAfoC	Annihilate002	wav	2.06	CinePRO Sound Design	Essentials	
1t_98DhcZcorO6LPR2dQM-tYNaRcTKLG1	Annihilate003	wav	3.43	CinePRO Sound Design	Essentials	
1304A-JLCE8QvBCTY_K3CkwuDdOvXWEC-	Annihilate004	wav	2.06	CinePRO Sound Design	Essentials	
1wbi0i10-ys_6mTjA6gkk7JyxNnosKzRu	Annihilate005	wav	2.06	CinePRO Sound Design	Essentials	
1I_x3UP_iepR4otihSEiikSDdZhtnmF2P	Annihilate006	wav	3.43	CinePRO Sound Design	Essentials	
1iln9hA7KqkUFb_TUf1Z1e_-9EIiIy_5f	Annihilate007	wav	2.74	CinePRO Sound Design	Essentials	
12CtjqXaONdk6aGiOm8ojXURjsJ7Fl04H	Anthony Vega - Lazy Moves	mp3	119.77	CinePRO Sound Design	PLAYLIST	
1pdvA-sHwv_SE2WOPm3M6vZmT9eeB4EoK	antique camera shot flash 2	wav	1.2	CinePRO Sound Design	Essentials	
1ntSiCEdFdQZDEh7EnfqOxk20MAZ2TXR7	apito rojão_1	mp3	8.42	CinePRO Sound Design	Party FX	
12ZEVMMMgYJwHYrutmTdctsPTXy0rbtX4	applause_cheer_1	wav	12.35	CinePRO Sound Design	Essentials	
1RIPXcSLntdaYI98wtVb8OmKxZtRrLqt3	applause_cheer_2	wav	20.75	CinePRO Sound Design	Essentials	
1gwC6y5LyQ9JM0sRoLEwxfhlJW8y2oljK	applause_cheer_3	wav	53.35	CinePRO Sound Design	Essentials	
1MAhT1mxkkD-EkoeC9Hr_SwHvk_2Jx42H	applause_cheer_4	wav	3.65	CinePRO Sound Design	Essentials	
1X1khikTCTWWaIwZ4jo0mvEf0E0Dxh_qj	approach_1	wav	12	CinePRO Sound Design	Essentials	
1k2sQfX8JHPLupe6z99yFZjBL7kOl4RYp	approach_10	wav	7	CinePRO Sound Design	Essentials	
1ZyMyga0y-n7lNVCUtQoAHKrKZVXGc7MF	approach_2	wav	10.45	CinePRO Sound Design	Essentials	
1ec6pHikJwSXGmIKHVjFyat4BO_HnGIsu	approach_3	wav	11.27	CinePRO Sound Design	Essentials	
1aIlVvEFOddjfgEJZGpIkAUnFW9wv7_Qf	approach_4	wav	13.1	CinePRO Sound Design	Essentials	
1lU9P5JMcvEnvZloFa2v90WeLW9rNbxXu	approach_5	wav	13.22	CinePRO Sound Design	Essentials	
1B1YZtjsBUhfSa6b49gflLVQ5f90kCfQv	approach_6	wav	9.28	CinePRO Sound Design	Essentials	
11pT47KfnX83gV8stXtBlV_a2mEdviVg8	approach_7	wav	7.36	CinePRO Sound Design	Essentials	
1fQu7LzxGvFjSFkaX0acfsq9KDiGavraI	approach_8	wav	10.4	CinePRO Sound Design	Essentials	
1X1ukdGgymlxl7jYn3xsNsjGh9_uogaXN	approach_9	wav	12.65	CinePRO Sound Design	Essentials	
1ZzwbnaFJAvLSV3ND5_UjbJm4ecIa04JB	Arcade Contentment	wav	17.78	CinePRO Sound Design	Essentials	
1nCC0OdoBAjFck2xGf8uTTmqTlzGRU2HZ	Archetto	wav	151.72	CinePRO Sound Design	PLAYLIST	
1a-PIb9vvXNTHQDSR2czBYy5gSidS-IJ0	Arctic Monkeys - Do I Wanna Know (Official Instrumental) (128 kbps)	mp3	272.17	CinePRO Sound Design	PLAYLIST	
1-0KAbdIF58EEOx23QQyOtdZaPQNkSzLK	Ardie Son - A Mountains Shadow	mp3	133.85	CinePRO Sound Design	PLAYLIST	
1hVSKcQjNLVZnlR2Gd87v9pyfyAPEj89Q	Ardie Son - Aftershocks	mp3	132.08	CinePRO Sound Design	PLAYLIST	
1_YrrjMB7p6cO8c9x7714m10IP1ENVs7T	Ardie Son - Animals	mp3	169.09	CinePRO Sound Design	PLAYLIST	
1BXXZRaLrYIAZPMJlUf6Z_eM7GmMqyJ_r	Ardie Son - Arcade	mp3	148.48	CinePRO Sound Design	PLAYLIST	
1fxiLiJR1Qv0_d_yb79ghIwubQVqKKsvV	Ardie Son - Beacon of Light	mp3	182.1	CinePRO Sound Design	PLAYLIST	
1lWUWpks2z_lA7QT2yjF2MJ2yhDv-kiAv	Ardie Son - Circus	mp3	119.64	CinePRO Sound Design	PLAYLIST	
1l4AQeNxJ8zgL5V4xpnFKfW8YMmmD-ln7	Ardie Son - Citadel	wav	164.05	CinePRO Sound Design	PLAYLIST	
1fOOnpDMHQ9ezfGjfzmy-RetJ6bmF8z9C	Ardie Son - Cloud - Strings Version	mp3	117.21	CinePRO Sound Design	PLAYLIST	
1vba3CN2Otqki29Fg1AWeQqlZYHaWqTay	Ardie Son - Come Back Home	mp3	202.61	CinePRO Sound Design	PLAYLIST	
1qKYt4AUM7VQOHjgyWIxS2vucDzZyIeUL	Ardie Son - Counterparts	mp3	162.3	CinePRO Sound Design	PLAYLIST	
1sUlnBpAiYkktkUQFG9FTRMaMCuGhGJSS	Ardie Son - Enigma	mp3	74.53	CinePRO Sound Design	PLAYLIST	
1fuyGAHeAa2ryWpnr-u8nSn7E8nsqW0JM	Ardie Son - Eureka	mp3	129.67	CinePRO Sound Design	PLAYLIST	
1hg8xPTxxQzwvQdn3xjxYZVdSwwJT6HfA	Ardie Son - Fear No Evil	mp3	96.24	CinePRO Sound Design	PLAYLIST	
13RurNF6EahHyvgICmOiwI83N_tAYzJOF	Ardie Son - Folklore - Alternative Version	mp3	179.57	CinePRO Sound Design	PLAYLIST	
1qToElurLbeKfVfWwEfh2hv8MiENiQocS	Ardie Son - Footprints	wav	134.39	CinePRO Sound Design	PLAYLIST	
1FcaooUCHcxkIoh-n4v99WlWoIwI_I4fL	Ardie Son - Fury	mp3	108.56	CinePRO Sound Design	PLAYLIST	
1Q4WlPk9jLg4vQtmHbPuftN_gzaV8Vhp-	Ardie Son - Omega	mp3	191.37	CinePRO Sound Design	PLAYLIST	
1Xmza-FXPd1k6YQ2oETqk-obtahRXZPxw	Ardie Son - Prism	mp3	167.94	CinePRO Sound Design	PLAYLIST	
1hynnrGKYdv0WNObkdUtdlqNBaZzzsZMS	Ardie Son - Raindrops	mp3	76.04	CinePRO Sound Design	PLAYLIST	
1iSlCOxKk78uefrXO0Gdg6HwrGQely-ai	Ardie Son - Roadway	mp3	167.42	CinePRO Sound Design	PLAYLIST	
1hw2yjZNq_iyTPCQxBokSbg722rzudGPN	Ardie Son - Run with the Wolves	mp3	124.92	CinePRO Sound Design	PLAYLIST	
1VRTzpcb5L3onyTuQQwqApkROsU_ET1ya	Ardie Son - Silhouette	mp3	157.94	CinePRO Sound Design	PLAYLIST	
1T2Y8zYIQxpDAt7gkEMrvb9q6s9Y7leo3	Ardie Son - Spoil the Mystery	mp3	129.67	CinePRO Sound Design	PLAYLIST	
1XxZmorVHsDZN4dOcanvaFVnIbRSIK0-f	Ardie Son - Suite no I	mp3	197.22	CinePRO Sound Design	PLAYLIST	
1jxC5peouP06xSUIHsfjbp_-8D1860RrZ	Ardie Son - Summit	mp3	123.25	CinePRO Sound Design	PLAYLIST	
18Mdu2UvRki5zqQw_R4ae5TL78481B6KL	Ardie Son - The Messenger	mp3	80.17	CinePRO Sound Design	PLAYLIST	
1L1XS6hrugtvaBY_yTWEmHt-sFL0r_UrK	Ardie Son - The New World	mp3	90.04	CinePRO Sound Design	PLAYLIST	
1qDBeTVP2oX9DejzMUaUDLViQpU5zkdJs	Ardie Son - To the New Horizons	mp3	138.34	CinePRO Sound Design	PLAYLIST	
1nwmCL08u8kuNf8ZwKq5izyaxUXbceoQ9	Ardie Son - Visions	mp3	172.3	CinePRO Sound Design	PLAYLIST	
1NRvaKPn_CnwJ2XodoC622KoDAiDafnlZ	Ardie Son - Wildfires	mp3	80.25	CinePRO Sound Design	PLAYLIST	
1kDF_k_HhkrV1aBLizvDJd0ZicDh46uYV	Ardie Son - Zenith	mp3	146.81	CinePRO Sound Design	PLAYLIST	
14OmMIoorwvclKpsJxH_RZRqjaGyIPOok	Around the World - Deserted Flagpole, Flag Blowing in The Wind	wav	180.06	CinePRO Sound Design	SFX	
1LgCBvHOjQLoiAlSZ59wod8-5tbgujmh6	Around the World - Small Group Laughing and Clapping	wav	9.06	CinePRO Sound Design	SFX	
1BYPQxKxKG4RXNspZMztBiI17a9FWtoQP	ASAP Ferg - Work (Remix) (Chopped Not Slopped by Slim K)	mp3	424.46	CinePRO Sound Design	PLAYLIST	
1jxEhVGeJHVc6fU055kBzzR_KuwzdqK9d	Asi C - Portal	wav	185.5	CinePRO Sound Design	PLAYLIST	
1zeXASsDjtqtq6evmMKdU-sz8sHW1BYbY	At the Club Scene - Big Crowd Walla, Distant Stage	wav	166.92	CinePRO Sound Design	SFX	
1r199lfqnx2bu0OnXf5VULOt2470jCobk	At the Gym - Weight Scale, Adjusting	wav	3.79	CinePRO Sound Design	SFX	
1hJqwYzc_hDFXnnLKt6IZExzD0EGiBlMA	At the King's Palace	wav	153.33	CinePRO Sound Design	PLAYLIST	
1Vh0o2zthkFFE33nPjxQ_jCG-211OL2zk	ATELLER - Come Again - Instrumental Version	mp3	208.14	CinePRO Sound Design	PLAYLIST	
1CawgPffUgPVgYfh9NWWfRgW3hDmfUnR2	ATELLER - Say How You Feel - Instrumental Version	mp3	169.82	CinePRO Sound Design	PLAYLIST	
1Vd_iTcgg6rJ988qdmY2xjbc1uPx0J12T	Aves - Sneakers	mp3	187.4	CinePRO Sound Design	PLAYLIST	
1wodU5Q-SxJR7ZMW2CMdSPoCpgk25bY_h	Babies_Crying	wav	31.8	CinePRO Sound Design	SFX	
1shaAbTi7cjJhNJiCQp_KLCcwcgkpQg9U	Backward Whoosh	wav	4.7	CinePRO Sound Design	SFX	
1cAXFuJVtzvrv7zkT7YZEBGi3DzbWMMgv	Bad Bunny - MONACO (Instrumental) (320 kbps)	mp3	267.36	CinePRO Sound Design	PLAYLIST	
15FB325WoR3oZINeygSLitDiybN3a1fyZ	Bad Bunny - WHERE SHE GOES (Video Oficial)	mp3	271.92	CinePRO Sound Design	PLAYLIST	
1igK-7g9MK5Tdyvw0GS6Vsnz_47gqeRGg	Bad News Backmask	wav	21.56	CinePRO Sound Design	Essentials	
1JD0-__N5IWvwKKD-gSYq66NnpR7cDxuF	BadFeeling	wav	90.44	CinePRO Sound Design	Essentials	
15KihfSl3xLnUas-2Lr-tMiBa4qpzTmZy	BAER - Gas U Up - No Lead Vocals	mp3	150.05	CinePRO Sound Design	PLAYLIST	
1coE1KxBOvquYhTgiimteBkbeWNtugDOc	BAER - Not Nice - Instrumental Version	mp3	136.75	CinePRO Sound Design	PLAYLIST	
19yhZbUVL4d6cZV44iZwMPMH7N8MUvAhy	BAER - Worry Bout Me - Instrumental Version	mp3	140.04	CinePRO Sound Design	PLAYLIST	
1h-YwkspvFMSPEP64KJDOk56HfBZPRM8D	ballon_air_1	wav	8.95	CinePRO Sound Design	Essentials	
13wfpZYQaHHM1Q2FaEWbkk_WdyebyziuY	ballon_air_2	wav	13.72	CinePRO Sound Design	Essentials	
1HgXUyul2Vap7Ul8ejUhCxrX0jCEoVvqe	ballon_creak_1	wav	7.3	CinePRO Sound Design	Essentials	
1Tg8YEknX6iwA8_K_r9-YI1QWyjzV5dvB	ballon_creak_2	wav	7.23	CinePRO Sound Design	Essentials	
1plEV4FF0UOWvJAckW6TgkeyzG8bjhjLi	ballon_creak_3	wav	2.52	CinePRO Sound Design	Essentials	
1xPwUkuwbFciNY1GCwZTKnooc0_SoAPvJ	BALMAIN 2 - Malle, MC Daniel, MC Hariel, MC Davi, MC Don Juan e Kaessi (DRILL REMIX)	mp3	339.14	CinePRO Sound Design	PLAYLIST	
1oUiRLoGn8DxMb0E25wW58gBpLpyiTmxz	BALMAIN 2 - Malle, MC Daniel, MC Hariel, MC Davi, MC Don Juan e Kaessi (DRILL REMIX) [music]	mp3	339.15	CinePRO Sound Design	PLAYLIST	
12_A_MjkE4Xm0sWLRfr-CLts86ZREthgZ	BALMAIN 2 - Malle, MC Daniel, MC Hariel, MC Davi, MC Don Juan e Kaessi (DRILL REMIX) [vocals]	mp3	339.15	CinePRO Sound Design	PLAYLIST	
1EBrWdUMcCLFRQuVnjaQ1TMRELt22_-jo	Bar Outside, People	wav	85.57	CinePRO Sound Design	SFX	
1LPHjtqmZ74ZJaGOSdl57b4gIXIQTNDgd	Bass Drop	wav	2.79	CinePRO Sound Design	Essentials	
166RgGq4qdm0LRs_rodBrt25l1SUZnNV1	Bass Drop Sound Effect	mp3	68.57	CinePRO Sound Design	SFX	
1vtOpUv6OhTgMc0tJn5KuyCaoxobV0u20	Bass Drop v 2	wav	2.79	CinePRO Sound Design	Essentials	
1S9bYjQwIVarCai0_G33qc7KDO26cv9e0	Bass Drop v 3	wav	2.68	CinePRO Sound Design	Essentials	
1FWvzMcMNXS_lp6nyboMns5rCo9e_WNzZ	Bass Drop v 4	wav	2.79	CinePRO Sound Design	Essentials	
11bQGIPQLSNRiR66uZz2BxeG4JZWsDhll	bass_drop_01	wav	6.87	CinePRO Sound Design	Essentials	
1qLJAjhQLX40W6UQ51hu0Kz8UHP1qFvBx	bass_drop_02	wav	6.62	CinePRO Sound Design	Essentials	
1V3Jh6udRYTHUtfLXJG117lBXRpuwGTnO	bass_drop_03	wav	7.49	CinePRO Sound Design	Essentials	
1I-NnR7i_G-yiTqIoGBjkGxIsr0vjbll6	bass_drop_04	wav	7.51	CinePRO Sound Design	Essentials	
1zLXnBf21CcG690l2crdFT5ArxD4MSDYP	bass_drop_05	wav	8.62	CinePRO Sound Design	Essentials	
10EL5wPzx3Fjpv2SsHItJhGI5EggIhPdq	bazuca co2	mp3	27	CinePRO Sound Design	Party FX	
1miYCDDsqc7xd-EafcIN8xES4ED1SJ1-A	beach_small_waves_1	wav	89.67	CinePRO Sound Design	Essentials	
1B8CaNadr3ASJ-OTF-wDpUN8Uj7JhoV1B	beach_small_waves_2	wav	69.35	CinePRO Sound Design	Essentials	
1GWg-gxVlsvyE9nroaywzeF4ywRqIdgmL	beach_walla_waves_distant_sea_ocean	wav	60.98	CinePRO Sound Design	Essentials	
1vz22MEY0EErl6yl8Z5jgbEAPZX8ew515	beach_waves_1	wav	73.83	CinePRO Sound Design	Essentials	
1PgGZ8U_N3OCtJaltBW-Uxj3xyeLGF_f0	beach_waves_2	wav	104.6	CinePRO Sound Design	Essentials	
1IPWM2nDGeAApDMkxdK5AGwS1jTnXylYQ	beach_waves_crowd	wav	30.08	CinePRO Sound Design	Essentials	
1-K0KdSlXfAPj10iWuJmhGgjIiWTyG-Yt	beach_waves_crowds	wav	65.94	CinePRO Sound Design	Essentials	
1d4Ib-P_-BZfVe6p5HV8t4x78W_osGL18	beach_waves_distant_sea_ocean	wav	67.66	CinePRO Sound Design	Essentials	
1cXXmxwQ3rybQUPGnZawZQ1d9YUOZSrYL	beach_waves_seagull	wav	24.92	CinePRO Sound Design	Essentials	
1hrso50n0LbMD4VL2i0e4X4X8VU729G7w	Beach, People, crickets	wav	44.9	CinePRO Sound Design	SFX	
1MVe1t8JSXgyVTDZQ9KAkd2rYbpGiKeGf	Beach, People, Kids Playing	wav	111.03	CinePRO Sound Design	SFX	
1DedSVYBUBs580cFGO8-L-TO9H_TzVe1K	Beat Up Beat	wav	11.84	CinePRO Sound Design	Essentials	
1rlvYBAxwyGz-U6-NuJpequwnQIV9sbOR	Beautiful Wings To Fly	wav	120	CinePRO Sound Design	PLAYLIST	
1iK1RtPOvxibCg1UrJ5KUX9Rc2wH4KCsq	Bee Gees - Stayin' Alive (Official Music Video) (320 kbps)	mp3	249.65	CinePRO Sound Design	PLAYLIST	
1Bp6-FXVjWeuwp9521T6LsNYwvGAxk-Ah	Beeps PDE01_55_13	wav	2.31	CinePRO Sound Design	Essentials	
1IB2o1RdYJSwj1deuXcuMRsKUyqcbNiDq	bell_notification_1	wav	1.8	CinePRO Sound Design	Essentials	
167zz9QyZLYhbPh6bXxKrF5fDNi3bWaaS	bell_notification_2	wav	1.42	CinePRO Sound Design	Essentials	
10uGLD4zfB1XcABGZS_4yYXtznZ8tTtDD	bell_notification_3	wav	1.43	CinePRO Sound Design	Essentials	
16LrsDFzJUZIFxeEgf2eBrNjxc2NW5O2O	bell_notification_4	wav	1.43	CinePRO Sound Design	Essentials	
1ny5tkDwGjKVg75j1_bJxYXtAo6fj0XlI	Below Freezing - Aiyo ( SEXY)	mp3	207.02	CinePRO Sound Design	PLAYLIST	
1NM69OFCFY-UEF8V0EwRtEdcziO8T9URt	Big Backward Whoosh	wav	8.2	CinePRO Sound Design	SFX	
1piyjQdAFPeC7vkaUqcHIZ7c9LooQ0QXg	Big Wave Hit	wav	19.3	CinePRO Sound Design	SFX	
1mLb5IjaSbbijQwtgZYWeuDBP0dLui3UH	Big Wave Whoosh	wav	9.75	CinePRO Sound Design	SFX	
1a_3UoCBSvt_YIysDg4bZmLzSr-edkeSw	Big Waves	wav	71.78	CinePRO Sound Design	SFX	
1WGUFQ4_j2mbzaHl_y4Zmw_Lioyj7hav0	Big Waves at Shore	wav	18.63	CinePRO Sound Design	SFX	
1pn-E72VAo7j4pcaqDH-fdJSRAZ1-Od-E	Big Waves at Shore 2	wav	39.76	CinePRO Sound Design	SFX	
1k6xN4CepwteOd-taDqsrTgXF5YI9NAUZ	BigBoy	wav	12	CinePRO Sound Design	Essentials	
1wugO2mPBxLg01hk-0iXzzfitwa8SbBSU	Bilds in Mountains, Forest, light Wind	wav	26.7	CinePRO Sound Design	SFX	
1foroIy2fVw5_rzFNiSWowyTtWJSd0JBf	Bilds in Mountains, Forest, light Wind 2	wav	62.45	CinePRO Sound Design	SFX	
15FHgibFHIobA_DMsbxwLKzVQX1ecIkqv	Bilds in Mountains, Forest, light Wind 3	wav	15.39	CinePRO Sound Design	SFX	
1LWhF3GIvzo9CRq0MXwPlqLb7_2zhyCP3	Billie Eilish - bad guy (Official Instrumental)	mp3	194.22	CinePRO Sound Design	PLAYLIST	
1r5lmPcvnDl0v5KNKSgXFQuoUcXqAVKBD	Billie Eilish - Happier Than Ever (Official Music Video)	mp3	315.19	CinePRO Sound Design	PLAYLIST	
1kCMOuuFq12r5ErmGxccb3zmw-_O9kV8P	Billie Eilish - No Time To Die (Official Music Video)	mp3	239.36	CinePRO Sound Design	PLAYLIST	
1uN7s5NVEp0CseJHDz4Wzn-VuHy6mVAke	BIN - SWOOSH FT. Leviano (prod. Sub, jess ) [music]	mp3	244.87	CinePRO Sound Design	PLAYLIST	
1AGivymVish7ehaNku7RTx5P7AOtSGddd	BIN - SWOOSH FT. Leviano (prod. Sub, jess ) [vocals]	mp3	244.87	CinePRO Sound Design	PLAYLIST	
1J4paJDi85D0UaZiJLEIVieCvLFRDFVfQ	BIN Ft Major RD - Dior (Slow Sense Remix) [music]	mp3	177.06	CinePRO Sound Design	PLAYLIST	
1AlHsbpDv2BOZfJDEHQE0lHA3s8HCsyk7	Bird Whoosh 1	wav	5.5	CinePRO Sound Design	SFX	
1Lu8AkwrAQ_AmXErFakuAGCC48zySLV5h	Bird Whoosh 2	wav	4	CinePRO Sound Design	SFX	
1uvrgzVhQSe0sC5cvGj5_vePwVEp261GH	Birds Flapping Whoosh	wav	3.85	CinePRO Sound Design	SFX	
1Y_7JMEJb_K-dNIcZL7Zn7KqgqLno4DcA	Birds in a Park	wav	28.91	CinePRO Sound Design	SFX	
1d0Z5y5MA-hcjw51MrjvAs77BPH9K9aoW	Birds singing in the Forest	wav	22.11	CinePRO Sound Design	SFX	
1J3P380g_QF3XYeAmrd_ws1jsH-TIia8w	Birds singing in the Forest 2	wav	24.18	CinePRO Sound Design	SFX	
1zvpCUwi0WklnlillFvMpo6d-96Lrdxmd	Birds with distant Shores	wav	31.3	CinePRO Sound Design	SFX	
1GMQV2Z1FHraoOpbmEzntDyQqP03UJWIr	birds_solo_1	wav	30.78	CinePRO Sound Design	Essentials	
1Qr5A__pG3AytjynNNZoyJtjJZsLX5KsU	birds_solo_2	wav	33.45	CinePRO Sound Design	Essentials	
1PmmwTdRUQQ7wfny4a6vozJ3SCng5HPv7	birds_solo_3	wav	2.68	CinePRO Sound Design	Essentials	
1QsAiyMhQQFIWGOmLAov-GmEjSPbTk9hB	Black Squad	wav	87.22	CinePRO Sound Design	PLAYLIST	
1-R_Lpmh-hvBbPZSZodqeHixOb_AXJLg2	blackbear - hot girl bummer (KVMO Remix)	mp3	148.68	CinePRO Sound Design	PLAYLIST	
1mFSinpbMAydXqFOeHbeVJ4HFoM-8NGlG	blackbear - hot girl bummer (KVMO Remix) [music]	mp3	148.69	CinePRO Sound Design	PLAYLIST	
1asAyD89GostQYTC5KpgQGqpU1530eMha	Blackbear -Hot Girl Bummer [slowed+reverb]	mp3	211.91	CinePRO Sound Design	PLAYLIST	
1htyq035CYu0M_OmXiNK5SzpnDeBAp63d	blaster1_1	wav	1.03	CinePRO Sound Design	Essentials	
1EGHOiet5lHHBIzGBMaRdg6Ia2fA-qpzg	blaster1_2	wav	0.68	CinePRO Sound Design	Essentials	
1p3ZosyenyOl5DZkPnoBZ6c0O1KKMXQFG	blaster1_3	wav	0.47	CinePRO Sound Design	Essentials	
1_8TKgF78akCLB1avybLaY5kTkRAc6kBf	blaster10_1	wav	0.29	CinePRO Sound Design	Essentials	
1hw_hTQXK0_Fe_EBQvgWqtR0YSXHQIZ_q	blaster10_2	wav	0.3	CinePRO Sound Design	Essentials	
1APny3_qcF3fIfKEBxavSj1h1jXG8HYHu	blaster10_3	wav	0.29	CinePRO Sound Design	Essentials	
1jEmDxBLHTRd6V3P7KByAMbZc6OqALnDN	blaster2_1	wav	0.47	CinePRO Sound Design	Essentials	
1sVpzwP_CxNASyCrzwjVvMBL3fHB8zQz2	blaster2_2	wav	0.33	CinePRO Sound Design	Essentials	
1Nag_4ACdAOWtbqonSyS5g4cpMWApZQs4	blaster2_3	wav	0.23	CinePRO Sound Design	Essentials	
1DQOi5VxMrTPA4osacQpVa2Et7uvFVGsc	blaster3_1	wav	0.37	CinePRO Sound Design	Essentials	
11tMAHspru35pKsstSmOvCB1iepck4PJy	blaster3_2	wav	0.28	CinePRO Sound Design	Essentials	
1SfpuU4WoSPjPaHsH4pS_rVLtGC-F4XjI	blaster3_3	wav	0.21	CinePRO Sound Design	Essentials	
1Zl66PcBnlQCDYGTjrFys6VOoZt2X8BDH	blaster4_1	wav	0.43	CinePRO Sound Design	Essentials	
1h6SVd5YT4e9g1tCRYXscFh-Kupww3lAF	blaster4_2	wav	0.32	CinePRO Sound Design	Essentials	
1vAyQW4w4HWXUfuw7Qnwn8HFH4N4iEVPU	blaster4_3	wav	0.2	CinePRO Sound Design	Essentials	
1TOPpHecifXpTnLDJ7724bOLSYXZLDD1Z	blaster5_1	wav	0.52	CinePRO Sound Design	Essentials	
1x45deijfldFh_75VKn_InZg76rFmqyf0	blaster5_2	wav	0.49	CinePRO Sound Design	Essentials	
1F13MlkKmgHwcu670vHbERF0lwCH0gjXi	blaster5_3	wav	0.43	CinePRO Sound Design	Essentials	
1367DZTuk9txrz8RnC7lfSRCVsQJS_Fe8	blaster6_1	wav	0.98	CinePRO Sound Design	Essentials	
19dpudvTmR0NYAkq34U_996tgZ_VGTgF7	blaster6_2	wav	0.97	CinePRO Sound Design	Essentials	
1gQZ47oI4O1MYLW_XhsOmAFWchb58Cwch	blaster6_3	wav	0.81	CinePRO Sound Design	Essentials	
1fMvd057fCZReS0r305HmMgKhjLnFa0LI	blaster7_1	wav	0.44	CinePRO Sound Design	Essentials	
12taxwHV0b07b0VUy8vAS3bTW3slC8zFT	blaster7_2	wav	0.32	CinePRO Sound Design	Essentials	
16v_z2tfqnxXybkS5boWq_KqdOXqTxJBA	blaster7_3	wav	0.25	CinePRO Sound Design	Essentials	
1YHy8FaGDQ54yGxicKDwcssazLxrqB8xj	blaster8_1	wav	0.28	CinePRO Sound Design	Essentials	
16PUwLUjSTZi1S1QboYG9HA6mKsJtWZFe	blaster8_2	wav	0.29	CinePRO Sound Design	Essentials	
1pq0_xkU7Qfgdi1rM6inQ5bC9lQMikybX	blaster8_3	wav	0.31	CinePRO Sound Design	Essentials	
1F2OkWfqBwW7tgBbZRG2AcC7BT14PaTLw	blaster9_1	wav	0.2	CinePRO Sound Design	Essentials	
1q0hgJUusdlJFgif9yom3GvjJQpgwgcpL	blaster9_2	wav	0.18	CinePRO Sound Design	Essentials	
1z1SOmeDtSteXmPEAvw8DK1gNT6nAgLwA	blaster9_3	wav	0.17	CinePRO Sound Design	Essentials	
1CRsCqMX1NWMMfi1XuHrmY8TZ6xf7VHN4	BleepingImpact_LR	wav	4.45	CinePRO Sound Design	SFX	
1JWAwZF1s2lwjQmHBLnUr3xbU9QYw2Isl	Boat, tourist boat, idling and churning water	wav	28.31	CinePRO Sound Design	SFX	
1kkIF1NorM9659t8iB87WfeZuZQMDOP5G	boeing_777_fly_1	wav	93.91	CinePRO Sound Design	Essentials	
1Tj6vFjtLbKOPD4QPJ2hfrNHBOGwoyQip	boeing_777_fly_2	wav	93.56	CinePRO Sound Design	Essentials	
1wfW1ogIIMuEdOaY1v_5B2Hfk6rEe6rwS	boeing_777_static_stand_captain_voice	wav	38.53	CinePRO Sound Design	Essentials	
13WyLVflWn7QHotnpjWMdm4uEl-XsfqXQ	book_drop_1	wav	0.33	CinePRO Sound Design	Essentials	
1vQ7zu6ZQCA1orjXbHQRcidjq_v8Bpim4	book_drop_2	wav	0.48	CinePRO Sound Design	Essentials	
1lPzvo-szwvJO9LoRzVbp6VMmhZBkL1zu	book_drop_3	wav	0.52	CinePRO Sound Design	Essentials	
1kS-64NkQEn8gIHfMp7NrgKy84FNGAwEQ	book_drop_4	wav	0.52	CinePRO Sound Design	Essentials	
1tkksvSA4D_IyEvlMTMvhQumN8yhZApdN	book_drop_5	wav	0.46	CinePRO Sound Design	Essentials	
1tG9Idp0-UnVoqaKW_wChmdblDz7Gtypk	book_drop_6	wav	0.54	CinePRO Sound Design	Essentials	
1dt7_853eQHNbmgepvkHF4IV_o1bNM93C	book_drop_7	wav	0.71	CinePRO Sound Design	Essentials	
10kVvcxzqaSYABapzw4UoiDRjiB034odE	book_drop_8	wav	0.38	CinePRO Sound Design	Essentials	
1Ufca-_hfbb2JrQ1MKH_TMnqqIyNrM0Ja	Boom 1	wav	6.03	CinePRO Sound Design	SFX	gaming
1ixXwz-szafSldG0ujZND5eCw5fZSJOX4	Boom 2	wav	5.99	CinePRO Sound Design	SFX	gaming
1T58VvIbdzFQREbiZonEV2Z10EbvqD99E	Boom 3	wav	6.98	CinePRO Sound Design	SFX	gaming
1HbSvEwM7klMUofTXGhxLP8zHsHOGZ7eS	Boom 4	wav	8.12	CinePRO Sound Design	SFX	gaming
1DL3xp-rmDP8KsSq9UtL9ZcESpudBZil1	Boom 5	wav	7.02	CinePRO Sound Design	SFX	gaming
17Yb9PZj-QSdwvr-KC71YUmtI3cBdsfZf	Boom 6	wav	6.59	CinePRO Sound Design	SFX	gaming
1f6f9atJPZtrYIy70RwzjKOQf2MhRfbBn	Boom 7	wav	7.35	CinePRO Sound Design	SFX	gaming
136u6SdXno1rJG3DKiPJfsp_9NR_h0OD3	Boom 8	wav	7.02	CinePRO Sound Design	SFX	gaming
1xkewuP5HaXOCT9Nv5QNz4O6XwJCBsK-F	boom_01	wav	7.09	CinePRO Sound Design	Essentials	
1FjChK03BdXJHkPqKZsP4cQ3sHnLsHUyi	boom_02	wav	7.23	CinePRO Sound Design	Essentials	
1AZITfshUOd8uUHsAjQlTxH7vJFLR7AvG	boom_03	wav	7.16	CinePRO Sound Design	Essentials	
18IJoYblHVunIwmZo22lT0agnkb65dLSD	boom_04	wav	7.41	CinePRO Sound Design	Essentials	
18tYQd_j0u5_0jCRJ0izOcQODW5ZS44X5	boom_05	wav	7.21	CinePRO Sound Design	Essentials	
1vYON1I4mnRfSz54wYK4EqU52XLYQRA97	Borden Lulu - The Road to Glory - No Lead Vocals	mp3	146.36	CinePRO Sound Design	PLAYLIST	
1LgyucsGDvcfqempIK4FVQhCPaNpRPT80	Borges - Avisa minha mãe feat. Wiu	mp3	202.44	CinePRO Sound Design	PLAYLIST	
1YzNK-NRnYPPGeVTzf_o5Astk6RHbf4H1	Borrtex - Running Away	mp3	88.99	CinePRO Sound Design	PLAYLIST	
1kdEPWAiPSh00qepujt6Jrhv9HDsYj0bw	BPMoore - Art Is Her Reflection	mp3	241.63	CinePRO Sound Design	PLAYLIST	
17RqDxGYgRN6-P97yWVb9W9a9OEHksXcp	braj mahal - Dura Verdad	mp3	136.46	CinePRO Sound Design	PLAYLIST	
1BgeJfwYCdInxQNFRegKi7pYWSqQXokGZ	Breathing Piano	wav	18.11	CinePRO Sound Design	Essentials	
1nnm_gYrFloPd9ID7L51qzIXrlXAIVKMv	Breathing Piano02	wav	18.11	CinePRO Sound Design	Essentials	
1yV-FLkBJXB4fmdz_qGxd61u3duzQTwl6	Brief Discomfort	wav	8.95	CinePRO Sound Design	Essentials	
13LdA7_5pidD82PYC5JYouVJOuIS_kHGw	Broken Alarm	wav	13.44	CinePRO Sound Design	Essentials	
1zzzi_-YyNL1h9_t4W7ilZ9LLmcVVVIA4	Broken Without You Full	wav	133.31	CinePRO Sound Design	PLAYLIST	
1brtW1rz4DhZyA93RmCNhwACC3kcCfaJH	bubble1_1	wav	0.63	CinePRO Sound Design	Essentials	
1nA5vWwd81tSkZltun1AqcR3K8Sz5w6G_	bubble1_2	wav	0.58	CinePRO Sound Design	Essentials	
1Pgn1k8PvkMwT4AIu3LMj4QrMaH7QSc5S	bubble1_3	wav	0.61	CinePRO Sound Design	Essentials	
1x8Xg_euIol_QHE1sizUiyBExVtIMkc6N	bubble1_4	wav	0.61	CinePRO Sound Design	Essentials	
1IgdB-CxnCrUGLj7sf3GTfA2DGAXa_Ucp	bubble1_5	wav	0.51	CinePRO Sound Design	Essentials	
1K07MFMlJ0Z0MvJVReLDh5UyrmWVVyA03	bubble2_1	wav	0.3	CinePRO Sound Design	Essentials	
1d2T8VnRW0nsI6ymluZJk4p2ebp0hMAKA	bubble2_2	wav	0.26	CinePRO Sound Design	Essentials	
1OZ97XVINlc1m8xbrWnMIlPC-DUQCyUbl	bubble2_3	wav	0.17	CinePRO Sound Design	Essentials	
1onrTExyViTYNFArd9NVjzBkD_QWDXIdD	bubble3_1	wav	0.34	CinePRO Sound Design	Essentials	
1v5QMhgjatG2czTIoOje25wFBW9ybLJOt	bubble3_2	wav	0.22	CinePRO Sound Design	Essentials	
10wtITyWHNUwvWOYsPN3CHYrI-4iGn9Wn	bubble3_3	wav	0.31	CinePRO Sound Design	Essentials	
1NQ05NDN7DhOfLVr84t5c2E50oo4z4BYR	bubble3_4	wav	0.26	CinePRO Sound Design	Essentials	
1AYOrnJwnSY2jE7Kv13R7zRhj8V_nKhFV	bubble3_5	wav	0.13	CinePRO Sound Design	Essentials	
1dKmBXljwGcsKT5_rZLvR2mKcph3XgBwz	bubble4_1	wav	0.37	CinePRO Sound Design	Essentials	
1p8QZ-EEvr763YjCGCS0hoghvwOlgX994	bubble4_2	wav	0.35	CinePRO Sound Design	Essentials	
1hfnnddItkpPwTbOEwJ2nlXaVMcEFnc99	bubble4_3	wav	0.26	CinePRO Sound Design	Essentials	
1JOlVg8HXJdcdpltqh6vx2E203eR6UUed	bubble4_4	wav	0.22	CinePRO Sound Design	Essentials	
1CQrpNW6UAVoAP7JfFH-cx_G-ZhojZ4TM	bubble5_1	wav	0.4	CinePRO Sound Design	Essentials	
1WePTtAJQTWvRTbEcCGfTul7sn6o4nIhP	bubble5_2	wav	0.44	CinePRO Sound Design	Essentials	
1Ax5e_WSsXHy-2o3FOxIKvOrqnrz6MRpS	bubble5_3	wav	0.34	CinePRO Sound Design	Essentials	
1JTc94niZWKxb-vXkAJjorraEONW-tcQt	bubble5_4	wav	0.26	CinePRO Sound Design	Essentials	
1lr2jp65eU3hLKq5RMlzyR9sfG8iq8KvE	BULLY Dark Matter Moog	wav	2.14	CinePRO Sound Design	Essentials	terror
1NzgNxtU-KH-mzNmrj8DztzJrbVs1huTZ	BULLY Dark Matter Moog 2	wav	3.82	CinePRO Sound Design	Essentials	terror
1GLt18rZldK4ZC92InpXocdfJJ7CE5DkO	BULLY Desolate Tension Guitar Plucks	wav	37.09	CinePRO Sound Design	Essentials	terror
1Jp7xbDeOi_ODxCbppT6u45_DqwMT5KVk	BULLY Drum Roll Plz	wav	2.18	CinePRO Sound Design	Essentials	
1ZwdfwerVSnODSC4GSCr5OLxTMuvRhWa2	BULLY Drums Be Large Start Stop	wav	39.27	CinePRO Sound Design	Essentials	
1qYm2N9t6ZavGln4Dk2l5HyGnuCDCW9lS	BULLY Erie Prophet	wav	17.45	CinePRO Sound Design	Essentials	
1Kic-andwuCuYFmW_3jZNAe3H2XD9Q7oo	BULLY Main Growl	wav	2.18	CinePRO Sound Design	Essentials	
1Odaz2QUMFLIBC2nDWk2-aMC_k580PSxv	BULLY Main Growl Extended	wav	4.36	CinePRO Sound Design	Essentials	
1SWKcUAEqu2bktVxKs2CsYv1n7WkbqAjW	BULLY Pixle Riser	wav	15.27	CinePRO Sound Design	Essentials	
1NEjpTFKJhEl1_k7J3c1BSDJ89qwL5R5-	BULLY Rolling Tension Plucks	wav	17.45	CinePRO Sound Design	Essentials	terror
1TNz2HNwm052Mzv5E1ngzBqGLVXtKub-1	BULLY Sad Distant Rotos	wav	21.82	CinePRO Sound Design	Essentials	
1q755AbqnxeE3z8NNyhI3MjfW9vBndfu5	Busy City Whoosh	wav	10.58	CinePRO Sound Design	SFX	
1y96vx8rYR3z8cq6ujN-NKIIdO5aCT4be	ButtonClickClass SDT2039401	wav	1.88	CinePRO Sound Design	SFX	tutorial
1wd8wDd-nt18xHdERHnqydWEZWuInzK51	CALMNESS	mp3	148.7	CinePRO Sound Design	PLAYLIST	
1czEBXZ23XsozwfWQwxW4BgF8T7QuK3tk	Camera Flash Whoosh	wav	4.38	CinePRO Sound Design	SFX	vlog,corporativo
1LmmqUEPQc8YFOyjfKidq4O1Ua8I2fjPi	Camera Shutter Sound 01	wav	0.68	CinePRO Sound Design	Essentials	
13MgadEWkDlpkj8sLcXz4lnAP5BSMWtKK	Camera Shutter Sound 02	wav	1.4	CinePRO Sound Design	Essentials	
1fEuyltmJYb4wYUYoxZSPbAO7w5DS1oLh	Camera Shutter Sound 03	wav	1.32	CinePRO Sound Design	Essentials	
1xNMbhgAni-3ZnNq0yFz9AA2qrv3q8Euk	Camera Shutter_01	wav	0.65	CinePRO Sound Design	Essentials	
1Y4gV-_n2jTTpJ3UGJNKZUB03DIAEpkyR	Camera Shutter_02	wav	0.65	CinePRO Sound Design	Essentials	
10bAAlCrx6tra8l-t_88EF7n-8ER4OZqs	Camera Shutter_03	wav	1.35	CinePRO Sound Design	Essentials	
1tiloIXM9TBTgj1siMQpZz9v0GZJ5lFuE	camera_shot_1	wav	0.34	CinePRO Sound Design	Essentials	
1ydYq2xPpOw1Py2S7pt30QrYOUvzsSIJy	camera_shot_2	wav	0.55	CinePRO Sound Design	Essentials	
1uYaP5SNRb7inTmYXIeL79xFOT1Y5mulx	Camera_Surreal_OCP-1607-32	wav	12	CinePRO Sound Design	Essentials	
1FfIhUeyDV0M8pC_ApDfcP7lxgG91JE44	camera-02	wav	1.03	CinePRO Sound Design	Essentials	
14BRZZBpFRfhZCd2IZpSvQUtceWE-A2ak	camera-03	mp3	1.36	CinePRO Sound Design	Essentials	
1SZXfP5EDoQTTM3jU9VJ3k8xUyPNPnlcE	Canon - KNOCKED OUT - Instrumental Version	mp3	117.63	CinePRO Sound Design	PLAYLIST	
1WQIkXNr3La5sMUEWbHZb2gDCCMX3KK8L	Captain Joz - Bullfighter - Instrumental Version	mp3	168.59	CinePRO Sound Design	PLAYLIST	
19Tzgl6kk-Oq0KulaygleRgF8Jm7GHE9I	Captain Joz - I Got Money - Instrumental Version	mp3	215.3	CinePRO Sound Design	PLAYLIST	
1VfE_1zFRWmpDOeOti3_lkM0PFRVPAuzV	Captain Joz - Way Up - Stripped Version	mp3	183.04	CinePRO Sound Design	PLAYLIST	
1J9F0DdDCElap2LyjQMvOSh1iJXTxgOzH	Car Ignition_01	wav	4.25	CinePRO Sound Design	Essentials	
1Xgpm8K8lm8uiqg8MncBZrH1XQRgS48jy	Car Ignition_02	wav	4.35	CinePRO Sound Design	Essentials	
1erCTOqCB3K87riy0b2G9ErlD8nTLC60G	Car Ignition_03	wav	4.95	CinePRO Sound Design	Essentials	
1v-WEI9yqfvSl-s9aQ_mYtZglirW09OS5	Cartoon Sound (1)	wav	1.91	CinePRO Sound Design	Essentials	
1U2W3tcdOC1AaB4_kYvWWDbQu4zwXPgef	Cartoon Sound (2)	wav	1.13	CinePRO Sound Design	Essentials	
1OPsQpMhtapv3xsGvaC6GvFYlIdi4ns9N	Cartoon Sound (3)	wav	1.13	CinePRO Sound Design	Essentials	
1woqPvea0ZQoCIbEGEwVJKpeF0rCXkJsh	Cash Register	wav	3.47	CinePRO Sound Design	Essentials	
15YGrCgSBB9RY0hpnA68HnvfyPrv9fA5Z	Cash Register 01	wav	3.32	CinePRO Sound Design	Essentials	
1uMWwWqnUtBnUq3mNccBbX5u2FNd9_ALI	Cash Register 02	wav	4	CinePRO Sound Design	Essentials	
1Ou6K22WWMweo8PM6CgkpVB1fM3NERocA	Cash Register 03	wav	4.72	CinePRO Sound Design	Essentials	
17xn0LtM6z3kaiHehbZ7hjoTpuFDh94F8	Cash Register 04	wav	3.08	CinePRO Sound Design	Essentials	
1cCl_MlRa6v0HkLr-ogkJat4eSbDvHjj6	Censorship Beep 1	wav	1.86	CinePRO Sound Design	SFX	
1uT3htpMJ258aYgkN0WXLbD9OFrWLeKaC	Censorship Beep 2	wav	1.79	CinePRO Sound Design	SFX	
1IJH5oKT0NtLxFpIYa2jTue8QaO15r7Hd	Censorship Beep 3	wav	2.1	CinePRO Sound Design	SFX	
1ZpoiJshbWYxDnX3oP85nwtdEOVBJvIhR	Censorship Beep 4	wav	1.52	CinePRO Sound Design	SFX	
1LiRuX3Y7tHBa0nV4jV5Xa7KhiWxKE9Ao	Censorship Beep 5	wav	1.82	CinePRO Sound Design	SFX	
1k9ChmkFxHiHFzDSTE8lIXcmFf259Gfb6	Central Cee - Let Go [Music Video]	mp3	177.48	CinePRO Sound Design	PLAYLIST	
1gWKqFVgafY-rhohKdr9oKJ-NM6FuRWcB	Central Cee & Dave - Gen Z Luv (Official Music Video)	mp3	100.15	CinePRO Sound Design	PLAYLIST	
1FMhDvuynqJASfB_pOrl6jAAjwEyFUREc	Cesare Pastanella - Hunting Dance	mp3	308.72	CinePRO Sound Design	PLAYLIST	
1LHAPvxuIJSDpnxxIZZuhflCA18pc6Auf	Chain March	wav	8.5	CinePRO Sound Design	Essentials	
1CAtDfZOnDyygXgSwsZ3WbfQgA6JBuQg8	chain_1	wav	5.8	CinePRO Sound Design	Essentials	
1ZrlUJ65Ujeq6NZeO__zzxjqTXUj2E5qf	chain_2	wav	2.19	CinePRO Sound Design	Essentials	
1T9zqIrmc2oMHH65etJ3v_J8-2-43zwvi	chain_3	wav	3.07	CinePRO Sound Design	Essentials	
1KJsd4iWaUDNQISkqhS6HyKBAO89O3Ghn	chain_4	wav	1.58	CinePRO Sound Design	Essentials	
1VdnyCvbKxjJ6sKL7jCIVVV5l2zCuGv4P	chain_broke	wav	1.76	CinePRO Sound Design	Essentials	
1AhzdSuPCOicXgtRBCAi4RdnwceluqbUU	chain_hit_1	wav	0.62	CinePRO Sound Design	Essentials	
1anp4ah08ejlNB4KSDpihPsAEHXfTT4yc	chain_hit_2	wav	0.59	CinePRO Sound Design	Essentials	
1wKm3KDj6H-49xK8n6jFlV6bovQzezeLO	chain_hit_3	wav	0.6	CinePRO Sound Design	Essentials	
1Zf8r-lh1Ry0yVptv_oNwQ-1vbg8xD3RC	chain_hit_4	wav	1.08	CinePRO Sound Design	Essentials	
1f-XkKduQ-x0a_KdbTf1GMyA_mi50O19S	chain_rattle_1	wav	2.72	CinePRO Sound Design	Essentials	
1XJ-KK1GSFp4UhUNa0aRYE44sYPbtdZoq	chain_rattle_2	wav	2.42	CinePRO Sound Design	Essentials	
1nqQS8_qDr5d3vrWYuQJGkFoyxIANM3oQ	chain_rattle_3	wav	2.29	CinePRO Sound Design	Essentials	
1WtGwfgMVdTS1At0EudofB4Mh-fto3ubn	chain_rattle_4	wav	2.02	CinePRO Sound Design	Essentials	
1KoI0Xlhm0239kOn-JX8BAWFbuFSp6umj	chain_shake_1	wav	1.93	CinePRO Sound Design	Essentials	
1E9bjH1E3Gazne0G2LFYQdP4-MinsGS8v	chain_shake_2	wav	1.93	CinePRO Sound Design	Essentials	
1_rU1tirzu3CoB2FprmlJeCy8OaEIg3V0	chain_shake_3	wav	2.03	CinePRO Sound Design	Essentials	
1YwLmgSt8VQ8M4OxmYxRFWsmkFpdWWsMw	chain_shake_4	wav	1.83	CinePRO Sound Design	Essentials	
1BCki47H1kmuHVAx3uW-D3NLxkpC2zxIK	chain_shake_5	wav	1.6	CinePRO Sound Design	Essentials	
1Ucg9sqW6Q7Lep_cwyJgOwC-CSs7OVBHn	chain_shake_6	wav	1.29	CinePRO Sound Design	Essentials	
1rymw3sqUCT2LLExEmLXeGrt5F2QRxb6Y	Chama de fogo	wav	2.55	CinePRO Sound Design	Party FX	
1kk5Wb5FamaLRLDGc8C3dyF5PKahz2mGC	Charlie Ryan - Chasing Horizons	mp3	195.13	CinePRO Sound Design	PLAYLIST	
1f-rSxkoWW6d_uey4fd1UsZcKwRSprMoY	Charlie Ryan - Forward Motion	mp3	228.44	CinePRO Sound Design	PLAYLIST	
1d-n0b5gbGK8hbWXGWcmvyMVgy6E-XZ82	Chefin no Drill	mp3	60.05	CinePRO Sound Design	PLAYLIST	
1uUk1auz89OQ59fR_hbExLO-PGlkRIaKD	Chicken Shiiet - Hank Lotion (conteudos falados + entrevistas engracadas)	mp3	414.86	CinePRO Sound Design	PLAYLIST	
1_UObq9bGXxlHRq2HFMg0O5X00I_qh984	Choke - Easy - No Lead Vocals	mp3	174.71	CinePRO Sound Design	PLAYLIST	
1nMM2CKhO49dLrEO5EkEBHeA_nHx_5Z7V	Cinematic Bass Downer 1	mp3	3.53	CinePRO Sound Design	SFX	
1qU-_74-Kde37U8_kWa54_MBTEoPAzKzS	Cinematic Bass Downer 1	wav	3.5	CinePRO Sound Design	SFX	
1PJ2U-BaurIU-XIBN9s7BKJ3gQ_GRg6r8	Cinematic Bass Downer 2	mp3	3.42	CinePRO Sound Design	SFX	
1cZCgfOMU0KB1JdIz1b4IYr5YVIg9uPao	Cinematic Bass Downer 2	wav	3.37	CinePRO Sound Design	SFX	
14vdtWZsYa8gegY-_Ibvgt2rFBvaxQJCA	Cinematic Bass Downer 3	mp3	3.03	CinePRO Sound Design	SFX	
1saMDaE1_nJyB0UO9Z-TLW0-9hzKIQ7p8	Cinematic Bass Downer 3	wav	3	CinePRO Sound Design	SFX	
1vIIVLemysb9QJ7XYZmxAC1LWgBQP_vYW	Cinematic Bass Downer 4	mp3	2.4	CinePRO Sound Design	SFX	
1KDOT8UrCFPr8XzGuf29OA4eAcVc-yDZ4	Cinematic Bass Downer 4	wav	2.38	CinePRO Sound Design	SFX	
1O4pj4XEiv9ZMRCyC94cp7h5if--54zbL	Cinematic Epic Emotional Trailer	wav	142.03	CinePRO Sound Design	PLAYLIST	
1PkwGUCRqQm1-GtgGPqKTyee6sOhQ2F7D	Cinematic Epic Emotional Trailer 2	wav	142.03	CinePRO Sound Design	PLAYLIST	
1D-bmlZiF-51dBvbrDxps0TOZFVeSfxSf	Cinematic Hit 1	wav	5.5	CinePRO Sound Design	SFX	
1qQwCMz_TsWE9rPZrEpsx0hUiJyILMk0J	Cinematic Hit 2	wav	6.11	CinePRO Sound Design	SFX	
1sUGDcx5xuj88rJpP47HtMuit7VUkUXcR	Cinematic Hit 3	wav	5.47	CinePRO Sound Design	SFX	
1Fl0L13M-01SskSLdzBZKXeK_64CFPeF2	Cinematic Hit 4	wav	5.13	CinePRO Sound Design	SFX	
16wzaFGDcSO83zKZRPGKeuHe2vLM34BHO	Cinematic Hit 5	wav	4.86	CinePRO Sound Design	SFX	
1cUwGS4s9SKgYF1teeeLG45l2OweXqoig	Cinematic Hit 6	wav	5.11	CinePRO Sound Design	SFX	
19wTbHb9GHFvVhGmj2PxT8qh5DO3OaYXC	Cinematic Hit 7	wav	6	CinePRO Sound Design	SFX	
1bOFjeiJAClqYgeVDQ4K3rf-f8hlHeTaF	Cinematic Hit 8	wav	6.19	CinePRO Sound Design	SFX	
1LO632ksezaLuy8sxuKdJ5pdVRtBRKwZU	Cinematic Hit_Striking	wav	8.08	CinePRO Sound Design	SFX	
1Ph5D6cl7RXDLSHpLfGGET5ygjy9EQt53	Cinematic Impact 01	wav	6.6	CinePRO Sound Design	SFX	trailer
1ZeKr53FC7lzBSVhVYVJpuBzWJgulY7Y-	Cinematic Impact 02	wav	8.64	CinePRO Sound Design	SFX	trailer
18bjBrmtfO_hB23-x8u8Kr9_fLiGhoNLT	Cinematic Impact 03	wav	6.16	CinePRO Sound Design	SFX	trailer
1cJkIWDPKAGU9dv85C3lGcAHLZiGVcw7x	Cinematic Impact 04	wav	5.28	CinePRO Sound Design	SFX	trailer
1Se9aTAx6fetzHa69UTCuDvLnZa1gmHP1	Cinematic Impact 05	wav	8.88	CinePRO Sound Design	SFX	trailer
15UmPnYCWlMLvIvZx_SwK-Id4HvJIxwdj	Cinematic Impact 06	wav	5.08	CinePRO Sound Design	SFX	trailer
16TuUc3bODg6hQgmkemJZhcuC-_jKx6mk	Cinematic Impact 07	wav	5.72	CinePRO Sound Design	SFX	trailer
18VtepqiHILsN0pSNfDO13rWjCtTohzjU	Cinematic Impact 08	wav	6.36	CinePRO Sound Design	SFX	trailer
1mUFVnYP3zUTxcLsMEcj32yLIhHRRmm5Y	Cinematic_Impact	wav	6.5	CinePRO Sound Design	SFX	
12lfwga9cRR_dt1iyejQ5-umIUIxPp7l6	Cinematic_Tambor	wav	7.66	CinePRO Sound Design	SFX	
1MeNVbK6hdgy5bU2OXQkI78W3zFuHmFZp	Cinematic_trailer_hit_1	wav	7.95	CinePRO Sound Design	SFX	trailer
1fEr3kVX5bfd5aIjv2hk7cPVaidjvOpxh	Cinematic_trailer_hit_2	wav	8.9	CinePRO Sound Design	SFX	trailer
1Lf2P1MDnBS_8ZBZRKw63qAH0tpIYJi9X	Cinematic_trailer_hit_3	wav	9.1	CinePRO Sound Design	SFX	trailer
1t5Si4cnZXnpVeGzeaRooaB5Vsa4NzTM5	Circle Arp	wav	17.61	CinePRO Sound Design	Essentials	
1P23iHpt9ScIb_87SRiGc9AtAsFW9-x69	Circuits001	wav	4	CinePRO Sound Design	Essentials	
16Evtb-a2_qhRT01Gd31MZKDB3vObZRrg	Circuits002	wav	2.07	CinePRO Sound Design	Essentials	
1WVBXyoF7RERdNQ3R7QN9eTnd3ZMocEgQ	Circuits003	wav	5	CinePRO Sound Design	Essentials	
1hmzaCIxHB_x07RSd18QeKqqmRM1LPn2H	Circular Piano	wav	40.75	CinePRO Sound Design	Essentials	
1wkCbUpNC8z5kNsI2CxwEuCi1XWGTvgZk	City Church Bell 1	wav	23.6	CinePRO Sound Design	SFX	
1CN1MnF8pp6ZIRUvEG35sw9cIkmGZGLJ-	City Church Bell 2, wild rhythm	wav	98.38	CinePRO Sound Design	SFX	
15A8H0VO_6gPYoofG7Fi3B1DT90-eSX51	City Church Bell 3	wav	182.97	CinePRO Sound Design	SFX	
16oOKRojtV0WdnN8buQJY7XzSl2vnEu01	City Streets at Night, Scooter	wav	32.18	CinePRO Sound Design	SFX	
1lJqXO8YcR79eBbt-Cd9opSlmL4qWk7X1	City Streets, Cafe, People	wav	190.12	CinePRO Sound Design	SFX	
1vAtdaOsswHZmTTgDct2gqVheDM--Bj1V	City Streets, Cafe, Restaurant, People	wav	84.44	CinePRO Sound Design	SFX	
1IACrLb_tCXWoj8hBz-k2nbVy0ed5qmqq	City Traffic	wav	64.16	CinePRO Sound Design	SFX	
1_ilyQIZxjaytqo6qCHRTA4IJj1BklLAP	city_birds_street_park	wav	190	CinePRO Sound Design	Essentials	
1fnEK5SOoXTyBnR1yiFhnvWejmVNw8xDs	city_street_1	wav	54.87	CinePRO Sound Design	Essentials	
1IjYU3ElDtpRlNs9251AzfNH2l7NT6x08	city_street_2	wav	52.03	CinePRO Sound Design	Essentials	
1nhYkc2xA3KrG-wOA0QNpo36O5Gng9KBl	city_street_people_steps	wav	173.92	CinePRO Sound Design	Essentials	
17DD2n2Z8RQ7CaRJoF4prFCcMaH2rq_fq	city_traffic_1	wav	182.01	CinePRO Sound Design	Essentials	
1R3GCqG5UsZnKDhB-P2UptOcSs_nI7s_f	city_traffic_2	wav	42.44	CinePRO Sound Design	Essentials	
1UHDcXgMMCN9QhM5RhOFmxhx-NIxMbZK2	city_traffic_3	wav	112.86	CinePRO Sound Design	Essentials	
1LIhLpjLXQyeFyW4idFc3-IQseur4cZ3W	CJ - Whoopty( SEXY)	mp3	129.84	CinePRO Sound Design	PLAYLIST	
1K3gmlr8Knj1FkKatbVxaF1EH_tSMdtT2	Click	wav	1.94	CinePRO Sound Design	SFX	tutorial
19ZGoRhg5abQJiJlN2FlHgfw3zFlfVzMg	click_1	wav	0.35	CinePRO Sound Design	Essentials	
1coGxG-l9RFDU2KVrLhq4xr10jDvGqfIR	click_10	wav	0.32	CinePRO Sound Design	Essentials	
1UzPpxOUZCdPiK5-iKMfmJnaKNF0wuNDO	click_11	wav	0.35	CinePRO Sound Design	Essentials	
1ssSA4BSbFiB7P8uj6xwcqdfvDtZT1efE	click_12	wav	0.47	CinePRO Sound Design	Essentials	
1PpO1z1POzatbGWIICinVXYj7hqIas2GO	click_13	wav	0.59	CinePRO Sound Design	Essentials	
1XsZt1jI7Jqisa7GkkSXn1msMcPNQKcKt	click_14	wav	0.35	CinePRO Sound Design	Essentials	
1R3wFGU6wBgZHGIb-RFfoEtKAIIKiMbpL	click_15	wav	0.34	CinePRO Sound Design	Essentials	
11aZenthKSBsC2sZgMI-JeOQw_JexQI7p	click_16	wav	0.34	CinePRO Sound Design	Essentials	
1nrCBb98_DJMbhjRbJXzWtmtiZVAbuoOv	click_17	wav	0.25	CinePRO Sound Design	Essentials	
18177hsmwX7QeuEap7ZJcqnIQYiWqz77h	click_18	wav	0.22	CinePRO Sound Design	Essentials	
1hYDp6PDBfIgbddARgoeeHA4HAPmphWfU	click_19	wav	0.27	CinePRO Sound Design	Essentials	
1XkyZiQ2eYNqOenoG5dQoqbXO5C6gwoRX	click_2	wav	0.32	CinePRO Sound Design	Essentials	
1Sty7Uuud5rvjIZXeYZwVdJnZ-I-vZTC-	click_20	wav	0.2	CinePRO Sound Design	Essentials	
1axHabLWTNFDy_FuuVBb3yUY5BErOzRAL	click_21	wav	0.28	CinePRO Sound Design	Essentials	
1YxLavz2pXleBu-yow7gSximOs4wAA1fz	click_22	wav	0.23	CinePRO Sound Design	Essentials	
1kRbZlzL-O4EtCQsoHMGzhEAGgaeBd6LV	click_23	wav	0.18	CinePRO Sound Design	Essentials	
1n9uyBtG6Q0nbgv8vM3ASIIbEZNWtfTBI	click_24	wav	0.25	CinePRO Sound Design	Essentials	
1gZBGbAlWxfJwJpm04htoQvLEFpy5TyCx	click_25	wav	0.24	CinePRO Sound Design	Essentials	
17pka4x7oTAa_e3ptUP8A61Q0H5WU5En9	click_26	wav	0.24	CinePRO Sound Design	Essentials	
1B3CTMa94gcZbv1h9To0fsQtzEegZHVtp	click_27	wav	0.25	CinePRO Sound Design	Essentials	
1OJzlanJFlyl8aXxSmjuWTl1nMZqytxfp	click_28	wav	0.16	CinePRO Sound Design	Essentials	
1jK3ypFWFMUo30vIQmxOlmyAviPPx0fL8	click_29	wav	0.3	CinePRO Sound Design	Essentials	
1fGmLxsAkjLcrTOOn6wf4ovsYTtlTjWt5	click_3	wav	0.32	CinePRO Sound Design	Essentials	
1RG9np3X8w1qR4PsDmxH-0tyIEwGtD27J	click_30	wav	0.3	CinePRO Sound Design	Essentials	
1bd9hc-vFrFFpI2PB0Dxq81pDM4B5TYVq	click_31	wav	0.27	CinePRO Sound Design	Essentials	
1ElgrzMY_jKtU_1RF-rTag9RUDChyAawY	click_32	wav	0.28	CinePRO Sound Design	Essentials	
12BD9wK5rT8kXCxTCmHeiuNR4-LKvPLOP	click_33	wav	0.33	CinePRO Sound Design	Essentials	
1ff7QzJQYE4tU4huUpWE6eQqphQWYd7Am	click_34	wav	0.31	CinePRO Sound Design	Essentials	
1Lu5mMTwfa70U8SDy5r917ScO7n0zHw34	click_35	wav	0.3	CinePRO Sound Design	Essentials	
10CWQv_Z81tmSWRO9hv35iNov3YyvN4ho	click_36	wav	0.28	CinePRO Sound Design	Essentials	
1nmAaQaH5_3MYCvy9L0iOSHWW7PHfLOf-	click_37	wav	0.32	CinePRO Sound Design	Essentials	
1YDBiEG-_oRsCyL8ocgzJ5Ty1v1_rPw8f	click_38	wav	0.3	CinePRO Sound Design	Essentials	
1DtDRG_hvylQPJZmCXs4J_zvcDOP-iiKO	click_39	wav	0.32	CinePRO Sound Design	Essentials	
1Uf3jTparWbzC0dxiOUbscj1wR0oqAgYg	click_4	wav	0.32	CinePRO Sound Design	Essentials	
1dE276SXTVmlalQYiyY5ORMAmx2EcINoJ	click_40	wav	0.3	CinePRO Sound Design	Essentials	
17jse9Dv0WD-R7e-3RWoGtP3D2pS9NHPn	click_41	wav	0.32	CinePRO Sound Design	Essentials	
1QaQm9UmbbZhzdIxDNeHDv0WjXSqdhke8	click_42	wav	0.3	CinePRO Sound Design	Essentials	
1x73Eh7aksW4L_cRNPncuNSFshayIbSXx	click_43	wav	0.31	CinePRO Sound Design	Essentials	
1Y5KTKxEZeTIEyQ7lFf_zOVHI2jJHpii1	click_44	wav	0.28	CinePRO Sound Design	Essentials	
1Q85WnHkNT1HMQytUjtPGJNjxznSoKkeV	click_45	wav	0.27	CinePRO Sound Design	Essentials	
1yaJP5ckD6lJAzqRZw0NrUpeEA7LopQtp	click_46	wav	0.3	CinePRO Sound Design	Essentials	
1R3c4FzjG1KMju50CBcjiUWFbj9C5trYL	click_47	wav	0.33	CinePRO Sound Design	Essentials	
1z6q1Yfx2RVIv5uGvaCw0VakMzpnL9r6f	click_48	wav	0.3	CinePRO Sound Design	Essentials	
1foZqe6e-ga85V9Drko4QM2wVXtZ_T81Z	click_49	wav	0.31	CinePRO Sound Design	Essentials	
1cOTAcxJuhhwlJ-ZfZnCSW4hSpcSh031I	click_5	wav	0.33	CinePRO Sound Design	Essentials	
199T06lpvr6OsOwqdRTjbdkG3oWEeWSLt	click_50	wav	0.31	CinePRO Sound Design	Essentials	
1ufeDqlPk6zhXjgi4nj0ZktDr29kiUSfF	click_51	wav	0.3	CinePRO Sound Design	Essentials	
1d2-Dc280eId5OnpeTpotFBpxBhK8HuV8	click_52	wav	0.31	CinePRO Sound Design	Essentials	
1d_kPiwXQpNfYyVnoL8Mf6DvoUP8a-On5	click_53	wav	0.26	CinePRO Sound Design	Essentials	
1vrT58P-KKFf1OrPj_eDCfJLXPqO4CDr5	click_54	wav	0.3	CinePRO Sound Design	Essentials	
1Pct53R5Y04dltbvSqZAkwLlOcgAT_Hi5	click_6	wav	2.46	CinePRO Sound Design	Essentials	
169_1TRepGKljxE1lnwKqFGPEGyHPihzB	click_7	wav	0.32	CinePRO Sound Design	Essentials	
1Kg6okqP1C_rhR-wmJL07_u9dx8DxR-Ef	click_8	wav	0.33	CinePRO Sound Design	Essentials	
12DRHb8ukL1ErS5VsgSr6iPgD20y-qMWm	click_9	wav	0.34	CinePRO Sound Design	Essentials	
1Y33ojU9NncLdYX-SaLOZBlsG9ovPeLaG	click_bell1_1	wav	0.85	CinePRO Sound Design	Essentials	
1_w0J1wInTcjltz23CNQaXdmWHblMF5pK	click_bell1_2	wav	0.76	CinePRO Sound Design	Essentials	
13HrRD-h-D551Y_LfGfKMJdNsAirsfihM	click_bell1_3	wav	0.64	CinePRO Sound Design	Essentials	
1cWBT_mqy9fNNMiTLGOHOPXXk3F1EaocL	click_bell1_4	wav	0.73	CinePRO Sound Design	Essentials	
1OU7UASQLtFNmNktivbIniLzhGH0M7wkh	click_bell1_5	wav	0.84	CinePRO Sound Design	Essentials	
1I0tZdjjfrV-7sHxl6-SaUQIOybXQD1M5	click_bell2_1	wav	0.68	CinePRO Sound Design	Essentials	
1y96goCaQLzFGJs7j6IbkREHHlwdGayuK	click_bell2_2	wav	0.73	CinePRO Sound Design	Essentials	
1Ds6t00x4r1Ilz0sNrdGqAJ5tdNEwCfjH	click_bell2_3	wav	0.93	CinePRO Sound Design	Essentials	
1_4iy17wi0Eit6J1WhEcRKdz1wxByCDxq	click_bell2_4	wav	0.91	CinePRO Sound Design	Essentials	
1-Gbk2ldc-a-68ePwrecklU_H3GPwDHA1	click_bell2_5	wav	0.67	CinePRO Sound Design	Essentials	
1BpaFbdM3IQxrdz0y3c_jRyaQIu1rstBB	click_bell2_6	wav	0.66	CinePRO Sound Design	Essentials	
1GOC_uCFmNkrpznYy1h2B6x_i9hTbnPPO	click_bell2_7	wav	1.22	CinePRO Sound Design	Essentials	
1s-lGgj7rocOyr2BAHt-ONF7IvyTqHRco	click_blip1_1	wav	0.5	CinePRO Sound Design	Essentials	
1b7v-WTelvc5QErX8FlU4zov-i-4qIFoI	click_blip1_2	wav	0.3	CinePRO Sound Design	Essentials	
1gT1IUShbPqVRjCwD9RhAmHV-tGdFNoeE	click_blip1_3	wav	0.29	CinePRO Sound Design	Essentials	
1dEYcuO5y-DnbL1p8BFHTLc48_9dWrBJ_	click_blip1_4	wav	0.42	CinePRO Sound Design	Essentials	
1ppj1c0eIfcaEJLr6dbI77tpbbCqYGo3l	click_blip2_1	wav	0.46	CinePRO Sound Design	Essentials	
1YVffVD1kEgdaHYMz4nOoN5Sgf-gykMsa	click_blip2_2	wav	0.54	CinePRO Sound Design	Essentials	
1zzUMIw7YNNNDo7HuSDTD6o8JyOHcF_m5	click_blip2_3	wav	0.51	CinePRO Sound Design	Essentials	
1fdIxydB9KxLkzhoMwee19_wZ-XLH1XYi	click_blip2_4	wav	0.5	CinePRO Sound Design	Essentials	
1djyRlEHel8XCbyRVBjbjRp0xbYIj9YHT	click_blip2_5	wav	0.35	CinePRO Sound Design	Essentials	
1MprswIpZlFLI4IH-5pfOZQIJOYlL1nDj	click_blip3_1	wav	0.23	CinePRO Sound Design	Essentials	
1HdRmHAdbqZ6j4egxYabWSK642Wn8MJiQ	click_blip3_2	wav	0.27	CinePRO Sound Design	Essentials	
1xxQnr1betJSVhls-JB0KDUy7GiqRIjbe	click_blip3_3	wav	0.33	CinePRO Sound Design	Essentials	
1JpiUh37RsOps5fHkt9LLKTcbdfvXx0JM	click_design_1	wav	0.18	CinePRO Sound Design	Essentials	
1ClKCutCttbn6OgYHlf_ttSyV_6TXv2Au	click_design_2	wav	0.08	CinePRO Sound Design	Essentials	
1lmfwuu2IQGP-8BDR9RQHb1DkoGwpjait	click_design_3	wav	0.09	CinePRO Sound Design	Essentials	
1MVJciYmOBjANPJwk6GZyEzoQ7BzY5Gba	click_design_4	wav	0.04	CinePRO Sound Design	Essentials	
1O2LO41P0zNX77wHDqmclrMS2h9EOc0k8	click_design_5	wav	0.09	CinePRO Sound Design	Essentials	
15wuiMLDIpvsyi-Qqt80inx97McRSfUg0	click_design_6	wav	0.08	CinePRO Sound Design	Essentials	
1_b38-8LAityIt94W_k3HjYMswiB1Q34K	click_design_7	wav	0.36	CinePRO Sound Design	Essentials	
1AGnHFATh2k3BMHqu0YlX_fjhQS7HiloQ	click_design_8	wav	0.19	CinePRO Sound Design	Essentials	
1-Xtl6m6M1l1FZPFOSjRJucbG0DOFNiPx	click_digital_1	wav	0.14	CinePRO Sound Design	Essentials	
1BKJp2Ekz-MXLGn51_68PUpzNkSU5xAE6	click_digital_10	wav	0.2	CinePRO Sound Design	Essentials	
13x0d8FFBqnPnMaKOHLxOp-97FOQ-kfC1	click_digital_2	wav	0.17	CinePRO Sound Design	Essentials	
1K1RgZWzrXRryLtFF0yzPuIFIMjjCuPNZ	click_digital_3	wav	0.09	CinePRO Sound Design	Essentials	
1pw4NJXqTS4AI7JNKZST5iprwQhqoeZjX	click_digital_4	wav	0.17	CinePRO Sound Design	Essentials	
1clrIlPYotG1-_9HtBYUb1jzuOFm-JFa-	click_digital_5	wav	0.26	CinePRO Sound Design	Essentials	
1dnJ09VjkYifO1bc-1Bmc-qYN2jKecM5P	click_digital_6	wav	0.44	CinePRO Sound Design	Essentials	
1IfdKyu3aVDv8K2w7rGEqZKrIDrTfEBe_	click_digital_7	wav	0.19	CinePRO Sound Design	Essentials	
1WdTtxFv84ncKo4rrXSD7kcTVFLWWI3TJ	click_digital_8	wav	0.27	CinePRO Sound Design	Essentials	
13WlX4U77AvkqLDsPJtvB69Kpt7Xeka-L	click_digital_9	wav	0.1	CinePRO Sound Design	Essentials	
1BTvi_YI7zB-4n2lvFwrhSaBVwC4oLOKk	click_game1_1	wav	0.27	CinePRO Sound Design	Essentials	
1xthI8DM_tUiMmlEYmm-BQW5O2-zBTCcC	click_game1_2	wav	0.25	CinePRO Sound Design	Essentials	
160xMoFGfp9XNjBDu9ZPkKypPTc1heK7h	click_game1_movement_3	wav	0.83	CinePRO Sound Design	Essentials	
1vkQmq44jIX3nI_Lzwj3Vv0gfXEUJKMuL	click_game1_movement_4	wav	0.9	CinePRO Sound Design	Essentials	
1FaTPw_a7dyDISRIeU7i4OI2thb64iXAu	click_game2_1	wav	0.29	CinePRO Sound Design	Essentials	
1-rH9EXo6UNt3Ib8tI2K6YBY4Z4E7DvSW	click_game2_2	wav	0.27	CinePRO Sound Design	Essentials	
13p39-CFT9hXW5vFxJ5rWI8BniHN9Ns22	click_game2_down	wav	0.72	CinePRO Sound Design	Essentials	
1pm2uoAZ4093k427gMPNd_lge-JNtAgQs	click_game2_up_1	wav	0.76	CinePRO Sound Design	Essentials	
1URbLdnoGTjQq6VHXxqBVtBpGOIx4NDey	click_game2_up_2	wav	1.38	CinePRO Sound Design	Essentials	
1mTXuhEQMk3rTYiAeIuIWT5fPfm2k0GpL	click_game3_1	wav	0.15	CinePRO Sound Design	Essentials	
1pfF742oslyt0xYrmrE8a3qdk6xyzGS-4	click_game3_2	wav	0.15	CinePRO Sound Design	Essentials	
1y0ZxHhfLL23caLB37sucrQri22Bt76JC	click_game3_3	wav	0.21	CinePRO Sound Design	Essentials	
1jBtzl1AmUsrZdupU5e-EJKtslbE_oQzn	click_game3_4	wav	0.15	CinePRO Sound Design	Essentials	
1BKyIyTUiAqaQNsRKe4-KF5wHvmdBqO4s	click_marimba_1	wav	0.94	CinePRO Sound Design	Essentials	
1hqrjk7TJv0-052MqV6rD3xtdQf7Yzkiy	click_marimba_2	wav	1.06	CinePRO Sound Design	Essentials	
1lM5ZUbxlDp3mvKomrNVbQyjgHXJ7Dd0P	click_marimba_3	wav	0.84	CinePRO Sound Design	Essentials	
1Zd4A1ZoLnM59ytTgl4gpLNFNSS9TTGgl	click_marimba_4	wav	1.04	CinePRO Sound Design	Essentials	
1uoH7w4M54P1xGF7i9fSx6BdN2Y1L8uDn	click_marimba_5	wav	0.88	CinePRO Sound Design	Essentials	
1h7B-czhnqw7I1TRU8Vqf7a5Jh8FdWwOw	click_plastic_1	wav	0.4	CinePRO Sound Design	Essentials	
15BQnfJfGm-bKWEPcN1cWMx1tKx7kTNoz	click_plastic_2	wav	0.56	CinePRO Sound Design	Essentials	
10McNt0XDJtXthuB0tJWBasv_JXc0oNTQ	click_plastic_3	wav	0.47	CinePRO Sound Design	Essentials	
1M4KYIA0HxJCNcMq4pILYLXnqq-NlA3j3	click_plastic_4	wav	0.56	CinePRO Sound Design	Essentials	
1c5vKOOUzAormfaxfMJxZy1AkCodFr3Z8	click_plastic_5	wav	1	CinePRO Sound Design	Essentials	
16l8OxyTjuaXjOI0JGOgRXWMqOsm1iYWV	click_pop_1	wav	0.17	CinePRO Sound Design	Essentials	
1jOPOHkbWxR0QpJ_JZzqQNyyUk2RT3tRO	click_pop_2	wav	0.26	CinePRO Sound Design	Essentials	
10eGur8DHR-wmZunNfTjErzl2zjrV9nmC	click_pop_3	wav	0.2	CinePRO Sound Design	Essentials	
1y-OFTOWw1jYTSHP8ifc63xcFJMaZoChq	click_pop_up_1	wav	0.32	CinePRO Sound Design	Essentials	
1kLEVffFxCztVeiJdR4v-sPYMwCR6vSmm	click_pop_up_2	wav	0.21	CinePRO Sound Design	Essentials	
1SFt1K_7qqske1OVMFPUC8t-u7Y1H4-lu	click_pop_up_3	wav	0.29	CinePRO Sound Design	Essentials	
16zUPRopHgBHzaJOtesDu2ayBiWML5_sY	click_pop_up_4	wav	0.22	CinePRO Sound Design	Essentials	
1iabwDW3zc5-b3ck26D58a4B33KEeYCm0	click_pop_up_5	wav	0.18	CinePRO Sound Design	Essentials	
12o7-KoRN1LNEudOOPOauW2tyjf4PoB_U	click_pop_up_6	wav	0.17	CinePRO Sound Design	Essentials	
1M39_zLa5NrdBdIgkN53s4hnZSkGqsDnA	click_pop_up_7	wav	0.24	CinePRO Sound Design	Essentials	
1I9a7Mp0rTwzFvGmJ309b8ORRkZMO1BV9	click_pop_up_8	wav	0.15	CinePRO Sound Design	Essentials	
18SAKcJzbVU21hf43m5Ausikxsc-Usgwt	click_tick1_1	wav	0.27	CinePRO Sound Design	Essentials	
1g9aujRNN4i66O50QYT9uvwNnwVPoVHaX	click_tick1_2	wav	0.28	CinePRO Sound Design	Essentials	
1P5CIduni81lO5pQfdHtLd6kYoD5X0bwz	click_tick1_3	wav	0.33	CinePRO Sound Design	Essentials	
169WE-B6nKQkdGe3amG9MN3_9E0SP0_Tu	click_tick1_4	wav	0.22	CinePRO Sound Design	Essentials	
1FEaMwjsToZg1fiZ-3JjS-CLWzvAF9Lld	click_tick2_1	wav	0.12	CinePRO Sound Design	Essentials	
1PlnZ9dWrxJC2NuTMUnjGUGpTYlx5Cb70	click_tick2_2	wav	0.12	CinePRO Sound Design	Essentials	
181sJKvZwe8sSUiLY5bUcHsEKWGR5--el	click_tick2_3	wav	0.14	CinePRO Sound Design	Essentials	
1KUsmMnWSniPKzWA7RSzVivsQ-AwjZ5o2	click_tick2_4	wav	0.12	CinePRO Sound Design	Essentials	
1-3UZBmilUCs_0DzQB9xayTcE7MsI9o33	click_tick2_5	wav	0.25	CinePRO Sound Design	Essentials	
107b_iFfVQJAQKa2sBHQndZZJFRJbK0Nt	click_tick2_6	wav	0.25	CinePRO Sound Design	Essentials	
1oZU67WC6F7ozwVOmY7-LpzZB4mn50JMR	click_tonal_digital_1	wav	0.35	CinePRO Sound Design	Essentials	
1JEkC5sjLULo_YIWfb_CTjgXFQHUZ1rnV	click_tonal_digital_2	wav	0.32	CinePRO Sound Design	Essentials	
1qcIlqfbvQMJjD4m3zRuwPWwzFm928nSC	click_tonal_digital_3	wav	0.34	CinePRO Sound Design	Essentials	
1fLN-7RX-_1rGj8WXAF61c1EQTULreeNg	click_tonal_digital_4	wav	0.35	CinePRO Sound Design	Essentials	
16Fe8KNJQ6iaJBl9_3T-i76WSO0C3obVe	click_tonal_digital_5	wav	0.36	CinePRO Sound Design	Essentials	
1XaXio1a-5kChZSkASD0gUko2rAF3999z	click_tonal_digital_6	wav	0.32	CinePRO Sound Design	Essentials	
1ghkv1aPSSS15YaNDMUI-RxJgo0MPAYDv	click_tonal_digital_7	wav	0.39	CinePRO Sound Design	Essentials	
1RNVz-63qj9gqi8M2jOrF-VKYYJrGyXHx	click_tonal_digital_8	wav	0.46	CinePRO Sound Design	Essentials	
113bVyJlnEQtX7khuS2AZQrxCEa3ftx3p	CLICKBAIT mas é um DRILL	mp3	152.28	CinePRO Sound Design	PLAYLIST	
1Cg3bqImREXoyAr7As-oBmbxEjCLnr-WB	clock_01	wav	6.01	CinePRO Sound Design	Essentials	
1td5fXMkt5rPO3zoJyTLCbqxoQfJXS3jt	clock_02	wav	5.68	CinePRO Sound Design	Essentials	
1j_WG-E-aXgmdOixUsxU8sMobPIx0PTE_	clock_03	wav	10.09	CinePRO Sound Design	Essentials	
1fbF_H0JWucJw5YynUufvyenlX_wwLarM	clock_04	wav	5.8	CinePRO Sound Design	Essentials	
1a7m1C7DK8q6fd2U64RjHGB-T3C_WGyw7	Clock001_Closed	wav	47.94	CinePRO Sound Design	Essentials	
1Xghe5te_nE8bxsv2F5UJJ2RSBljvsAw4	Clock002_Open	wav	51	CinePRO Sound Design	Essentials	
14-aQ-RrfcQfcSDkQcMwRAWM5YV7WXeus	Clock003_Fast	wav	7.35	CinePRO Sound Design	Essentials	
1ux4Iv_GYjCqEwDdSeUT4juFSLDScM4vd	Clock004_Combo	wav	43.35	CinePRO Sound Design	Essentials	
1gOdbSmhhP1bABht5IIZ1Xba-0YOTkpkF	cloth_fast_whoosh_1	wav	0.79	CinePRO Sound Design	Essentials	
1p42Oax0sENXhJ3wJTsnnSJsx1n2mPKIM	cloth_fast_whoosh_10	wav	1.29	CinePRO Sound Design	Essentials	
18yAlJBpCtPRMAdl_Zx9LOg0B66o21d6C	cloth_fast_whoosh_11	wav	0.92	CinePRO Sound Design	Essentials	
1_Z_pM8GdBd2OzV002aSJpJDxeHSejSZb	cloth_fast_whoosh_2	wav	0.97	CinePRO Sound Design	Essentials	
1ZJk6FZ8qFBGjaJANj6HfhhX_sNBoLH6U	cloth_fast_whoosh_3	wav	0.88	CinePRO Sound Design	Essentials	
1UThBmoPIl25dmgDjZ5xLG5OJ4ZqGvR6H	cloth_fast_whoosh_4	wav	0.84	CinePRO Sound Design	Essentials	
1ZelB7D1D-XlZ5zK6FS6EoS1WldRZcvPY	cloth_fast_whoosh_5	wav	0.69	CinePRO Sound Design	Essentials	
1MakAJYeUvlZBGzEzSAGtToeLC5x64atA	cloth_fast_whoosh_6	wav	0.96	CinePRO Sound Design	Essentials	
1lbc2R9bri932SJf40XKuzaZf5T_tzvu6	cloth_fast_whoosh_7	wav	1.04	CinePRO Sound Design	Essentials	
1wDjygwCw7UYqVA_5vljeehuQzE1HTV8J	cloth_fast_whoosh_8	wav	0.71	CinePRO Sound Design	Essentials	
1KgF9dfrC7C51UK4X4xaKFWx_N_u43b6S	cloth_fast_whoosh_9	wav	0.92	CinePRO Sound Design	Essentials	
1RH4fM4JbpxAs7bxufMrMCN7F8ZORowLE	cloth_movement_1	wav	9.16	CinePRO Sound Design	Essentials	
1cCRAInEjvrsriLoHO3h1Bl5vzc3QKevp	cloth_movement_2	wav	3.4	CinePRO Sound Design	Essentials	
10bHpph1Mic_eUg8ZzHuruqkBvn7s8zb7	cloth_movement_3	wav	5.61	CinePRO Sound Design	Essentials	
1Ym5yuSacQ1IbqnDdwxVhzE8veuOfJzx1	cloth_movement_4	wav	3.5	CinePRO Sound Design	Essentials	
1R590MTeNWzMn7-c0Vc9efuWaEEFKXG__	cloth_movement_5	wav	4.56	CinePRO Sound Design	Essentials	
16M-rWRQGQ-Qm9eaFtw0eUsnupbhkQj2J	cloth_movement_6	wav	24.69	CinePRO Sound Design	Essentials	
1R2CB782XXB9HmH0_nk4fdg8lsihpRWOK	cloth_nylon_movement_1	wav	4.56	CinePRO Sound Design	Essentials	
1-Qmd0gIjP1ijVbkzMDo5X1oCuXxIbi35	cloth_nylon_movement_2	wav	6.98	CinePRO Sound Design	Essentials	
1USDqxd6auSEqDGBd__HR8SbUwc2E0pqj	cloth_nylon_movement_3	wav	5.3	CinePRO Sound Design	Essentials	
1hH7dUtVBAfZKhqRQngdvtKz_cnTGluOP	cloth_nylon_movement_4	wav	7.47	CinePRO Sound Design	Essentials	
1pG3c33Q0b8CHBur57-d13uNaDt73xKf6	cloth_nylon_movement_5	wav	4.17	CinePRO Sound Design	Essentials	
1NLSlYIRmQ8Zt75JtDAhXiEHtN69uU5Ju	cloth_nylon_whoosh_1	wav	1.61	CinePRO Sound Design	Essentials	
1MjyPGaYX4whAOW9_MfD-5udj5G6ZnFMq	cloth_nylon_whoosh_2	wav	1.17	CinePRO Sound Design	Essentials	
1rJg1L-YTrjq5xDauq-aAMAHFnBI8s2wO	cloth_nylon_whoosh_3	wav	1.05	CinePRO Sound Design	Essentials	
1aiFOpvR8SwK19i3GtMluB3rrE_JWA05I	cloth_nylon_whoosh_4	wav	1.09	CinePRO Sound Design	Essentials	
1LHs3R6kfP_wpINoG2XQEBFi3K_kWvrej	Cloud Reverse Piano	wav	32	CinePRO Sound Design	Essentials	
113amCnpLA6DETsgUMoe79eaUQtAm0Zbl	Cloud Reverse Piano 2	wav	32	CinePRO Sound Design	Essentials	
1ytTESlulhFP1LpjZmJ_lTK8xDMuMS57z	Cloudbound Synth	wav	35.29	CinePRO Sound Design	Essentials	
1NxVf4tIM1RRSf-na5AYqAfGRCE1qaV5l	Cloudy With a Chance - Mountain Top, Strong Wind	wav	178.37	CinePRO Sound Design	SFX	
1-85iyhO_hZ4JI0Miy95jUCP7IhnZpcii	CMPTDriv_HARD DRIVE-Desktop Hard Drive Boot Up Shut Down 01	wav	72.69	CinePRO Sound Library	Utility	
1GfxKXYbXoz-cll8K7RQSp3nOm1xxlwR9	CMPTDriv_HARD DRIVE-Desktop Hard Drive Boot Up Shut Down 02	wav	50.62	CinePRO Sound Library	Utility	
1zBU3zZaBT_3i6TZWT9vftd1ABUbFB8Nw	CMPTDriv_HARD DRIVE-Portable Drive 1 Boot Up Shut Down 01	wav	79.39	CinePRO Sound Library	Utility	
1UkYohmCNRtohr13lQBVjzmmiPhOAAbuo	CMPTDriv_HARD DRIVE-Portable Drive 1 Boot Up Shut Down 02	wav	9.73	CinePRO Sound Library	Utility	
1nqOoKMdDz9f__e0pRwJ3sKftkLt3Z8Ew	CMPTDriv_HARD DRIVE-Portable Drive 1 Boot Up Shut Down 03	wav	8.25	CinePRO Sound Library	Utility	
1YQiutxm1nxDnk0i8HHjrUMdGslc8EFaK	CMPTDriv_HARD DRIVE-Portable Drive 1 Boot Up Shut Down 04	wav	6.53	CinePRO Sound Library	Utility	
1ccgFoi9ARrj2yT8GEfuKxv_DitagW9FZ	CMPTDriv_HARD DRIVE-Portable Drive 1 Boot Up Shut Down 05	wav	3.44	CinePRO Sound Library	Utility	
1Q6Mcc9o9rcCiU8iUKz_ONNSgjbN9pLdb	CMPTDriv_HARD DRIVE-Portable Drive 1 Boot Up Shut Down 06	wav	6.4	CinePRO Sound Library	Utility	
1h-PbnvQVUiYJp9r2IFZXWYZnGnguRUhX	CMPTDriv_HARD DRIVE-Portable Drive 1 Boot Up Shut Down 07	wav	6.79	CinePRO Sound Library	Utility	
1IXRJdHNLSACKI50XbwTxu4TYhhOpZvIJ	CMPTDriv_HARD DRIVE-Portable Drive 2 Boot Up Shut Down 01	wav	84.04	CinePRO Sound Library	Utility	
1Xai01fn68DULapNMcfy51DoV1ZJvZm0w	CMPTDriv_HARD DRIVE-Portable Drive 2 Boot Up Shut Down 02	wav	6.56	CinePRO Sound Library	Utility	
1MfkDv-zfv_o0Bt2t_aIKLAhWzenDhIcn	CMPTDriv_HARD DRIVE-Portable Drive 2 Boot Up Shut Down 03	wav	5.57	CinePRO Sound Library	Utility	
13UQrZypK5H5j2RnxDszwX6aBKyEhiJb3	CMPTDriv_HARD DRIVE-Portable Drive 2 Boot Up Shut Down 04	wav	6.42	CinePRO Sound Library	Utility	
1A_7iEbjrRsNGogs5j6uf6S4LRm3BZ-Pq	CMPTDriv_HARD DRIVE-Portable Drive 2 Boot Up Shut Down 05	wav	3.81	CinePRO Sound Library	Utility	
1FScLT0I3oXBB32fhz8LL3ccXfJ56Ajpp	CMPTDriv_HARD DRIVE-Portable Drive 2 Boot Up Shut Down 06	wav	12.23	CinePRO Sound Library	Utility	
1BLpj-DuBRk3z0AqVfTldioRWD2QOKexX	CMPTDriv_HARD DRIVE-Portable Drive 2 Boot Up Shut Down 07	wav	9.03	CinePRO Sound Library	Utility	
16ZJRSQBez2VoEAGFBW-swQrjTmDIAdSf	CMPTDriv_HARD DRIVE-Portable Drive 2 Boot Up Shut Down 08	wav	2.57	CinePRO Sound Library	Utility	
1Q8LDep7ucRJuknjpOKV1XXEfQpPfCE3I	CMPTDriv_HARD DRIVE-Portable Drive 2 Boot Up Shut Down 09	wav	2.9	CinePRO Sound Library	Utility	
1c9VUhhHLzcW9Aj-B2Wr5GmQ-VoYrr7tX	CMPTDriv_HARD DRIVE-Portable Drive 2 Boot Up Shut Down 10	wav	7.93	CinePRO Sound Library	Utility	
1mWqJfn-281lL-0QT6Q11dnJ60thJ_nnb	CMPTDriv_HARD DRIVE-Portable Drive 3 Boot Up Shut Down 01	wav	80.4	CinePRO Sound Library	Utility	
12hMNTzbqC49Ow-Z-mJXXuAViqK0nzcAn	CMPTDriv_HARD DRIVE-Portable Drive 3 Boot Up Shut Down 02	wav	9.14	CinePRO Sound Library	Utility	
1Q0DY5vxz85tJruha7RXqpoP6X-zoHv_m	CMPTDriv_HARD DRIVE-Portable Drive 3 Boot Up Shut Down 03	wav	4.61	CinePRO Sound Library	Utility	
1JI9GE3hHRgyETh4jXKyKXIc8csPGRK1Y	CMPTDriv_HARD DRIVE-Portable Drive 3 Boot Up Shut Down 04	wav	3.75	CinePRO Sound Library	Utility	
1Wt8hMx-Di4XEowTqK91aaP-F0Mz4uT3Q	CMPTDriv_HARD DRIVE-Portable Drive 3 Boot Up Shut Down 05	wav	5.22	CinePRO Sound Library	Utility	
1hbE_RbTXC_rMmJU3fMbzhgJoWDhg5yor	CMPTDriv_HARD DRIVE-Portable Drive 3 Boot Up Shut Down 06	wav	4.64	CinePRO Sound Library	Utility	
1g09TKR339roJ4lpZFC7gj9oZLXQrcInm	CMPTDriv_HARD DRIVE-Portable Drive 3 Boot Up Shut Down 07	wav	2.69	CinePRO Sound Library	Utility	
1UPev6zdQ_vb2eg6a6obe--U9E_EKLMGD	CMPTDriv_HARD DRIVE-Portable Drive 3 Boot Up Shut Down 08	wav	1.73	CinePRO Sound Library	Utility	
1mZNRdd7uwqW5TKBJi6iHNiVjenJ05xhy	CMPTDriv_HARD DRIVE-Portable Drive 3 Boot Up Shut Down 09	wav	1.96	CinePRO Sound Library	Utility	
1r1pRfdgHYs10NB-LH2gcAdPZs4ZtNzBG	CMPTDriv_HARD DRIVE-Portable Drive 3 Boot Up Shut Down 10	wav	2.57	CinePRO Sound Library	Utility	
1KhLW21hmmPEqOeqJ_q3pf4Cn5TJL2FNR	CMPTDriv_HARD DRIVE-Portable Drive 3 Boot Up Shut Down 11	wav	2.12	CinePRO Sound Library	Utility	
1n1ElEg3WDKVi_D-cJmX8i0c6etYaCZLa	CMPTDriv_HARD DRIVE-Portable Drive 3 Boot Up Shut Down 12	wav	2.23	CinePRO Sound Library	Utility	
1Mwy3dmaEFu5GD948ufmYC97YPcudK-UH	CMPTDriv_HARD DRIVE-Portable Drive 3 Boot Up Shut Down 13	wav	2.61	CinePRO Sound Library	Utility	
1VcWBASyGkrQk2XgtQ7icXcACMtUvmIBz	CMPTKey_MOUSE-Apple Wireless Magic Mouse Click Long 01_Oculatr_Utility	wav	1.32	CinePRO Sound Library	Utility	
10Hd1wZVdSPMnUipdXy2CeRWeLZCKKqTW	CMPTKey_MOUSE-Apple Wireless Magic Mouse Click Long 02_Oculatr_Utility	wav	1.36	CinePRO Sound Library	Utility	
1c2eS4h5X696PH2T2fnEICBRfqf602OPv	CMPTKey_MOUSE-Apple Wireless Magic Mouse Click Long 03_Oculatr_Utility	wav	1.19	CinePRO Sound Library	Utility	
1W6rpI7spOAJbBB1rDfckVBrodGM9qCRj	CMPTKey_MOUSE-Apple Wireless Magic Mouse Click Long 04_Oculatr_Utility	wav	1.18	CinePRO Sound Library	Utility	
1Okf-YU-l_L-mY18MzVCyYXJ3WAryTOOj	CMPTKey_MOUSE-Apple Wireless Magic Mouse Click Long 05_Oculatr_Utility	wav	1.16	CinePRO Sound Library	Utility	
1_KcxYXzFn9TYYc8Qs96UqZuthJXZiodS	CMPTKey_MOUSE-Apple Wireless Magic Mouse Click Long 06_Oculatr_Utility	wav	1.2	CinePRO Sound Library	Utility	
1xjDH9o-mP1a46fDIReJVVsCoyItQt_Zy	CMPTKey_MOUSE-Apple Wireless Magic Mouse Double Click 01_Oculatr_Utility	wav	0.35	CinePRO Sound Library	Utility	
1mswVhSZDWDs6S7cV-cyngtRM9xzjWFjk	CMPTKey_MOUSE-Apple Wireless Magic Mouse Double Click 02_Oculatr_Utility	wav	0.39	CinePRO Sound Library	Utility	
1iKNYtIU-EAFPBYtsyzd4QfqmZq5kNsnk	CMPTKey_MOUSE-Apple Wireless Magic Mouse Double Click 03_Oculatr_Utility	wav	0.38	CinePRO Sound Library	Utility	
1w5bmshA5XplSk9WIKslNhwZMZeb5HZjR	CMPTKey_MOUSE-Apple Wireless Magic Mouse Double Click 04_Oculatr_Utility	wav	0.48	CinePRO Sound Library	Utility	
1rX4OQRg56vPD0HD_G1YeflrXjlNKaP8m	CMPTKey_MOUSE-Apple Wireless Magic Mouse Double Click 05_Oculatr_Utility	wav	0.49	CinePRO Sound Library	Utility	
1nm4jk_zHxUgcCgxMxYDC-WD3guQJ5wCT	CMPTKey_MOUSE-Apple Wireless Magic Mouse Double Click 06_Oculatr_Utility	wav	0.31	CinePRO Sound Library	Utility	
1sRftGEnyvdQLHg3Ju2YK07CqwWcKEwfz	CMPTKey_MOUSE-Apple Wireless Magic Mouse Double Click 07_Oculatr_Utility	wav	0.42	CinePRO Sound Library	Utility	
14x6VdpGfH-tvBZDbEuYnQsh3BMQvkRUe	CMPTKey_MOUSE-Apple Wireless Magic Mouse Double Click 08_Oculatr_Utility	wav	0.56	CinePRO Sound Library	Utility	
1nwzaoAfTjAVxPi0LuEaDxU1birsFKVYC	CMPTKey_MOUSE-Apple Wireless Magic Mouse Double Click 09_Oculatr_Utility	wav	0.53	CinePRO Sound Library	Utility	
1lYhY0iVRS2lIzjoZLrkddSnxOGiaFuPw	CMPTKey_MOUSE-Trackball Mouse Left Click Long 01_Oculatr_Utility	wav	1.01	CinePRO Sound Library	Utility	
16TtzkbUHCksv8w8xMqKi2BQ1So-yxYsK	CMPTKey_MOUSE-Trackball Mouse Left Click Long 02_Oculatr_Utility	wav	0.99	CinePRO Sound Library	Utility	
1VCVmemDRc4HWrXcc-aRv0W3DB7SAxtgq	CMPTKey_MOUSE-Trackball Mouse Left Click Long 03_Oculatr_Utility	wav	1	CinePRO Sound Library	Utility	
1J1lkm_GEdk5O6AbpgeP58t-rqhELPURS	CMPTKey_MOUSE-Trackball Mouse Left Click Long 04_Oculatr_Utility	wav	0.99	CinePRO Sound Library	Utility	
1rn7KMbXuyWK0LBkarN728LxIyKsM37wR	CMPTKey_MOUSE-Trackball Mouse Left Click Long 05_Oculatr_Utility	wav	0.98	CinePRO Sound Library	Utility	
1VNrk3z6zSi0Au4JevZXvUy49wcu1IuCa	CMPTKey_MOUSE-Trackball Mouse Left Double Click 01_Oculatr_Utility	wav	0.33	CinePRO Sound Library	Utility	
1hnorqVAUv43maomeVICBxUBydNKVKumq	CMPTKey_MOUSE-Trackball Mouse Left Double Click 02_Oculatr_Utility	wav	0.31	CinePRO Sound Library	Utility	
1jyqmWs6g-xnn5r6tmDJFTCckMLBTM65g	CMPTKey_MOUSE-Trackball Mouse Left Double Click 03_Oculatr_Utility	wav	0.32	CinePRO Sound Library	Utility	
1o7-sR2gOZyf_KRS5klJ0WKs5ictZrM5g	CMPTKey_MOUSE-Trackball Mouse Left Double Click 04_Oculatr_Utility	wav	0.34	CinePRO Sound Library	Utility	
1jueKBrna8rOrn_HfXG5Oa2OLu_wjX4Y6	CMPTKey_MOUSE-Trackball Mouse Left Double Click 06_Oculatr_Utility	wav	0.45	CinePRO Sound Library	Utility	
1YOj0gXypiSOel7R0eBw-uEUA9J4YQpxE	CMPTKey_MOUSE-Trackball Mouse Left Double Click 07_Oculatr_Utility	wav	0.31	CinePRO Sound Library	Utility	
1jTh210RZhobOR2dNo-4FT72jrNtSBobQ	CMPTKey_MOUSE-Trackball Mouse Middle Click Long 01_Oculatr_Utility	wav	1.42	CinePRO Sound Library	Utility	
1zQfHpXkND3HC245WVfJSY33LErq3fo3Z	CMPTKey_MOUSE-Trackball Mouse Middle Click Long 02_Oculatr_Utility	wav	1.28	CinePRO Sound Library	Utility	
1iPfaRR9hNx44GB-XS3w6sNgXr5t3Kki8	CMPTKey_MOUSE-Trackball Mouse Middle Click Long 03_Oculatr_Utility	wav	1.34	CinePRO Sound Library	Utility	
1ndGRn6y51j8OVOR4TIf8pZCkHzVE9nMI	CMPTKey_MOUSE-Trackball Mouse Middle Click Long 04_Oculatr_Utility	wav	1.37	CinePRO Sound Library	Utility	
12xekADTVodBiEWJzKi56BNjJMpXm41x7	CMPTKey_MOUSE-Trackball Mouse Middle Click Long 05_Oculatr_Utility	wav	1.33	CinePRO Sound Library	Utility	
1oJd3W6o41HkWOXZbuTA-vKWN9f1MyDqc	CMPTKey_MOUSE-Trackball Mouse Middle Double Click 01_Oculatr_Utility	wav	0.39	CinePRO Sound Library	Utility	
1BSDC0DujRi2WkpOD3AIX4kkBYEJeSRaA	CMPTKey_MOUSE-Trackball Mouse Middle Double Click 02_Oculatr_Utility	wav	0.41	CinePRO Sound Library	Utility	
13RyQhVLeEU-VattRKrCnPYU8Yu93CKdA	CMPTKey_MOUSE-Trackball Mouse Middle Double Click 03_Oculatr_Utility	wav	0.41	CinePRO Sound Library	Utility	
19w7ymbvfUE3n02x49W23nxkQ3X_wTihu	CMPTKey_MOUSE-Trackball Mouse Middle Double Click 04_Oculatr_Utility	wav	0.49	CinePRO Sound Library	Utility	
1_nxr0MOBCk-tJhOyUya0PtNolur30PlK	CMPTKey_MOUSE-Trackball Mouse Middle Double Click 05_Oculatr_Utility	wav	0.45	CinePRO Sound Library	Utility	
1Q_TcpbBFC0LvFUDd0CZ5sVY3r44m2fwA	CMPTKey_MOUSE-Trackball Mouse Middle Double Click 06_Oculatr_Utility	wav	0.43	CinePRO Sound Library	Utility	
1FZhcXLtzii4eQy2mxuemi0wwNVLOEce6	CMPTKey_MOUSE-Trackball Mouse Middle Double Click 07_Oculatr_Utility	wav	0.37	CinePRO Sound Library	Utility	
1CWDG3OS0TQAhWaIlFP3M_x6zSsax3GVA	CMPTKey_MOUSE-Trackball Mouse Middle Double Click 08_Oculatr_Utility	wav	0.41	CinePRO Sound Library	Utility	
1R-1-dt33v2D_4CF8ZJPNrhqN1bQwE8Mc	CMPTKey_MOUSE-Trackball Mouse Right Click Long 01_Oculatr_Utility	wav	0.99	CinePRO Sound Library	Utility	
11SHLHDny2L3DUKZUdt-UCD5g5bPJwS4J	CMPTKey_MOUSE-Trackball Mouse Right Click Long 02_Oculatr_Utility	wav	1	CinePRO Sound Library	Utility	
1O1jASHQ8vQRpUFuLN5WFr-fDus7UnNFe	CMPTKey_MOUSE-Trackball Mouse Right Click Long 03_Oculatr_Utility	wav	1.01	CinePRO Sound Library	Utility	
1GX370tOEWDNnKel14vFiFzNNp9BejoWx	CMPTKey_MOUSE-Trackball Mouse Right Click Long 04_Oculatr_Utility	wav	0.99	CinePRO Sound Library	Utility	
1zu6HCdZ2xwA5-wAVG8vRdymtiq9ISviR	CMPTKey_MOUSE-Trackball Mouse Right Click Long 05_Oculatr_Utility	wav	1.08	CinePRO Sound Library	Utility	
1OfHz82xuH4GtYVixlpYalS9l40rMH9i_	CMPTKey_MOUSE-Trackball Mouse Right Double Click 01_Oculatr_Utility	wav	0.32	CinePRO Sound Library	Utility	
1lFwB5twmtlbwjt0ZREKd3ecm-Hh7HL6Z	CMPTKey_MOUSE-Trackball Mouse Right Double Click 02_Oculatr_Utility	wav	0.32	CinePRO Sound Library	Utility	
13MJzr2FhIUZhyoNrJs-Ey34EijMTcDgt	CMPTKey_MOUSE-Trackball Mouse Right Double Click 03_Oculatr_Utility	wav	0.39	CinePRO Sound Library	Utility	
1fU-JXuhvhAGFcr6SGlW0NvTlchB9jOBI	CMPTKey_MOUSE-Trackball Mouse Right Double Click 04_Oculatr_Utility	wav	0.52	CinePRO Sound Library	Utility	
1-exRwaVfsaDc-bvYA7ph7ULPuVJaYsOW	CMPTKey_MOUSE-Trackball Mouse Right Double Click 05_Oculatr_Utility	wav	0.48	CinePRO Sound Library	Utility	
1U5zK2uDphjwGRi97v8h8XRt7i_UKAAYv	CMPTKey_MOUSE-Trackball Mouse Right Double Click 06_Oculatr_Utility	wav	0.42	CinePRO Sound Library	Utility	
10AhaQBt751wKnRC4jYfF6MeH_E1n5tXg	CMPTKey_MOUSE-Trackball Mouse Right Double Click 07_Oculatr_Utility	wav	0.4	CinePRO Sound Library	Utility	
1U-oyGYM0OL3Pazz6zlDOFi2GF20edG5M	CMPTKey_MOUSE-Trackball Mouse Scroll Wheel 01_Oculatr_Utility-glued	wav	2.88	CinePRO Sound Library	Utility	
1zq54FvRxxUdsxWkBUpuh1emymtkVLU_r	CMPTKey_MOUSE-Trackball Mouse Scroll Wheel 02_Oculatr_Utility-glued	wav	2.38	CinePRO Sound Library	Utility	
1nVsX-FgzPKGnGdpH4qfplc4ou9RXrIVy	CMPTKey_MOUSE-Trackball Mouse Scroll Wheel 03_Oculatr_Utility	wav	3.31	CinePRO Sound Library	Utility	
1eIyel5aAJkpjNwQUdib_BXM4cDHumzCC	CMPTKey_MOUSE-Trackball Mouse Trackball 01_Oculatr_Utility	wav	0.41	CinePRO Sound Library	Utility	
1or5MixiubFOijRAIZlzWD8fum9iPgOLA	CMPTKey_MOUSE-Trackball Mouse Trackball 02_Oculatr_Utility	wav	2.16	CinePRO Sound Library	Utility	
1nB_6iIZTxRjEgYgHD8BCZ_XoOiHKm1I9	CMPTKey_MOUSE-Trackball Mouse Trackball 03_Oculatr_Utility	wav	2.24	CinePRO Sound Library	Utility	
1B_-4OBJZl9ovcLLoaKmpaZutUXOU3jbV	CMPTKey_MOUSE-Trackball Mouse Two Buttons Click Long 01_Oculatr_Utility	wav	1.26	CinePRO Sound Library	Utility	
1k5eznk4UIZnbAWTNaHzRqTRDqzphbKp2	CMPTKey_MOUSE-Trackball Mouse Two Buttons Click Long 02_Oculatr_Utility	wav	1.27	CinePRO Sound Library	Utility	
1dx1vQnhA0BZjYz8OmkUxJ7Rjau8JuwND	CMPTKey_MOUSE-Trackball Mouse Two Buttons Click Long 03_Oculatr_Utility	wav	1.18	CinePRO Sound Library	Utility	
1zE_Kfzfq2FmNiFvOJ2Tl5wb7jxBUeuHn	CMPTKey_MOUSE-Trackball Mouse Two Buttons Click Long 04_Oculatr_Utility	wav	1.28	CinePRO Sound Library	Utility	
1duq-PeusiRXI8wXLJoU3S5yysI1V5FuC	CMPTKey_MOUSE-Trackball Mouse Two Buttons Click Long 05_Oculatr_Utility	wav	1.36	CinePRO Sound Library	Utility	
1ay-u4JXFyq7Dlcgqrms4cBv8T24CJrc8	CMPTKey_MOUSE-Trackball Mouse Two Buttons Double Click 01_Oculatr_Utility	wav	0.49	CinePRO Sound Library	Utility	
1DqhEZFE01S-gTaL4GZxDKN4PxDuJmg4s	CMPTKey_MOUSE-Trackball Mouse Two Buttons Double Click 02_Oculatr_Utility	wav	0.38	CinePRO Sound Library	Utility	
1JpV96wbl0FYTtG8fN9z2GMBv0V-EgePu	CMPTKey_MOUSE-Trackball Mouse Two Buttons Double Click 03_Oculatr_Utility	wav	0.59	CinePRO Sound Library	Utility	
1iwe2I1Jv6JlreyDR15fr-7gDT-j0Gbho	CMPTKey_MOUSE-Trackball Mouse Two Buttons Double Click 04_Oculatr_Utility	wav	0.55	CinePRO Sound Library	Utility	
1bTDXEGqQmh-rizT98U3C5OfGwLSUvpbE	CMPTKey_MOUSE-Trackball Mouse Two Buttons Double Click 05_Oculatr_Utility	wav	0.43	CinePRO Sound Library	Utility	
1kHLYPiWpb9jVzSrn8ijeLiVUXDk7sQg9	CMPTKey_MOUSE-Trackball Mouse Two Buttons Double Click 06_Oculatr_Utility	wav	0.44	CinePRO Sound Library	Utility	
1AGpBBHDWoeUmdZ95-w0hUryvtzbT7NPO	CMPTKey_MOUSE-Trackball Mouse Two Buttons Double Click 07_Oculatr_Utility	wav	0.44	CinePRO Sound Library	Utility	
1fp5_IaJo9OmUQw5TLlWrVrbUTmwrHu-r	CMPTKey_TYPING-Apple Keyboard Multi Key Down Up Long Press 01	wav	1.22	CinePRO Sound Library	Utility	
1ybH5QLbRQ0FyNeytqw5vRIC2yn3PJdg7	CMPTKey_TYPING-Apple Keyboard Multi Key Down Up Long Press 02	wav	1.17	CinePRO Sound Library	Utility	
1B1BQBQ1gTBYmKLGolPyOHLX7nxitZ3qv	CMPTKey_TYPING-Apple Keyboard Multi Key Down Up Long Press 03	wav	1.17	CinePRO Sound Library	Utility	
1jbWrA_J0eJ6JabIxTHAb-X8oaN0Iuu7O	CMPTKey_TYPING-Apple Keyboard Multi Key Down Up Long Press 04	wav	1.22	CinePRO Sound Library	Utility	
1jNkTtiPIrlHzPNU052eEIMkGA5JOurVQ	CMPTKey_TYPING-Apple Keyboard Multi Key Down Up Long Press 05	wav	1.17	CinePRO Sound Library	Utility	
1I9udm05vHY39Etah4JyfmFn4rQNZjTUP	CMPTKey_TYPING-Apple Keyboard Multi Key Down Up Long Press 06	wav	1.19	CinePRO Sound Library	Utility	
1iEeTlNBEuUTXNQ_oNALjw5S-S1dRkX1g	CMPTKey_TYPING-Apple Keyboard Multi Key Down Up Long Press 07	wav	1.2	CinePRO Sound Library	Utility	
1LPTZgKKrG2M0QK4zmfsHyIP86WeCxJSD	CMPTKey_TYPING-Apple Keyboard Multi Key Down Up Long Press 08	wav	1.16	CinePRO Sound Library	Utility	
1PYwhgm8Xq3M1PBqJKkNbgtGaHKJdUsXV	CMPTKey_TYPING-Apple Keyboard Multi Key Down Up Long Press 09	wav	1.17	CinePRO Sound Library	Utility	
1BcVwo8B-tIjeYaJheBijpbOghMZzy9Ci	CMPTKey_TYPING-Apple Keyboard Multi Key Down Up Long Press 10	wav	1.17	CinePRO Sound Library	Utility	
1xC6efAKFd5f4cs3n6ZjfxXtkD1Gg6M7C	CMPTKey_TYPING-Apple Keyboard Multi Key Down Up Medium Press 01	wav	0.65	CinePRO Sound Library	Utility	
1FBEpcrGyt92gOIjUDe8V-dWHo0hrdqjI	CMPTKey_TYPING-Apple Keyboard Multi Key Down Up Medium Press 02	wav	0.64	CinePRO Sound Library	Utility	
1puVdveK2ESb2N3l4MZU2AIQDYLBh3hze	CMPTKey_TYPING-Apple Keyboard Multi Key Down Up Medium Press 03	wav	0.62	CinePRO Sound Library	Utility	
1lkLSLRBBjDU9XnOvrP0GzxKr-QA4fV30	CMPTKey_TYPING-Apple Keyboard Multi Key Down Up Medium Press 04	wav	0.62	CinePRO Sound Library	Utility	
1VDjAu63V39eYPv3EnwSPwvannH2j572B	CMPTKey_TYPING-Apple Keyboard Multi Key Down Up Medium Press 05	wav	0.63	CinePRO Sound Library	Utility	
1TCZmyOcMIhzPstTB3ebxzdIbKy8QNrIN	CMPTKey_TYPING-Apple Keyboard Multi Key Down Up Medium Press 06	wav	0.57	CinePRO Sound Library	Utility	
1sczNmQdjZ0c7q8ucIUoeCLTed2bMTkXf	CMPTKey_TYPING-Apple Keyboard Multi Key Down Up Medium Press 07	wav	0.55	CinePRO Sound Library	Utility	
1xokIOO4kKuuicdCclwK-7Exgwv83XqiA	CMPTKey_TYPING-Apple Keyboard Multi Key Down Up Medium Press 08	wav	0.54	CinePRO Sound Library	Utility	
1WoenlLmvtCgLqWhSo4PGja5OXS4o5EA5	CMPTKey_TYPING-Apple Keyboard Multi Key Down Up Medium Press 09	wav	0.57	CinePRO Sound Library	Utility	
1Ut0Oowkwc69fV14yUXbar2JGnxHqgqdO	CMPTKey_TYPING-Apple Keyboard Single Key Down Up Long Press 01	wav	1.42	CinePRO Sound Library	Utility	
1NeIZh2HOJgxSz4soaoP9Qhpo9u1yaKbg	CMPTKey_TYPING-Apple Keyboard Single Key Down Up Long Press 02	wav	1.47	CinePRO Sound Library	Utility	
1Ghv1rZHaolX4W5vJ33_JjeBQ2eyX4c5I	CMPTKey_TYPING-Apple Keyboard Single Key Down Up Long Press 03	wav	1.43	CinePRO Sound Library	Utility	
1H4Yza50xQcY0h-kJDJepFE159BHSn-ga	CMPTKey_TYPING-Apple Keyboard Single Key Down Up Long Press 04	wav	1.41	CinePRO Sound Library	Utility	
1kEym6hbF9HYFh-aM6ex00_hznxHA_3iD	CMPTKey_TYPING-Apple Keyboard Single Key Down Up Long Press 05	wav	1.4	CinePRO Sound Library	Utility	
1Jxy2gb-No2cM9EzLurpyWtA5I0rBsYa2	CMPTKey_TYPING-Apple Keyboard Single Key Down Up Long Press 06	wav	1.35	CinePRO Sound Library	Utility	
1MeR0KOQm_8e0s2nOQSEPJgqBdwtYoB1t	CMPTKey_TYPING-Apple Keyboard Single Key Down Up Long Press 07	wav	1.33	CinePRO Sound Library	Utility	
1Qx7hK1Rs7rU_qIwCTCsN-7eS0nRDGg70	CMPTKey_TYPING-Apple Keyboard Single Key Down Up Long Press 08	wav	1.31	CinePRO Sound Library	Utility	
1egpR6JWoGLPab_cIzqDMvFTGdz3D1YRb	CMPTKey_TYPING-Apple Keyboard Single Key Down Up Long Press 09	wav	1.3	CinePRO Sound Library	Utility	
1E6Ci2RsjlkaEZpSLpSPT-9GwpAUGzUo3	CMPTKey_TYPING-Apple Keyboard Single Key Down Up Long Press 10	wav	1.26	CinePRO Sound Library	Utility	
15Bj9W8-v4CxARHMGQrziT8pyJX7Jon60	CMPTKey_TYPING-Apple Keyboard Single Key Down Up Medium Press 01	wav	0.54	CinePRO Sound Library	Utility	
1CsycnyGTb-ja45LiB74MMGFCGUO-rthm	CMPTKey_TYPING-Apple Keyboard Single Key Down Up Medium Press 02	wav	0.56	CinePRO Sound Library	Utility	
1pgV4WBUITDQLRY_I6-um10nVB6P_E324	CMPTKey_TYPING-Apple Keyboard Single Key Down Up Medium Press 03	wav	0.57	CinePRO Sound Library	Utility	
1dOFjggGdCVhV_Nl6j2PQYcu4YER_8Ixq	CMPTKey_TYPING-Apple Keyboard Single Key Down Up Medium Press 04	wav	0.55	CinePRO Sound Library	Utility	
1MmulArCwx7P_tGRqr3s0n20OohUuqWF-	CMPTKey_TYPING-Apple Keyboard Single Key Down Up Medium Press 05	wav	0.55	CinePRO Sound Library	Utility	
1vfrkpF2xsJHTxOd5l3aDcczdrgyFVs3f	CMPTKey_TYPING-Apple Keyboard Single Key Down Up Medium Press 06	wav	0.52	CinePRO Sound Library	Utility	
18xhsTHCTp_puyjPreGul2fyfqeQg9sEG	CMPTKey_TYPING-Apple Keyboard Single Key Down Up Medium Press 07	wav	0.47	CinePRO Sound Library	Utility	
1XDEGfkpwkSPfiL1NYRW6oeCeNAg7Z3B4	CMPTKey_TYPING-Apple Keyboard Single Key Down Up Medium Press 08	wav	0.54	CinePRO Sound Library	Utility	
1qmE9Duz2LDh5JpoF-MdDBvP35zewacsK	CMPTKey_TYPING-Apple Keyboard Single Key Down Up Medium Press 09	wav	0.48	CinePRO Sound Library	Utility	
1Spzy0JFmWFltTCiCi0A4qXQjgFjmMiDA	CMPTKey_TYPING-Apple Keyboard Single Key Down Up Medium Press 10	wav	0.47	CinePRO Sound Library	Utility	
1WmcTidu-ksFATVAO9xzAae7vRLD7N130	CMPTKey_TYPING-Apple Keyboard Single Key Down Up Quick Press 01	wav	0.14	CinePRO Sound Library	Utility	
1IGAesHYy47NreqdiRnyolrR2_1-9k-91	CMPTKey_TYPING-Apple Keyboard Single Key Down Up Quick Press 02	wav	0.11	CinePRO Sound Library	Utility	
1giCZoWLBY7c19TwBfVH3YjOCjhY7PLYY	CMPTKey_TYPING-Apple Keyboard Single Key Down Up Quick Press 03	wav	0.11	CinePRO Sound Library	Utility	
1AaggdmRc6-OnFAZ2y6cPOmhLqSz9nG64	CMPTKey_TYPING-Apple Keyboard Single Key Down Up Quick Press 04	wav	0.11	CinePRO Sound Library	Utility	
1W2sCaqfCD9DATvfu8S20Dm2-VE94yR9W	CMPTKey_TYPING-Apple Keyboard Single Key Down Up Quick Press 05	wav	0.14	CinePRO Sound Library	Utility	
1C_aMzX89g2OwXPHgeHGuWvHnNNAKcVMx	CMPTKey_TYPING-Apple Keyboard Single Key Down Up Quick Press 06	wav	0.1	CinePRO Sound Library	Utility	
1sx7ThQa42Z2D_Db86RVC3K3WvquNnBxT	CMPTKey_TYPING-Apple Keyboard Single Key Down Up Quick Press 07	wav	0.14	CinePRO Sound Library	Utility	
19excJPZReh0R7pQEErlqZl98PHbMlVBO	CMPTKey_TYPING-Apple Keyboard Single Key Down Up Quick Press 08	wav	0.11	CinePRO Sound Library	Utility	
1vUL5z6XeCeywayahNpOFUJD8OkEA2xiL	CMPTKey_TYPING-Apple Keyboard Single Key Down Up Quick Press 09	wav	0.1	CinePRO Sound Library	Utility	
1v4Dpci6EBNW54VU4G4Ne3LrkFBkTnglg	CMPTKey_TYPING-Apple Keyboard Single Key Down Up Quick Press 10	wav	0.11	CinePRO Sound Library	Utility	
1DVTBPCawVCyDi39ByV_rmSamvLmu2jxB	CMPTKey_TYPING-Apple Keyboard Single Key Down Up Quick Press 11	wav	0.08	CinePRO Sound Library	Utility	
1yaNRHMOiCMXbLqnwHsyToaA9GEA5c6QV	CMPTKey_TYPING-Apple Keyboard Single Key Down Up Quick Press 12	wav	0.09	CinePRO Sound Library	Utility	
1dHerNnqnTbev_TsG6PR3NVfuah_y_4oL	CMPTKey_TYPING-Apple Keyboard Single Key Down Up Quick Press 13	wav	0.09	CinePRO Sound Library	Utility	
1IuAVKkRQF87P8ISUeT8_9eYSU-0GdkrE	CMPTKey_TYPING-Apple Keyboard Single Key Down Up Quick Press 14	wav	0.08	CinePRO Sound Library	Utility	
1S7b26fUNLRx9q8xMZs-DNGtPgjUkHvos	CMPTKey_TYPING-Apple Keyboard Single Key Down Up Quick Press 15	wav	0.1	CinePRO Sound Library	Utility	
1eqMqJik5DjDQFVaUuuKyfvzUHiCRAHDa	CMPTKey_TYPING-Apple Keyboard Single Key Down Up Quick Press 16	wav	0.09	CinePRO Sound Library	Utility	
1z6C0H0nW1Lp3rJ9FW4-JDdWJW8WfJZU8	CMPTKey_TYPING-Apple Keyboard Single Key Down Up Quick Press 17	wav	0.08	CinePRO Sound Library	Utility	
1GWmZGJc3nIYQcHCvqorSfb7so0754Qkx	CMPTKey_TYPING-Apple Keyboard Single Key Down Up Quick Press 18	wav	0.09	CinePRO Sound Library	Utility	
1pEj55yFzgbZiV2M--A-bDYp_8lIhOAcT	CMPTKey_TYPING-Apple Keyboard Single Key Down Up Quick Press 19	wav	0.09	CinePRO Sound Library	Utility	
1aNiPg5iMNoD86HZL_pEelxWvk-ZZif9B	CMPTKey_TYPING-Apple Keyboard Typing 01	wav	24.37	CinePRO Sound Library	Utility	
1nDGzR5ip7zJmJBzdAhWfzjJe8g9p-khP	CMPTKey_TYPING-Apple Keyboard Typing 02	wav	13.21	CinePRO Sound Library	Utility	
1GQkgyEVWNjZGl7koXz7xTSPndrpWUOmE	CMPTKey_TYPING-Mechanical Keyboard Multi Key Down Up Long Press 01	wav	1.45	CinePRO Sound Library	Utility	
1THsAmqSkg7Fy28mYF0xRqXRBSpogwyj9	CMPTKey_TYPING-Mechanical Keyboard Multi Key Down Up Long Press 02	wav	1.51	CinePRO Sound Library	Utility	
1WJZTpcF6yfQIiz7xFtcrxNYR3tx_AO9M	CMPTKey_TYPING-Mechanical Keyboard Multi Key Down Up Long Press 03	wav	1.38	CinePRO Sound Library	Utility	
1g37PzB1ymhcoVp5CoDilkEktFQgbVv_S	CMPTKey_TYPING-Mechanical Keyboard Multi Key Down Up Long Press 04	wav	1.4	CinePRO Sound Library	Utility	
1PTIElQsiX2tu4VwaRC3r8_j0K-BeFrBm	CMPTKey_TYPING-Mechanical Keyboard Multi Key Down Up Long Press 05	wav	1.37	CinePRO Sound Library	Utility	
1LNspqEiDqbLD4_Uxfr7l3XY95DiaD1be	CMPTKey_TYPING-Mechanical Keyboard Multi Key Down Up Long Press 06	wav	1.3	CinePRO Sound Library	Utility	
1eM5vbNL4f8YKF-VdEi7tKE26FYLRFmz7	CMPTKey_TYPING-Mechanical Keyboard Multi Key Down Up Long Press 07	wav	1.39	CinePRO Sound Library	Utility	
1oB6jfUlnCJ1j_QKyZEBGX6IGl4--ghCx	CMPTKey_TYPING-Mechanical Keyboard Multi Key Down Up Long Press 08	wav	1.31	CinePRO Sound Library	Utility	
1VMSAdAwznO9luD2gz98MNyFclYZBWF-N	CMPTKey_TYPING-Mechanical Keyboard Multi Key Down Up Long Press 09	wav	1.47	CinePRO Sound Library	Utility	
1OuIHZ4miZOV47n9GG-8ExiSTHplir5f0	CMPTKey_TYPING-Mechanical Keyboard Multi Key Down Up Long Press 10	wav	1.56	CinePRO Sound Library	Utility	
1lWORP1aElvatg8vozL2zhHZyaVhalSOS	CMPTKey_TYPING-Mechanical Keyboard Multi Key Down Up Medium Press 01	wav	0.99	CinePRO Sound Library	Utility	
1za-CqmqI53heBC-jmYri2Q5YaYh93HZi	CMPTKey_TYPING-Mechanical Keyboard Multi Key Down Up Medium Press 02	wav	0.93	CinePRO Sound Library	Utility	
1Q7hhlp9jQbu98NcyScPOKidp6Ut8udPW	CMPTKey_TYPING-Mechanical Keyboard Multi Key Down Up Medium Press 03	wav	0.93	CinePRO Sound Library	Utility	
1kfSArX7inxal53oA9MncNq2DH1RFOO8W	CMPTKey_TYPING-Mechanical Keyboard Multi Key Down Up Medium Press 04	wav	1.02	CinePRO Sound Library	Utility	
1DcqlAmusXpMygytKwyEhvA5bPiFCxvvc	CMPTKey_TYPING-Mechanical Keyboard Multi Key Down Up Medium Press 05	wav	1.07	CinePRO Sound Library	Utility	
1cTzP7cCmP4M8mrHrGBgRyIexBXaJZzID	CMPTKey_TYPING-Mechanical Keyboard Multi Key Down Up Medium Press 06	wav	0.94	CinePRO Sound Library	Utility	
1OADoGonn9tmubFSJT6h--s8PNBCWmWoQ	CMPTKey_TYPING-Mechanical Keyboard Multi Key Down Up Medium Press 07	wav	0.94	CinePRO Sound Library	Utility	
1AUqg6oRxVX8n9wbyMxUMZ0_nmmfQb_3r	CMPTKey_TYPING-Mechanical Keyboard Multi Key Down Up Medium Press 08	wav	1.02	CinePRO Sound Library	Utility	
1fXyYAn08bIGLl8ECZxhrQAPOtkSf01Oj	CMPTKey_TYPING-Mechanical Keyboard Multi Key Down Up Medium Press 09	wav	0.96	CinePRO Sound Library	Utility	
1311pCRENqe_xfD-qU0Hav0LUL3_i9rq9	CMPTKey_TYPING-Mechanical Keyboard Multi Key Down Up Medium Press 10	wav	0.97	CinePRO Sound Library	Utility	
1_fkhQ9riIUT2-zz9pOMoAok0fkfiGVWX	CMPTKey_TYPING-Mechanical Keyboard Multi Key Down Up Quick Press 01	wav	0.35	CinePRO Sound Library	Utility	
1sRruKn6Z7Jn-Sy_HwKesWPidiOHXu-FY	CMPTKey_TYPING-Mechanical Keyboard Multi Key Down Up Quick Press 02	wav	0.35	CinePRO Sound Library	Utility	
1zpzlupOB1oElzg_j9apVhuyJ72gnt9cm	CMPTKey_TYPING-Mechanical Keyboard Multi Key Down Up Quick Press 03	wav	0.3	CinePRO Sound Library	Utility	
1SG-F83IpsIXcVtPB2aG0b1PscdT21sgs	CMPTKey_TYPING-Mechanical Keyboard Multi Key Down Up Quick Press 04	wav	0.29	CinePRO Sound Library	Utility	
1Ce5E8DvC8sOPWcQoNa4SHtC9nxSipQH1	CMPTKey_TYPING-Mechanical Keyboard Multi Key Down Up Quick Press 05	wav	0.28	CinePRO Sound Library	Utility	
11ksr1BVn34ax2n8XzF1vX7HGrL4Iqsd6	CMPTKey_TYPING-Mechanical Keyboard Multi Key Down Up Quick Press 06	wav	0.29	CinePRO Sound Library	Utility	
1C48x1gcJiPqCQQvAQ7pPvNyU7yY6_ybz	CMPTKey_TYPING-Mechanical Keyboard Multi Key Down Up Quick Press 07	wav	0.29	CinePRO Sound Library	Utility	
1N0pTj2BVRtH_IINHlQUnsRlxHeYqcMUE	CMPTKey_TYPING-Mechanical Keyboard Multi Key Down Up Quick Press 08	wav	0.28	CinePRO Sound Library	Utility	
1TzFUtt3TAtqhojnrd0uzd1Ihk3s9TKMP	CMPTKey_TYPING-Mechanical Keyboard Multi Key Down Up Quick Press 09	wav	0.33	CinePRO Sound Library	Utility	
13FJx4Yw4uvcvlcobRL4_qBAKqHQV9xge	CMPTKey_TYPING-Mechanical Keyboard Multi Key Down Up Quick Press 10	wav	0.41	CinePRO Sound Library	Utility	
18XBRsn6DV2NBor8Zwo1YCM_HTRzpu2Zu	CMPTKey_TYPING-Mechanical Keyboard Single Key Down Up Long Press 01	wav	1.17	CinePRO Sound Library	Utility	
1Jl_paEvF8WwvbWXCoNswdfY9WwK7Td7j	CMPTKey_TYPING-Mechanical Keyboard Single Key Down Up Long Press 02	wav	1.19	CinePRO Sound Library	Utility	
1EXfxUjLXPWMbZ-6980qTxkmPIFUiNQqZ	CMPTKey_TYPING-Mechanical Keyboard Single Key Down Up Long Press 03	wav	1.41	CinePRO Sound Library	Utility	
1Nhw5St2SzBs2KQ6TQ3KPiEq2e2F2dovu	CMPTKey_TYPING-Mechanical Keyboard Single Key Down Up Long Press 04	wav	1.41	CinePRO Sound Library	Utility	
1VxKrxwp4AIJSsho1gt44MLFgX7C2Vo2E	CMPTKey_TYPING-Mechanical Keyboard Single Key Down Up Long Press 05	wav	1.33	CinePRO Sound Library	Utility	
1k0nv0nMtPb7ykD8XtQKVWRBd-JeGc_II	CMPTKey_TYPING-Mechanical Keyboard Single Key Down Up Long Press 06	wav	1.32	CinePRO Sound Library	Utility	
10dcmesQ1VwrI_PhFCQTfJTqe2nwT9TWB	CMPTKey_TYPING-Mechanical Keyboard Single Key Down Up Long Press 07	wav	1.24	CinePRO Sound Library	Utility	
12jKPxC2Jse5VFyu-9oQSlJN48Pdts54I	CMPTKey_TYPING-Mechanical Keyboard Single Key Down Up Long Press 08	wav	1.34	CinePRO Sound Library	Utility	
1g4dxKkUyEqxfxe_lFcyPtYDA9fLdRBdo	CMPTKey_TYPING-Mechanical Keyboard Single Key Down Up Long Press 09	wav	1.25	CinePRO Sound Library	Utility	
1RJdWiNV4DTvB-SedtON9Fkl2EpoXwGh7	CMPTKey_TYPING-Mechanical Keyboard Single Key Down Up Long Press 10	wav	1.52	CinePRO Sound Library	Utility	
1RmgGNVOEYTHxm_R7p2N5oWvx-m5Qqfg7	CMPTKey_TYPING-Mechanical Keyboard Single Key Down Up Long Press 11	wav	0.89	CinePRO Sound Library	Utility	
1V6z1NIsdreHeRmakgMji9Q1H3ZsbKaAP	CMPTKey_TYPING-Mechanical Keyboard Single Key Down Up Medium Press 01	wav	0.92	CinePRO Sound Library	Utility	
1ld3AA4RPdcnEqjgO9VTfIFEeCVJNVrjb	CMPTKey_TYPING-Mechanical Keyboard Single Key Down Up Medium Press 02	wav	1.03	CinePRO Sound Library	Utility	
1AebX1yQfQ5BOM--6bYthyWhdyeyTz51O	CMPTKey_TYPING-Mechanical Keyboard Single Key Down Up Medium Press 03	wav	1	CinePRO Sound Library	Utility	
1sZTn3eu-_cDANmRJP0mo_zTgmlzqMdSo	CMPTKey_TYPING-Mechanical Keyboard Single Key Down Up Medium Press 04	wav	0.69	CinePRO Sound Library	Utility	
1QSInj-qRnXQ4kZQyfKU-OJCLSnfP4nXO	CMPTKey_TYPING-Mechanical Keyboard Single Key Down Up Medium Press 05	wav	0.79	CinePRO Sound Library	Utility	
1AYCQgcRna2KtiEMHB93wKMgf-aoiP26b	CMPTKey_TYPING-Mechanical Keyboard Single Key Down Up Medium Press 06	wav	0.89	CinePRO Sound Library	Utility	
1axVp146cXSdmXo97k176A9ml8UYLLN1i	CMPTKey_TYPING-Mechanical Keyboard Single Key Down Up Medium Press 07	wav	0.82	CinePRO Sound Library	Utility	
1pntkZlzzQwu4LnkPgXXxyIx_qC3abIXT	CMPTKey_TYPING-Mechanical Keyboard Single Key Down Up Medium Press 08	wav	1.07	CinePRO Sound Library	Utility	
1XFoGYHLiEtP-loMhK0HkI_Bdsh52hrpt	CMPTKey_TYPING-Mechanical Keyboard Single Key Down Up Medium Press 09	wav	1.13	CinePRO Sound Library	Utility	
1aD50iPDwdQBdb1rCshE9L6_RZLotDZID	CMPTKey_TYPING-Mechanical Keyboard Single Key Down Up Quick Press 01	wav	0.25	CinePRO Sound Library	Utility	
1zIS6W4BKGStKglfD8dWghkApJKn8cfma	CMPTKey_TYPING-Mechanical Keyboard Single Key Down Up Quick Press 02	wav	0.21	CinePRO Sound Library	Utility	
1ufSs-qnGN_30NGRW3O7goo3DMWjCW38v	CMPTKey_TYPING-Mechanical Keyboard Single Key Down Up Quick Press 03	wav	0.16	CinePRO Sound Library	Utility	
1ZDbRFcV0YFVcctMXsT4prEYUfWi6lzcB	CMPTKey_TYPING-Mechanical Keyboard Single Key Down Up Quick Press 04	wav	0.18	CinePRO Sound Library	Utility	
1T2JABEfMadlv7jsTo2jiFq8hIW-TYtb1	CMPTKey_TYPING-Mechanical Keyboard Single Key Down Up Quick Press 05	wav	0.18	CinePRO Sound Library	Utility	
1WTrP5eNcyeTu2TGofRs4yxTcUkebi78e	CMPTKey_TYPING-Mechanical Keyboard Single Key Down Up Quick Press 06	wav	0.13	CinePRO Sound Library	Utility	
1W68las5jisIt8LMdyS57OVMmWpglmE0m	CMPTKey_TYPING-Mechanical Keyboard Single Key Down Up Quick Press 07	wav	0.16	CinePRO Sound Library	Utility	
1EARiZqMDQ3mWk9ZjQrHWI2KGRag7xi6T	CMPTKey_TYPING-Mechanical Keyboard Single Key Down Up Quick Press 08	wav	0.2	CinePRO Sound Library	Utility	
1y1sCM0YNBnF6kLT87v2vw6LqKQQYaADg	CMPTKey_TYPING-Mechanical Keyboard Single Key Down Up Quick Press 09	wav	0.19	CinePRO Sound Library	Utility	
1ErIUhjfAjAg2elZ89YO7ffO6gDst5mcF	CMPTKey_TYPING-Mechanical Keyboard Single Key Down Up Quick Press 10	wav	0.17	CinePRO Sound Library	Utility	
1jmQoAQBDeWqJufk2bEgwjl8Xf4oRMDWD	CMPTKey_TYPING-Mechanical Keyboard Single Key Down Up Quick Press 11	wav	0.14	CinePRO Sound Library	Utility	
1FM02ASmiVcYXuW4Jv2gdiiqfxo_Y_6cr	CMPTKey_TYPING-Mechanical Keyboard Single Key Down Up Quick Press 12	wav	0.16	CinePRO Sound Library	Utility	
1MCvlsJ3tEnusB7aMaFCA7uuWViq4RNS_	CMPTKey_TYPING-Mechanical Keyboard Single Key Down Up Quick Press 13	wav	0.18	CinePRO Sound Library	Utility	
1bhBNlnejcsL-kegVHXsUoFMpjycHC5Lb	CMPTKey_TYPING-Mechanical Keyboard Single Key Down Up Quick Press 14	wav	0.17	CinePRO Sound Library	Utility	
1istBA0rPUddyvYtS3T8T5syebaYpOAoA	CMPTKey_TYPING-Mechanical Keyboard Single Key Down Up Quick Press 15	wav	0.16	CinePRO Sound Library	Utility	
1xRo68sc7XXmmiaaKNT3cxbIZc3DFpfAx	CMPTKey_TYPING-Mechanical Keyboard Single Key Down Up Quick Press 16	wav	0.15	CinePRO Sound Library	Utility	
1kIxyF00I6k14M7xGTqQ0_26tnCVK5faQ	CMPTKey_TYPING-Mechanical Keyboard Single Key Down Up Quick Press 17	wav	0.19	CinePRO Sound Library	Utility	
1RsW1LXF25eR6X63jQqdW4-m6Qjg6J2s-	CMPTKey_TYPING-Mechanical Keyboard Single Key Down Up Quick Press 18	wav	0.2	CinePRO Sound Library	Utility	
1uKo5uTeElJautg6iz--taahuwKIKoGDV	CMPTKey_TYPING-Mechanical Keyboard Single Key Down Up Quick Press 19	wav	0.2	CinePRO Sound Library	Utility	
1tCQXbPHTYiZZedrBmb8TEYIYbctiSFcu	CMPTKey_TYPING-Mechanical Keyboard Single Key Down Up Quick Press 20	wav	0.15	CinePRO Sound Library	Utility	
10BmjxTK59eOrHQVOHgv86weWJX39KaFA	CMPTKey_TYPING-Mechanical Keyboard Typing 01	wav	12.36	CinePRO Sound Library	Utility	
1TPkIuE2lAIGFi-NSsmFjFO3VXGzA6RLt	CMPTKey_TYPING-Mechanical Keyboard Typing 02	wav	19.44	CinePRO Sound Library	Utility	
10JaVUC_xVvAhnoe9Izi-cXG-YOzW47_H	CMPTMisc_MOVEMENT-Fingers Across A Keyboard 01	wav	2.65	CinePRO Sound Library	Utility	
1m1upKxYD-zplKuN7_ME9kpMwnVjWjGxP	CMPTMisc_MOVEMENT-Fingers Across A Keyboard 02	wav	2.44	CinePRO Sound Library	Utility	
1YrqY5IUzjYyqRzeVcRtG3tUrFBejs3e5	CMPTMisc_MOVEMENT-Fingers Across A Keyboard 03	wav	3.12	CinePRO Sound Library	Utility	
1BeExAGHw8NN_O11fDHANNxeaH90K8UO4	CMPTMisc_MOVEMENT-Fingers Across A Keyboard 04	wav	2.45	CinePRO Sound Library	Utility	
1BnyQ68hgXWuwUa2bROK9LKXg5kOg46Bp	CMPTMisc_MOVEMENT-Fingers Across A Keyboard 05	wav	1.66	CinePRO Sound Library	Utility	
171em9sJN4sajJtNRLiU28xFPH2_dMDfm	CMPTMisc_MOVEMENT-Fingers Across A Keyboard 06	wav	1.61	CinePRO Sound Library	Utility	
1bLmbEv8wqIuc8Go2JeNVxKt5f_Sbq3YF	CMPTMisc_MOVEMENT-Fingers Across A Keyboard 07	wav	7.05	CinePRO Sound Library	Utility	
1hYDIPbsPenQyJ3B3bjbPsSayEWpus6vN	CMPTMisc_MOVEMENT-Fingers Across A Keyboard 08	wav	3.22	CinePRO Sound Library	Utility	
1oQ8kplcONsJrECQLBoBGXNkMSxkBY6so	CO2	mp3	2.54	CinePRO Sound Design	Party FX	
1AqG-sRl2mYLaw7pLQml0CO8uvdHH6mZU	CO2 jet_1	mp3	10.17	CinePRO Sound Design	Party FX	
1HlV-HjWnp_c0lwS8zvu6gKw48C4bR_Fh	coin_single_drop_1	wav	4.88	CinePRO Sound Design	Essentials	
1008EHRMYp5M2NJPTjerWpD7QDQ3TPY_D	coin_single_drop_2	wav	4.16	CinePRO Sound Design	Essentials	
1e9Xay0BdhRbSYVnxAwqhKjjQHDXF4jH9	coin_single_drop_3	wav	2.92	CinePRO Sound Design	Essentials	
1y010oUpMC48jk6YN605yhzRc8bUw4ou_	coin_single_drop_4	wav	5.26	CinePRO Sound Design	Essentials	
1LQN5W20l-6m6QmDfyTBjlVJ3UY1Dtqzc	coins_drop_1	wav	2.28	CinePRO Sound Design	Essentials	
1HsWdaVuLkuUgKPjAG4Z-R-Kk4LZO54TQ	coins_drop_2	wav	1.23	CinePRO Sound Design	Essentials	
1crf95FkHHk5aekWE0fNupn34Ai3QHmqc	coins_drop_3	wav	2.17	CinePRO Sound Design	Essentials	
1YSMkKlIWU_43bImwagfq_rIVX9nmGrP-	coins_drop_4	wav	1.06	CinePRO Sound Design	Essentials	
1RLOgYqrxH0TyCtqEveSuKM0okl9rhL_b	coins_shake_1	wav	2.3	CinePRO Sound Design	Essentials	
1UZJnMU8fVkLpJCQb9wG07w2O0ZgKMzpu	coins_shake_2	wav	1.2	CinePRO Sound Design	Essentials	
1BGzgXw1ogILoMOQqpmlyaAnz77PiAGp2	coins_shake_3	wav	3.82	CinePRO Sound Design	Essentials	
1p8uPb3R7ZHxjUxpAfJCDV5Q6b-4sTtb-	coins_shake_4	wav	14.55	CinePRO Sound Design	Essentials	
16zPdx9g1pTsQaTZ5x37UWmeP6wtFFw5t	Cold Blizz	wav	22.55	CinePRO Sound Design	SFX	
16k23xRM5FPQs1N_M2580HSkd06TrM2H4	Cold Desert Wind	wav	19.09	CinePRO Sound Design	SFX	
1jXmzG_jnt6iSCKCwuSL-k3wE6M9T4cU2	Cold Wind	wav	11.65	CinePRO Sound Design	SFX	
1slJ_bdlN8CToFFlsbkhixoPyqsU0tMGd	Cold Wind	mp3	11.72	CinePRO Sound Design	SFX	
1Afnszy1kh4L1REX3TofeMFXkPTyW2pGa	Cold Wind copy	wav	167.68	CinePRO Sound Design	SFX	
13CI7cL4DvMkI589Us4l5lLwE1aJD1gEC	Cold Wind copy	mp3	167.73	CinePRO Sound Design	SFX	
15Y-Cfa6-IDXMgDaTW2E-otBgKybtqdg4	Colonel Mustard - Dr Molotovs Cocktail Shaken and Stirred	wav	157.88	CinePRO Sound Design	PLAYLIST	
1BtUxMIfYVsUVarxkLobM0wADVusUHEMG	Colonel Mustard - The Moscow Mule Organ Feature	mp3	144.9	CinePRO Sound Design	PLAYLIST	
1Kfv1JyYT1Zb7rbcRUUVRfDoDcIGbvJIf	Combo001	wav	1.71	CinePRO Sound Design	Essentials	
1MuWSLiWi3xK5IfLDVAPjIXqUJ2AUqcTs	Combo002	wav	1.71	CinePRO Sound Design	Essentials	
12b_LL8OfdM4yOOd142ewEuDt9kuXs9_4	Combo003	wav	2	CinePRO Sound Design	Essentials	
1rfeGbggBqWMDGFnIV3C5O2nbvQfxiR70	Combo004	wav	4	CinePRO Sound Design	Essentials	
1-fjjwI-9Cc1qwrWVnxCRK7ha53iiBjAH	Combo005	wav	2.08	CinePRO Sound Design	Essentials	
1ATS5A0NNXc5beDFB4xnOUj26rGbjKqCt	Combo006	wav	1.81	CinePRO Sound Design	Essentials	
1ohm37TuCb6HsOKRvd09u7AqJgO7idbVk	Combo007	wav	2.75	CinePRO Sound Design	Essentials	
1DiRbfj9kHrGJcFLeNIOw-_lpE_7v8Rk7	Combo008	wav	0.63	CinePRO Sound Design	Essentials	
1Yhq2E8l5BC3_pDQYmuCa2ORZT4taXmQH	Combo009	wav	13.43	CinePRO Sound Design	Essentials	
1roujZZDON27k1B9-clrVhkuz2D5f09E-	COMCam_CHARGE-Camera Electronic Flash Charge 01	wav	4.29	CinePRO Sound Library	Aperture	
1c1PM3-n9I8BUZH8nuqnSNk-UbYQPCG7K	COMCam_CHARGE-Camera Electronic Flash Charge 02	wav	3.51	CinePRO Sound Library	Aperture	
12JPAc33EiSvYVcp53U2uy6CteVDxHJWi	COMCam_DIGITAL CAMERA-Canon EOS T7i Auto Focus Beeps And Shutter Sequence 01	wav	0.89	CinePRO Sound Library	Aperture	
1cA6kkJozMp7FqGRQLRRrqdHTSV3_BoLc	COMCam_DIGITAL CAMERA-Canon EOS T7i Flash Close 01	wav	0.22	CinePRO Sound Library	Aperture	
1MiYRiqs5lQkvFEsl3R7Y0B2Bt1qLSkuB	COMCam_DIGITAL CAMERA-Canon EOS T7i Flash Open 01	wav	0.12	CinePRO Sound Library	Aperture	
1aAuM0Drf704EoViZVRpyg_uAyRc6LgkZ	COMCam_DIGITAL CAMERA-Canon EOS T7i Open And Close View Screen 01	wav	1.52	CinePRO Sound Library	Aperture	
1LLRMIcLLh1NwFG10Wf_n0W_lZAHycbWm	COMCam_DIGITAL CAMERA-Canon EOS T7i Open And Close View Screen 02	wav	1.77	CinePRO Sound Library	Aperture	
1Tsv0x7UOgRigHzlYyx_FfgUxu4Ka5k_w	COMCam_DIGITAL CAMERA-Canon EOS T7i Power On And Off Sequence 01	wav	1.33	CinePRO Sound Library	Aperture	
1VEF2RYkoMLSvDdxcjCnXd1fAFSTRO5Kf	COMCam_DIGITAL CAMERA-Canon EOS T7i Power On And Off Sequence 02	wav	0.39	CinePRO Sound Library	Aperture	
1FX_NaO7Ao838RyvCEiozaYN2Q2b3nnMH	COMCam_DIGITAL CAMERA-Canon EOS T7i Power On And Off Sequence 03	wav	0.74	CinePRO Sound Library	Aperture	
1UAwWQzgtMRX1E5AApqXzjVfUawWQNyiV	COMCam_DIGITAL CAMERA-Canon EOS T7i Power On And Off Sequence 04	wav	0.38	CinePRO Sound Library	Aperture	
1RgkV1Lg8isRyxbGwYVgAn0EFuE-P04s_	COMCam_DIGITAL CAMERA-Canon EOS T7i Shoot With Flash Opening 01	wav	3.3	CinePRO Sound Library	Aperture	
12GqD6hiTglAW0B0_q2nafdMR1CAixstc	COMCam_DIGITAL CAMERA-Canon EOS T7i Shoot With Flash Opening 02	wav	2.09	CinePRO Sound Library	Aperture	
1rKJVwubdO3PwBrguNbB2pH3cnsicZpJI	COMCam_DIGITAL CAMERA-Canon EOS T7i Shutter Sequence 01	wav	1.33	CinePRO Sound Library	Aperture	
1V-T69a45sM2K_ik10mkG8jzpsj-Z4aDs	COMCam_DIGITAL CAMERA-Canon EOS T7i Shutter Sequence 02	wav	0.96	CinePRO Sound Library	Aperture	
1D9wGxrDHFq1Le8G593wn1LY4gL6mlPXE	COMCam_DIGITAL CAMERA-Canon EOS T7i Shutter Sequence 03	wav	0.83	CinePRO Sound Library	Aperture	
1rhNGE10fOyTcjavsByC9mOhHIx3cp9oe	COMCam_DIGITAL CAMERA-Canon EOS T7i UI Beep Auto Focus	wav	0.03	CinePRO Sound Library	Aperture	
1ZqRPeW8P2bYBBkQygWhT4Afymz-BTPSY	COMCam_DIGITAL CAMERA-Canon EOS T7i UI Beep Auto Focus Sequence	wav	0.23	CinePRO Sound Library	Aperture	
14RkIn2-j1mSateH5O1BL1eH2CJafUUoc	COMCam_DIGITAL CAMERA-Canon EOS T7i UI Beep Menu Operation	wav	0.02	CinePRO Sound Library	Aperture	
1HP_QZ5jYMFsWeJ91E4ylavxNd8ncUDDA	COMCam_VINTAGE CAMERA-Fujica Compact Film Advance 01	wav	0.59	CinePRO Sound Library	Aperture	
1YEj7-u6fHkjBAO9ikxyYL4h12IY825t6	COMCam_VINTAGE CAMERA-Fujica Compact Film Advance 02	wav	0.3	CinePRO Sound Library	Aperture	
1OUL_Emg1lQ_uyVzR114js2nXgJBK3Pvh	COMCam_VINTAGE CAMERA-Fujica Compact Film Advance 03	wav	0.53	CinePRO Sound Library	Aperture	
1LT81UCoAI3JWKPYZUNR7cchWyBD1-8oW	COMCam_VINTAGE CAMERA-Fujica Compact Film Advance 04	wav	1.48	CinePRO Sound Library	Aperture	
1KGqylahhn5MVAmm0DFhyuEQBrOUoVLKj	COMCam_VINTAGE CAMERA-Fujica Compact Film Advance 05	wav	0.96	CinePRO Sound Library	Aperture	
1Vny-CwfgZVnlgBPN6IvorpV2etqIOuJy	COMCam_VINTAGE CAMERA-Fujica Compact Film Advance 06	wav	0.61	CinePRO Sound Library	Aperture	
1l3kwl8-MxQbpkdqNlqTegyobWPjQ_hSQ	COMCam_VINTAGE CAMERA-Fujica Compact Film Advance 07	wav	1.03	CinePRO Sound Library	Aperture	
1J1KoQdIQJX2xDxumNUem8EyPp60JZZCt	COMCam_VINTAGE CAMERA-Fujica Compact Film Advance 08	wav	0.23	CinePRO Sound Library	Aperture	
11kOYzIidiMDOF-oXhvWbotgfPBPpnblg	COMCam_VINTAGE CAMERA-Fujica Compact Film Advance 09	wav	0.69	CinePRO Sound Library	Aperture	
19RME4rgVLdpKq-23ZaDwZRHQqmHb4esz	COMCam_VINTAGE CAMERA-Fujica Compact Film Advance 10	wav	0.5	CinePRO Sound Library	Aperture	
1xG-nfzDQEx72ZDn2Qwit_5f83B3k2UPh	COMCam_VINTAGE CAMERA-Fujica Compact Handling 01	wav	0.25	CinePRO Sound Library	Aperture	
17NhZBJqLdpKX_z8dFoHF3XUJnZGEZ60y	COMCam_VINTAGE CAMERA-Fujica Compact Handling 02	wav	0.31	CinePRO Sound Library	Aperture	
1GngoAsnO7KjNqdRa0NkdeUNPNpXBuqNb	COMCam_VINTAGE CAMERA-Fujica Compact Handling 03	wav	0.16	CinePRO Sound Library	Aperture	
1Ib9ijCnWsVMwolG6sKRKvKkSyRSHawX4	COMCam_VINTAGE CAMERA-Fujica Compact Handling 04	wav	0.17	CinePRO Sound Library	Aperture	
1ZkEwq3r8PlH4laVPAB_jq3jYAZMNbVHH	COMCam_VINTAGE CAMERA-Fujica Compact Handling 05	wav	0.43	CinePRO Sound Library	Aperture	
1vKDMlNcy9EAHC_Hq5-Pr2mBbvY9DlCQg	COMCam_VINTAGE CAMERA-Fujica Compact Handling 06	wav	0.47	CinePRO Sound Library	Aperture	
1deaSfP-9ROfhxahj8ZdvJ_QTf5MbY-FG	COMCam_VINTAGE CAMERA-Fujica Compact Handling 07	wav	0.24	CinePRO Sound Library	Aperture	
1nHtvP68FoM6oOYbR8zA7o_IUA_jYUIpr	COMCam_VINTAGE CAMERA-Fujica Compact Handling 08	wav	0.38	CinePRO Sound Library	Aperture	
1auC-02FD_Rtfmix3X_JLNzK-8A4KHk1x	COMCam_VINTAGE CAMERA-Fujica Compact Handling 09	wav	0.36	CinePRO Sound Library	Aperture	
1jngiEK7CJFzQkDfi4FdUc6sZ9bXFn7zS	COMCam_VINTAGE CAMERA-Fujica Compact Shutter 01	wav	0.18	CinePRO Sound Library	Aperture	
178IXgGlpBI8mDh44Gg0YYmEJsqc3nv4t	COMCam_VINTAGE CAMERA-Fujica Compact Shutter 02	wav	0.34	CinePRO Sound Library	Aperture	
18XR9lsVbXA_EQZOJDywxRs4ePH079U7W	COMCam_VINTAGE CAMERA-Fujica Compact Shutter 03	wav	0.3	CinePRO Sound Library	Aperture	
1-LI1R3GIJHXNlF0NXko7IXJHVXOhwcg9	COMCam_VINTAGE CAMERA-Fujica Compact Shutter 04	wav	0.28	CinePRO Sound Library	Aperture	
1x-BOxD1WAvcLwtRdZEtAHy3hDsT8nKMF	COMCam_VINTAGE CAMERA-Kodak 1950 Duaflex Shutter 01	wav	0.41	CinePRO Sound Library	Aperture	
1O8xQNPOGWmOSAcVnV93ibKziqEINUlOW	COMCam_VINTAGE CAMERA-Kodak 1950 Duaflex Shutter 02	wav	0.42	CinePRO Sound Library	Aperture	
1ah5GaAWBv-iAXGcw3xPnCgBsUSAVadwG	COMCam_VINTAGE CAMERA-Kodak 1950 Duaflex Shutter 03	wav	0.85	CinePRO Sound Library	Aperture	
191hYKYYohtw2UrBmg-UMYFiKmiSBK4Ra	COMCam_VINTAGE CAMERA-Kodak 1950 Duaflex Shutter 04	wav	0.88	CinePRO Sound Library	Aperture	
1oTpOzr4R9ZoO_xpFysd_bPhJbiPFj_Qs	COMCam_VINTAGE CAMERA-Kodak 1950 Duaflex Shutter 05	wav	0.45	CinePRO Sound Library	Aperture	
1JUKAQTc6oM2W449wlHRWImZxqbuWLoXj	COMCam_VINTAGE CAMERA-Kodak 1950 Duaflex Shutter 06	wav	0.36	CinePRO Sound Library	Aperture	
1o3IJTeBQSNBaNZ5s0DzgvUQzTM0xzY8g	COMCam_VINTAGE CAMERA-Konica Dials 01	wav	1.86	CinePRO Sound Library	Aperture	
1mbo6Kic3zmYySMNMirDNImRjJW_ismtr	COMCam_VINTAGE CAMERA-Konica Dials 02	wav	0.77	CinePRO Sound Library	Aperture	
1agKVpQsv7UCIzM7NcOHALn-3xAq1CkXs	COMCam_VINTAGE CAMERA-Konica Dials 03	wav	0.45	CinePRO Sound Library	Aperture	
13Wdl38eVs5VDd0E4bclkvLOCK1lYn27l	COMCam_VINTAGE CAMERA-Konica Dials 04	wav	0.57	CinePRO Sound Library	Aperture	
14CwcK3bF7hp-kSPLAvq5-gPnOi-U6t6J	COMCam_VINTAGE CAMERA-Konica Dials 05	wav	0.69	CinePRO Sound Library	Aperture	
1rbE4Pe55zJsniYxR2Vt2MPmQIvx73TvJ	COMCam_VINTAGE CAMERA-Konica Dials 06	wav	0.34	CinePRO Sound Library	Aperture	
1maUr9ScltMGm_yi7RU_1_Zm8ee5-CfV9	COMCam_VINTAGE CAMERA-Konica Dials 07	wav	0.71	CinePRO Sound Library	Aperture	
12bUTwXcHKjMIT5xsg-5X-C8E7KeF45VQ	COMCam_VINTAGE CAMERA-Konica Dials 08	wav	0.96	CinePRO Sound Library	Aperture	
1rWigKymFNOHa10iVwwMps41O0-WiJHqL	COMCam_VINTAGE CAMERA-Konica Dials 09	wav	1.64	CinePRO Sound Library	Aperture	
1FZdICIcZhFjD7MCzeIoQXqIPTvSTZZmh	COMCam_VINTAGE CAMERA-Konica Film Advance 01	wav	0.62	CinePRO Sound Library	Aperture	
1FSzcYHPsjk0g4rjrIIHXolVqgxS2PWWr	COMCam_VINTAGE CAMERA-Konica Film Advance 02	wav	0.99	CinePRO Sound Library	Aperture	
1AM2CC0GlkxCphKD3RorxLXYHcsfrMYJb	COMCam_VINTAGE CAMERA-Konica Film Advance 03	wav	1.51	CinePRO Sound Library	Aperture	
1-R1_n_a0oCzSHVCrTIgKvQzerHQOekRC	COMCam_VINTAGE CAMERA-Konica Film Advance 04	wav	1.36	CinePRO Sound Library	Aperture	
1d9rzbRWjMJhWj2ku8OWQCAKn2VilBMoH	COMCam_VINTAGE CAMERA-Konica Film Advance 05	wav	0.92	CinePRO Sound Library	Aperture	
1jxnnlQMzVAsWwPp8PoAhDvda33Q5AlLK	COMCam_VINTAGE CAMERA-Konica Shutter 01	wav	0.93	CinePRO Sound Library	Aperture	
15KaEMoTrM5ScE6ZxL1vgcHGVX8Z_eY5m	COMCam_VINTAGE CAMERA-Konica Shutter 02	wav	0.83	CinePRO Sound Library	Aperture	
1XdP6ys30f1vDi1ACwaqE8EXZsygAFL3w	COMCam_VINTAGE CAMERA-Konica Shutter 03	wav	0.5	CinePRO Sound Library	Aperture	
1-sWErg2ADNJd4XpJFQ5iqoG4P1Tcmg1S	COMCam_VINTAGE CAMERA-Konica Shutter 04	wav	0.43	CinePRO Sound Library	Aperture	
1Pduiy4eOGJRAAl7eHJnLi5lDmp6GIQC5	COMCam_VINTAGE CAMERA-Konica Shutter 05	wav	0.6	CinePRO Sound Library	Aperture	
1qNXg3qFpbk9ycypE3iiupur4xiozoxZp	COMCam_VINTAGE CAMERA-Konica Shutter 06	wav	0.44	CinePRO Sound Library	Aperture	
1Ru44TF86rvddFLbTV05jxe6q8RlC_Ceq	COMCam_VINTAGE CAMERA-Konica Shutter 07	wav	0.48	CinePRO Sound Library	Aperture	
1Mi8vKnHL1EiMW4X8ksjqv3z5bcgzxUB_	COMCam_VINTAGE CAMERA-Konica Shutter 08	wav	0.88	CinePRO Sound Library	Aperture	
1d4qHtbUNL9ev5HEwq8vFAjNnxET1vUe8	COMCam_VINTAGE CAMERA-Konica Shutter 09	wav	0.47	CinePRO Sound Library	Aperture	
1Et7Hpe5bcWxbcnnRqVUcEVLnD8VTU6TF	COMCam_VINTAGE CAMERA-Konica Shutter 10	wav	0.49	CinePRO Sound Library	Aperture	
1IzT3cp00_L0FmH9kfWX50PRSIEIVW-uO	COMCam_VINTAGE FLASHBULB-Camera Flash Bulb A 01	wav	6.34	CinePRO Sound Library	Aperture	
1NOivIF3hkrPIkw1nqm5l7HNyrTejS49-	COMCam_VINTAGE FLASHBULB-Camera Flash Bulb A 02	wav	5.13	CinePRO Sound Library	Aperture	
1zOLxzHOTTmIA4jKlMJya4E8JQ_znM-tb	COMCam_VINTAGE FLASHBULB-Camera Flash Bulb A 03	wav	2.53	CinePRO Sound Library	Aperture	
13rQJmi_qdBKkYx9UnOZM5GhrZ6ppCug5	COMCam_VINTAGE FLASHBULB-Camera Flash Bulb B 01	wav	2.79	CinePRO Sound Library	Aperture	
1ywfY0gdF46AXYaMVV1QWiPUB_jDYySe3	COMCam_VINTAGE FLASHBULB-Camera Flash Bulb B 02	wav	2.75	CinePRO Sound Library	Aperture	
15SoX6OMEVHE8NwPLHF3kjII_joDni99L	COMCam_VINTAGE FLASHBULB-Camera Flash Bulb B 03	wav	2.61	CinePRO Sound Library	Aperture	
1lAqsErj5yhcXZOWjVP_lsKhensXbS8Dw	COMCam_VINTAGE FLASHBULB-Camera Flash Bulb C 01	wav	3.92	CinePRO Sound Library	Aperture	
1rt9Ps3Zn97J5pEZ7gQJrS7D2ag6-ftRn	COMCam_VINTAGE FLASHBULB-Camera Flash Bulb C 02	wav	3.99	CinePRO Sound Library	Aperture	
1tXTAwPs9hxfcJx49t6_Hghdpm1XpSm-y	COMCam_VINTAGE FLASHBULB-Camera Flash Bulb C 03	wav	2.02	CinePRO Sound Library	Aperture	
14-2KRD3ODMkgZjLEp02PLXZypipFRtNG	COMCam_VINTAGE FLASHBULB-Camera Flash Bulb C 04	wav	1.87	CinePRO Sound Library	Aperture	
1CdQRXqywm5MMDRyW0LIJJXhKQA6ud-ps	COMCam_VINTAGE FLASHBULB-Camera Flash Bulb C 05	wav	1.42	CinePRO Sound Library	Aperture	
1reDAzBFFVr5y68Pu8vazvkj-QMWIM8V_	COMCam_VINTAGE FLASHBULB-Camera Flash Bulb C 06	wav	2.5	CinePRO Sound Library	Aperture	
1sVPeQYWlYNxUr7HwmPUtCiCMmPzYzZIa	COMCam_VINTAGE FLASHBULB-Camera Flash Bulb C 07	wav	3.17	CinePRO Sound Library	Aperture	
1ZTQlKhe2uVbiUXlr1XbWWRldK1eeZ08V	COMCam_VINTAGE FLASHBULB-Camera Flash Bulb C 08	wav	2.39	CinePRO Sound Library	Aperture	
12aRBUa7v9-s85fn8cKVslS9Sn3-gjPSt	COMCell_TOUCH SCREEN-Typing On Cell Phone Screen Singles 01	wav	0.11	CinePRO Sound Library	Utility	
162RjQkY74_u5k5Lu_wcnHFUL6oPGCV-W	COMCell_TOUCH SCREEN-Typing On Cell Phone Screen Singles 02	wav	0.09	CinePRO Sound Library	Utility	
1SujnoDmTDKkbX7bfGbhsGrNT6Uij92yC	COMCell_TOUCH SCREEN-Typing On Cell Phone Screen Singles 03	wav	0.1	CinePRO Sound Library	Utility	
1M5BwjBdUXXHkV8yv2_TpRPDbARFs_tVQ	COMCell_TOUCH SCREEN-Typing On Cell Phone Screen Singles 04	wav	0.09	CinePRO Sound Library	Utility	
1vvm7LN1QXi-LDYag5IwkAKCuPZtoxUOx	COMCell_TOUCH SCREEN-Typing On Cell Phone Screen Singles 05	wav	0.06	CinePRO Sound Library	Utility	
1LnS6VPnIMOWlDe5Tru3O05JHsoZCsE9J	COMCell_TOUCH SCREEN-Typing On Cell Phone Screen Singles 06	wav	0.11	CinePRO Sound Library	Utility	
1rJDm21drnq9WLKD-Pyk-vHjvZiej8GPr	COMCell_TOUCH SCREEN-Typing On Cell Phone Screen Singles 07	wav	0.04	CinePRO Sound Library	Utility	
1hGQaev-dtZNZHLbMxJiV6hlkLSyK2EYD	COMCell_TOUCH SCREEN-Typing On Cell Phone Screen Singles 08	wav	0.04	CinePRO Sound Library	Utility	
1wot_FCShV2XqcHVwK3jpPTSnpxtCMyd_	COMCell_TOUCH SCREEN-Typing On Cell Phone Screen Singles 09	wav	0.07	CinePRO Sound Library	Utility	
1yjgi9rW63TrTI-xPypeRiF_4wK0rffLt	COMCell_TOUCH SCREEN-Typing On Cell Phone Screen Singles 10	wav	0.07	CinePRO Sound Library	Utility	
10B8moFD0E2NM-RPFSEcUifYrIRpcmujE	COMCell_TOUCH SCREEN-Typing On Cell Phone Screen Singles 11	wav	0.05	CinePRO Sound Library	Utility	
17wNKzDnMhpV_iTdzuBsWmcO48Ixw9Jff	COMCell_TOUCH SCREEN-Typing On Cell Phone Screen Singles 12	wav	0.04	CinePRO Sound Library	Utility	
128qVtqXLZ-wsKZV8AXtcvM04ZUjyAA4T	COMCell_TOUCH SCREEN-Typing On Cell Phone Screen Singles 13	wav	0.04	CinePRO Sound Library	Utility	
1ur6188aVaW8txPO1GtgVwOn0ohr-RksB	COMCell_TOUCH SCREEN-Typing On Cell Phone Sequence 01	wav	1.91	CinePRO Sound Library	Utility	
1XSEs-8XQdST-1LdqENOalh5iJm7m8oLQ	COMCell_TOUCH SCREEN-Typing On Cell Phone Sequence 02	wav	2.3	CinePRO Sound Library	Utility	
1wtg-9oBDj-SiPyqpchi7tiNjtQWL-WJA	COMCell_TOUCH SCREEN-Typing On Cell Phone Sequence 03	wav	4.12	CinePRO Sound Library	Utility	
1uT8uKOOaBBZbJ0nb59Z-DKneZrzpRu08	COMCell_TOUCH SCREEN-Typing On Cell Phone Sequence 04	wav	2.71	CinePRO Sound Library	Utility	
1l83IS1U3XCyTGdyujQ4_rgOojFtvM2_k	COMCell_TOUCH SCREEN-Typing On Cell Phone Sequence 05	wav	2.54	CinePRO Sound Library	Utility	
1cIujaVP82ARMG5otGN0Hv8_NTP-Ye-Aj	Conversation And	wav	24.04	CinePRO Sound Design	SFX	
1GYNjJnU0TgKGwuQlYHwwqm90JYFgsP8Z	Coro_Anjos_Epic_Cinematic	wav	8.26	CinePRO Sound Design	SFX	
1fAxHewQ893EakBBVqb7gspfVsNyZU7NW	Cosmonkey - Down Love	mp3	137.9	CinePRO Sound Design	PLAYLIST	
1ctAPoTFYZkjdxBj3vM93Ou4wZq6vxC3g	Countdown Reverse	wav	20.63	CinePRO Sound Design	Essentials	
1h5wqgizGWCCCwfBwFy85nUPFgOGehd9s	Crickets Chirping at Night	wav	31.28	CinePRO Sound Design	SFX	
13HKEbptAbmxDTXMR869nsPrytgSDjsmT	Crickets Chirping at Night 2	wav	26.09	CinePRO Sound Design	SFX	
1r_wANy9wTXDN6CSF_mXpXrWED3SmD3WH	Crickets Chirping at Night 3	wav	34.77	CinePRO Sound Design	SFX	
1e_uUwW6-eLzL8UCQKF-nqQ2ElQvwGoDv	Crickets Chirping at Night aggressivly	wav	12.38	CinePRO Sound Design	SFX	
1QmsBdcmzh45tqhLUPjflwZKubLuUzsNn	Crickets Chirping at Night, Distant Dogs	wav	12.25	CinePRO Sound Design	SFX	
1lfIEx5GjeXPapNHp83dEqRT9WUzaxrO2	Crickets Chirping in the Wind	wav	22.27	CinePRO Sound Design	SFX	
1p5pfxkxPhm247QjRzxLKw6SOAxPx4pdn	Crickets Chirping on a Boat at Night	wav	30.1	CinePRO Sound Design	SFX	
1bdeBRoXZvFQqk2yDzPwe56Okv0nsA-uG	Crickets Chirping with a Bee	wav	30.96	CinePRO Sound Design	SFX	
1gr-uhlj71rNgVgHBtT3-2OWmMYcT2we8	Cross the Wires	wav	3.76	CinePRO Sound Design	Essentials	
1OyVdZdXhmt-dSU5IOHSVoMXmhUoREERQ	crowd_hall_indoor_busy_walla_1	wav	18.45	CinePRO Sound Design	Essentials	
1GXoid2oVSiAnWiqGYe5OsDageW6DxQ7q	crowd_hall_indoor_busy_walla_2	wav	180.94	CinePRO Sound Design	Essentials	
1AkawvtNxL-UFoR6r1s2j0ocMJri5PgS3	crowd_hall_indoor_busy_walla_3	wav	321.66	CinePRO Sound Design	Essentials	
1rLtumVxnIQHUynKM379t1cYcporu7SLU	crowd_hall_indoor_busy_walla_4	wav	56.53	CinePRO Sound Design	Essentials	
1BDqtlX3yaCQoMLnwcrZ1GyWk9nZHZSmV	crowd_hey	wav	16.59	CinePRO Sound Design	Essentials	
1e_aAQtYNJeZB197cuu76oH5Bnywkfz4v	crumble_paper_1	wav	15.4	CinePRO Sound Design	Essentials	
14yxmxlLYky3FZTM1Qrx2BdGVo-FE_3ZP	crumble_paper_2	wav	6.53	CinePRO Sound Design	Essentials	
1jxXMt-_QBCkdarZvmcst8RqFa06pQp-L	Crunchy Kick	wav	3	CinePRO Sound Design	Essentials	
10YzaCI5CptAl67oV-IUmyX5jDBdtgdsZ	Crunchy Synth	wav	19.82	CinePRO Sound Design	Essentials	
1UgNS6nJaPNloe5DAmGYO5I0rUG1hMxaj	Crunchy001	wav	2.07	CinePRO Sound Design	Essentials	
1od9t6eVdjUCUWw3CyvjwaJ7TNFKCD6Vm	Crunchy002	wav	2.07	CinePRO Sound Design	Essentials	
1MnR4KR3Ws_tdb1QmBrCqkzlWFpdvW_GG	Crunchy003	wav	1.38	CinePRO Sound Design	Essentials	
1kj1krGJtiY_KUA9ToWNQq7l2NXbgIuRG	Crunchy004	wav	2.07	CinePRO Sound Design	Essentials	
1y1gUA7HWTWp8SDXOCD_gitFn9XTlJUe8	Crunchy005	wav	2.75	CinePRO Sound Design	Essentials	
1XbV2hfffEZ5fb_cwavL867mTsaB7pV2s	Crunchy006	wav	1.38	CinePRO Sound Design	Essentials	
1OJpyxuGkvYQ8Y3ClUDPFZ2aJgM9twLhu	Crunchy007	wav	1.38	CinePRO Sound Design	Essentials	
1Kre5gCpzzXcCAOl-cHA5fB8h55zWfiYB	Crunchy008	wav	2.07	CinePRO Sound Design	Essentials	
1scC3mEav--usJV1z9X4xXXdlCdodUXcN	Crystal Clear - Sharp Shimmering Whoosh, Reverberant	wav	3.07	CinePRO Sound Design	SFX	
1mahOO2Onkz7IJ558Tp88wkLfJOgJIYyM	Crystal Clear - Sharp Shimmering Whoosh, Reverberant (1)	wav	3.07	CinePRO Sound Design	SFX	
1x9cI38SzRvegQFs-GMq5gKaOWpRfbQqW	Crystal Clear - Sharp Shimmering Whoosh, Reverberant (2)	wav	3.07	CinePRO Sound Design	SFX	
16xl2pkWumFhWmnUpwnPKtfm1zWbGPhNt	Curtis Cole - Odd Numbers	wav	229.15	CinePRO Sound Design	PLAYLIST	
1j-yRTHnwJtFj5pLN4PoxXto2lz1fXXdQ	Cymbal Clutter	wav	15	CinePRO Sound Design	Essentials	
1cLRosDsrlPNROa7WIsv1HR_PrVGdgz0f	Cymbal Clutter 2	wav	9	CinePRO Sound Design	Essentials	
1vJ3PdQjG6g-g8jcEuTvU51yJkDy00yKd	Cymbal Roll Whoosh	mp3	2.46	CinePRO Sound Design	SFX	
1ezAhQvW3wREAwMEs-SeOhsmJNmuW1t0V	Cymbal Roll Whoosh	wav	2.42	CinePRO Sound Design	SFX	
1aUDUCX1TkSxqMLeKVs7vgTjts62h9N1v	Cymbal Roll Whoosh (delay and reverb)	mp3	5.41	CinePRO Sound Design	SFX	
1fVL3yrYD3eO99KIEvOxtUvsn9oWYjBP8	Cymbal Roll Whoosh (delay and reverb)	wav	5.38	CinePRO Sound Design	SFX	
1YO-PVWVsGu0YBTCqxZ2T4SB23p5yyP9B	Cymbal Roll Whoosh (reverb)	mp3	5.41	CinePRO Sound Design	SFX	
1BMNoOKiSueVuY9MyftbSG9qfnbycLFsc	Cymbal Roll Whoosh (reverb)	wav	5.38	CinePRO Sound Design	SFX	
1V_ANw7d2x7bf1BBIgJfBEGERobwGRZ0C	Cymbal Shing 1	wav	21.5	CinePRO Sound Design	Essentials	
1lo7ggj5o2e13MVRQ6J5Gd0sNB8cISvNT	Cymbal Shing 2	wav	18	CinePRO Sound Design	Essentials	
1cgWNKQkF-wKdipnSovCBB93UIVZayjVF	Cymbal Shing 3	wav	15	CinePRO Sound Design	Essentials	
1RR4YnlAljAMQ7Uz0LzCzIYLH9JvbIofc	Dance like Mike	mp3	180.98	CinePRO Sound Design	PLAYLIST	
1wlQ5Srj_1JWLSwZD50YJwiM83VjfY78O	Dance like Mike STEMS BASS	mp3	180.98	CinePRO Sound Design	PLAYLIST	
1z_N8y1myg0rySmqawGP18rshoUJWtx3E	Dance like Mike STEMS DRUMS	mp3	180.98	CinePRO Sound Design	PLAYLIST	
10S4KWR3MuiNZdSZQR3eT0JRsHMojhM4t	Dance like Mike STEMS INSTRUMENTS	mp3	180.98	CinePRO Sound Design	PLAYLIST	
1MlGYvIwg68bu5Tdndts9_k05BHoYE9_-	Dance like Mike STEMS MELODY	mp3	180.98	CinePRO Sound Design	PLAYLIST	
1HktoHNqWTUgvh4VsOYYAbuAnFtL2K4W8	Dark Electro Pulse 1 - Medium	mp3	2.04	CinePRO Sound Design	Essentials	terror
15IDDJiNk2DHMEnsCepnmtv3CU-DyNcSJ	Dark Electro Pulse 2- Medium	mp3	2.07	CinePRO Sound Design	Essentials	terror
1nJpI57k-Q4jaej434KYJBKmaTaOIwn9B	Dark Traveler - Medium	mp3	2.07	CinePRO Sound Design	Essentials	terror
19AeBDAlydGnxcTSWOxKl027XqWDkkDHA	Dave x Central Cee - Sprinter (Instrumental) (256)	mp3	229.28	CinePRO Sound Design	PLAYLIST	
1Z1lQE0EVPHeoELrBIkghVP63oOE9ozBy	David Morton - Betrayal	mp3	65.88	CinePRO Sound Design	PLAYLIST	
1KWMDg-a-s7xztzQX2045S3HHjDzF2FCb	DB studios - Wine opening corkscrew squeak and pop	wav	4.01	CinePRO Sound Design	SFX	
1tAfT_LtX5vgg8_n_VL8ZR2hGGgHBU3ug	Death Spin	wav	6.63	CinePRO Sound Design	SFX	
1QOdx68VCLrIo_eO4ERRrOhkr0EuMH87V	Deep Long Whoosh	wav	5.53	CinePRO Sound Design	SFX	
1Ca3RmnqTrmqqKap6Z-jJ4_hA3gEpY-7Z	Deep Rumbling Drone	mp3	27.48	CinePRO Sound Design	SFX	documentario
1s_C5ygDIRunV-cu7I4Ibb-sw5WFyjd_I	Deep Sub Whoosh	wav	6.28	CinePRO Sound Design	SFX	
1ir3YvAtKqmX2B8VXFkx5vVNMyo1lO3Vh	Deep Swell Riser	wav	5.75	CinePRO Sound Design	Essentials	
1RTjV_zE1Rto2RSefms2NrH0BlQkyAYt8	Deep Whoosh	wav	4	CinePRO Sound Design	SFX	
1kEsEeR-sDpTo_oLQ-frJas2BJ6hdSdit	deep-low-whoosh-SBA-300462094	mp3	2.59	CinePRO Sound Design	SFX	vlog,corporativo
1aEVH9U8Wq5-led_kbA21GACqJPfQz6Zf	Delavoh - Always with Me - No Lead Vocal	mp3	181.32	CinePRO Sound Design	PLAYLIST	
1Kw6-elbeCDasO1SpCuLk0ZyF9kEkGocb	Delay woosh-TCE_03	wav	9.33	CinePRO Sound Design	SFX	
1uHgSYHkfofCsuA1VfwptlFG9PWtNkhZH	Derek - Fashion (slowed+reverb)	mp3	228.47	CinePRO Sound Design	PLAYLIST	
1WBndBXfCWbFZ2A8PsDN1BbLC9JRGwU3F	Desert Wind	wav	16	CinePRO Sound Design	SFX	
1LJvjRDSI5b7b_0JsqWTRUsNVNdTnELSK	Desert Wind_01	mp3	30.04	CinePRO Sound Design	SFX	
1eIFUMg1I0UbHfJaT_NW_nfqDzmxFk7CG	Desert Wind_01	wav	30	CinePRO Sound Design	SFX	
1n5bVhywWo-w2yb3S6Saa0Iw1GHlprUZH	Desert Wind_02	wav	60	CinePRO Sound Design	SFX	
1XaRt28t88Bw4y38FCyaGo_LG7p-6kN4X	Desert Wind_02	mp3	60.01	CinePRO Sound Design	SFX	
18NqimGCbX2kM9xh9pkJit26AMOQjiM3Z	Desertion - Experia	mp3	101.54	CinePRO Sound Design	PLAYLIST	
1lX9EcJ-7ngKe3IUMhKvshD_wrRJS6Bcf	DessolateYellow	wav	99.87	CinePRO Sound Design	Essentials	
1VIK795Ru4yAV1In-9bokkqKaq3jTsbY4	device on eletronic	mp3	143.07	CinePRO Sound Design	SFX	
12cx92R2YYvUSLtl5oMNb_nKas5ajgmCZ	Different Sounds Inside a Sailing Ship	wav	178.32	CinePRO Sound Design	SFX	
1QPGOfi-tEAEgqrBkRapaDLxogtipUNf6	Different Sounds on a Sailing Ship	wav	187.89	CinePRO Sound Design	SFX	
1T_6lWuojd0E-_pl_676mKQDgksfE_mps	Different Tuk Tuks Drive By	wav	49.73	CinePRO Sound Design	SFX	
1G9FoGdLpsaGqTkz_GvNLEBrGSfWhyvTA	Digital Camera Shutter1	wav	1.2	CinePRO Sound Design	Essentials	
1qwEUtfq-cRxjyb5-Y3HitUOu4_4UMy3T	Digital Camera Shutter2	wav	1.06	CinePRO Sound Design	Essentials	
1TIFU6ppCHHGdhBHgrpvpEt8byTSw8TvE	Digital Camera Shutter3	wav	1.52	CinePRO Sound Design	Essentials	
111RMJE6_ozCXAUqe2CpARlFWhu69eMk7	Digital Camera Shutter4	wav	1.18	CinePRO Sound Design	Essentials	
1vFmQRSPngwrnvFK2ioxfG132eqoJskVe	Digital Camera Shutter5	wav	1.18	CinePRO Sound Design	Essentials	
1hQyaN0KgaTr2kvUevlhhcydt4ynGsVYQ	Digital Camera Shutter6	wav	1.18	CinePRO Sound Design	Essentials	
18lERncCCrzEcc2L2Zb1K9cvjnjYgm2cy	Digital Typeing Code	wav	6.37	CinePRO Sound Design	SFX	
1NigYUrnGEnL7CN96tRmr2AnI0Cb2hXJ_	Digital Whoosh wav	wav	6.5	CinePRO Sound Design	SFX	reels
195U5stUJT4cdD7T2wS17PSTW6HzZmdDo	Digital Wind Rise	wav	28.07	CinePRO Sound Design	SFX	reels
1Z4jBh_dSfWSVN--eO-CwVU33bKyrQNod	digital_data_1	wav	2.87	CinePRO Sound Design	Essentials	
1tafqUVNlzzowE6jqIJyUlBUQQlbJnUIP	digital_data_10	wav	5.12	CinePRO Sound Design	Essentials	
17jSr0yNVHLL7xgMwD4EbJIMhHpqOmwJG	digital_data_11	wav	3.3	CinePRO Sound Design	Essentials	
1RC2xm-mo_GrKh0Zt-76--QLlMQlygdVS	digital_data_12	wav	6.23	CinePRO Sound Design	Essentials	
1BiHn176kFC6UIsdHkP9txHGA6iTGL_aL	digital_data_13	wav	5.89	CinePRO Sound Design	Essentials	
1lnGtie_UDBl75HSeg1TVyB9Djhs7rcg9	digital_data_14	wav	6.29	CinePRO Sound Design	Essentials	
1d4m_KqbMVmNO-Nl4popo-eFk-6kB2fhS	digital_data_15	wav	7.62	CinePRO Sound Design	Essentials	
1oXy4vxmFTEDutwGKvsxzrTUl7HWt11IL	digital_data_16	wav	6.5	CinePRO Sound Design	Essentials	
1Cmy9_DX2cBJ82s34M0TOM76oz-0RhJpt	digital_data_17	wav	12.68	CinePRO Sound Design	Essentials	
1vsGJ-Jp9K_gv43b5WpMPB8EJ6f583Rrt	digital_data_2	wav	3.47	CinePRO Sound Design	Essentials	
1rAHt6vyyd404TbXAWimefF0j2cWvnD1c	digital_data_3	wav	3.48	CinePRO Sound Design	Essentials	
18lQckr3r0Xw-o5O40FjF5-jeurSs6cFv	digital_data_4	wav	6.47	CinePRO Sound Design	Essentials	
1pSgnlQisYXIgnPJd80s6nRu6CDI_aUxV	digital_data_5	wav	13.31	CinePRO Sound Design	Essentials	
1HMgAwFTc-eFGsp7H8_-p2gSuya2saflX	digital_data_6	wav	15.27	CinePRO Sound Design	Essentials	
1JRbmfBCOAgo4Xl1bgjX-pRG6PdE63NqU	digital_data_7	wav	5.83	CinePRO Sound Design	Essentials	
1D6e7jTOh3hw9d5H6jlYt9DFo4g65rJ1R	digital_data_8	wav	7.2	CinePRO Sound Design	Essentials	
1PxsxhMvF9pUwW8-7sZ9rBv9l1nhMxda9	digital_data_9	wav	5.73	CinePRO Sound Design	Essentials	
1YEGJGWIJhYpxIJAwfqa2cZ3Tz5yfOWxZ	digital_data_up_down_17	wav	2.58	CinePRO Sound Design	Essentials	
1UkZA2gN9hWpNYYCsVb-r_r_DNVGTxw2B	Dimitrix - Si Tu Te Tiras - Instrumental Version	mp3	128.13	CinePRO Sound Design	PLAYLIST	
1eXtNAHpP0_eQbOC5kRgIAXJDAOV0Tocu	DING BELL 1 (0-02)	wav	2.75	CinePRO Sound Design	SFX	
1TqW7AQjIFO_bSRmpdey7o_3R884FRO0T	DING BELL 2 (0-04)	wav	4.25	CinePRO Sound Design	SFX	
1vMbPx-KUzmc7sSI5hscfELcHu9fd9yDG	DING BELL 3 (0-04)	wav	4	CinePRO Sound Design	SFX	
13OyDKp8788eEAl6nTe4rn1gu76VnL9GC	DING BELL 4 (0-02)	wav	2.85	CinePRO Sound Design	SFX	
1ydpDr_9sEa2PHnGxYFwuOJPk80fbIy4i	DING BELL 5 (0-01)	wav	1.78	CinePRO Sound Design	SFX	
13czPzmY4ha6bjgSctPGEsS29SSTDS2gY	DING BELL 6 (0-01)	wav	1.58	CinePRO Sound Design	SFX	
1pQcwwRcPLD80PD7LJS2EZObIYs1a9A4e	DING BELL 7 (0-01)	wav	1.69	CinePRO Sound Design	SFX	
1RVtq1bPyF7-U6k_BGJ_DYVEyiaviJ_tG	DirtRider	wav	113.53	CinePRO Sound Design	PLAYLIST	
1ToKWJWIEJueAXlWmwGr5VP1xmRbB7XP9	Distant Dog at Night	wav	9.4	CinePRO Sound Design	SFX	
1J22_wTeZ-u2CnP8RgeRVEPAWXMUO0XZw	Distant Rumble Background	wav	64	CinePRO Sound Design	SFX	
1dBe-CV7FuM5WHEYqVak8J96YQz0663j0	Distant Whoosh	wav	3.76	CinePRO Sound Design	SFX	
10-Ss4LvGzjN_Gz0n6TxqKf1aSWWbZ9Uk	DJ Khaled - STAYING ALIVE (Official Audio) ft. Drake, Lil Baby (320 kbps)	mp3	179.15	CinePRO Sound Design	PLAYLIST	
12Nm_beC6rj8_DpKOIOnj0H_V4_l2y0FF	DJ Set - Cinematic Riser	wav	12.21	CinePRO Sound Design	Essentials	
1PvrQQ1EJELBhi2MVvEus_vV_HwfTQq2f	Do It Now	wav	144	CinePRO Sound Design	PLAYLIST	
1xS8VdA_jVQwdNxPB1LPh4_as8Du_L2aL	door_close_1	wav	1.97	CinePRO Sound Design	Essentials	
15jsW6N60pqR-bu-Yiy8PoyC-A7-VNO8d	door_close_2	wav	4.59	CinePRO Sound Design	Essentials	
15EQ4da1y45Fy50OSK2rLDS4UICwMcAZg	door_close_3	wav	1.33	CinePRO Sound Design	Essentials	
16dTeFV3VfMODVd8f4GR0rtLH-iiwiX5K	door_close_4	wav	1.26	CinePRO Sound Design	Essentials	
1NotOTFV29QKkGaqoHdyw1NqBLl5POzT5	door_close_5	wav	0.93	CinePRO Sound Design	Essentials	
1degBDyB-70AevwoH_K0bUsWpJbB4ZRdN	door_close_6	wav	0.89	CinePRO Sound Design	Essentials	
1efa6yVJSihLlr8nEmIryFqsop6jUQzWI	door_close_7	wav	0.98	CinePRO Sound Design	Essentials	
1jHDuINAAuFIETzPk3cLfuOwxQ8Bxesy-	door_creak_1	wav	4.54	CinePRO Sound Design	Essentials	
1tNbw_HpFwPIGbR7BAlmxrgnIsnLfK9jx	door_creak_2	wav	7.05	CinePRO Sound Design	Essentials	
1I6VQMRqewqtLuEuB_CO-6Uc4kPc1vLvP	door_creak_3	wav	3.54	CinePRO Sound Design	Essentials	
12xFFp9-HSIklP6W700x6sre30axkbU7X	door_old_wood_close_1	wav	0.98	CinePRO Sound Design	Essentials	
1zcxoTg6nxgZkT-LqZc-BGNCXAdD3DAgJ	door_old_wood_close_2	wav	1.22	CinePRO Sound Design	Essentials	
1SH3gbp5cCkhbnLbQX6jp-cG-p1IpRKks	door_old_wood_close_3	wav	1.65	CinePRO Sound Design	Essentials	
1iZhbuNT_kjp3OvWJT0gbNTa0EAw8yayg	door_open_1	wav	0.88	CinePRO Sound Design	Essentials	
1if--f3167Ypz1jMvzsy4h4DKS_98D6l8	door_open_2	wav	1.96	CinePRO Sound Design	Essentials	
1n_K2lbdNEYLWS97yc6iiw2N8FZudQNpm	door_open_3	wav	3.19	CinePRO Sound Design	Essentials	
10IZRwmKlvk_0yzRRT39IxXLKM2BbdIiP	door_open_4	wav	1.76	CinePRO Sound Design	Essentials	
1BJszlJOUNkQr2Cb2PGGENvvysz2RZIwM	door_open_close_1	wav	2.55	CinePRO Sound Design	Essentials	
1-Z8TiHNhcnKuWQXE2HUz8fNCuKqRwuvR	door_open_close_2	wav	6.37	CinePRO Sound Design	Essentials	
1zHyDw4Y_0x_Bkuyw3ChzTuGTB38BN5BX	door_open_close_keys	wav	9.91	CinePRO Sound Design	Essentials	
1xrQIShVMzytANg3LQ-dglj3yMg_p80ZQ	door_slide	wav	7.51	CinePRO Sound Design	Essentials	
1ejle8NJen8ZXmrNh1dtM3ybv50UeydtU	Downer	wav	5.5	CinePRO Sound Design	SFX	
1RYxmXWTvtKRoTWYun9ICrze--1QMad83	Downer[0-05]BY_OSPRODUCTS	wav	4.5	CinePRO Sound Design	SFX	
1evY7ckCAwR9q-fvQS-pb0zMwyLQ20SB5	Dragon Boys - Phonk House [Phonk Brazil]	mp3	163.03	CinePRO Sound Design	PLAYLIST	
1g-oyGT8hVKfxHARO8YvJJJkrubgejKq2	Drake - Can I (Tiktok Version & Sped Up)	mp3	162.1	CinePRO Sound Design	PLAYLIST	
1sSV1JE7D6Q8OzFn_O0QPz-H8HruoLbnj	Drake - Can I [Speed up & Reverb]	mp3	170.42	CinePRO Sound Design	PLAYLIST	
1wA-PplPqV_9zhvMQx6tDn9Vw3Gh4L6oA	Drake & Lil Baby Yes Indeed (Pikachu) (WSHH Exclusive - Official Audio)	mp3	145.9	CinePRO Sound Design	PLAYLIST	
19y4OM6JUQ--376NtPfbqCjfLhyOlQYtT	Drake, 21 Savage - On BS (Lyrics) (320 kbps)	mp3	262.19	CinePRO Sound Design	PLAYLIST	
1POS2qWSG6JbdNIATca5nuk1mtWLwH4K9	Drama_Longo_Epico	wav	19.2	CinePRO Sound Design	SFX	
1gUqXkPUpHho5470gh2rMUDhtH3ABtydX	Dramatic Hit	wav	4.02	CinePRO Sound Design	SFX	
169iJ40uZBEpDQs7Y0Z0TMaE6b9tr60Wd	Dream A Little Dream Of Me	mp3	213.6	CinePRO Sound Design	PLAYLIST	
1L0JaF8FUbkZkZ_vzm4PLdZFSNKl8So87	Dream Catcher Whoosh	wav	5.15	CinePRO Sound Design	SFX	
1fmH9LD16VejpGaMndID7zLwIWBUNsWCP	Drewmat - The Code - Instrumental Version	mp3	147.23	CinePRO Sound Design	PLAYLIST	
1T_OcLeZpe7VK3FsJNdlHAWSAVfa9PmRJ	Droid001	wav	2.06	CinePRO Sound Design	Essentials	
1HrrcuAIHDfE5kcpcSMM2mBQjfmI8M62o	Droid002	wav	6.16	CinePRO Sound Design	Essentials	
1Rz-lSpxMW0al7D0TUyQSGsaSmjOxZwoR	Droid003	wav	1.38	CinePRO Sound Design	Essentials	
1yHYZFtbLNW9zCZUvSGyfjV0B87kFs5gP	Droid004	wav	1.38	CinePRO Sound Design	Essentials	
1wBj-FZi6VIVg3jr0IRqlA6OgT94C08oy	Droid005	wav	1.38	CinePRO Sound Design	Essentials	
1JdbN_fv1YsTJPKLx7zd-l_WkCGSPPgul	Droid006	wav	2.06	CinePRO Sound Design	Essentials	
1gJdX7UZvZwmkDJG5bXZJ60__SC_sO8c9	Droid007	wav	1.38	CinePRO Sound Design	Essentials	
1Nu8I46KTS4Su2nY3aVrhJtxEuca6eJcg	Droid008	wav	1.38	CinePRO Sound Design	Essentials	
1zXJIQj5CIhxVvkxx-w2UnFWgnsqNmKOX	Drop Out Arp	wav	3.48	CinePRO Sound Design	Essentials	
1k8o2smD4-e6aHs5S8tbOrbBVVaU_bYzH	Drop, Explosion Whoosh	wav	9.25	CinePRO Sound Design	SFX	
1VvU2x_Rp0Y2WiiLWI3lE3mzF_C2qJ9Ef	Dropped Cymbal	wav	6.33	CinePRO Sound Design	Essentials	
1XNSRYuiLHI9qn1an0xk_UTonCvuraISF	Drum	wav	2.85	CinePRO Sound Design	SFX	
1O-zPuZA43Kq4htUlJzYG5Q4W4LeyjM03	Drum Slush Impact	wav	5.17	CinePRO Sound Design	Essentials	
1NdzHWpVNpqcz9xZTX0QH3-mL4s3kZ3xW	DS 01 Air Dock	mp3	7.73	CinePRO Sound Design	Essentials	reels
1mkArmG0K78C8J4A_fm0eW9fF7I_qiXDW	DS 01 Bright Start A	mp3	17.86	CinePRO Sound Design	Essentials	
1LiqYd-qYHiygHJJ_tyU7LR6lSdkA3F_w	DS 01 Existence	mp3	53.14	CinePRO Sound Design	Essentials	
1UT7GgUjWMG7_td97HLK7oGCfsou3NG1x	DS 01 Moment of Truth	mp3	9.48	CinePRO Sound Design	Essentials	
1-NnAUIfnmLl7_FVuai2X3A_2ovINYwl4	DS 01 New World	mp3	11.24	CinePRO Sound Design	Essentials	reels
1VAi8PsaTux69b2PLz28tQXeASZC-mYDh	DS 01 Pin Points	mp3	58.25	CinePRO Sound Design	Essentials	
1LJ8z2b_jvDYv7PhUvo63enuWlp5LRw3y	DS 02 Bold Hit	mp3	8.16	CinePRO Sound Design	Essentials	reels
1OSvCdsVmGQZ0bp2ehSaE94XwZ5UT6DLE	DS 02 Bright Start B	mp3	7.85	CinePRO Sound Design	Essentials	
1lje5WpzDjQHqTF-hGzv96c2gI1lBdADS	DS 02 Dimensions	mp3	74.4	CinePRO Sound Design	Essentials	
1RmGc73EKTmGHeLtwl-CS_PHh8rbTy_zc	DS 02 Dream	mp3	8.6	CinePRO Sound Design	Essentials	reels
1jfc3PySc3zuAVaR3BEwznSJY24TmjDvg	DS 02 Transcend	mp3	58.54	CinePRO Sound Design	Essentials	
1P_29ntIutj3B5y1oipY5j67MRFUSgeg0	DS 02 Velocity Whoosh	mp3	3.17	CinePRO Sound Design	Essentials	reels
1YdyYB4ssttkS6HFTMC2MIAJ1O6guMNRc	DS 03 First Light	mp3	39.17	CinePRO Sound Design	Essentials	
1BNBvh0DMU99e05zPOp6CivQQCT58GyNu	DS 03 Human Touch	mp3	16.3	CinePRO Sound Design	Essentials	
1FhaMWTxeFp3hZHzYPc4RxLO97znC5R6L	DS 03 Surface	mp3	7.56	CinePRO Sound Design	Essentials	reels
1pzb8zmhmL8xsxFsJBcVWM2c_lroN7U26	DS 03 Travelers	mp3	5.07	CinePRO Sound Design	Essentials	reels
1NKSW-krMneWh1chJwUliFyXQLi5qNWtf	DS 03 Weightless	mp3	51.94	CinePRO Sound Design	Essentials	
1kA9RvsPnKv4Is32fcm393RJuq70SeNuy	DS 03 Whoosh Hit	mp3	8.09	CinePRO Sound Design	Essentials	reels
1Rhkja_W5JI3fn60xH782IkQfVwurpi5j	DS 04 Definitive Hit	mp3	6.65	CinePRO Sound Design	Essentials	reels
1OkiD_exL_NaYkBmyVdJcgsvZRfJOlYC-	DS 04 Distant Energy	mp3	57.75	CinePRO Sound Design	Essentials	
1w0me4z-9vStkKE5qeXO7LZTaIRK3Jtiv	DS 04 Gentle Gleams	mp3	26.81	CinePRO Sound Design	Essentials	
1t-7MHtAowROJXi4674tuooc78g2vX31B	DS 04 Paradox A	mp3	10.9	CinePRO Sound Design	Essentials	
1d6_ihoJSgcJHi9vJYzSK3j6Ch5u5GcT5	DS 04 Storm	mp3	6.22	CinePRO Sound Design	Essentials	reels
1e4vVqVy71zOFUdB0QBVEPpQUAnFRPJfN	DS 04 Uncharted	mp3	7.13	CinePRO Sound Design	Essentials	reels
1kJZ-4nop81J0XgzCQ8Jsj4NdXbIJeeu_	DS 05 Arriving	mp3	8.84	CinePRO Sound Design	Essentials	reels
1GIHgfBIlu5My4fDQRMhRtuh96PREzhis	DS 05 Exhale A	mp3	7.44	CinePRO Sound Design	Essentials	reels
1Lyo-0fNpHRQReikxPfPiIlztwzP6bxG1	DS 05 Hum	mp3	37.9	CinePRO Sound Design	Essentials	
15i52iSM01RzxkMrEfyOqzD0g1SGQ3skB	DS 05 Paradox B	mp3	15.77	CinePRO Sound Design	Essentials	
1YnDm5GAteSmChafZp7iJ3UB4nfyqN-NM	DS 05 Resonance	mp3	58.35	CinePRO Sound Design	Essentials	
1gGKrPEAGzNrG0V62W_9_m6XrhXdfsfBD	DS 05 Subtle Hit	mp3	3.6	CinePRO Sound Design	Essentials	
1O9pheLKVF3CfW2A_TOCXRDdeg5b7NitB	DS 06 Afterwards	mp3	47.12	CinePRO Sound Design	Essentials	
1Dfkp4jGFWU9UIcCzKyjhoFdDeU4dlTol	DS 06 Below The Surface	mp3	52.4	CinePRO Sound Design	Essentials	
1o5fpo587oHrYVm3fdVAdBQpkz9Ap6gj0	DS 06 Exhale B	mp3	7.71	CinePRO Sound Design	Essentials	reels
1mx0LkquR7NS6pgRYvTPmBRBkCRbZ_p1i	DS 06 Powerful A	mp3	16.56	CinePRO Sound Design	Essentials	reels
1oyc1hD4xqdqP790aILsELwZ83TLE8O-q	DS 06 Prisms	mp3	7.71	CinePRO Sound Design	Essentials	
1DZ7q4HUufun7_YTpF7M6WKU-ci9kb9OL	DS 06 Serious Hit A	mp3	11.55	CinePRO Sound Design	Essentials	reels
1qpGcCdH1gD_1Vq2QZa3BRGFsR0pJeC1Y	DS 07 Coldness	mp3	26.66	CinePRO Sound Design	Essentials	
1FqiiZJodeazpL6z9tYNbd8-X5Lu3lZmQ	DS 07 Conceptual	mp3	5.52	CinePRO Sound Design	Essentials	
1E9ETfWjQEMJdeUWwTHkPXBLQ_Fa2PWAK	DS 07 Exhale C	mp3	8.86	CinePRO Sound Design	Essentials	reels
1-wWkeuEjnw5yt0lAU6GSBHcUDJEZeHIt	DS 07 Powerful B	mp3	16.56	CinePRO Sound Design	Essentials	reels
1qF-rccK3rfuXv7TBvGnLJ6A0IvpKoIM0	DS 07 Serious Hit B	mp3	5.62	CinePRO Sound Design	Essentials	reels
1oiFI9TRUJYQ0m2YVnWigI3x69SGquwVN	DS 07 The Factory	mp3	60.87	CinePRO Sound Design	Essentials	
1MahP-G6wpmrLAu2WDX5UbUt9kUSP9FPU	DS 08 Dark Build A	mp3	11.48	CinePRO Sound Design	Essentials	reels
1VDx2sYl4DkUPWFbTP-n8xTbQbC_oIRUd	DS 08 Distant Lands	mp3	14.55	CinePRO Sound Design	Essentials	
1S86IAhoO9_8ZnmFAo1YiXeeAKOJszuTN	DS 08 Growing Old	mp3	54.98	CinePRO Sound Design	Essentials	
1svvx35G2eD4Kqi4zlZEDlJJZazJXhdO8	DS 08 Slow Whoosh A	mp3	10.11	CinePRO Sound Design	Essentials	
1OfhDTOdeD8O5Sj_UsMSiXALscTUGAjGx	DS 08 Standstill	mp3	40.95	CinePRO Sound Design	Essentials	
14kKvHwWJaHRKTwqe9lvkJOa1RRO9SOmH	DS 08 Throne Drop A	mp3	10.4	CinePRO Sound Design	Essentials	
1A1aGGYyYQR8jNRulFKEkP1TF6YpTvEsG	DS 09 Certainty	mp3	51.53	CinePRO Sound Design	Essentials	
1dPsYfKH8wzKIt_7SC5Y25rXzpXdIFZ2f	DS 09 Dark Build B	mp3	10.83	CinePRO Sound Design	Essentials	reels
1Nup9ojTucgqm9GmyRM4GVOTAMoN1XNLd	DS 09 Slow Whoosh B	mp3	11.43	CinePRO Sound Design	Essentials	
1rLxIkTbbGnPlTFvOLPxEYRmlE6ufcrAG	DS 09 Super Clean	mp3	8.81	CinePRO Sound Design	Essentials	
1t_xwRBEUJ5lZJL16dF-MG067xzyADDWY	DS 09 The Furthest	mp3	51	CinePRO Sound Design	Essentials	
1hMJQ6zdpMjeYd0XW4kklXRKYyaXtDdI-	DS 09 Throne Drop B	mp3	7.52	CinePRO Sound Design	Essentials	
1DpTcxlMGwXxuvlWTfgrATWuhyzoHlR-I	DS 10 Drop Whoosh	mp3	5.31	CinePRO Sound Design	Essentials	
1mAbYsG31o8MBrm5xRYdoaBpzGfVMtQgh	DS 10 Massive Strike	mp3	6.8	CinePRO Sound Design	Essentials	
1ILKSYB6mi4ukA1SkWslbjS_2ah5WLzkn	DS 10 Radiance	mp3	5.21	CinePRO Sound Design	Essentials	
1Q_Gtxdbp6f9qmdikVb2KrAwJb5LQN6AS	DS 10 Regenerate	mp3	8.12	CinePRO Sound Design	Essentials	reels
1yJoPSp_9AAAZIncgOgsL-WZfnHa73g-c	DS 10 Reverent A	mp3	34.73	CinePRO Sound Design	Essentials	
1i970EMTeceTyTJCGNTLMWwJSBwc8Pizc	DS 10 Slow Tone	mp3	39.2	CinePRO Sound Design	Essentials	
1RPgHHxcG_o7YfHZ62t2WmEWMhszYKLZL	DS 11 Concern	mp3	18.29	CinePRO Sound Design	Essentials	
1jZpUcqWCsJZXjqg53wzTUbyoqkljDVVv	DS 11 Continuum	mp3	41.91	CinePRO Sound Design	Essentials	
1jd_vBEXsd_SE_Rm2Ecb5RSk7WpsIALDg	DS 11 Enemies	mp3	13.25	CinePRO Sound Design	Essentials	
1mV4Kygh6MBzdn98_Z1j8SmyLXS7Mzg5Y	DS 11 Overwhelm	mp3	5.38	CinePRO Sound Design	Essentials	reels
1j3VRQViiaXsxDCH_b6HnF57FNdyX8Rc1	DS 11 Reverent B	mp3	43.95	CinePRO Sound Design	Essentials	
1UmEY_mjlvumvte_5CsD73X--O84xlGU3	DS 11 Rising Electricity	mp3	33.15	CinePRO Sound Design	Essentials	reels
1Z2Op_RN90DcOnbLAyHF9yapQbp70Adfx	DS 12 Charging Up	mp3	20	CinePRO Sound Design	Essentials	reels
10pK1y5EB8kV5kc06eZ6ixGvRZ81h14sS	DS 12 Depth	mp3	3.24	CinePRO Sound Design	Essentials	reels
1mke8nWtpKN7KPGf8UzOHW0twN9PCgrX9	DS 12 Glass Machine	mp3	53.93	CinePRO Sound Design	Essentials	
1fV0MHHPGaVm0nPrCD-lNObf4s986r8ui	DS 12 Out Of Place	mp3	8.16	CinePRO Sound Design	Essentials	
1pViAdZB1PXaRmgpDHB7iehXepFfMHU1z	DS 12 Outer Darkness	mp3	35.69	CinePRO Sound Design	Essentials	
19NsbN2a59ANh73JjSjmBMSSm0WOSgIPs	DS 12 Tunnel Hit	mp3	9.51	CinePRO Sound Design	Essentials	reels
195e6G1vfBXpBzw2r6dcoxsQhc6hE-H_I	DS 13 Down There	mp3	59.28	CinePRO Sound Design	Essentials	
1vYRqzm29dX3j3aMOP0pGHugWhbkKz8Yn	DS 13 Glass	mp3	4.78	CinePRO Sound Design	Essentials	
1D9lzkHU_LOpCH-bu6-Et5q0nhDzV-DfR	DS 13 Long Whoosh	mp3	5.79	CinePRO Sound Design	Essentials	reels
1BWJVo99o3IHx1CGQuBT3ih1bQDEGYJRl	DS 13 Problems Arise	mp3	21.96	CinePRO Sound Design	Essentials	reels
1WF1HMwGXclUHQWKpyFIJtCUioVVZzmX5	DS 13 Turning Point	mp3	9.72	CinePRO Sound Design	Essentials	
11UDYk01pVeQceHcBDRtYZSlEATITNBej	DS 14 Boiler Room	mp3	56.43	CinePRO Sound Design	Essentials	
1SkgCqi5sE2J34J1T4fODMGygFgapqX9k	DS 14 Breach	mp3	8.88	CinePRO Sound Design	Essentials	
1xmYj_YDU1H11BuYaGWtenUxUHH15X_XT	DS 14 Futuristic pan	mp3	7.08	CinePRO Sound Design	Essentials	reels
1vF0or_BPDNDpXRbybX_qgxXC_Lkk3jy7	DS 14 Jet Thrust	mp3	17.91	CinePRO Sound Design	Essentials	reels
1pctKUC54q6FYTcURqq0Xt7iyOw-IhOcM	DS 14 Tunnel Chatter	mp3	5.33	CinePRO Sound Design	Essentials	
1zK4-dDLntldNkBarwaxwR4H8fKkrdRIX	DS 15 Cables	mp3	6.08	CinePRO Sound Design	Essentials	
1V-DsZzktYV5FZap_h24iGv6mr5fOT7rb	DS 15 Dark Game	mp3	7.95	CinePRO Sound Design	Essentials	
1bI-XCg0wPiSJFZz3bs8zn7bQJ9LVoadU	DS 15 Quick Pan	mp3	2.43	CinePRO Sound Design	Essentials	reels
1dnMaaZilHXLr0PQxzrkXg-i97_TmTn75	DS 15 Stranded	mp3	48.63	CinePRO Sound Design	Essentials	
1xltyh2s1Lwr2xwzJIa6lEqt-97Xvlux-	DS 15 Swarm	mp3	14.02	CinePRO Sound Design	Essentials	reels
1j1jMwjJ-UaNI_RE8ymuWwXiqWfFXMf23	DS 16 Hollow	mp3	50.96	CinePRO Sound Design	Essentials	
1hNOlmcRZw4zUNcgjaq451koy3MKLU7Rh	DS 16 Power Cell	mp3	3.68	CinePRO Sound Design	Essentials	
1xCBl2HuYl8cTVciP1sM0TJPtfPcoNvHK	DS 16 Swift Pan	mp3	2.79	CinePRO Sound Design	Essentials	reels
1lsR3Oq4_X6lvftBRC7vAsgh3zdYPdu5G	DS 16 Timestamp	mp3	3.65	CinePRO Sound Design	Essentials	
15t-IDCYJayjjgOIXKb-aVV2ZhcSrJiuF	DS 17 Dark Scan	mp3	6.03	CinePRO Sound Design	Essentials	
1XucH-x5uVk2INZgJ_Iy66F4eMuxW3uiq	DS 17 Lower Deck	mp3	58.28	CinePRO Sound Design	Essentials	
1tkFoUsiF9OhF1Lz94hwo87UENhEzqVzP	DS 17 Pulse Pan A	mp3	4.54	CinePRO Sound Design	Essentials	reels
1n-6WHfOYiW4XARYB1KGYeDcS5unNrPyn	DS 17 Whoosh Click	mp3	6.41	CinePRO Sound Design	Essentials	reels
1RCJrhcSlxUyAG-aLr1l0INADrxnVjn4f	DS 18 Acute	mp3	3.75	CinePRO Sound Design	Essentials	
14KhqfhW_etRMGPymj11RUpz1OQ9QQ02b	DS 18 Clicker A	mp3	3.65	CinePRO Sound Design	Essentials	
1DlA3W-n_CM--8iA62UMBSox3rp-S48U1	DS 18 Pulse Pan B	mp3	3.05	CinePRO Sound Design	Essentials	reels
1x7o_QxrMQvGeNVHUab9iuRjp_NONW3EN	DS 18 Sub Below	mp3	42.12	CinePRO Sound Design	Essentials	
1d9wPaW2XhvL5cz-CT3ez9_scBYHUt1JG	DS 19 Charged Pan	mp3	3.39	CinePRO Sound Design	Essentials	reels
1QT5Y80hnoHx_RLOE1_NpdipK-zvKoUDu	DS 19 Clicker B	mp3	4.56	CinePRO Sound Design	Essentials	
10iZ9NXTq6BMETywlpCkJUpHvdGCLbDhN	DS 19 System	mp3	4.9	CinePRO Sound Design	Essentials	
1o7n9ZD-qVD4goRVLAe2KfCF0ksqgFDlO	DS 20 Machine Whoosh	mp3	6.44	CinePRO Sound Design	Essentials	reels
1gPceDL9yf2Odt8e11K-UCSpqB5qDURxZ	DS 20 Mysterious A	mp3	12.82	CinePRO Sound Design	Essentials	
11vMhFWYIbBIHr9bDYLM9oiLBbF_YIYxL	DS 20 Simple Strike	mp3	6.15	CinePRO Sound Design	Essentials	
1pAkp6jNrIm950FvNizoG2pxJI3qM8eIN	DS 21 Mysterious B	mp3	7.61	CinePRO Sound Design	Essentials	
1CLg53nnpwFqieJQQXYzpjYcZrC2HD0Vo	DS 21 Supersonic	mp3	13.88	CinePRO Sound Design	Essentials	reels
1WI6vbvKaZLvF2SXDkv1aoDHkqhUMdDdO	DS 22 Mysterious C	mp3	11.48	CinePRO Sound Design	Essentials	
1k3olEoAGpHQO3Qg0I_9xM0jvqpLO0Uc2	DS 22 Shadow Whoosh	mp3	7.8	CinePRO Sound Design	Essentials	reels
1pJEOIlSCACcLhUM41cjZqGzYnrEI0UdQ	DS 23 Odd Feeling	mp3	7.42	CinePRO Sound Design	Essentials	
18wUr8qzOOT_vgOu8_gLpO93GVat4cTvx	DS 23 Pressure Leak	mp3	4.73	CinePRO Sound Design	Essentials	
1RaEQAERY87B-hgE43kLG6pwLvoBPTv3G	DS 24 Flange Whoosh	mp3	5.48	CinePRO Sound Design	Essentials	reels
1QJef5PyBUesaq3beI9saBbPAgqphcab8	DS 24 Imperfect	mp3	6.99	CinePRO Sound Design	Essentials	
1OvMPzSzZ8LA2pA2GFEgZbJ7cf7okLvs5	DS 25 Iron Whoosh A	mp3	2.31	CinePRO Sound Design	Essentials	
14LPsONLco4KVx9oQppQv1b1TVfmYEfFf	DS 25 Synthetic	mp3	10.11	CinePRO Sound Design	Essentials	
1DBsn0JgfGikiVhogZCnv2Gzfu7t-iodQ	DS 26 Unsettling	mp3	12.27	CinePRO Sound Design	Essentials	
1rpT2U77tHMS-xufBNh8ndj2oKoyo3iPi	DS 27 Transport	mp3	7.92	CinePRO Sound Design	Essentials	
1OHPHgdADHFclAaJfEDI62ezCKo3EVH82	DS 28 Vacant	mp3	9.77	CinePRO Sound Design	Essentials	
1ykmLAihdXPniFhvWSiLXYPVom3CyC1zk	DS 29 Graven	mp3	8.21	CinePRO Sound Design	Essentials	
1qs4T5EwFSgo2YCDy1bWVL2YhoSiVIdKg	DS 30 Dark Texture	mp3	4.83	CinePRO Sound Design	Essentials	
1HLEWlWt_ayHRjP1_HiSbSKv1ML6P7NDh	DSGNBoom_BOOM-Distant	wav	7.75	CinePRO Sound Library	Foundation	
13eFJ0WkF51P1z3iF6UoLRP5XHXp7YTtJ	DSGNBoom_BOOM-Groundbreaking	wav	4.46	CinePRO Sound Library	Foundation	
1uQa1eOCC57qYOmWgBcSDp2r8tFI3WQuv	DSGNBoom_BOOM-Quake	wav	8.14	CinePRO Sound Library	Foundation	
15mYHOozY5HILjq3A0394g6qHYdcP1EB2	DSGNBoom_BOOM-Rift	wav	8.37	CinePRO Sound Library	Foundation	
1TRqZfvTARFimndklVv7lonCvZWxVx7Me	DSGNBoom_BOOM-Theyre Here	wav	7.32	CinePRO Sound Library	Foundation	
1b2SycFUm-vC8oMaSuRoPcWMAtjQTnjfU	DSGNImpt_DESIGNED RACE SEQUENCE-Engine Stem 01 Octane	wav	4.11	CinePRO Sound Library	Velocity	
1-uSqcDeBuVaka9Zgn-tlyiZThL7Tj_Uo	DSGNImpt_DESIGNED RACE SEQUENCE-Engine Stem 02 Octane	wav	5.2	CinePRO Sound Library	Velocity	
11huv8b7Uzkq7ykLtVfN-5l0fbzteNbt8	DSGNImpt_DESIGNED RACE SEQUENCE-Engine Stem 03 Octane	wav	4.79	CinePRO Sound Library	Velocity	
1H9sRY7zoX9iWp9LCxfhnEeusOSx_YemP	DSGNImpt_DESIGNED RACE SEQUENCE-Exhaust Foley Stem Octane	wav	0.48	CinePRO Sound Library	Velocity	
1D18stCucKLDzuyRnRieX0PncRpDGM8l1	DSGNImpt_DESIGNED RACE SEQUENCE-Impact Stem 01 Blur	wav	1.86	CinePRO Sound Library	Velocity	
1_l5ykmbSmwqJD_tGUflY8AJqt85rSM5a	DSGNImpt_DESIGNED RACE SEQUENCE-Impact Stem 01 Marked	wav	1.92	CinePRO Sound Library	Velocity	
1nRlpXV398TQ-Mq5p3Kdxwqa3w4KhWSqX	DSGNImpt_DESIGNED RACE SEQUENCE-Impact Stem 01 Octane	wav	1.31	CinePRO Sound Library	Velocity	
1o2MMGKdZZqjMGS1AJBCnWw9SouErqKYL	DSGNImpt_DESIGNED RACE SEQUENCE-Impact Stem 01 Overdrive	wav	1.97	CinePRO Sound Library	Velocity	
1tb-tewb_9cixTY1bmz35llTumSQ_S2UU	DSGNImpt_DESIGNED RACE SEQUENCE-Impact Stem 01 Shifted	wav	1.26	CinePRO Sound Library	Velocity	
1hS7ksusQXIMi6XG9gXHI78p1DJWXIfF6	DSGNImpt_DESIGNED RACE SEQUENCE-Impact Stem 01 Sunset	wav	2.14	CinePRO Sound Library	Velocity	
1DPui1Doh7cMNQHaZL-ETXZBoVl9jwn2U	DSGNImpt_DESIGNED RACE SEQUENCE-Impact Stem 02 Blur	wav	1.67	CinePRO Sound Library	Velocity	
1d7R7-6t769uVO3jK196XWx0qs1N3lGrJ	DSGNImpt_DESIGNED RACE SEQUENCE-Impact Stem 02 Marked	wav	1.9	CinePRO Sound Library	Velocity	
1wdzAkUy85FRE8dK7XJnoGDQTU34T-6t5	DSGNImpt_DESIGNED RACE SEQUENCE-Impact Stem 02 Octane	wav	1.48	CinePRO Sound Library	Velocity	
1XQEn3zzQWYcld_1HCzhvHK1nUFCweYLo	DSGNImpt_DESIGNED RACE SEQUENCE-Impact Stem 02 Overdrive	wav	1.68	CinePRO Sound Library	Velocity	
1amfTck0d50Esjwa1QpAiwvQISngq7iOf	DSGNImpt_DESIGNED RACE SEQUENCE-Impact Stem 02 Shifted	wav	1.47	CinePRO Sound Library	Velocity	
1_IcvmIHdBUh77Xcx-NaMxL_ge3hMM9yg	DSGNImpt_DESIGNED RACE SEQUENCE-Impact Stem 02 Sunset	wav	1.47	CinePRO Sound Library	Velocity	
1mswA7vTPXr450IJ2r1csOk4y1-Q7-iO-	DSGNImpt_DESIGNED RACE SEQUENCE-Impact Stem 03 Blur	wav	1.61	CinePRO Sound Library	Velocity	
10teyyBGEs_i8vtuxcR42PnYqeRrq5hu_	DSGNImpt_DESIGNED RACE SEQUENCE-Impact Stem 03 Octane	wav	1.11	CinePRO Sound Library	Velocity	
10gThtA5hjt0eT2z9aG_g5_XgJ5yCdUjO	DSGNImpt_DESIGNED RACE SEQUENCE-Impact Stem 03 Overdrive	wav	2.97	CinePRO Sound Library	Velocity	
1TaRlOHrWmw2oPJYeZg7VA29Dk2x7j2CE	DSGNImpt_DESIGNED RACE SEQUENCE-Impact Stem 03 Shifted	wav	1.28	CinePRO Sound Library	Velocity	
10-p8LehF0F4JFZ9YmTjkAlmmIxEHf-CL	DSGNImpt_DESIGNED RACE SEQUENCE-Impact Stem 04 Octane	wav	0.89	CinePRO Sound Library	Velocity	
15jVRsbkyLJDSA7Dtg3JDDEDX01qwnhKk	DSGNImpt_DESIGNED RACE SEQUENCE-Impact Stem 04 Shifted	wav	1.15	CinePRO Sound Library	Velocity	
13lSdZczFUb2b0u_3VZ6x_qFPhpPn8Fny	DSGNImpt_DESIGNED RACE SEQUENCE-Impact Stem 05 Octane	wav	3.23	CinePRO Sound Library	Velocity	
1GPImjPxiDmvT9vrjxxJi6QnIRRoUIAQJ	DSGNImpt_DESIGNED RACE SEQUENCE-Pass By Stem 01 Blur	wav	2.45	CinePRO Sound Library	Velocity	
1qdTH0KgUTFfdtvULRUtyXIDsJVhd4iJW	DSGNImpt_DESIGNED RACE SEQUENCE-Pass By Stem 02 Blur	wav	2.72	CinePRO Sound Library	Velocity	
1HQzRWcY2CN_IKj-LzUJHclr_xXGn1nS-	DSGNImpt_DESIGNED RACE SEQUENCE-Pass By Stem Octane	wav	3.23	CinePRO Sound Library	Velocity	
1d5iIoqBGFqVFQVEA5a0OekGFdnjrK7de	DSGNImpt_DESIGNED RACE SEQUENCE-Skids Stem Octane	wav	2.7	CinePRO Sound Library	Velocity	
1Y2FecU1FTkhfY8zQciVLVZg2_EypVIXn	DSGNImpt_DESIGNED RACE SEQUENCE-Slow Motion Stem Octane	wav	4.81	CinePRO Sound Library	Velocity	
1_rhdCbsj_NpCtCppAituVHspkHOpFB9l	DSGNImpt_DESIGNED RACE SEQUENCE-Speed Up Stem Octane	wav	1.19	CinePRO Sound Library	Velocity	
1aWN29sszx8Rjh158D64ijzF4BOi8vVXa	DSGNImpt_DESIGNED RACE SEQUENCE-Whoosh Stem Blur	wav	1.65	CinePRO Sound Library	Velocity	
1fUArJjDlbmPgQ4u3GN4maoCe1PLlrUYW	DSGNImpt_DESIGNED RACE SEQUENCE-Whoosh Stem Octane	wav	1.32	CinePRO Sound Library	Velocity	
1R8CRsMQcXzKBqdZdtBQd-4en2iCY19A4	DSGNImpt_IMPACT-Burn Baby Burn	wav	7.1	CinePRO Sound Library	Foundation	
1jebesJ8V7i0ZdInmwFC6vDlFVjq4fCtm	DSGNImpt_IMPACT-Change of Scene	wav	4.58	CinePRO Sound Library	Foundation	
1wTA-VVUzlYuFV2Jydl3P9n4DJFPdW1f8	DSGNImpt_IMPACT-Cinematic Opening	wav	7.93	CinePRO Sound Library	Foundation	
1Pd1yV-JO4Ww1dyO_4NjuOoEBtn0hMMFG	DSGNImpt_IMPACT-Dont Give In	wav	8.11	CinePRO Sound Library	Foundation	
1O1rAkZPwD9LQSJhJbJjdzOnMSMSc3aX0	DSGNImpt_IMPACT-Epic	wav	9.7	CinePRO Sound Library	Foundation	
1Um1OCWAajtzeUyzUlTFEUHSpFEDCR2fO	DSGNImpt_IMPACT-Final Call	wav	8.86	CinePRO Sound Library	Foundation	
11Auo596nOEnsBImE8rVBO_QT1L9H5_Q_	DSGNImpt_IMPACT-Get Down	wav	7.16	CinePRO Sound Library	Foundation	
1GA9v7buWkuZx4VX-OXHxl5fya20dw-Qo	DSGNImpt_IMPACT-Glimmer Hit	wav	5.79	CinePRO Sound Library	Foundation	
1XOWsHwX_qsCtPYF_w7gNF3JROAb8MAZP	DSGNImpt_IMPACT-Gut Feeling	wav	3.9	CinePRO Sound Library	Foundation	
1nqmTAVUTanOzFpktaWsRD2cVzznPRCML	DSGNImpt_IMPACT-Ignite	wav	6.76	CinePRO Sound Library	Foundation	
1FkxCK-UWp77tCFBSr3rqSNoBJ5zfLa-0	DSGNImpt_IMPACT-Last Time	wav	5.71	CinePRO Sound Library	Foundation	
1TAbhhYJ0mxZprPX8pBbQt14f3yKPGw5W	DSGNImpt_IMPACT-Not What You Think	wav	3.45	CinePRO Sound Library	Foundation	
1fq5gNpbDCu6FbmVUWjiACfu9vJgbP-aD	DSGNImpt_IMPACT-Take the Plunge	wav	5.71	CinePRO Sound Library	Foundation	
1soWVH7kN-795PO8VE18lfodtRqHYqMgM	DSGNImpt_IMPACT-Thunderbell	wav	7.66	CinePRO Sound Library	Foundation	
1YORHFUAWXVse5750oA2LuLciSoUvxIAc	DSGNImpt_IMPACT-Time for Change	wav	2.92	CinePRO Sound Library	Foundation	
1icjhZpFQC1F_gui4EINOiNEI1QsUVziq	DSGNImpt_SOURCE RECORDINGS-Impact Stem 01 Throttle	wav	1.81	CinePRO Sound Library	Velocity	
1glx3dDYVy6-fcqdrjsZzMjAs6K5KmmI4	DSGNImpt_SOURCE RECORDINGS-Impact Stem 02 Throttle	wav	2.8	CinePRO Sound Library	Velocity	
1a8l9sBNydvpVNaUgiCyI9NyEKigGHwxP	DSGNImpt_WHOOSH HIT-Chains	wav	6.44	CinePRO Sound Library	Foundation	reels
1ZdQudtKMFALsx5c4o5Du3ppe3rCqCOgd	DSGNImpt_WHOOSH HIT-Clean Rumble	wav	4.05	CinePRO Sound Library	Foundation	reels
1NSCIdumox-WwXWlOoEONHwRDilohq-Uo	DSGNImpt_WHOOSH HIT-Come and Get Me	wav	2.98	CinePRO Sound Library	Foundation	reels
1zfB0yO3sa-v6d9xxwd7Qb5Dl_LVj0wQK	DSGNImpt_WHOOSH HIT-Fuse	wav	8.05	CinePRO Sound Library	Foundation	reels
1hnS78aOWu1S7eMqj_CZ3rOQJxjcGC2eY	DSGNImpt_WHOOSH HIT-Its Coming	wav	6.47	CinePRO Sound Library	Foundation	reels
1j11rBJu53ApQtJuAiXXRZ9OPO_tNb9uz	DSGNImpt_WHOOSH HIT-Jump	wav	6.77	CinePRO Sound Library	Foundation	reels
1KJm-WEB6NlP9EJIpA15txTvVsfxOxYNg	DSGNImpt_WHOOSH HIT-Mystery	wav	7.44	CinePRO Sound Library	Foundation	reels
1fdCShzEDnPgPLML_gSnjSg2aF07Lg1mC	DSGNImpt_WHOOSH HIT-New Beginning	wav	6.75	CinePRO Sound Library	Foundation	reels
15W606e35kqFKxK3S_FY0H73YOznP6EHT	DSGNImpt_WHOOSH HIT-Next Chapter	wav	5.5	CinePRO Sound Library	Foundation	reels
1HIb6vSGFLoTaTFuaV3T3TVTzIzUq-5kS	DSGNImpt_WHOOSH HIT-Plasma	wav	4.6	CinePRO Sound Library	Foundation	reels
10nWq1QauhFBELmQARVWMh6G-qWU3elsS	DSGNImpt_WHOOSH HIT-Poison	wav	7.26	CinePRO Sound Library	Foundation	reels
14UdpRInYX0FBdUkgw1V8ls7ITmNtYtKd	DSGNImpt_WHOOSH HIT-Quick and Dirty	wav	3.15	CinePRO Sound Library	Foundation	reels
18gaYiVKNqyGYR6nKlu6wuBWW9_7ZS6hU	DSGNImpt_WHOOSH HIT-Shaken Not Stirred	wav	7.68	CinePRO Sound Library	Foundation	reels
1W9_5rsz9SE7gMeD803Fg14Q4VmYCQzuj	DSGNImpt_WHOOSH HIT-Smack	wav	6.44	CinePRO Sound Library	Foundation	reels
1kIcHBiEGh0JmAi6lAH9M-1qNmLk6_ZVE	DSGNImpt_WHOOSH HIT-Stomp	wav	5.82	CinePRO Sound Library	Foundation	reels
1s4goAx2tj1pN1KlKCI1SOdl0gdXSZ2yj	DSGNMisc_DESIGNED RACE SEQUENCE-Slow Motion Stem Focus	wav	3.94	CinePRO Sound Library	Velocity	
1y4d6KYAShRx-pDacu_xn5Ayoou3xt51G	DSGNMisc_DESIGNED RACE SEQUENCE-Slow Motion Stem Link	wav	4.64	CinePRO Sound Library	Velocity	
1_bGk8fr9XcFn4ADb2Qq4c9qcUlblB4Ms	DSGNMisc_DESIGNED RACE SEQUENCE-Speed Up Stem Focus	wav	3.71	CinePRO Sound Library	Velocity	
1c6O0vsr-Dzc2_DJm2g1cuzDcLRhGJ21x	DSGNMisc_DESIGNED RACE SEQUENCE-Speed Up Stem Link	wav	4.16	CinePRO Sound Library	Velocity	
14jbo588YeVIoAO606yEtH5gcZs57zLTD	DSGNMisc_DESIGNED RACE SEQUENCE-Transition Stem Marked Velocity	wav	1.23	CinePRO Sound Library	Velocity	
1qoMZdZH0js1Rqe65OPRNic2m4wqFJ8qx	DSGNMisc_DESIGNED RACE SEQUENCE-Transition Stem Overdrive	wav	1.42	CinePRO Sound Library	Velocity	
12p38RNmrnvgJxTGUYRj994JPHsx8RFKI	DSGNMisc_DESIGNED RACE SEQUENCE-Transition Stem Sunset	wav	1.33	CinePRO Sound Library	Velocity	
1yKsSyft9IkKxndcVvriSO7ELKyg1JbBs	DSGNMisc_DESIGNED RACE SEQUENCE-Whoosh Stem 01 Focus	wav	3.15	CinePRO Sound Library	Velocity	
1DEQsIqtV2awvS8KkkL2iQaKbcEKCjaTd	DSGNMisc_DESIGNED RACE SEQUENCE-Whoosh Stem 02 Focus	wav	4.31	CinePRO Sound Library	Velocity	
1f5zzjytQngDpMmXZrHC2fmERiyM9SMu4	DSGNMisc_DESIGNED RACE SEQUENCE-Whoosh Stem 03 Focus	wav	2.51	CinePRO Sound Library	Velocity	
1axe1ZblSyCK_At8TTgPNd3fizZk9zyqk	DSGNMisc_DESIGNED SEQUENCE-Designed Camera Sequence 01	wav	4.18	CinePRO Sound Library	Aperture	
1tC3qy4N8nOMZWokKMI_ViGAPj36p-81a	DSGNMisc_DESIGNED SEQUENCE-Designed Camera Sequence 02	wav	3.41	CinePRO Sound Library	Aperture	
1Jt8A51QqM7wbkRXviqYlLDn2uqyn0PGc	DSGNMisc_DESIGNED SEQUENCE-Designed Camera Sequence 03	wav	2.68	CinePRO Sound Library	Aperture	
1pf0O6TXQ2YIlWIU7EuQyfJymS2T1i11E	DSGNMisc_DESIGNED SEQUENCE-Designed Camera Sequence 04	wav	2.84	CinePRO Sound Library	Aperture	
1z-DrPG4Ob6NAz9VABtN38wNzNpayvY9q	DSGNMisc_DESIGNED SEQUENCE-Designed Camera Sequence 05	wav	1.93	CinePRO Sound Library	Aperture	
1CEgaxK5QMyHH352uWamo1zqRQOhSQ0za	DSGNMisc_DESIGNED SEQUENCE-Designed Camera Sequence 06	wav	2.47	CinePRO Sound Library	Aperture	
1K5A4Y96fXiVyBJOiCV4UfwK6FAFX3zhy	DSGNMisc_DESIGNED SEQUENCE-Designed Camera Sequence 07	wav	2.57	CinePRO Sound Library	Aperture	
1J3MB_r0dxT9kNauVLLEsnIPop50wtJFa	DSGNMisc_DESIGNED SEQUENCE-Designed Camera Sequence 08	wav	2.23	CinePRO Sound Library	Aperture	
1WrtRpGPOv6dinp0cFhJTRoWRuSZMgUAX	DSGNMisc_DESIGNED SEQUENCE-Designed Camera Sequence 09	wav	1.9	CinePRO Sound Library	Aperture	
1lkH12qomzxuI2s406fi7xljZtuYSpy_c	DSGNMisc_DESIGNED SEQUENCE-Designed Camera Sequence 10	wav	2.93	CinePRO Sound Library	Aperture	
197Scc5Y-4LRU05bJw6wagIWDZOMB3Mfq	DSGNMisc_DESIGNED SEQUENCE-Designed Camera Sequence 11	wav	2.44	CinePRO Sound Library	Aperture	
19cjw3MmA2a7J5vp2d21JXAN4h4GrXAW2	DSGNMisc_DESIGNED SEQUENCE-Designed Camera Sequence 12	wav	3.06	CinePRO Sound Library	Aperture	
15o-duLc9imH_8OKQhIxqWoWV9r_LrGzd	DSGNMorph_SLOW MOTION-Alternate Motion	wav	11.57	CinePRO Sound Library	Shift	
1Czsmj26pFte9ezv4CD-6uP0XLuKRuosw	DSGNMorph_SLOW MOTION-Big Move	wav	13.43	CinePRO Sound Library	Shift	
1st6c-yw8n3yw2m15YUN3qqykHaL3gIrv	DSGNMorph_SLOW MOTION-Chrono Shift	wav	8.55	CinePRO Sound Library	Shift	
1RqNNqjyt3DC4HtGdFEJz-sTjfR1MIeBO	DSGNMorph_SLOW MOTION-Cliff Jump	wav	9.61	CinePRO Sound Library	Shift	
1QTR7-cfbxIIdu-nMY8LvafILdsv6qKIL	DSGNMorph_SLOW MOTION-Colour of Time	wav	9.47	CinePRO Sound Library	Shift	
11CioM2nHg6d9FL4p67CfYYGXdI32WnZh	DSGNMorph_SLOW MOTION-Decelerate	wav	14.37	CinePRO Sound Library	Shift	
1lNgZ0ZT0Qus3MeBOdYDxses0YG9RkhpS	DSGNMorph_SLOW MOTION-Down We Go	wav	12.14	CinePRO Sound Library	Shift	
1cvHtynytSd-VSdzLIGT0aaXFDoV3-HYP	DSGNMorph_SLOW MOTION-Dynamic Ramp	wav	8.76	CinePRO Sound Library	Shift	
1je2u8I9Wd_BKwI1QOXAMK9djWJ9F9GqH	DSGNMorph_SLOW MOTION-Echo of Velocity	wav	11.12	CinePRO Sound Library	Shift	
1Ygvu_t7ZEWknDx68vGLjL7hCxnqKMGyq	DSGNMorph_SLOW MOTION-Final Stop	wav	12.82	CinePRO Sound Library	Shift	
19Pkohno3zs-7krODB56JyrbPvrbP41P-	DSGNMorph_SLOW MOTION-Flux	wav	7.72	CinePRO Sound Library	Shift	
1EoPTgVjnJcV9wKDYIauVVgFuX_gKDnAW	DSGNMorph_SLOW MOTION-Frosty	wav	11.02	CinePRO Sound Library	Shift	
16ZrJTIDwspc5NPLV3dx65PP1lwdTjmaY	DSGNMorph_SLOW MOTION-Get Up	wav	11.45	CinePRO Sound Library	Shift	
1-OzKeQsKwp6CbgAvFHred2MlIwVG2ai0	DSGNMorph_SLOW MOTION-Into the Dark	wav	14.66	CinePRO Sound Library	Shift	
1W8EhSOVkS_QjhVY5hOcLwDMEPMj2OAF2	DSGNMorph_SLOW MOTION-Jump In	wav	14.89	CinePRO Sound Library	Shift	
14G67li0cjmVFRV5HnEqCWC-u6EOVE8gZ	DSGNMorph_SLOW MOTION-Limitless	wav	15.85	CinePRO Sound Library	Shift	
15wCFjveWYuhaZd53Cp3da7AuswdwKcBi	DSGNMorph_SLOW MOTION-No Rush	wav	12.42	CinePRO Sound Library	Shift	
1WtwLAGpQ6RsBgBE-E3pQHKIz3B0PN7lg	DSGNMorph_SLOW MOTION-Off the Cliff	wav	12.07	CinePRO Sound Library	Shift	
1dMYgb-MevklL6ATEeq6Je4a-xSaaAUa4	DSGNMorph_SLOW MOTION-Quick Stop	wav	9.18	CinePRO Sound Library	Shift	
1uB1ZsqSOHEVbbsBVC3xSf3xYgIjI-O6z	DSGNMorph_SLOW MOTION-Slow Down	wav	7.83	CinePRO Sound Library	Shift	
1344_oBd3dNchetB7YzeQiGgTahU1jcV-	DSGNMorph_SLOW MOTION-Slow Motion	wav	18.08	CinePRO Sound Library	Shift	
1sqqEil6lvHtJLIUJRCGM9URgK9wFi1xH	DSGNMorph_SLOW MOTION-Speed Paradox	wav	10.15	CinePRO Sound Library	Shift	
10SNQPY_b_q4FbJDdgA0KAwaFz4y3ZXSJ	DSGNMorph_SLOW MOTION-Speed Ramp	wav	9.55	CinePRO Sound Library	Shift	
1WNYRNDTQ6yiBadWiWOvXLkHf2r_QPKZi	DSGNMorph_SLOW MOTION-Stem 01 Alternate Motion	wav	11.56	CinePRO Sound Library	Shift	
1XsXFSGTg5QMOHuMbnL2d77gr6C7SkH4b	DSGNMorph_SLOW MOTION-Stem 01 Big Move	wav	13.41	CinePRO Sound Library	Shift	
1z-D66Vtq0VG5OB2BT9WGEgNOaNL51Env	DSGNMorph_SLOW MOTION-Stem 01 Chrono Shift	wav	8.55	CinePRO Sound Library	Shift	
1IqkQj8ul5wNtwmpZu6TsZJ8I_HYM6GtE	DSGNMorph_SLOW MOTION-Stem 01 Cliff Jump	wav	9.6	CinePRO Sound Library	Shift	
19BaN9eftt7I-Jy0C0xloVklonlUIiJ_s	DSGNMorph_SLOW MOTION-Stem 01 Colour of Time	wav	9.53	CinePRO Sound Library	Shift	
1UZTJAubJMxO0ybaYzPjeJWcBHubiHjor	DSGNMorph_SLOW MOTION-Stem 01 Decelerate	wav	14.35	CinePRO Sound Library	Shift	
1KEb69g6q9MnN1EV31BmdliFP9dKR_R5m	DSGNMorph_SLOW MOTION-Stem 01 Down We Go	wav	12.15	CinePRO Sound Library	Shift	
11UaLhr3VJ5pb21LLZyUUX3d51R6zeENt	DSGNMorph_SLOW MOTION-Stem 01 Dynamic Ramp	wav	8.76	CinePRO Sound Library	Shift	
1no-wm43EtuSa5kONf-XJ0os9TeSOIyjF	DSGNMorph_SLOW MOTION-Stem 01 Echo Of Velocity	wav	11.12	CinePRO Sound Library	Shift	
1Zb82VY4SLimTgD-tCXQC7heNCIyas4af	DSGNMorph_SLOW MOTION-Stem 01 Final Stop	wav	12.82	CinePRO Sound Library	Shift	
1K4SuNY4z0qLJ6Gx5vTtJDXXc4AtA38sh	DSGNMorph_SLOW MOTION-Stem 01 Flux	wav	7.7	CinePRO Sound Library	Shift	
15F0xlanrQuki3THlVNa3TAOaj3UHm1B9	DSGNMorph_SLOW MOTION-Stem 01 Frosty	wav	11	CinePRO Sound Library	Shift	
1wFo2wABmI_y80e6K7fTf2G-XI8r0sFgs	DSGNMorph_SLOW MOTION-Stem 01 Get Up	wav	11.45	CinePRO Sound Library	Shift	
1ti1nB3u5Bh26_x57q9NIa6bRY5L0KTvw	DSGNMorph_SLOW MOTION-Stem 01 Into the Dark	wav	14.64	CinePRO Sound Library	Shift	
14cYes700bIfB_MaVjuPJ8SwhHvWp1rLz	DSGNMorph_SLOW MOTION-Stem 01 Jump In	wav	14.89	CinePRO Sound Library	Shift	
15Lm7yZ6NiKRsGjeClhy_uGXpZMCruDRL	DSGNMorph_SLOW MOTION-Stem 01 Limitless	wav	15.83	CinePRO Sound Library	Shift	
1tif0OAKoxHj9xrnJXjI5zs8N8jUVhG38	DSGNMorph_SLOW MOTION-Stem 01 No Rush	wav	12.4	CinePRO Sound Library	Shift	
1v5S09kLm-Wa9NbC6lPmv3uqFc8H74xon	DSGNMorph_SLOW MOTION-Stem 01 Off the Cliff	wav	12.05	CinePRO Sound Library	Shift	
1LZuC_96ny75S3guiTErQzh10aFMjmFXJ	DSGNMorph_SLOW MOTION-Stem 01 Quick Stop	wav	9.14	CinePRO Sound Library	Shift	
1WE2qlg-IkLxeXUxnUaUNRy7ONeoZUH0v	DSGNMorph_SLOW MOTION-Stem 01 Slow Down	wav	7.81	CinePRO Sound Library	Shift	
1Nw7ViCZrCYSFh57410SCHoWfaQb2uPmi	DSGNMorph_SLOW MOTION-Stem 01 Slow Motion	wav	18.06	CinePRO Sound Library	Shift	
1J1WzNhdnUFP40l9XcsshySjYv4DnNti6	DSGNMorph_SLOW MOTION-Stem 01 Speed Paradox	wav	10.12	CinePRO Sound Library	Shift	
1fmu2Z5ZFShDHizoLXRWW50g6QG5XYcK-	DSGNMorph_SLOW MOTION-Stem 01 Speed Ramp	wav	9.54	CinePRO Sound Library	Shift	
1g-31KEUAaH-ene8wZSMXKB9MqxoHtduV	DSGNMorph_SLOW MOTION-Stem 01 Stop That Motion	wav	7.94	CinePRO Sound Library	Shift	
1m0KoRxlWj1aWrY0qHin5VQ-dJTGB4e0w	DSGNMorph_SLOW MOTION-Stem 01 Stuck in Time	wav	10.28	CinePRO Sound Library	Shift	
1JiUPm-WdIe4DqsRckWNCHNMJXh0hJiIw	DSGNMorph_SLOW MOTION-Stem 01 Sudden Stop	wav	9.18	CinePRO Sound Library	Shift	
1f-HvA8Lxr0GPjcJe7lia0lvixjlCyGyU	DSGNMorph_SLOW MOTION-Stem 01 Switch Move	wav	13.3	CinePRO Sound Library	Shift	
1CjH89xBfbELwjyk3v_KdzdyiiO1RVpRa	DSGNMorph_SLOW MOTION-Stem 01 Temporal Freeze	wav	11.71	CinePRO Sound Library	Shift	
1T77g0s6PktW4GlsW3ZDkd_POkX9QYbGl	DSGNMorph_SLOW MOTION-Stem 01 Temporal Gear	wav	7.82	CinePRO Sound Library	Shift	
1uS5x-4xh2JCT3xkjYcc5Q5L_SXx6tArb	DSGNMorph_SLOW MOTION-Stem 01 Time and Space	wav	13.23	CinePRO Sound Library	Shift	
1vBMaT_hZ1EsULIk6MwSZO3Ne51YGxjGH	DSGNMorph_SLOW MOTION-Stem 01 Time Lock	wav	10.54	CinePRO Sound Library	Shift	
1wPVZAkmzUUW56id9UTub3H1DMaCcsF6j	DSGNMorph_SLOW MOTION-Stem 01 Too Fast	wav	13.41	CinePRO Sound Library	Shift	
1Z0lQhmiYHvlmHh-V23J0QOejir7PVeZR	DSGNMorph_SLOW MOTION-Stem 01 Transition Shift	wav	13.01	CinePRO Sound Library	Shift	
1wEbhe7JBNkPJGtmAi8eDSWAII4ICPgmn	DSGNMorph_SLOW MOTION-Stem 01 Under the Surface	wav	14.05	CinePRO Sound Library	Shift	
1pn2W9s5kdtCnyV6TeZdYlHLTX7VRYHJD	DSGNMorph_SLOW MOTION-Stem 01 Warp Speed	wav	11.22	CinePRO Sound Library	Shift	
1J5aYALjmxrO0YPhL9fE60AaR-HZytf0n	DSGNMorph_SLOW MOTION-Stem 02 Alternate Motion	wav	11.56	CinePRO Sound Library	Shift	
1PSmSn9wJe3AHOwFxVADVq9EL6f4zpP__	DSGNMorph_SLOW MOTION-Stem 02 Big Move	wav	13.41	CinePRO Sound Library	Shift	
1GfIbkLEh62rNS8mglJQGAPXbbztP-8mD	DSGNMorph_SLOW MOTION-Stem 02 Chrono Shift	wav	8.56	CinePRO Sound Library	Shift	
13_kUWUTHJ1XaRTYKyzNBy84JrAc7G3Tl	DSGNMorph_SLOW MOTION-Stem 02 Cliff Jump	wav	9.61	CinePRO Sound Library	Shift	
1JWtyD15-0HPIgUOMD7gzXwVXCJVaQmKn	DSGNMorph_SLOW MOTION-Stem 02 Colour of Time	wav	9.52	CinePRO Sound Library	Shift	
1N3B5DoWLIY5D4RwDTLKJrX6EkfCKgcWj	DSGNMorph_SLOW MOTION-Stem 02 Decelerate	wav	14.35	CinePRO Sound Library	Shift	
1HfK43GPsPl9uAtIoqFic_kHgmarc43Eo	DSGNMorph_SLOW MOTION-Stem 02 Down We Go	wav	12.13	CinePRO Sound Library	Shift	
1CZjpuXAWsQ1KvH6LiLi7JJkbQ_jxSleZ	DSGNMorph_SLOW MOTION-Stem 02 Dynamic Ramp	wav	8.77	CinePRO Sound Library	Shift	
1yoETda1Dufc8UZv2H-te9gUPUn9yeV7-	DSGNMorph_SLOW MOTION-Stem 02 Echo of Velocity	wav	11.11	CinePRO Sound Library	Shift	
1yxWAGLnIdgWjAYmfrGknAvaUaXpJS3na	DSGNMorph_SLOW MOTION-Stem 02 Final Stop	wav	12.82	CinePRO Sound Library	Shift	
1JBcVCRbX84YNuLiDWOIigb6gGnBrg5Tf	DSGNMorph_SLOW MOTION-Stem 02 Flux	wav	7.7	CinePRO Sound Library	Shift	
10NsE7_7BSIkMJOFiPKL3slAk3KrMYVPJ	DSGNMorph_SLOW MOTION-Stem 02 Frosty	wav	11.02	CinePRO Sound Library	Shift	
1Z5PkR_O_dhDDDu_hHVE5tw0tln7B1E03	DSGNMorph_SLOW MOTION-Stem 02 Get Up	wav	11.43	CinePRO Sound Library	Shift	
1k8OqHRB7nfc9XjrhU1gNT_rM3dIjc_35	DSGNMorph_SLOW MOTION-Stem 02 Into the Dark	wav	14.65	CinePRO Sound Library	Shift	
1jE1JoL_txaUQEuV-g_RuvFa2gKH6pZRB	DSGNMorph_SLOW MOTION-Stem 02 Jump In	wav	14.87	CinePRO Sound Library	Shift	
10PAY3FOodG8ZpFV1hoQe2-UkNMrzm4ya	DSGNMorph_SLOW MOTION-Stem 02 Limitless	wav	15.84	CinePRO Sound Library	Shift	
1U3m7I5L3sTL-qTdWCgskGcKxEJBnC_k0	DSGNMorph_SLOW MOTION-Stem 02 No Rush	wav	12.41	CinePRO Sound Library	Shift	
1EXogzwsmxNi4TmKr5SjQ55QztCfBOgag	DSGNMorph_SLOW MOTION-Stem 02 Off the Cliff	wav	12.06	CinePRO Sound Library	Shift	
1DLzwjNVuh8HQWmVpsk6DjhuaU5aJU8cL	DSGNMorph_SLOW MOTION-Stem 02 Quick Stop	wav	9.16	CinePRO Sound Library	Shift	
1Y_OH7xDFPfaV1uXTz2U6Qmm0HEQ1reLc	DSGNMorph_SLOW MOTION-Stem 02 Slow Down	wav	7.82	CinePRO Sound Library	Shift	
1wpIVuG2P4cdeYt50d9PZwcQnT6oIjgOq	DSGNMorph_SLOW MOTION-Stem 02 Slow Motion	wav	18.07	CinePRO Sound Library	Shift	
17SsWuY63dXypgG9vB80Gc_xnk6dJKnuE	DSGNMorph_SLOW MOTION-Stem 02 Speed Paradox	wav	10.14	CinePRO Sound Library	Shift	
1x-tSDq0FKpykOmGiiHevq7KynEh24ZMD	DSGNMorph_SLOW MOTION-Stem 02 Speed Ramp	wav	9.53	CinePRO Sound Library	Shift	
1BUAeCIwjc3oGiniAd9cYaQ7Z4X9FPRbv	DSGNMorph_SLOW MOTION-Stem 02 Stop That Motion	wav	7.95	CinePRO Sound Library	Shift	
1oGViTKTO-QQn7KBdf8Q9hdKHQRWB3JJq	DSGNMorph_SLOW MOTION-Stem 02 Stuck in Time	wav	10.31	CinePRO Sound Library	Shift	
113znN6EyKHsc7qruYqHXNjNdTGzNnDGb	DSGNMorph_SLOW MOTION-Stem 02 Sudden Stop	wav	9.17	CinePRO Sound Library	Shift	
1Bov1sThoCrXoPIcULbkSISkTGQayXErE	DSGNMorph_SLOW MOTION-Stem 02 Switch Move	wav	13.31	CinePRO Sound Library	Shift	
1wlaSzXW2Sb3qKEL5LrM27Dlo-WvClj-r	DSGNMorph_SLOW MOTION-Stem 02 Temporal Freeze	wav	11.71	CinePRO Sound Library	Shift	
1kGmvGEuYxFt65zADfDh0_iv78nfKY5nc	DSGNMorph_SLOW MOTION-Stem 02 Temporal Gear	wav	7.83	CinePRO Sound Library	Shift	
1rJz1IspbzGn6NJCPccpLJHrNSQ778QoH	DSGNMorph_SLOW MOTION-Stem 02 Time and Space	wav	13.22	CinePRO Sound Library	Shift	
1-DsqPOvNk59Qmr0h022nDYfGjQCTDnx4	DSGNMorph_SLOW MOTION-Stem 02 Time Lock	wav	10.55	CinePRO Sound Library	Shift	
1NfZxn-5sz21Ts7DbJtNEW31PhWkW1nmJ	DSGNMorph_SLOW MOTION-Stem 02 Too Fast	wav	13.4	CinePRO Sound Library	Shift	
1qtbOTaBGxE_EOVfwwzfN8-U4kDm5a-Y8	DSGNMorph_SLOW MOTION-Stem 02 Transition Shift	wav	13	CinePRO Sound Library	Shift	
1QMnUzssIOshFUiA49kzpOy1EB0yOYF5i	DSGNMorph_SLOW MOTION-Stem 02 Under the Surface	wav	14.03	CinePRO Sound Library	Shift	
1BQJXbMjXLxlEZGCFLl5993KRpT_vWL0Z	DSGNMorph_SLOW MOTION-Stem 02 Warp Speed	wav	11.21	CinePRO Sound Library	Shift	
1125L2z7yUMyFTzdwI6lM_jm6kpzpaFHb	DSGNMorph_SLOW MOTION-Stop That Motion	wav	7.95	CinePRO Sound Library	Shift	
11gky5Cb-bA8lsS2owHNvzBVDRHvbhEAS	DSGNMorph_SLOW MOTION-Stuck in Time	wav	10.31	CinePRO Sound Library	Shift	
1OvXeaTckfzvYM82wQTuocs7l1BVaE45G	DSGNMorph_SLOW MOTION-Sudden Stop	wav	9.19	CinePRO Sound Library	Shift	
1cPDJWaS-lE3btuAe8BYopwI-W_-5XpLg	DSGNMorph_SLOW MOTION-Switch Move	wav	13.34	CinePRO Sound Library	Shift	
18nFuvWJc8Vy9gZxtisz19G2eNnplDEVJ	DSGNMorph_SLOW MOTION-Temporal Freeze	wav	11.67	CinePRO Sound Library	Shift	
1Be6Hb2o_LXK0hGSBFJ_ExtOABq-nftdE	DSGNMorph_SLOW MOTION-Temporal Gear	wav	7.84	CinePRO Sound Library	Shift	
1ZraGI3UH4Ma_N0aZCoQWJRtWQF9wzd5b	DSGNMorph_SLOW MOTION-Time and Space	wav	13.21	CinePRO Sound Library	Shift	
1BhYRHBVCtKEVA1O6Mk5gGq_Zd4tqWJjH	DSGNMorph_SLOW MOTION-Time Lock	wav	10.56	CinePRO Sound Library	Shift	
1zW9xNlkytE3FSGk5PQPyLdVEVmIYt5ln	DSGNMorph_SLOW MOTION-Too Fast	wav	13.41	CinePRO Sound Library	Shift	
1YWNWlzWB1brxrIj97-NA7bt-mLhzH5Ew	DSGNMorph_SLOW MOTION-Transition Shift	wav	13.03	CinePRO Sound Library	Shift	
1bt44kOntN0xgE4A5HzNxdkA176BONsWA	DSGNMorph_SLOW MOTION-Under the Surface	wav	14.04	CinePRO Sound Library	Shift	
1keUUfAQ_J1-wKmS_szPDWSFuKKIjKtc4	DSGNMorph_SLOW MOTION-Warp Speed	wav	11.24	CinePRO Sound Library	Shift	
1EoUVc7Nok_M_45aW_4WXLEoKjawHMpBD	DSGNRise_RISER-Breathe Out	wav	7.76	CinePRO Sound Library	Foundation	
1p2qfHlKQgtrZsIX--smXEz7otqd2FGpF	DSGNRise_RISER-Excitement Seeker	wav	11.25	CinePRO Sound Library	Foundation	
1KUmqzH-xCfVDB15OTdSCZ3uH2IiqMcb7	DSGNRise_RISER-Fresh Air	wav	10.22	CinePRO Sound Library	Foundation	
1H88VT9-QUoA1B4LZrl3liFhhzI9TXE3J	DSGNRise_RISER-Into the Light	wav	6.91	CinePRO Sound Library	Foundation	
1PQf6yJBrP_RQLRRNfbB5tnli8lQ8SUGc	DSGNRise_RISER-Keep the Ball Rolling	wav	10.59	CinePRO Sound Library	Foundation	
1lq7pPR6MsX5i6zZPv3ur6UrMMOoMW4Dx	DSGNRise_RISER-Lift Off	wav	7.08	CinePRO Sound Library	Foundation	
1qMjtP0EJ9tTauLR6SBwCw1MlsCt94GXD	DSGNRise_RISER-Magical Place	wav	11.14	CinePRO Sound Library	Foundation	
19E5pZ1s2fKVBgytVNYguZ1A882ZtqnvK	DSGNRise_RISER-Metallic Tension	wav	6.6	CinePRO Sound Library	Foundation	
1J9aAegrJ_35RNC6NYrl6yNPbcBmBTRE4	DSGNRise_RISER-Next Page	wav	13.16	CinePRO Sound Library	Foundation	
1a91w-jC-gibluf5QufFSxEbeJZDvtk7k	DSGNRise_RISER-No Time Left	wav	10.54	CinePRO Sound Library	Foundation	
1DYIR3-0_qof2j0dXqsj3rn8-E1wWqDBP	DSGNRise_RISER-Open Your Eyes	wav	12	CinePRO Sound Library	Foundation	
16FbrVGKVYob7OMO_Z3k6AQ4NM9xY9yuZ	DSGNRise_RISER-Stop That Train	wav	8.3	CinePRO Sound Library	Foundation	
1ZIPtaSQhDgipilVag2MzANW6IPK9xTr9	DSGNRise_RISER-Take Me There	wav	9.92	CinePRO Sound Library	Foundation	
1GaaFa3KuBR80cc6TuLZ6dU_-7b3fJEbt	DSGNRise_RISER-Through the Storm	wav	12.59	CinePRO Sound Library	Foundation	
1QQ_FSqUP0TdDejFK72JjeluJn0RvMsev	DSGNRise_RISER-Warp	wav	9.37	CinePRO Sound Library	Foundation	
1qFCIGWkeFoxuKAngChKFSBP5bUz9zM7t	DSGNRythm_SYNTH-Bouncing Electronics Loopable E	wav	21.31	CinePRO Sound Library	Pendulum	
1Zvi8PIDWQKmKsba2exjTBsar1XXN6Atr	DSGNRythm_WORLD RHYTHMS-Another World Loopable F	wav	21.33	CinePRO Sound Library	Pendulum	
1w5Nq8H150BQYkEIhup6MPO6CVPa4Do8W	DSGNRythm_WORLD RHYTHMS-Are We There Soon Loopable	wav	16	CinePRO Sound Library	Pendulum	
1IeuHip8KLW0tch7pPid0I2Q9cF-yO2vv	DSGNRythm_WORLD RHYTHMS-Dancing Wipers Loopable	wav	16	CinePRO Sound Library	Pendulum	
1K9IzHGhVr-9C3c_osCPhGfwgHWd0DaaN	DSGNRythm_WORLD RHYTHMS-Dial 1234 Loopable	wav	16	CinePRO Sound Library	Pendulum	
154h8yQ7Ygg_dxap26E_iBYhDNKmkTWmI	DSGNRythm_WORLD RHYTHMS-Eject Loopable	wav	21.33	CinePRO Sound Library	Pendulum	
1d-akAQPRgunuqe_YpUbRLaRUi7h1KuJy	DSGNRythm_WORLD RHYTHMS-Faster Loopable	wav	16	CinePRO Sound Library	Pendulum	
1qqG4RG6KVS-FuOFnmpNX-qNOiFyWH5Xf	DSGNRythm_WORLD RHYTHMS-Heart of Man Loopable	wav	16	CinePRO Sound Library	Pendulum	
1gnMSx3c0OwPdmGUbItyIhEkVdvGexupZ	DSGNRythm_WORLD RHYTHMS-In and Out Loopable	wav	21.33	CinePRO Sound Library	Pendulum	
1GV8V6QFnlWdXo1tFEHmXL_T9fn_L8Jrp	DSGNRythm_WORLD RHYTHMS-Industry Loopable	wav	21.33	CinePRO Sound Library	Pendulum	
1oSJVmmR6zqBimXf-BtR_QBQVsfPZCt0Y	DSGNRythm_WORLD RHYTHMS-It Is Soon All Over Loopable	wav	16	CinePRO Sound Library	Pendulum	
1wAykjhCkQBpBu374gQrPf1C39mtdxCzz	DSGNRythm_WORLD RHYTHMS-It Is Time Loopable	wav	16	CinePRO Sound Library	Pendulum	
1Td5rIwkwfDrYdthomgheGbJR-I1a4oCG	DSGNRythm_WORLD RHYTHMS-It Never Gets Tired Loopable	wav	21.33	CinePRO Sound Library	Pendulum	
1XXcB0vuqszsU6HToA7LTgYg7CS3x1bqj	DSGNRythm_WORLD RHYTHMS-Just One More Take Loopable	wav	16	CinePRO Sound Library	Pendulum	
1FtmIRmOCo5tvypTuPLhvl7P7k6uuoIZT	DSGNRythm_WORLD RHYTHMS-Keep the Lights On Loopable	wav	16	CinePRO Sound Library	Pendulum	
1oAGGi6_tTwqeuI0ufC-Fg6XnBMdPLoOH	DSGNRythm_WORLD RHYTHMS-Kids Engine Loopable	wav	16	CinePRO Sound Library	Pendulum	
10blO0JgHQDp2k8Jy3pm5MbAbAMzssxzW	DSGNRythm_WORLD RHYTHMS-Lets Face It Loopable	wav	16	CinePRO Sound Library	Pendulum	
1eVmJUz9aog9D3M7k937gEIZ7bMo3aCIW	DSGNRythm_WORLD RHYTHMS-No More Water Loopable	wav	21.33	CinePRO Sound Library	Pendulum	
1h51ssfUPru2wMejXQsafMkxNysGi-jwi	DSGNRythm_WORLD RHYTHMS-Open and Close Loopable	wav	21.33	CinePRO Sound Library	Pendulum	
1_bXW4yVBBMn3VYuF-y7fpo2qyV_I_2rT	DSGNRythm_WORLD RHYTHMS-Rainy Day Loopable	wav	16	CinePRO Sound Library	Pendulum	
1NUaro4_2j341l1J4TWhLZbm_nFVa4Op4	DSGNRythm_WORLD RHYTHMS-Recovery Loopable	wav	21.31	CinePRO Sound Library	Pendulum	
1R0UsNWAFzahsWFmtoZKIkuVNHOsJBQOs	DSGNRythm_WORLD RHYTHMS-Tick Tock Loopable	wav	16	CinePRO Sound Library	Pendulum	
1D9F5FbcaQVYcYsxwpTfo4ZA8Rh06PG0B	DSGNRythm_WORLD RHYTHMS-Turn Left Loopable	wav	16	CinePRO Sound Library	Pendulum	
1eTSeFPd6J_OVFl8Oe6H1bY6Fe3lZG3x_	DSGNRythm_WORLD RHYTHMS-Water Under The Bridge Loopable	wav	16	CinePRO Sound Library	Pendulum	
10wOkO6mSKE3maZCw6YSY6GzM3-G_IxSb	DSGNRythm_WORLD RHYTHMS-Will He Survive Loopable F	wav	21.33	CinePRO Sound Library	Pendulum	
1vT-a0rAJb2CMhRwBuafrCI33Dj4eFJsC	DSGNWhsh_DESIGNED RACE SEQUENCE-Whoosh Stem 01 Link	wav	3.56	CinePRO Sound Library	Velocity	
13n5Sl1GR8RBJ0sZFNefiSWZBRg_nyOib	DSGNWhsh_DESIGNED RACE SEQUENCE-Whoosh Stem 01 Overdrive	wav	2.02	CinePRO Sound Library	Velocity	
1vgJWiA4PzGqUUmi5KgO818zDNZwrG9M8	DSGNWhsh_DESIGNED RACE SEQUENCE-Whoosh Stem 02 Link_Velocity	wav	2.98	CinePRO Sound Library	Velocity	
1BRzxsZBk-_IVfT-y6bC_cyfUxhwQoux6	DSGNWhsh_DESIGNED RACE SEQUENCE-Whoosh Stem 02 Overdrive	wav	1.22	CinePRO Sound Library	Velocity	
1yBcrONdxJlG4a87d9QHfEa9uqC0cARPr	DSGNWhsh_DESIGNED RACE SEQUENCE-Whoosh Stem 03 Overdrive	wav	1.17	CinePRO Sound Library	Velocity	
1Fu4fguTIZKNOq7SLjxBV7XdVzhkG6G9N	DSGNWhsh_DESIGNED RACE SEQUENCE-Whoosh Stem Shifted	wav	2.22	CinePRO Sound Library	Velocity	
1fo2UPiNz50fa0jyBydeFlWRLkluhbHbE	DSGNWhsh_IMPACT-Event	wav	6.06	CinePRO Sound Library	Momentum Designed	
1JM-nD1cwxr4iW4knxuAo0Rw8oPKzYuPL	DSGNWhsh_IMPACT-Flaming Double	wav	2.09	CinePRO Sound Library	Momentum Designed	
1cVr5W3kWIUk4Df2uTT6pH828PkrhLkAL	DSGNWhsh_IMPACT-Micro Meteor	wav	4.34	CinePRO Sound Library	Momentum Designed	
1_r1obR0_dVXh1vv5LQTWT0XC-Nn1S-2I	DSGNWhsh_IMPACT-Subsonic Tear	wav	6	CinePRO Sound Library	Momentum Designed	
1rQjPVux07bNJvNzX4a90jTkNlmki6h41	DSGNWhsh_IMPACT-The Horizon	wav	3.42	CinePRO Sound Library	Momentum Designed	
1D687W15q6BLtUn8PryCbhp4ZY1bgClCU	DSGNWhsh_IMPACT-Transitor	wav	4.81	CinePRO Sound Library	Momentum Designed	
1h374USaIdRmDHge4ltyUM6jLzkEO5IpZ	DSGNWhsh_MOVEMENT-Aqua Swirl	wav	17.13	CinePRO Sound Library	Momentum Designed	
1GqqrKCpwmj-wlf5xsc60xZRc8dSyUETj	DSGNWhsh_MOVEMENT-Arctic Blast	wav	17.66	CinePRO Sound Library	Momentum Designed	
1DlNqCB8r95sE7Zcbe8ZyVCz4ZcCV9Xyp	DSGNWhsh_MOVEMENT-Comet Tails	wav	21.18	CinePRO Sound Library	Momentum Designed	
1ZLuniePx-Dd3TXaN745D1k4yuSd667RE	DSGNWhsh_MOVEMENT-Falling Stars	wav	16.42	CinePRO Sound Library	Momentum Designed	
1AfxbXMxQzSNdM5OVmScsXjmjRjA2cGLH	DSGNWhsh_SOURCE RECORDINGS-Whoosh Stem 01 Throttle	wav	2.28	CinePRO Sound Library	Velocity	
1rkDtwAkWGS5h-clEE4WzGtHDtL5vBuyw	DSGNWhsh_SOURCE RECORDINGS-Whoosh Stem 02 Throttle	wav	1.47	CinePRO Sound Library	Velocity	
10rF7fx_t9MVNy54CRSP_RtABpoOqzeWt	DSGNWhsh_SWEETENERS-Bird Song	wav	1.79	CinePRO Sound Library	Momentum Designed	
1XRPRaW5Kv1n8z8AxRpHyVzZSUewfZqEl	DSGNWhsh_SWEETENERS-Blown Out	wav	2.82	CinePRO Sound Library	Momentum Designed	
1fV53zaCldWTMs6injo4k5d4ojTEl3xH8	DSGNWhsh_SWEETENERS-Chomp	wav	3.29	CinePRO Sound Library	Momentum Designed	
1B9Lp8BAjwuXYQfaMpSr_D0EFgYKnkW6i	DSGNWhsh_SWEETENERS-Drop	wav	1.71	CinePRO Sound Library	Momentum Designed	
1sljQYrpgBsBEE8ZuztQziZVFOayqpe5G	DSGNWhsh_SWEETENERS-Flight	wav	2.78	CinePRO Sound Library	Momentum Designed	
1UgcyUcyv7T16jaHuyUatEZk-k2__sRia	DSGNWhsh_SWEETENERS-Fresh Air	wav	1.42	CinePRO Sound Library	Momentum Designed	
1qxzd5EAR0q3l-IMnKZ6PqKMpTsaSlMS0	DSGNWhsh_SWEETENERS-Full Stop	wav	2.21	CinePRO Sound Library	Momentum Designed	
19KW2vbQMGYNFWDZzcCcmiJNyNADlrNB1	DSGNWhsh_SWEETENERS-In Out Momentum_02	wav	1.52	CinePRO Sound Library	Momentum Designed	
1uFhL-RV644RW3WebVGpRS_dfvHHRdl8t	DSGNWhsh_SWEETENERS-Match	wav	1.12	CinePRO Sound Library	Momentum Designed	
1LCg3MAySLpcCDadwRohIZs50Z1gE4Y4N	DSGNWhsh_SWEETENERS-Mechanicle	wav	1.82	CinePRO Sound Library	Momentum Designed	
1hsgW_ZeedIpfMz9Fzj5eY88h99ILFK0n	DSGNWhsh_SWEETENERS-Offset	wav	0.78	CinePRO Sound Library	Momentum Designed	
11V8ZUbxXk53D0D5ney1HXxc9RWtd0E4X	DSGNWhsh_SWEETENERS-Set	wav	0.96	CinePRO Sound Library	Momentum Designed	
1KIgRFhUBYkjGpWf9S3fiFV9-zo6PSXjB	DSGNWhsh_SWEETENERS-Slide	wav	2.05	CinePRO Sound Library	Momentum Designed	
1bcY8qSvJWggxDuXZEKMKdRJ8vxG52bGd	DSGNWhsh_SWEETENERS-Stomp	wav	1.18	CinePRO Sound Library	Momentum Designed	
1of356HMWd8DYWDDqH3-6fzShm248ndPU	DSGNWhsh_SWEETENERS-Subway	wav	2.06	CinePRO Sound Library	Momentum Designed	
1a3ZFJ7i3BEPJfh9poz8edLWHy5Txqhre	DSGNWhsh_SWEETENERS-Switch	wav	1.86	CinePRO Sound Library	Momentum Designed	
1hhvsI8HvMAr6ssH8HicN3_5VlhJl0cEe	DSGNWhsh_SWEETENERS-Sword Play	wav	2.65	CinePRO Sound Library	Momentum Designed	
1RFCj6FoclacZrBgy8q2IiZJKw1r0i52d	DSGNWhsh_WHOOSH LONG-Flame On	wav	6.42	CinePRO Sound Library	Momentum Designed	
1JjEuWjT05PDGUYUR7TinMuFHo9f3wjj6	DSGNWhsh_WHOOSH LONG-In the Skies	wav	12.27	CinePRO Sound Library	Momentum Designed	
1d_JY9qk7vUyV8e5w9xHM4wqubHiq3uLi	DSGNWhsh_WHOOSH LONG-In Transit	wav	9.31	CinePRO Sound Library	Momentum Designed	
1ximhJy1YSh6qDUvW1umLvUOJwK_kUkUo	DSGNWhsh_WHOOSH LONG-Infinite	wav	9.19	CinePRO Sound Library	Momentum Designed	
1odRYeXlj88NqKHkJDczNtvz8xF9XC_6h	DSGNWhsh_WHOOSH LONG-Ocean Side	wav	7.9	CinePRO Sound Library	Momentum Designed	
1PkUoQysh8Zgfin4jKWhEasQJtzhg4CVr	DSGNWhsh_WHOOSH LONG-Portal	wav	4.53	CinePRO Sound Library	Momentum Designed	
1qU3VlK7_u4t_9X9Tk2xtxJW7uGPgW-rc	DSGNWhsh_WHOOSH LONG-Road Ahead	wav	10.37	CinePRO Sound Library	Momentum Designed	
1ie6qWhHAO5hdTQIxvr19rK4AHfi0X-yc	DSGNWhsh_WHOOSH LONG-Shaker	wav	8.39	CinePRO Sound Library	Momentum Designed	
1ZlV0ZnKLXRANfNlzmdIlBtKO6lkUqPY_	DSGNWhsh_WHOOSH LONG-Slow and Low	wav	12.19	CinePRO Sound Library	Momentum Designed	
14vndHf_MfbuQpUHrPvA8djWa2p4G4-hI	DSGNWhsh_WHOOSH LONG-Take Off	wav	11.4	CinePRO Sound Library	Momentum Designed	
1AzHaaay72khthp0ENmC740XhNZjhs3Vb	DSGNWhsh_WHOOSH LONG-The Sleep	wav	6.13	CinePRO Sound Library	Momentum Designed	
1wtHVZ2ZZ_s7_XBVtabI_TraAv6EEFOtu	DSGNWhsh_WHOOSH LONG-Under the Waves	wav	12.53	CinePRO Sound Library	Momentum Designed	
11sO2knez9eafiVfZtZ3Gi6YsM2zovqSj	DSGNWhsh_WHOOSH LONG-Water Jets	wav	12.59	CinePRO Sound Library	Momentum Designed	
1y6ySNFSky2YHgm0UOvXXb4ihoxaEVAOf	DSGNWhsh_WHOOSH LONG-Whipping Time	wav	8.69	CinePRO Sound Library	Momentum Designed	
1wsaa-kNBcdR462KULmIfpOJ2-9gH8phX	DSGNWhsh_WHOOSH LONG-Whispered Nothing	wav	12.33	CinePRO Sound Library	Momentum Designed	
1HCed6iSCBs4VE-iz4tPZQS7pcJi7E5LB	DSGNWhsh_WHOOSH MEDIUM-Air Spirit	wav	2.48	CinePRO Sound Library	Momentum Designed	
1oEqU8fHsgVGqns3-9_Vs8AmJbYP6l1rp	DSGNWhsh_WHOOSH MEDIUM-Almost Chimes	wav	8.72	CinePRO Sound Library	Momentum Designed	
1LWTGWQGzs5kR7L_vaN2BsBdUJ_QdtZkH	DSGNWhsh_WHOOSH MEDIUM-Back Draft	wav	2.17	CinePRO Sound Library	Momentum Designed	
1Mb3t8DHrMhrw-xmyDvrGBDlEnCuzbs8S	DSGNWhsh_WHOOSH MEDIUM-Casting	wav	2.71	CinePRO Sound Library	Momentum Designed	
1r4RvvlLCg0RG9p_hwoYg5WpGm6T87AhT	DSGNWhsh_WHOOSH MEDIUM-Casting Out	wav	7.99	CinePRO Sound Library	Momentum Designed	
1f8HHClc-hS3ms4EP6UaPKRULX1rQDeJZ	DSGNWhsh_WHOOSH MEDIUM-Emergent	wav	9.51	CinePRO Sound Library	Momentum Designed	
1tjMZOkPgCNjDp8kXJndIgvS62Uz8Mzhg	DSGNWhsh_WHOOSH MEDIUM-Enhanced Overlay	wav	11.35	CinePRO Sound Library	Momentum Designed	
1jkai_AOHKPenO41MaKIlbtx1eXXHlkUT	DSGNWhsh_WHOOSH MEDIUM-Fire Wall	wav	9.74	CinePRO Sound Library	Momentum Designed	
1lraIVWFl0wBBE6jLGq1LgsjBxWka8hRw	DSGNWhsh_WHOOSH MEDIUM-Flare	wav	2.3	CinePRO Sound Library	Momentum Designed	
1tR2bWHj8TCYK-wv-Y9fY5H5hii6sw8Tz	DSGNWhsh_WHOOSH MEDIUM-Fly By	wav	8.46	CinePRO Sound Library	Momentum Designed	
15mLl_6p9EOGrY2AJ_ilL7h6svxL4-IeG	DSGNWhsh_WHOOSH MEDIUM-Idol	wav	9.35	CinePRO Sound Library	Momentum Designed	
1w-0qN0qWl44iEDK91D_VVcac7ty9zuaM	DSGNWhsh_WHOOSH MEDIUM-Impulse	wav	2.49	CinePRO Sound Library	Momentum Designed	
14DGY3Kx4bdK9v2Hn5dw5fXDIWw82Srz9	DSGNWhsh_WHOOSH MEDIUM-In Smoke	wav	2.25	CinePRO Sound Library	Momentum Designed	
1YPujqyO_6sA800DMqKFnO-pTtHOuEjFm	DSGNWhsh_WHOOSH MEDIUM-Into the Night	wav	7.44	CinePRO Sound Library	Momentum Designed	
1QqNtKJKXqyzpAvXQA5c_l3-w9sbWgi8s	DSGNWhsh_WHOOSH MEDIUM-Off the Rails	wav	9.28	CinePRO Sound Library	Momentum Designed	
1mR62oY3x5dYXZpHd3hpBX9ITBXUcvqS_	DSGNWhsh_WHOOSH MEDIUM-One Breath	wav	6.88	CinePRO Sound Library	Momentum Designed	
1F88cfsvciql2WYSOYeHwv8a-9SXsvLRR	DSGNWhsh_WHOOSH MEDIUM-Screaming Past	wav	8.73	CinePRO Sound Library	Momentum Designed	
1xW2fW2ptmdEB4JFZ8bxpiuwlZiSH_mxB	DSGNWhsh_WHOOSH MEDIUM-Slow Burn	wav	4.42	CinePRO Sound Library	Momentum Designed	
1P1u-uD2_hd7NwQmv1lFV0Pw6Ji55xou4	DSGNWhsh_WHOOSH MEDIUM-Spirit Passby	wav	9.5	CinePRO Sound Library	Momentum Designed	
1TzloYUlxBfpQGHdIbRWaBu86x5UAfTdw	DSGNWhsh_WHOOSH MEDIUM-Subtle Sweep	wav	11.22	CinePRO Sound Library	Momentum Designed	corporativo
1A0GHKKE54WaXrgYgn6HOJTP9RCwz3HS1	DSGNWhsh_WHOOSH MEDIUM-Suction	wav	6.13	CinePRO Sound Library	Momentum Designed	
1IntP0a7XDCZANYCUifWxWyjGu6B5ul3m	DSGNWhsh_WHOOSH MEDIUM-Summon	wav	3.02	CinePRO Sound Library	Momentum Designed	
11ExgQSDdQaJDOa_DQgJVkqqtUuQueroW	DSGNWhsh_WHOOSH MEDIUM-Systems Off	wav	10.69	CinePRO Sound Library	Momentum Designed	
14_vsBZcYbtaCqDV7Zw9kEwvAYnv-k9T0	DSGNWhsh_WHOOSH MEDIUM-The Caves	wav	8.71	CinePRO Sound Library	Momentum Designed	
1ofKGSK_xLYc6r-9I-gb9Tp-oiuKcNcOZ	DSGNWhsh_WHOOSH MEDIUM-To the Surface	wav	9.09	CinePRO Sound Library	Momentum Designed	
1oVUgh2j7aBvVprw7Sm3e_MCF-ec15lVY	DSGNWhsh_WHOOSH MEDIUM-Turbulance	wav	4.26	CinePRO Sound Library	Momentum Designed	
1y8rJylrmWYTfYZHghvt1Vai3sCuXt0u8	DSGNWhsh_WHOOSH MEDIUM-Voice of Reason	wav	10.54	CinePRO Sound Library	Momentum Designed	
1Q5O8NUy2ekax2hfjyWDgHfmwlITFuk2_	DSGNWhsh_WHOOSH SHORT-Arrow Release	wav	2.8	CinePRO Sound Library	Momentum Designed	
1KnEptpbwjYRRkJXcSHigKB7BQZTsBgxk	DSGNWhsh_WHOOSH SHORT-Blades	wav	5.25	CinePRO Sound Library	Momentum Designed	
1Ppo7oKHw81HUuy-NFlN3U0YaEnDx4TEG	DSGNWhsh_WHOOSH SHORT-Blast	wav	4	CinePRO Sound Library	Momentum Designed	
1zahO4mLkKoHoVzCRr54d0CQEdgYnm9Kp	DSGNWhsh_WHOOSH SHORT-Bullet By	wav	1.33	CinePRO Sound Library	Momentum Designed	
1V2DKnlslilBJM8pZQfLlu5ZZ-1_s9XAm	DSGNWhsh_WHOOSH SHORT-Choked	wav	1.9	CinePRO Sound Library	Momentum Designed	
1xgyKwxUm9bJ_2eE3094BbVqTjEsXxbxm	DSGNWhsh_WHOOSH SHORT-End Game	wav	3.34	CinePRO Sound Library	Momentum Designed	
1m7ZtrxSsx-DWD-U9xFqfJ0q7OR9Uk7rn	DSGNWhsh_WHOOSH SHORT-Fabric Rip	wav	3.37	CinePRO Sound Library	Momentum Designed	
1ks3AwJaZLol57Yx5ikoibhaQ-9qWk84I	DSGNWhsh_WHOOSH SHORT-Fire Roasted	wav	8.68	CinePRO Sound Library	Momentum Designed	
1CIjcYgUjmbe9KeACkEMCso2U5cf9xlAD	DSGNWhsh_WHOOSH SHORT-Flame Thrower	wav	3.48	CinePRO Sound Library	Momentum Designed	
1_O3f4YU8oS7-RsCl0L_YAti4ECqODB7j	DSGNWhsh_WHOOSH SHORT-From the Depths	wav	6.03	CinePRO Sound Library	Momentum Designed	
1lH2FIUl9mHwfH2x6Ar3uGU0SVUlYLy72	DSGNWhsh_WHOOSH SHORT-Going Inverted	wav	4.05	CinePRO Sound Library	Momentum Designed	
1B1gnW_GTW6qnqEvGtIhpf7zxfMTagwSv	DSGNWhsh_WHOOSH SHORT-Gut Punch	wav	2.58	CinePRO Sound Library	Momentum Designed	reels
14x0OB6Iy-XQjiEofedFb5Pw2Kr84Onh0	DSGNWhsh_WHOOSH SHORT-High Pass	wav	1.46	CinePRO Sound Library	Momentum Designed	
16J_T1nmXsCUmh2PD1uDm-jQFWdS9jlHA	DSGNWhsh_WHOOSH SHORT-In Out Momentum_01	wav	7.78	CinePRO Sound Library	Momentum Designed	
1eM-AiBkMCCpFHLNWIylyaJROYFRVmzIu	DSGNWhsh_WHOOSH SHORT-Metalic Retreat	wav	3.39	CinePRO Sound Library	Momentum Designed	
12axpyfGXnZrbaIER-thB9IHtf2EnDRL3	DSGNWhsh_WHOOSH SHORT-Rip and Roll	wav	3.1	CinePRO Sound Library	Momentum Designed	
1bqzhyZ5KDPWjcxt8ayI46tsXu8YLOouI	DSGNWhsh_WHOOSH SHORT-Sands	wav	3.46	CinePRO Sound Library	Momentum Designed	
1JFhG1N1MzY2aXU-p62Su7yBW3un9aDuD	DSGNWhsh_WHOOSH SHORT-Short Scream	wav	2.72	CinePRO Sound Library	Momentum Designed	
1WheK0jhp9GbFPqUujK-6BDWUNQLANBjr	DSGNWhsh_WHOOSH SHORT-Slicer	wav	5.47	CinePRO Sound Library	Momentum Designed	
1mkXZXarYpw-ZhfcqKuzoZ-EfBuaib3Oq	DSGNWhsh_WHOOSH SHORT-Slow Mo	wav	3.7	CinePRO Sound Library	Momentum Designed	
1my8ys_dHgVeCEcaSsRqFodczXlhzq8pj	DSGNWhsh_WHOOSH SHORT-Submerge	wav	8.77	CinePRO Sound Library	Momentum Designed	
1tAou0qHteHB6zjTICQmHNVnPGqUFokAh	DSGNWhsh_WHOOSH SHORT-Surfer	wav	3.78	CinePRO Sound Library	Momentum Designed	
1mv6MFj6EeV2xV1tCZmfpym0wUZmWZybM	DSGNWhsh_WHOOSH SHORT-Swing	wav	1.65	CinePRO Sound Library	Momentum Designed	
1y3DXKFQQbfV9goagI673uzLXtT5KuK2W	DSGNWhsh_WHOOSH SHORT-The Mist	wav	6.18	CinePRO Sound Library	Momentum Designed	
1tjMvH4ru1-1z19cy550sdB3TOsJU0ESZ	DSGNWhsh_WHOOSH SHORT-The Reverse	wav	2.92	CinePRO Sound Library	Momentum Designed	
1egh_V0KCkwu9JtbZvMrjCllfkyF3p7k4	DSGNWhsh_WHOOSH SHORT-Thruster Activate	wav	2.11	CinePRO Sound Library	Momentum Designed	
1BKFerxiEMkFe_LP001vDreKoupRL3jwW	DSGNWhsh_WHOOSH SHORT-Too Late	wav	2.73	CinePRO Sound Library	Momentum Designed	
1YOni1jtqBXHdOEmfusZJ3tLcTz_OGNES	DSGNWhsh_WHOOSH SHORT-Triad	wav	5.73	CinePRO Sound Library	Momentum Designed	
1czIQkmlQc_u3Bafie3Gl2Qg7yKMCDtWg	DSGNWhsh_WHOOSH SHORT-Turbo Charge	wav	4.23	CinePRO Sound Library	Momentum Designed	
19V7o9Fe7eaeOK7ABh1OrIXw7UproI6aF	DSGNWhsh_WHOOSH SHORT-Ultimate Blow	wav	3.08	CinePRO Sound Library	Momentum Designed	
1a4cke482vIs9sw0H-XDNN8_0h7TeZPJV	DSGNWhsh_WHOOSH SHORT-Wing Friction	wav	3.27	CinePRO Sound Library	Momentum Designed	
1XmyIt_U8kc6OyAl02-VEzWL2WJoZg8r-	DSGNWhsh_WHOOSH-Around You	wav	6.18	CinePRO Sound Library	Foundation	
1MVR1Uvzo5ZCcLZ42cImHLF7MC7k0pvFr	DSGNWhsh_WHOOSH-Be Gentle	wav	4.76	CinePRO Sound Library	Foundation	corporativo
1EVsTTKQiaAyjNKDVDcNfKSBKy3WHhsdu	DSGNWhsh_WHOOSH-Dark Air	wav	3.64	CinePRO Sound Library	Foundation	
11PDungu8pdpzfpdmmjMydT1AxM0xOx_Y	DSGNWhsh_WHOOSH-Dimmed Down	wav	8.2	CinePRO Sound Library	Foundation	
1CGV_Cg_Lb28FO9DCoiGDAkKxMJS0Loqr	DSGNWhsh_WHOOSH-Fast and Bouncing	wav	4.35	CinePRO Sound Library	Foundation	
1CnZalvnk8j8AlSl71Wzoxm4O3Ow3TIiW	DSGNWhsh_WHOOSH-Fastlane	wav	4.51	CinePRO Sound Library	Foundation	
1shMORLrZzzykdfmUWH3n68pNKNAGd1pL	DSGNWhsh_WHOOSH-Filtered Speed	wav	4.58	CinePRO Sound Library	Foundation	
1MlfIWuY53QzC7C1rGQvJubfRGBh0DT8e	DSGNWhsh_WHOOSH-Fire	wav	7.4	CinePRO Sound Library	Foundation	
1CY8xN-F0ld56NKSX0kf7X4Ca_X3q0z0m	DSGNWhsh_WHOOSH-Force of Nature	wav	7.92	CinePRO Sound Library	Foundation	
1mv7anZ5q0rS_mXe0XW4R-4KN4ZWgblGQ	DSGNWhsh_WHOOSH-Gasp for Air	wav	5.08	CinePRO Sound Library	Foundation	
1AGVZ9-VAJA-2JKfLSGp0VV7gcF5B5hYW	DSGNWhsh_WHOOSH-Organic Motion	wav	4	CinePRO Sound Library	Foundation	
1Uq8ko7WeQwS53ZuJ7k-uZAxJkyVp1FiW	DSGNWhsh_WHOOSH-Over the Plains	wav	5.09	CinePRO Sound Library	Foundation	
1cR6RC0d99PX6oLhfrVdx9Bn8p2Qd-UW9	DSGNWhsh_WHOOSH-Passed By	wav	4.98	CinePRO Sound Library	Foundation	
1TOMt44SUbcKLp4fkrckBL-nWPjJHg8D2	DSGNWhsh_WHOOSH-Push It	wav	6.83	CinePRO Sound Library	Foundation	
1ltF1Ex0hopBx82ASTSKTIVcAt0yyIqse	DSGNWhsh_WHOOSH-Pushed Air	wav	5.38	CinePRO Sound Library	Foundation	
1pK37KYbDhJAvk3xHrfH8FiHK-o0GIiDA	DSGNWhsh_WHOOSH-Road to Tomorrow	wav	8.38	CinePRO Sound Library	Foundation	
1_XmJ71v-FiViJI1OCzbRorPgnFnu70GK	DSGNWhsh_WHOOSH-Speed is Everything	wav	3.6	CinePRO Sound Library	Foundation	
1jJhHkdcAO5TsImu-5vrCBgTrgn68B0jF	DSGNWhsh_WHOOSH-Subtle Pressure	wav	6.98	CinePRO Sound Library	Foundation	corporativo
1k10Vbb2-z2mOSnjDAlMPbsAS7dhlP_Jp	DSGNWhsh_WHOOSH-Swirling Energy	wav	6.37	CinePRO Sound Library	Foundation	
1BuZjij-CsYtG3mFmqRSJgUbVxbHIACbJ	DSGNWhsh_WHOOSH-Through the Bottleneck	wav	5.47	CinePRO Sound Library	Foundation	
18n11t-AbaAK27v53vbLnLCpLE9mzJOK6	DSGNWhsh_WHOOSH-Transport	wav	8	CinePRO Sound Library	Foundation	
1RKZUffQVsOw1_XOWl9pr-5SfH-jxiq1a	DSGNWhsh_WHOOSH-Turn of Events	wav	5.77	CinePRO Sound Library	Foundation	
17PZzTcScL4rkEP_hya41pXCxt0l-KJAN	DSGNWhsh_WHOOSH-Two Steps	wav	3.81	CinePRO Sound Library	Foundation	
11ccZPDtdDPRA1L4VN96Pndj7iwLQ5J0y	DSGNWhsh_WHOOSH-Weight	wav	3.79	CinePRO Sound Library	Foundation	
1mw0pCGd0eMq3w0XI3IjjQZLUrzx1Oc9b	DSGNWhsh_WHOOSH-Whats Next	wav	10.4	CinePRO Sound Library	Foundation	
1S-GAvmGYuVkW7lg1MQ4Iourr8WjntS3o	Dubdogz, Liu, Dubdisko - Dancing (Official Music)	mp3	147.1	CinePRO Sound Design	PLAYLIST	
1LfRGrirpzTw5tsVHW11Sliw6xqshsvfj	DUNES Agressive Drum Loop	wav	3.75	CinePRO Sound Design	Essentials	
147q3qtHXyDJRsjkEHc4y3mv51KgdGdbI	DUNES Agressive Growl	wav	1.88	CinePRO Sound Design	Essentials	
1gHtXzz4B_-1we_x-KpQF7VpZtAUNVSEB	DUNES AI Brain Freeze	wav	0.47	CinePRO Sound Design	Essentials	
1MJwwrItRbokFL12qs_a8z04_ApSwkIuD	DUNES AI CURSE	wav	0.47	CinePRO Sound Design	Essentials	
1EdrnmIiRhyKwDp3Ui4BGe6P3uA4sRlXU	DUNES Big Bad Bass	wav	1.88	CinePRO Sound Design	Essentials	
1J-IPhe5B5O5gLlNfmqwYkg6Gk2WraJIx	DUNES Dissonance shot	wav	0.94	CinePRO Sound Design	Essentials	
1Eu6DMNupMHAdftEEsTi1DyWPErg8uZRP	DUNES Modualter	wav	7.5	CinePRO Sound Design	Essentials	
1K2AxFV_UeqgZ36DzkPCmtbk312zXBAyK	DUNES Moog Groan	wav	1.41	CinePRO Sound Design	Essentials	
1UmAMiJ11Jr9jDVbrRmKtgZ1p-uFbHhUV	DUNES Moog Groan 02	wav	1.88	CinePRO Sound Design	Essentials	
1ZT2HHfJ1a9Sv334bGOtBGv1l_Em1fU6u	DUNES Replicant Trash	wav	0.94	CinePRO Sound Design	Essentials	
1AkYmv4mD1f4MA6UYUBWT4lZoc2l6GWXP	DUNES Scanner Interlinked	wav	3.75	CinePRO Sound Design	Essentials	
1iu33uSL_jw25AchDRtBowebxJH5jRG0T	DUNES Short Sweep	wav	0.7	CinePRO Sound Design	Essentials	
1tONR2A6Wa4C1pDCm2XMLUUFUjfbhuXqh	DUNES Topple Glitch	wav	2.58	CinePRO Sound Design	Essentials	
1llFrDXi0tugoq1nxBch41FF6x1uBTWO5	DUNES Uneasy Drone Loop	wav	7.5	CinePRO Sound Design	Essentials	
1pmhtSdDvMblfEjLFOmBvyj-S5MjyL7q_	DUNES Weird Percussion	wav	9.38	CinePRO Sound Design	Essentials	
1QQHbH4DkIY0LBIUzzyLYiS72fk1usl22	ECFX_Woosh_14	wav	2.62	CinePRO Sound Design	SFX	
14sxih-dgBlCcCG1fs4hja9OPc03Ktkjm	Echo Sax No.4	mp3	101.12	CinePRO Sound Design	PLAYLIST	
1I_P5YT8c2nI-Q99zg0piPbm56PPMBAOY	Echo Sax No.8	mp3	140.7	CinePRO Sound Design	PLAYLIST	
1iPZRA7n1BPGI20HvVyNXrjuvgIwDC2Gv	Eeerie	wav	16.27	CinePRO Sound Design	Essentials	
1byBlPrh3sAKJOW4ZJj_hXq6jXgalvLBb	Eerie_Breaths_ODC-0008-017	wav	32.63	CinePRO Sound Design	Essentials	terror
1w1F66p-y75DBGs7QQl-2YRyUZ0hr3ucV	EFGR - Penumbra	mp3	142.84	CinePRO Sound Design	PLAYLIST	
1s_vo33D-Fpj7G8SjnLPv0dHiXp24R9ae	Electric Bird 2 - Short	mp3	0.96	CinePRO Sound Design	Essentials	
10u16BYf5tQFmKje27x-QBD1Dv05LkYBu	ElectricEmpires_Main	wav	119.99	CinePRO Sound Design	PLAYLIST	
19t9UVLt99Sv2VXnaZ6BoVEqNM8vM2PyW	Electro 1 - Short	mp3	1.06	CinePRO Sound Design	Essentials	
1AQG9m3k_t0YebsHUlEzt0hzXjYptO35y	Electro Tremolo - Medium	mp3	2.02	CinePRO Sound Design	Essentials	
1iS72Xv-h3K_utvgPwzVmodNcPK0NfdmC	Electronic Device - Medium	mp3	2.07	CinePRO Sound Design	Essentials	
16AfVN_xERdWBDyv6KTL3S8CHScizCn6-	Elior Antwi - Euphoria	mp3	209.68	CinePRO Sound Design	PLAYLIST	
1mGeLEnvvacwgiJBYirpTcWyHQQJKVqSV	Elior Antwi - Summertime	mp3	169.72	CinePRO Sound Design	PLAYLIST	
1_Eb0hQjctcWjnlWDKS1OJ7QVM5Qa7LQ3	Elior Antwi - The Last Samurai	mp3	172.41	CinePRO Sound Design	PLAYLIST	
128v3AxkSTj5k8LgdYx2q54r4alr4Q4v_	Elliott Green - New York	mp3	157.13	CinePRO Sound Design	PLAYLIST	
1miVwEcl4HcRxQsoSnIsTJ_sBKwd6LsAm	ELSE PARiS	mp3	209.89	CinePRO Sound Design	PLAYLIST	
1f4edelTh1z8fQugu8AeFt0G61kklH-l9	Emerge Water Whoosh	wav	10.05	CinePRO Sound Design	SFX	
1fyxMVBM6V5LHcWkekBjgkvLNdiDIT0IV	Emmanuel Jacob - Shipwreck in the Sahara	mp3	120.16	CinePRO Sound Design	PLAYLIST	
1yp_GC8eB1ZO2M_QBzI11wlo_MLzxdylG	Empire_Game_Warfare_Movement_Woosh_Wind_Fly_Transition_2	wav	1.45	CinePRO Sound Design	SFX	vlog,corporativo
1GdRFdRA6urWWqnzAE-k1gmRMi7pL9wjN	Endearing-memories	wav	149.17	CinePRO Sound Design	PLAYLIST	
1OQpRTJtz_MjugeECRkvu--ZSFf9I5Ewe	Endless Deep Whoosh	wav	9.29	CinePRO Sound Design	SFX	
1bEKAnzGXo6zUX3MunwB3CctZPhl34atp	Endless High Whoosh	wav	7.71	CinePRO Sound Design	SFX	
11Wb-si6vWzO97a6c0G-bTSy8WDWBRHJo	Energetic Crowds - Young Audience Shouts, Female, Cheering	wav	11.08	CinePRO Sound Design	SFX	
1PFxqu5DvZhp9ILibFJWKKxXiot43n0Oc	Epic Rock Sport Trailer_75BPM_Dm	wav	44.81	CinePRO Sound Design	PLAYLIST	
1HNmYrX_vJRverVwEZ3cTh1Wbd52MmFVp	Epic Rock Trailer	wav	34.29	CinePRO Sound Design	PLAYLIST	
1yQG1Vh4AKALEAq2eSEdgTMiagOTxepsr	Epic Tension Riser Bright	wav	10	CinePRO Sound Design	Essentials	trailer
1KNRJ03IUE3zl5i66oQyfTzaWZBK2uzfa	Epic Violin	mp3	95.74	CinePRO Sound Design	PLAYLIST	
1HMkRIz7eedaqNHrBEA3w00DqMSiorbV-	epic-heroic-cinematic-trailer	mp3	101.07	CinePRO Sound Design	PLAYLIST	
1J4sweCLQfTs66mutZk7KH_qruX8r7NRo	EpicHit (1)	wav	8	CinePRO Sound Design	SFX	
1x13mtZ1D8jh7X2AeE6gr2iyJ4lfVMuVk	EpicHit (2)	wav	7.25	CinePRO Sound Design	SFX	
1Ry67aJ0N4pyfTpNSiqqPsiz-xzSnc7Cn	EpicHit (3)	wav	5.5	CinePRO Sound Design	SFX	
1ctj_rOsr-CquG8020pUWQ83gdQP_XSW_	EpicHit (4)	wav	6	CinePRO Sound Design	SFX	
1bEKL03z9KoYozm67AMPx3VrAJzy6WASv	EpicHit (5)	wav	6.75	CinePRO Sound Design	SFX	
1Ibp0jtaQmyMnp7Ubzj6fJ1TlsV2riXGF	EpicHit (6)	wav	9.5	CinePRO Sound Design	SFX	
1WAXe_G_tmHxJr0IMaJ6kBvXvs5dYve8Y	Epicness	wav	146.4	CinePRO Sound Design	PLAYLIST	
1D4k-pIFGalVwm8-SrM2Md1-dUK5_1o1F	Epikton - The Glare Of Victory In My Sword	wav	215.14	CinePRO Sound Design	PLAYLIST	
1dBRiKc0TI3lbi2xUWkSyTlj0HGT1Zp_q	error_fail1_1	wav	0.6	CinePRO Sound Design	Essentials	
1Fzr4lwTJ1OOJHXykZ8X3xozm8H-5mXtQ	error_fail1_2	wav	0.61	CinePRO Sound Design	Essentials	
1GwKTv07l_5b5e9v-TOAjRrxUsjB5rk1l	error_fail1_3	wav	0.7	CinePRO Sound Design	Essentials	
1XoJuNdKu7pO5cVyVQ3bWJRTfsbbcw08W	error_fail1_4	wav	0.92	CinePRO Sound Design	Essentials	
1FJlzBV1qdTygedVj_-p7ZlAtaaIqrsu1	error_fail1_5	wav	0.47	CinePRO Sound Design	Essentials	
1m-V0C1-d3ZhtfFslCR_dOTp3ukn2RN_A	error_fail1_6	wav	0.62	CinePRO Sound Design	Essentials	
1POWw694Cgi1aIph7c268kqD7zbAf3ONv	error_fail1_7	wav	0.38	CinePRO Sound Design	Essentials	
1lFYB1_pIksCurkUuXoY2sruQ9Imd4A5g	error_fail2_1	wav	0.28	CinePRO Sound Design	Essentials	
1k0mRKgQH3gj1On23Cy6xSdDGWa-ymQXQ	error_fail2_2	wav	0.45	CinePRO Sound Design	Essentials	
1icUjEjeJgBJxJbkMCagg8yV-q8NmLg-w	error_tonal_1	wav	0.62	CinePRO Sound Design	Essentials	
1RUTMfS1gJ2KFN4xi5NPvvVzjYAYmle-s	error_tonal_2	wav	0.83	CinePRO Sound Design	Essentials	
1jGQ6QW-AmWrRztHZuTMtmgCVTjh11NbB	error_tonal_3	wav	0.46	CinePRO Sound Design	Essentials	
1bvXHlypb4WP8K2ZqtGtDrkewPHjdiANq	error_tonal_buzz1_1	wav	0.27	CinePRO Sound Design	Essentials	
1TX1QAlQ8v4LgZ_D-hJptS7gKjJpSAE_b	error_tonal_buzz1_2	wav	0.49	CinePRO Sound Design	Essentials	
1POtDljMZMF0teKsWyusAv0vtWTWi9vb-	error_tonal_buzz1_3	wav	0.4	CinePRO Sound Design	Essentials	
1_URFCOwqrEplJfU_wMa-xk_kxvFxBBs4	error_tonal_buzz2_1	wav	0.56	CinePRO Sound Design	Essentials	
1lsXnTTNFmJDRrwHRCr0Ius5jqVv9lRHT	error_tonal_buzz2_2	wav	0.52	CinePRO Sound Design	Essentials	
1Ing2DhWTLEzKXRHnVen3B-h-Mk6lUrmp	error_tonal_buzz2_3	wav	0.78	CinePRO Sound Design	Essentials	
1ftnnh9p8jCqzREpfV3cPSZLs0s_lFyq0	error_tonal_buzz2_4	wav	0.72	CinePRO Sound Design	Essentials	
1vRIViULeNeXFZPNm9NZ5dmoLMdBLH10Z	error_tonal_buzz3_1	wav	0.41	CinePRO Sound Design	Essentials	
1RzEiAtcsIphxIr9lWkeNo9NZfXHvURAk	error_tonal_buzz3_2	wav	0.64	CinePRO Sound Design	Essentials	
1_rDqnrwgp4Bs7xDJLLs2yuxueSdsx-vQ	error_tonal_buzz3_3	wav	0.61	CinePRO Sound Design	Essentials	
1rPw6o_wmSXJ4xI4AZ61Iv-7hkocyml0z	error_tonal_buzz3_4	wav	0.64	CinePRO Sound Design	Essentials	
11Fe1tDHi0YCh6WKLrok8VZN-lbh3W2TJ	error_tonal1_1	wav	0.75	CinePRO Sound Design	Essentials	
1EvVzxKZkyRWPDww-_jJbkWsGwxRfY4rD	error_tonal1_2	wav	0.73	CinePRO Sound Design	Essentials	
1GGfCSVZnLmLdN_hGSlS8InbbBdVq1yGg	error_tonal1_3	wav	0.88	CinePRO Sound Design	Essentials	
1jG-6NXYXBqZnLFLD_C19SVLs2f-xdGCQ	error_tonal1_4	wav	0.59	CinePRO Sound Design	Essentials	
1zVIBly1lWbFH0x3uMKPgChww1iaDzL8_	error_tonal1_5	wav	0.7	CinePRO Sound Design	Essentials	
1_CzmvdN5iqFAenMGhz5vyqS2gTcN2VDz	error_tonal2_1	wav	0.24	CinePRO Sound Design	Essentials	
1Pa2ubDPwjUOl-NoiAFYXaNGSAxUnojcx	error_tonal2_2	wav	0.31	CinePRO Sound Design	Essentials	
1ZQcNsrSnQ3zP-XRuNlVTVLyeo6NhH5cY	error_tonal2_3	wav	0.28	CinePRO Sound Design	Essentials	
1gofVvkF0scIzFzLUC_DhSnoA8UqWKQaK	error_tonal2_4	wav	0.28	CinePRO Sound Design	Essentials	
1dKVjYsXWs-Pyk0Ploo_G7FcpJCmXuX9D	error_tonal3_1	wav	0.7	CinePRO Sound Design	Essentials	
1q6I2oLTDkk8lkeqguK8ACN3Iq4BAaxHm	error_tonal3_2	wav	0.7	CinePRO Sound Design	Essentials	
1ACvQwzYF6Rf0gXrzaztAyctpr43Aw7Av	error_tonal3_3	wav	0.63	CinePRO Sound Design	Essentials	
1hVfxc9RsfYl9QU67BPItJFRf63Mz3Ket	ES_Pyro Fire Ball Burst 20 - SFX Producer	mp3	1.34	CinePRO Sound Design	Party FX	
1Ph2-5j-xIhzJKUg-JdKpQEInwqaWXIs6	ES_Pyro Fire Ball Burst 43 - SFX Producer	mp3	7.01	CinePRO Sound Design	Party FX	
1fRMH_5SiYHe0gf9GNi9ydNlhjpaQASHT	ES_Symphonies - Iso Indies	mp3	154.85	CinePRO Sound Design	PLAYLIST	
1eMwzr50Yv03o1WjZYUO9hp35KawJDez9	ES_Symphonies - music	mp3	154.85	CinePRO Sound Design	PLAYLIST	
1IxJSFwGxSHXDrjXFjgOiH7iY1o1--0tA	ES_Symphonies STEMS INSTRUMENTS	mp3	154.85	CinePRO Sound Design	PLAYLIST	
1Q3h7Pj72gvaXTFhNQbm3ua5GTFrJC4Hv	ES_When It Hits Ya STEMS BASS	mp3	154.22	CinePRO Sound Design	PLAYLIST	
1t-RGzapEHMvz_0S5yJixq1DnweBttSRc	ES_When It Hits Ya STEMS DRUMS	mp3	154.22	CinePRO Sound Design	PLAYLIST	
1tWIxvPB1Qhbg_SheTx_cRNQh9EjL3A4g	ES_When It Hits Ya STEMS INSTRUMENTS	mp3	154.22	CinePRO Sound Design	PLAYLIST	
11PhYhKOwp3XaI1B6CYOmGA31SWa4-YCt	Espada_Brilho_Medieval_Trailer	wav	4	CinePRO Sound Design	SFX	
1DmXY2Aik7v_Y0PL0eQur_zluolv1EDCz	Estourando 1 Fogos	mp3	1.15	CinePRO Sound Design	Party FX	
1hOo2-f3ZHb8K3gQi69AvsRr3F1_ssvCK	EU JÁ SOFRI POR AMOR (DRILL VERSION) - Nakow	mp3	108.17	CinePRO Sound Design	PLAYLIST	
15O0ZCavbIox1udqbR1rJKyRhi_REoMKM	Europa Landing	wav	34.22	CinePRO Sound Design	Essentials	
1vNcIDtImj0cKP0XJd8DjPOCEEPEBbtJb	Evgeny Bardyuzha - Vamos - Instrumental Version	mp3	139.31	CinePRO Sound Design	PLAYLIST	
17dnYC-2PUmcsqtGydk4oG3bIq45B_TP2	EvgenyNazarenko Raindrops	wav	132.75	CinePRO Sound Design	PLAYLIST	
1G_fFZ4_-xkTwWzCzPp5aV9ePtldutuZs	EXPLOSAO	mp3	6.14	CinePRO Sound Design	SFX	gaming
1juNrFDdqHZrz_mlhh4GjB0dz-3yljYX5	Explosion	wav	132	CinePRO Sound Design	PLAYLIST	
1fpd4FFFcx5viHd0xYANKieKjFv8JQplM	Explosion - Medium	mp3	8.45	CinePRO Sound Design	Essentials	
1YEpFVLyW6mZMKsMMrs5IrAvPkzjuo-n8	Exterior Metallic Door Gate, Padlock, Locking, jingling	wav	2.16	CinePRO Sound Design	SFX	
1OztFuvEPt1k_kNrK7PbT2Z_7XUc31lfA	ExtremeDegrees	wav	68.21	CinePRO Sound Design	PLAYLIST	
13q-B-EScbkHZ1p1lQp46OfKZQSH2ZseF	FableForte - Parlous Reign	mp3	146.73	CinePRO Sound Design	PLAYLIST	
16PaOAZwoGMNJ6Xn_CL3lplzJoLVuy64U	FableForte - Reminiscence	mp3	176.74	CinePRO Sound Design	PLAYLIST	
1uReao8I1ksTEIckDFXtZw3aHnjnu8oEJ	Faith In Success	wav	111.82	CinePRO Sound Design	PLAYLIST	
1pB6eCiP9Gg7Al0lEgOpDUcYtXC90F-L2	Falling Needles - Long	mp3	3.05	CinePRO Sound Design	Essentials	
1Es-YYVXIulk5ykn3E3srgaE07tXTiYg3	Fast woosh	wav	3.17	CinePRO Sound Design	SFX	vlog,reels
1_50kcKGJl5pN3IZ93mON2cEJVpdwHaat	FAST X Daddy Yankee & Myke Towers - Gasolina (Safari Riot Remix) (Official Audio)	mp3	152.16	CinePRO Sound Design	PLAYLIST	
1madIVIDxwMXqN_yJ2lv_Ydu-KLYpFJmf	FAST X Daddy Yankee & Myke Towers - Gasolina (Safari Riot Remix) (Official Audio) [music]	mp3	152.16	CinePRO Sound Design	PLAYLIST	
1Lxc77kaYDFvGFYgohfZqhjfC76xaBYZK	FAST X Daddy Yankee & Myke Towers - Gasolina (Safari Riot Remix) (Official Audio) [vocals]	mp3	152.16	CinePRO Sound Design	PLAYLIST	
1fvOIADkWXiX-Fd51UEJSSv9eU2jzYMob	FastSwooshes_1	wav	2.13	CinePRO Sound Design	SFX	vlog,corporativo
1_k_RtsnhZLSNhdbRfoQuQ4iJUKANRRIH	FastSwooshes_2	wav	3	CinePRO Sound Design	SFX	vlog,corporativo
1RIs1oy_89x3vOBb5sKvMcc-U4jvqJDJ3	FastSwooshes_3	wav	2.17	CinePRO Sound Design	SFX	vlog,corporativo
1u6f8PthPrIAPU-cvTpzeD5zgsWxTHY2T	FastSwooshes_4	wav	2.96	CinePRO Sound Design	SFX	vlog,corporativo
1W6SEMww3WPBevnkUEff9KpcynSrNVA2j	FastSwooshes_5	wav	1.89	CinePRO Sound Design	SFX	vlog,corporativo
1frQe0_BiSUf8Lwnmqbqsow5zOfU6cAsg	FastSwooshes_6	wav	2.04	CinePRO Sound Design	SFX	vlog,corporativo
1TzcupJE3jlKPRbQwt1KFABJDpWSqsqcb	Feedback001	wav	7.13	CinePRO Sound Design	Essentials	
12M5RMBkQgHiMrh0nRaS8-gJdQcoxkwk3	Feedback002	wav	20	CinePRO Sound Design	Essentials	
1x1ujw8qZv9IemKUZ1zBjQpjj9Mlk_Hip	Feedback003	wav	14.77	CinePRO Sound Design	Essentials	
1wGHzu4mZnDwNzuoDV5k_nKfi_541_PFw	Feeling Good - [music]	mp3	169.8	CinePRO Sound Design	PLAYLIST	
1ZYUMv6q0gJDdxI16p5PZLdLti-SoHheZ	Feeling Good - [vocals]	mp3	169.8	CinePRO Sound Design	PLAYLIST	
1h1NAwqMw5_jHH6ys35lBkxebK1WJBFfY	Feeling Good - EPIC VERSION	mp3	169.8	CinePRO Sound Design	PLAYLIST	
1PQm-btbdpuxjFVJ07uPiXBjOicECm3Ss	film-burn	wav	1.78	CinePRO Sound Design	SFX	
181hsQZ6E0WcTOH4mVCW2jHzaWytlBV-E	FinalBoss	wav	101.68	CinePRO Sound Design	Essentials	
1U4amadML-YDsMEpzPt04fLQbpBSTgt5N	FinalBoss001	wav	2.06	CinePRO Sound Design	Essentials	
1q912ixY_wIXye5sBCF2mWR0j1NQUCHPB	FinalBoss002	wav	1.38	CinePRO Sound Design	Essentials	
1WGsnc-NhMIyKf50dAiUjup2KGtK9gxNt	FinalBoss003	wav	2.74	CinePRO Sound Design	Essentials	
1I139KL9NJzB8dFqaj5y014m9tkGl3HMC	FinalBoss004	wav	1.38	CinePRO Sound Design	Essentials	
1DRX_Dph7cZ9MswKDLyGMsA85gBOSj659	FinalBoss005	wav	3.43	CinePRO Sound Design	Essentials	
1JkV1FfAt63oso4VZ35xNAVo-_4m8qWI1	FinalBoss006	wav	2.06	CinePRO Sound Design	Essentials	
1CcJiF1YD17xSIA5YxQbcGxeuXRWR4vTU	FinalBoss007	wav	1.38	CinePRO Sound Design	Essentials	
11NhsAtQ8T7VxmJT5-zHkAQ7bIubSKV9E	FinalBoss008	wav	2.74	CinePRO Sound Design	Essentials	
1DAZT07HIWW9hQ_wFDKFAnhLvn3_qZCbw	FinalBoss009	wav	2.06	CinePRO Sound Design	Essentials	
1wNpkX0SXE7d0ilYXlv0acO89LW_z7kJM	FinalBoss010	wav	6.84	CinePRO Sound Design	Essentials	
1uYfWz9Eh5rNb2bJBdx0QthOYIVEEpTf2	FinalBoss011	wav	1.38	CinePRO Sound Design	Essentials	
1FYkQX0Hfhp9T4Ed7pwuqMJ6TVoa9CvGA	FinalBoss012	wav	1.38	CinePRO Sound Design	Essentials	
1WxEVibvfsYOWAYLCu1U5qnv1dgEg4QqJ	FinalBoss013	wav	1.38	CinePRO Sound Design	Essentials	
1dQPEgRs3SzJ9w1ha70SwPScHkCfZChTq	FinalBoss014	wav	1.38	CinePRO Sound Design	Essentials	
1tC2Lf9iSNrj8S1DDe8BQa2Ig7n88iZI2	FinalBoss015	wav	1.38	CinePRO Sound Design	Essentials	
1epN9hFBkL5xZMc3hZQuLnkdCYdUs6pkm	Fire Catcher (full)	wav	126.92	CinePRO Sound Design	PLAYLIST	
1Li0nluz7Qmbm_yFg86tx3T3lPiWNw-ur	Fire whoosh 1 light	wav	1.49	CinePRO Sound Design	SFX	corporativo
1ck9JF9JjhLcVMfxhQmZaus_dj-FzIaNq	Fire whoosh 2 heavy	wav	4.3	CinePRO Sound Design	SFX	
1K3n0ixzoqvsVSqAaVb0LoW6KrHEPh6Ni	Fire whoosh 3	wav	2.81	CinePRO Sound Design	SFX	
1FA2d4rmJ4s4NR84Tx5O9KfJ8n5NPFoed	Fire whoosh 4 deep	wav	4.74	CinePRO Sound Design	SFX	
1oJqT5xus_I2RJQSAINDH8Q0aA14qkh4C	Fire whoosh 5 with a lighter	wav	2.5	CinePRO Sound Design	SFX	corporativo
1k_YLgKTAqh1L00hclltass0mg4DnWZMM	FIRE WOOSH 01.L	wav	17.89	CinePRO Sound Design	SFX	
16BqN4trzfrnFP3oU0XvdZECdwGJw1rBA	fire_loop_1	wav	10.4	CinePRO Sound Design	Essentials	
1k6pUQhCyKa1rHy1DlrD2_YAiErOsyf7w	fire_loop_2	wav	7.23	CinePRO Sound Design	Essentials	
18wTtt22VBIlOz9h5wC133X5U3anECTjA	fire_loop_3	wav	13.7	CinePRO Sound Design	Essentials	
1OBYV_7ebk2JYdlOPRju3FmcgxvonHvGZ	fire_loop_4	wav	18.54	CinePRO Sound Design	Essentials	
12mN2XCKDODi27NW5jOuo6Q9_d70rgV6_	fire_sparks_sizzle_1	wav	39.15	CinePRO Sound Design	Essentials	
1paP1CLvLAaWSRie70ZvETXiean1YgvBa	fire_sparks_sizzle_2	wav	40	CinePRO Sound Design	Essentials	
1JearcHgl4ynAymLXCrZOWt61cvHSN7jK	fire_sparks_sizzle_3	wav	31.11	CinePRO Sound Design	Essentials	
1IMZG8_2IjXbFFybW-CcVFlKfHe_LBQtw	fire_sparks_sizzle_4	wav	21.53	CinePRO Sound Design	Essentials	
17sezyjNGyTwnA3WcJJcShoQ7r3UA5FU6	Fire, Campside 1	wav	31.7	CinePRO Sound Design	SFX	
1pQtiHSBZRlxbQ4vhA2eSB1As_NZVDTYL	Fire, Campside 2	wav	22.84	CinePRO Sound Design	SFX	
1u8J8GQcLNc4QFOmb_pj_7cKIMR-8fM_b	Fire, Campside with People	wav	48.54	CinePRO Sound Design	SFX	
1LnV7-XXDPTQgIc-kSPSx2wbAAYyoBi6A	Fireball 1	wav	3.49	CinePRO Sound Design	Party FX	
19qzs2VJdzKn25zRizZczfG39hUB9t5du	Fireball 10	wav	1.4	CinePRO Sound Design	Party FX	
1tdHOCcGvgFpU6vq6wP1vCZ2Gr8JI3BGz	Fireball 2	wav	2.79	CinePRO Sound Design	Party FX	
1LBgzsk344cJhDHo9RJbfVHkvui-KsDbu	Fireball 3	wav	1.4	CinePRO Sound Design	Party FX	
1qKt92KxSkBBS8fQmBAIv2B7YC0CVZofy	Fireball 4	wav	1.4	CinePRO Sound Design	Party FX	
1Bnv8aVsFesWeoL-cmc4iAce9z5gaXo5S	Fireball 5	wav	2.09	CinePRO Sound Design	Party FX	
1dkkqOrrn61q94CTpThAomOnM77hZlTKr	Fireball 6	wav	2.09	CinePRO Sound Design	Party FX	
1MlaSO_KFf4rbO960xH_kEOEdTXyAMJgv	Fireball 7	wav	1.74	CinePRO Sound Design	Party FX	
1FbYPkYXni9hkp1_9_RDlCL5lF3gAF0du	Fireball 8	wav	1.4	CinePRO Sound Design	Party FX	
1FyCS7gocLJrp6ThDiIxysYuFtBnoCQCT	Fireball 9	wav	2.09	CinePRO Sound Design	Party FX	
1RKx1ORBZF5vbjnG81x0z5enbeHJyjsGi	FireWood SS023801	wav	64.86	CinePRO Sound Design	SFX	
1hYZvuNWfKOCPzSMfbbu0qoiHASZ7CvGz	firework_beside	wav	23.65	CinePRO Sound Design	Essentials	
1cmB0O6j48QxqEtSca8j6WdY3-cQFN_b5	firework_beside_crackle_1	wav	26.31	CinePRO Sound Design	Essentials	
1a-bz5VeWPKDUyDbYKQD2lO3Jd8GgJ0AF	firework_beside_crackle_2	wav	12.91	CinePRO Sound Design	Essentials	
1SN7qt8_sO9XV_TwePBp_0WuSlbbl7atj	firework_beside_crackle_3	wav	42.47	CinePRO Sound Design	Essentials	
1Obd4oPRwriPH8pQQyZRlV4hZZ1IwhKvA	firework_crackle_sparkler_1	wav	50.79	CinePRO Sound Design	Essentials	
1opKH5Fq4Ch6z6TR3HfwRuVn04LqxHcY-	firework_crackle_sparkler_2	wav	9.84	CinePRO Sound Design	Essentials	
1HTqsueB0-uugN4TbR1hOc75iGMtPlw4t	firework_crackle_whistle	wav	40	CinePRO Sound Design	Essentials	
1JC8Va4bhpFRkZ6T8NKxQQjAtNKUPN3TQ	firework_distant	wav	24.78	CinePRO Sound Design	Essentials	
1A5fKDQiZBrmL8va0-5dkLL9BJXG1lmgP	firework_single_design_1	wav	3.8	CinePRO Sound Design	Essentials	
1wrTEMahgGqifsizBzMbIyNFYWtH0PwRq	firework_single_design_2	wav	3.55	CinePRO Sound Design	Essentials	
1EFxl1CfRH9tFgSCdtRsr3C496CQmcPYN	firework_single_design_3	wav	3.79	CinePRO Sound Design	Essentials	
1rtohu9KuCux2JaNAQyE1N6hrmFwdn-jS	firework_single_design_4	wav	4	CinePRO Sound Design	Essentials	
1IK7TK8SzdVyAQ8xqPIT2OVvLgSH-vAMz	firework_single_design_5	wav	3.61	CinePRO Sound Design	Essentials	
129ssNSzcy8pMJ41uGl2dxvOpCfuVFJfA	Flag, Clothes flapping in the Wind	wav	10.35	CinePRO Sound Design	SFX	
1v4BSR7WmRfWQa01K82Tgkn4xD10Q2Gkb	Flight 2 - Long	mp3	2.93	CinePRO Sound Design	Essentials	
1KuGfeel15nd93Rjt1gtEs-4ZV9IMew34	Flight 4 - Medium	mp3	2.07	CinePRO Sound Design	Essentials	
1Ql5zjGXOIeyqaOdaQAcvPAGpxc6hIULI	Flight 6 - Medium	mp3	2.07	CinePRO Sound Design	Essentials	
1eZb0MbO4FvUA5Fn8ozo5ogEdztR_nCY6	Flight 6 - Short	mp3	1.06	CinePRO Sound Design	Essentials	
1i5Lo_aZroE9vemxJzt5NgDu_U_FpqtC_	Flint - Dont Open	mp3	231.99	CinePRO Sound Design	PLAYLIST	
15T-aD1r813nUn1Sz7bVQq3gOrbDx2gu5	flute_notification_1	wav	1.65	CinePRO Sound Design	Essentials	
11q0KvYGORbyjU82BjVvWA8IHOikcmdc0	flute_notification_2	wav	1.32	CinePRO Sound Design	Essentials	
1g0TXRe5k7iXAOoddvLExEIsfkg-Tl746	flute_notification_3	wav	1.86	CinePRO Sound Design	Essentials	
1JCr8g-BCORYKTksqsYdlNSTMS_LHaqwM	flute_notification_4	wav	1.53	CinePRO Sound Design	Essentials	
1JB1aXX1R_0c_9dQHj1s6ed70dQO20KHA	flute_notification_5	wav	1.16	CinePRO Sound Design	Essentials	
1nmEou9rtvoLE-tYPYkJvZdOuXT7VSvcf	flute_notification_6	wav	1.17	CinePRO Sound Design	Essentials	
1O11_2pQrClGPlHOhF9Zgsl_DdStVHIPh	flute_notification_7	wav	1.14	CinePRO Sound Design	Essentials	
1dsj3AqbWTSklExF3eClQhK3plCDc8ApY	Flutter	mp3	4.94	CinePRO Sound Design	SFX	
1hT4uQgDyZmrmygugax-j130JLn5jslBf	Flutter	wav	4.91	CinePRO Sound Design	SFX	
1VAdscQ7LeGyO8qdGVtU6g3MMwuLKduuP	Flutter (panning FX)	mp3	4.94	CinePRO Sound Design	SFX	
1o3-hsINGIG9jHtdcIDJ5u4VM0f3pQ5jy	Flutter (panning FX)	wav	4.91	CinePRO Sound Design	SFX	
1kuRT-yeUDdREMXeyhI-B-Har44s0ACaS	Fogo	wav	2.92	CinePRO Sound Design	Party FX	
1P0MZ5nhM-7WRQJfHoYGItcfZg-z-8VgD	Fogo_Faisca_PegandoFogo	wav	6.07	CinePRO Sound Design	Party FX	
1fdz2iUCD0LawY0QWjAQ4V-KX4QLo-kk3	Fogo_Fire_Magic	wav	2.5	CinePRO Sound Design	Party FX	
1Ll7mK5lILHb-03eKt-ECol3Df2kYFDPp	Fogo_Impact_Short	wav	1.75	CinePRO Sound Design	Party FX	
1-0IDGuBNgKziIUQwsrXC5_cTOP3XSgyC	Fogo_Short	wav	2.17	CinePRO Sound Design	Party FX	
1T68QwCVe_JPLa3pBL5fGhC2oUh5NGWIY	Fogo_Short_Bass	wav	4	CinePRO Sound Design	Party FX	
1tByrTH7-__ODy1HZtpjDIpc7JuHcfe6K	Fogo_Short2	wav	2.21	CinePRO Sound Design	Party FX	
1y222nVSxnSlO5o0IIkg3DNjqN9pXLH-U	Fogo2	wav	2.92	CinePRO Sound Design	Party FX	
1ISgvE1DbSrB50Wlwa9RlwZunnkI4gY2e	FOGOS DE ARTIFICIO	mp3	53	CinePRO Sound Design	Party FX	
18WK4oug0nIAmoFidTkz1YQTXkUUG_FgW	fogos e galera_1	mp3	873.8	CinePRO Sound Design	Party FX	
1xsrnVf31hTXxX-MtkS_LnqXWPscMdKcn	fogos estourando_1	mp3	63.2	CinePRO Sound Design	Party FX	
1K6FVwoI0YrcK03rtZb0Z6x9dXWxVYeN2	FOLYMisc_DESIGNED RACE SEQUENCE-Foley Stem 01 Marked	wav	0.24	CinePRO Sound Library	Velocity	
1dLH12RaD8xkvhyDQ7NDh88r_k3UbcQyB	FOLYMisc_DESIGNED RACE SEQUENCE-Foley Stem 02 Marked	wav	0.29	CinePRO Sound Library	Velocity	
1hIfO1OSdSHzXgrSUIe8PaZWHDJVBRwrN	FOLYMisc_DESIGNED RACE SEQUENCE-Foley Sunset	wav	0.34	CinePRO Sound Library	Velocity	
14Z90Jl6PZC5h5YkDc8eY4tHfmtXtqOrd	FOLYMisc_SOURCE RECORDINGS-Mechanical Foley 01	wav	0.29	CinePRO Sound Library	Velocity	
1FmOGhyBGsuMENb72WzTgXs0MDE-Bjc3W	FOLYMisc_SOURCE RECORDINGS-Mechanical Foley 02	wav	0.44	CinePRO Sound Library	Velocity	
1sHcZ8OtePmP-qg0JczbRXgMKPx4HxLLI	FOLYMisc_SOURCE RECORDINGS-Mechanical Foley 03	wav	0.41	CinePRO Sound Library	Velocity	
13eftN3Y0KZC8h2I9IShyIzP72x25VL-i	FOLYMisc_SOURCE RECORDINGS-Mechanical Foley 04	wav	0.43	CinePRO Sound Library	Velocity	
1OD-iFIxQU8VOO4M02OnzdvrBqiapPdWt	Foolie $urfin - Carless	mp3	138.92	CinePRO Sound Design	PLAYLIST	
1yLmbFU1ZXEeNZnHY0o2Pqk7DyOMZykel	Foolie $urfin - Killem	mp3	134.03	CinePRO Sound Design	PLAYLIST	
1Qc9MqjLyrA0QADoWbFzSr3ZvmaSZ8SNr	Footsteps 1	mp3	0.66	CinePRO Sound Design	Essentials	
1GoRb-u9SoDRLCi28Bt-Aj5yoQ_yIqBkt	Footsteps 11	wav	0.6	CinePRO Sound Design	Essentials	
1fdoQpiet72JEhpTYEwE5Mc9nxOH5L4cl	Footsteps Forest, Wood, Dirt	wav	6.13	CinePRO Sound Design	SFX	
1JMUPsvqqWtVU4tcK4gcJC4NTntIAIPoW	Footsteps Forest, Wood, Dirt in Slow Motion	wav	9.25	CinePRO Sound Design	SFX	
1W215Z_BETzMCGTvw8S0acZbZ7aBsWut6	Footsteps in the Snow	wav	18.03	CinePRO Sound Design	SFX	
1kowkoesLsgxEfFvJ-SiDWsJ0vYfaMTEd	Footsteps on a wooden Bridge	wav	6.16	CinePRO Sound Design	SFX	
1hIVaZefyW5GGMi40tjqP872wYM5SACq-	Footsteps on gravel	wav	12.16	CinePRO Sound Design	SFX	
1bk-o-YF_gJiVv0dwPteYH2TEQoMZ2xoc	Footsteps on gravel 2	wav	10.45	CinePRO Sound Design	SFX	
1WoV2Ltm2SrkNOp_J4AVLyT8oYaG3gKF0	Footsteps on Ice in Slow Motion	wav	6.31	CinePRO Sound Design	SFX	
1ULcoV-SepL215qBU6Sc-F2iw1Do77CYZ	Footsteps on small gravel at the beach	wav	64.98	CinePRO Sound Design	SFX	
1KS63cGrc1WQ-kmn3kbbqIauJs5SEkNDB	forest_birds_1	wav	90	CinePRO Sound Design	Essentials	
1RwmRTRzMP02egAbLhBlpY_9QLlpeDYZ1	forest_birds_2	wav	21.26	CinePRO Sound Design	Essentials	
18-SV3PIZSNerQVEX5qDVpHwB6fajBxQP	forest_birds_3	wav	42.42	CinePRO Sound Design	Essentials	
14ATjMg5cWd-6WnA9RmIagY-kilTZm7x7	forest_birds_4	wav	49.21	CinePRO Sound Design	Essentials	
1iTIHBuYsvLtJ7PUgOkvULXkL5zb4MdZ9	forest_birds_5	wav	32	CinePRO Sound Design	Essentials	
1YzbRufWvxBWMEq-OdZ2-cAAd24cQHiEc	forest_crickets_birds_forest	wav	38.38	CinePRO Sound Design	Essentials	
1xVvso2ybIi-bzB79JhCoYe8ydm-5m7yZ	Francesco DAndrea - Tempus Fugit	mp3	215.93	CinePRO Sound Design	PLAYLIST	
1O_1X-xsLTuWX4YriclO9CldWPTbDWytA	Frank Bentley - BET ON MYSELF - Instrumental Version	mp3	119.88	CinePRO Sound Design	PLAYLIST	
11iabwpRDFM3FDzbpeOKeQbPyEUwKb2sA	Frank Bentley - Element - Instrumental Version	mp3	153.63	CinePRO Sound Design	PLAYLIST	
1IPbEUz2Ksk3Vx9Ld8C0OIgG19yt0PwNp	Frank Bentley - Elevate - Instrumental Version	mp3	169.4	CinePRO Sound Design	PLAYLIST	
1_YpiCfw-2FjIzBJeahmqfZKZrgRZ69hv	Frank Bentley - Get Dangerous - Instrumental Version	mp3	149.16	CinePRO Sound Design	PLAYLIST	
1CTG3oYHSL2lddnZlsrbc9uLOYOADBfZ9	Frank Bentley - If You Want - Instrumental Version	mp3	154.25	CinePRO Sound Design	PLAYLIST	
1LqYOubPdKLvx2i0m9Zp9owLlxsZSOCYa	Frank Bentley - Its a Fast Life - Instrumental Version	mp3	174.73	CinePRO Sound Design	PLAYLIST	
1a_WS2rflTX_IhBjq2bQGjJDE_GSaex_U	Futuristic Click 1	wav	0.7	CinePRO Sound Design	Essentials	
1iDqZo_9GY6p1kOgW-SaeHEDdP5UIsE3e	Futuristic Click 10	wav	0.7	CinePRO Sound Design	Essentials	
1ZywWRns52EV6Kl2YWVPXdToB_5rmmN4k	Futuristic Click 2	wav	0.7	CinePRO Sound Design	Essentials	
1jsxm6jwKJITWzK9k823RW3Do9NmIKqVZ	Futuristic Click 3	wav	0.96	CinePRO Sound Design	Essentials	
1mKVx8b5Gu3kniCGyZ3szI9RJxpk20RAC	Futuristic Click 4	wav	0.7	CinePRO Sound Design	Essentials	
1XF6Oi75AXJ4l3tMksTZnckYCARBPtgJ0	Futuristic Click 5	wav	0.7	CinePRO Sound Design	Essentials	
14V1RoenAfu2uAcj2Xk5LXCNCIpkjhJBU	Futuristic Click 6	wav	0.7	CinePRO Sound Design	Essentials	
1gjGNw9dEZjt5hsTwjiPARt39o7oJ4gJl	Futuristic Click 7	wav	0.7	CinePRO Sound Design	Essentials	
1Tv9WifWncnBHMftFcbQOC-eC7Gc9KHpy	Futuristic Click 8	wav	0.87	CinePRO Sound Design	Essentials	
1JcXMreww9TDraFC0wATk_9xK1Y8nbrUD	Futuristic Click 9	wav	0.7	CinePRO Sound Design	Essentials	
1YpBgTvZIU6sTPnkeEO22HLq6jD8Sr7aT	FVMELESS - Break Bread - Instrumental Version	mp3	128.39	CinePRO Sound Design	PLAYLIST	
1ImypJ7xD4dNaktX_LwwE2QfGxm6r6kqG	FVMELESS - Finale - No Lead Vocals	mp3	110.81	CinePRO Sound Design	PLAYLIST	
12MV_yR1oU1XqtbarWegSI61pHMKTjo9L	Game Rise	wav	3.8	CinePRO Sound Design	SFX	
1T8G2NsbAKIdgzuK8NAOBr2EPVZp_5Z5o	Gameshow_Buzzer_1	wav	1.1	CinePRO Sound Design	Essentials	
1ESAaSOurxL_0KiBPvzqWVvWVTvOLI4o4	Gameshow_Buzzer_2	wav	1.1	CinePRO Sound Design	Essentials	
1IrAl64uRKGKISxW2faEhF08oCdMZJpY-	Gameshow_Buzzer_3	wav	1.1	CinePRO Sound Design	Essentials	
1ZYI_hPviJ9aNCEMgdiB0kxBGD4rNL1VB	Gear02	wav	36.1	CinePRO Sound Design	SFX	
1_PVFEYy5jXjMKXQs5MTN2I_C_0rj4I35	Gears	wav	1.43	CinePRO Sound Design	SFX	
1mYRPx4t8Lb6F7wRddnU4Nsh1PajWiNtX	Genius	wav	61.88	CinePRO Sound Design	PLAYLIST	
1N0GkLOuznHSdMd1Z6La3kuyaLYnzpY2H	Get Me Out of This Box	wav	5.61	CinePRO Sound Design	Essentials	
1ZH-Df22kHBZu-Wo4kOa-jHy272Uco9K-	Getting Dragged	wav	18.11	CinePRO Sound Design	Essentials	
1IJhpSholMjs-4tfa2a0gSx7akk50TYUp	Ghost Breath 2 - Long	mp3	3.05	CinePRO Sound Design	Essentials	
1ZLca6YzupN4g6YjnSN11EFDJRXpOa5m9	Giorgio Riolo - Action Time - Body Fall on Ground	wav	1.05	CinePRO Sound Design	SFX	
1VnIVbhz9r6XIcu6iFpzXfCUmIWrXMkIm	Giorgio Riolo - Action Time - Body Fall on Training Matress	wav	0.97	CinePRO Sound Design	SFX	
1TC2bgKil3UEZXzjt_NiAhB0PJUmTxJiW	Giorgio Riolo - Action Time - Body Fall on Wood	wav	0.97	CinePRO Sound Design	SFX	
1RYqqC2EnesYEOzMuSZBAbRuBVfggK8sC	Giorgio Riolo - Action Time - Boulder Stomp	wav	2.52	CinePRO Sound Design	SFX	
12m8RRkfXBlog8nBE1DagrxRhZFRtNF1F	Giorgio Riolo - Action Time - Epic Trailer Impact	wav	4.25	CinePRO Sound Design	SFX	
1Ij575_Mhzs3q2UUq8-658XpFMgbZwedO	Giorgio Riolo - Action Time - Logo Enclosure	wav	1.04	CinePRO Sound Design	SFX	
1mka0egs8MmwJFZa4NHUO7hINHY4jpQXR	Giorgio Riolo - Action Time - Robotic Charge Impact	wav	1.29	CinePRO Sound Design	SFX	
1uGBpT4tlsXJpGZ7HFFswB-ZMJa7-RDRt	Giorgio Riolo - Action Time - Train Crash Impact	wav	4.28	CinePRO Sound Design	SFX	gaming
1qky7KC35KB25ZQn9T8UAGuuVVPDtWdDK	GlassBowlPickUp_BW.8525	wav	1.24	CinePRO Sound Design	Essentials	
12MRdOQ-pOAEp3VCGD6pnkRoaJs7WOVD0	Glasses, Clink, Toast, Cheers	wav	1.75	CinePRO Sound Design	SFX	
1Ez5HlxyWlUBSbHdmNe0fNfwGmZaW6AiB	Glitch 01	wav	0.48	CinePRO Sound Design	SFX	
1gDgON_du-j8INFzXiwDYANreusKTK8So	Glitch 02	wav	0.84	CinePRO Sound Design	SFX	
1gZqYsWyB9HsIXGzYMoEhbQw4VnmcXKsm	Glitch 03	wav	0.44	CinePRO Sound Design	SFX	
1-JlYTvpWntKE6CTB2o1zxVyYdzhsZI3h	Glitch 04	wav	0.4	CinePRO Sound Design	SFX	
1KzhpY_-LJLXj4k00u9hX3anD-wv_f1Z0	Glitch 05	wav	0.68	CinePRO Sound Design	SFX	
1e91ThjBjDPWRUrG69WJm9hh2OD3uMF7P	Glitch 06	wav	0.48	CinePRO Sound Design	SFX	
1FlSLVDWD0ROCSigu8XbEOjNudmL1NKz5	Glitch 07	wav	0.4	CinePRO Sound Design	SFX	
177-GaqDcrcXe6BPZE4B-BE6_2J-EMeZN	Glitch 08	wav	0.76	CinePRO Sound Design	SFX	
1jOqtwqNIQsaMJDcPNFTXATQ7nLPzhMsL	Glitch 09	wav	0.6	CinePRO Sound Design	SFX	
1eAAAzf8iseBMc3hfZA6jH_NZ83ggVI00	Glitch 10	wav	0.44	CinePRO Sound Design	SFX	
1IVkKuml2_DbrAuz7p9JlYVgwnNmndmPc	Glitch Whoosh	wav	5.71	CinePRO Sound Design	SFX	reels
17KFopRyMNnaZQk1ouauv4LCOz1aA0_Fj	glith_1	wav	0.55	CinePRO Sound Design	Essentials	
1WN0RZpAdakKNwsgluN8CJlHDjGgESQg5	glith_10	wav	0.53	CinePRO Sound Design	Essentials	
1x7-SdgtyCG37JQAstlnczKTlcqfRvWCV	glith_11	wav	1.38	CinePRO Sound Design	Essentials	
1iUWpa00OR8RGpkpWcHZa67JT98K0Y_4Z	glith_12	wav	2.69	CinePRO Sound Design	Essentials	
1j5b4zcqIkdWfqnArY01Eyb_Y6yR6CriA	glith_13	wav	3.32	CinePRO Sound Design	Essentials	
1Rx1TPruSUoXhH-e7c5UjJKqA7j72j3TU	glith_14	wav	3.94	CinePRO Sound Design	Essentials	
1_6UGCvFyQsGVmXCs-hcPA_i4vy81Hv7p	glith_15	wav	2.15	CinePRO Sound Design	Essentials	
1fgnq-52S3Y0EhHKrhd990sfCp55eMYi0	glith_16	wav	0.44	CinePRO Sound Design	Essentials	
1dCr-1UObmQ5SDdEhwk1szfnhDe7kxZ5N	glith_17	wav	3.65	CinePRO Sound Design	Essentials	
1Y-WKubL7Y5hDLNSk5fa5PztNseSUKp9M	glith_18	wav	2.46	CinePRO Sound Design	Essentials	
1-mnvkkSZC9CFGwQb0d8Qaj4ouklh7lAk	glith_19	wav	2.99	CinePRO Sound Design	Essentials	
1ri35iobGu9ZW_OcLh8rlai-SPVJe_LA6	glith_2	wav	0.52	CinePRO Sound Design	Essentials	
1Cl5_dGKTbdgJLavIaQ2MkniyHRpaij2H	glith_20	wav	1.8	CinePRO Sound Design	Essentials	
1M1lgOVXNMAZ5AZTEY0Zlwpl1_u4AGyhp	glith_21	wav	3.45	CinePRO Sound Design	Essentials	
1_4PQhYn66xVfufaDCMAaM8IFUnqBARUk	glith_22	wav	0.91	CinePRO Sound Design	Essentials	
1eNFNS5krtv48eZlCO3Yv8ZCWeIYwjxRk	glith_23	wav	0.32	CinePRO Sound Design	Essentials	
1tDXfXKHgLIJ3tPia9rB55BhclUMI5ite	glith_24	wav	0.67	CinePRO Sound Design	Essentials	
1cCx7dR1YKYwf1NvMlwtjQsNJiaeWm3Rf	glith_25	wav	1.25	CinePRO Sound Design	Essentials	
16LMpf93PXfvML4F182gAq7vjdBYO5YuJ	glith_26	wav	14.05	CinePRO Sound Design	Essentials	
1_lSjPc2ZFyCPA3zGcNa0OAWg2FPTLL2r	glith_27	wav	4.39	CinePRO Sound Design	Essentials	
1UbOnRZPkMYboXDtWqiQoooTQlBQdO2vT	glith_28	wav	0.93	CinePRO Sound Design	Essentials	
1L813go7ISZXKnaTZyrwCEtnohR82At17	glith_29	wav	0.71	CinePRO Sound Design	Essentials	
1P22Ge7gvbvq7eUrsUoPztJ1wgLzmvOHx	glith_3	wav	0.41	CinePRO Sound Design	Essentials	
15tcLKsFKXPmdbuthMyRgB1iesc_mPJGW	glith_30	wav	2.9	CinePRO Sound Design	Essentials	
17nmT9oIKkyBGELBRTH_4bduVIqIQLeQR	glith_31	wav	1.23	CinePRO Sound Design	Essentials	
11OsIaSEIUVI2NyOeHuLz612TjBxUtkgr	glith_32	wav	0.86	CinePRO Sound Design	Essentials	
1hdF7MIYFpN9nta0_iiOZgIoxsXq-fEKC	glith_33	wav	1.61	CinePRO Sound Design	Essentials	
17gW1xxjy2E1OOkaD3u3YWZeAShUwPPC8	glith_34	wav	0.97	CinePRO Sound Design	Essentials	
1L8RrLvcqTVKEUB-IYclvKeh5ujnxDWaF	glith_35	wav	2.6	CinePRO Sound Design	Essentials	
1B_Ts2wtOulcrXyqkuKylOxPgDKZFysZH	glith_36	wav	0.84	CinePRO Sound Design	Essentials	
18vGTOK3sQMFsLUUivxHKgs0N3EE9dBP5	glith_37	wav	1.08	CinePRO Sound Design	Essentials	
1y5svpDjSiSgxh7XGdUlKgLTr_KtT1QNc	glith_38	wav	2.27	CinePRO Sound Design	Essentials	
1B2BbCApgdUJBk5zrqOuy_Otw9UFgFMXR	glith_39	wav	0.37	CinePRO Sound Design	Essentials	
16u8ZCvb6u769xClcvKDH4JLW-dG_fG_4	glith_4	wav	0.58	CinePRO Sound Design	Essentials	
1yDQbD8PtxdySj4o7Qf9lH-0KhiMGfP_y	glith_40	wav	1.32	CinePRO Sound Design	Essentials	
1MNXrOs03Suq_dkGeU2yGdSoVgwBAi-iG	glith_41	wav	1.5	CinePRO Sound Design	Essentials	
1VUlc6EGyotz0Dm1Cag6zAvr1vG_VGjKk	glith_5	wav	0.64	CinePRO Sound Design	Essentials	
1_QlCR2ETMUyYC2u0jHPvQxmedZgSJefQ	glith_6	wav	0.58	CinePRO Sound Design	Essentials	
10cj_2VTU-gDp19dSWOxOF3EjRS-go8se	glith_7	wav	0.64	CinePRO Sound Design	Essentials	
1h7WcYbhb076Xw21JVHrDw_5CTR60lCtJ	glith_8	wav	0.88	CinePRO Sound Design	Essentials	
1GgDF-VwQgzPaVotE-VYobWPQh5gphj-q	glith_9	wav	0.54	CinePRO Sound Design	Essentials	
1P6XwWlZpFUun1lWTWVzI0DhgtRF4ZA9J	Go Insane_loop	wav	11.29	CinePRO Sound Design	PLAYLIST	
1wWup7nfmkuwZGyjwlBjHLz78Mu3IhGyx	Gorilla Roars And Breaths 01	wav	25.53	CinePRO Sound Design	SFX	
11WV6FAfzSSBHlaflTQpzkEISuLS_voT5	Gravitational Forces (TikTok Music)	mp3	186.91	CinePRO Sound Design	PLAYLIST	
1fYUBJkvCYh2KecE3d6_nrgWQruYRXxQw	Grego - Indomável	mp3	148.82	CinePRO Sound Design	PLAYLIST	
1e9VZrlNbvJqREEwzQcIT8e_0t-kZ3cr-	Growl	wav	3.06	CinePRO Sound Design	Essentials	
1gi7pOzz6qQwGa2kFKNk2twHAhAFwFBqt	Growl 2	wav	2.31	CinePRO Sound Design	Essentials	
1BaSj6Ne40GEJ2fpgxgnrZGiXkrN4hn94	Guy Mar - Deprimido	mp3	172.09	CinePRO Sound Design	PLAYLIST	
1awZGE5VeB78_R7Vx6SrWTwMbP6s-Frrn	Guy Mar - Space Brunch	mp3	183.2	CinePRO Sound Design	PLAYLIST	
1FBLFTn4kAVao7H0qHDA7KKOoDxwDBgMr	HALP - Move Silent - No Lead Vocals	mp3	171.05	CinePRO Sound Design	PLAYLIST	
1Qnv_GHUMBfvVDGRIYit9oTvvtzkzSJHw	Hans Johnson - Ashe - Instrumental Version	mp3	271.96	CinePRO Sound Design	PLAYLIST	
1kuRT5ofHfqFsAdxdbYSmP5JB-Wd2_ECq	Happy Emotional	wav	142	CinePRO Sound Design	PLAYLIST	
1tRJ8chzrDunMl0_ts7IJWZyNVP-sy1KA	Harbour next to a City	wav	37.6	CinePRO Sound Design	SFX	
1vus_RLFCtqHi0rzVSKYOwPa1Nk1wljIj	Hard Impact	wav	9.97	CinePRO Sound Design	SFX	
16yP2YIfvPKxe9AN1yvQqDr72KLFR9Xg7	Hard Rock whoosh	wav	3.54	CinePRO Sound Design	SFX	
1S7uMTJBLwb49iqOiEeZWknUNStHR-kf8	Hard_Impact_New	wav	5.97	CinePRO Sound Design	SFX	
1CU6n5R6xtk1g79xwwO1NEWd7AHK7MdX3	Hard_Impact_Reverb_Resonant	wav	23.54	CinePRO Sound Design	SFX	
15dKbMTwqwfGxaMnykMA8Fou4QxeMG_ad	Hard_Mega_Impact_Reverb	wav	12.89	CinePRO Sound Design	SFX	
1Bb5ENX7rqGedVv7-etMxiUX7p4H3ng22	Harmonics 1 - Long	mp3	3.44	CinePRO Sound Design	Essentials	
1Ef0joNg9weOyTg4waGijmz-tj59Y4YMS	Harmonics 4 - Short	mp3	1.06	CinePRO Sound Design	Essentials	
10VSExzPYKsY5n1IxdhTxZ0ZMyRSyNfgd	Heartbeat001_Fast	wav	9.02	CinePRO Sound Design	Essentials	
11RJUE5bcErh9uJ0MdqjdMFqg_t0izjc5	Heartbeat002_Slow	wav	22	CinePRO Sound Design	Essentials	
1-sQiVIfxrxgpFV7OfxaH05DTm89T3XhW	Heat Seek	mp3	139.13	CinePRO Sound Design	PLAYLIST	
1SMhPWsppi-MVUQ-Gq-k9MeTrzQueBHIZ	Heat Seek STEMS BASS	mp3	139.13	CinePRO Sound Design	PLAYLIST	
1vBTmhThjIOrSIzpcc0Cq26mJt3WQRm08	Heat Seek STEMS DRUMS	mp3	139.13	CinePRO Sound Design	PLAYLIST	
119BXiRPFbX1KLjnvLMKKp1VJIv1Ej-_J	Heat Seek STEMS INSTRUMENTS	mp3	139.25	CinePRO Sound Design	PLAYLIST	
1a44tJ1umkf4UDL14UC3uw7lvXFg1d4PD	Heat Seek STEMS MELODY	mp3	139.25	CinePRO Sound Design	PLAYLIST	
1wrEpYF_vlqa0Snl5NqvB_wrOSZp-e02f	Hefty Rising Synth	wav	23.91	CinePRO Sound Design	Essentials	
1dCEoYO-T2rqkpBMfc35jClAT_1_thDVv	Heli	wav	10.06	CinePRO Sound Design	SFX	
1P_qd6ZppRafDP0YCYKkFFyElmim6vLc1	High Pitch Rise	wav	13.45	CinePRO Sound Design	SFX	
1olMY8tHKou__XDfwxD1rVYwiMoL2N12E	HighSpeedPassing	wav	7	CinePRO Sound Design	SFX	
10pjDBWzNL0WVAmo7fkw22fmP7kPu8Unh	HighSpeedPassing 2	wav	10.42	CinePRO Sound Design	SFX	
18BU8zAiJhvGwaJ2pxKKnJbHLM_H2Cytv	HighSpeedPassing 3	wav	7.4	CinePRO Sound Design	SFX	
1Z4sI15D07Jc6yYgERpJg1snePGqVnNGj	Hit 1	wav	5.52	CinePRO Sound Design	SFX	
1F7f4475A_XTJelU3hH5XifhkarprKqcW	Hit 1 - Short	mp3	2.76	CinePRO Sound Design	Essentials	
1cBpa_63_yHZxNd0LQ02NI_v7JR3LxX-j	Hit 10	wav	7.95	CinePRO Sound Design	SFX	
1W-CpzVp8IYmOvyMBE7CuKPbGRG9W2skQ	Hit 2	wav	6.95	CinePRO Sound Design	SFX	
1ARwbUVr52J6EoeRi0F8xWjKOu8zuO6BG	Hit 3	wav	8.31	CinePRO Sound Design	SFX	
1H021b_jDy7udxcZDo03_zPTlZeoEnIIz	Hit 4	wav	5.17	CinePRO Sound Design	SFX	
1qZiTuiyIHwdwZzvVTONQPEI46FjTQqBF	Hit 5	wav	4.11	CinePRO Sound Design	SFX	
1ABDUvZ4MRGIDt2TgzAYZxQ0eblx1cPzi	Hit 6	wav	6.64	CinePRO Sound Design	SFX	
1AI2I1PQY-1bmi5ZdXfvXp9SVZK7xaN3z	Hit 7	wav	4.81	CinePRO Sound Design	SFX	
1UlQFPgGKqzyX-8QTRRF1ZTaRVuta7Kix	Hit 8	wav	8.33	CinePRO Sound Design	SFX	
15DzXPBLrhm2V2u9--CEfX323q2Ov7kq8	Hit 9	wav	6.21	CinePRO Sound Design	SFX	
1UPN8FVkWpdG1T2ER6wqg_7WGd0-T0o84	Hit Deep Implosion - Medium	mp3	6.05	CinePRO Sound Design	Essentials	
1AgtdlkXKLnuGpurqDZ1JIiK89c3NBOtr	Hit Metal - Short	mp3	1.95	CinePRO Sound Design	Essentials	
1_nLuGTjp25kpmo74tPxbVRqruBUSJL-1	Hit Metal 3 - Long	mp3	4.49	CinePRO Sound Design	Essentials	
1Eb3FHobpNlWEe0-3Wy4TKWRnIZVi7TX5	Hit Metal 5 - Short	mp3	3.56	CinePRO Sound Design	Essentials	
1Xut7WbEKKMEg3LVWoQtfVaBUeW366iJd	Hit Twirl - Long	mp3	6.51	CinePRO Sound Design	Essentials	
1XLHMHUaOO0Vr_maJuJH8Glx9PL_imp-f	Hit Twirl - Short	mp3	2.12	CinePRO Sound Design	Essentials	
18Ri1aJec729L6NxRqwDfE_ENW0dW_rH4	hit_01	wav	6.6	CinePRO Sound Design	Essentials	
1RLfPGQkxULpStss21POhBCrUrz5b7HHQ	hit_02	wav	6.6	CinePRO Sound Design	Essentials	
1doVp4wvrMeOF6vKbzSFOXa_Qf5JMCYcI	hit_03	wav	6.6	CinePRO Sound Design	Essentials	
1sh4xzCJMQZpuRPbMUxAVsICXHrK2Cqi2	hit_04	wav	6.6	CinePRO Sound Design	Essentials	
1RZivr7qp1y1AvxH_xyAGYssRQ9TrUmby	hit_05	wav	7.47	CinePRO Sound Design	Essentials	
16QnFy26g8Qa0RyovKQOjkM7Aeh8Ey2wH	hit_06	wav	5.59	CinePRO Sound Design	Essentials	
1RfnGH0nIRKy8UOD_JgXU9NeAd4BrT3kz	hit_07	wav	5.52	CinePRO Sound Design	Essentials	
1Xu7ynCllts5VUjTK8cYw6yikIgmbzK1L	hit_08	wav	5.51	CinePRO Sound Design	Essentials	
1QKVTz9g04SGUCHdYfizMVRq8OhqlCdaH	Hit_Impact_Trailer	wav	8.55	CinePRO Sound Design	SFX	trailer
16Rg0qpy-iLc-zbH8AdMzV-4ZS85GIWDJ	Hold	wav	15.85	CinePRO Sound Design	Essentials	
1QGCkSrNYAF-JYK23bMEq2Xn1ylg6yOc7	Hope I Feel Better	wav	128.4	CinePRO Sound Design	PLAYLIST	
1j8Fn0bA_n7ZV-FJjKZYopzp0PoDY3Zbf	horn_ship_1	wav	11.61	CinePRO Sound Design	Essentials	
1jYg5mIlIKKOOB8R1w22IMAXchsXGCn3C	horn_ship_2	wav	8.62	CinePRO Sound Design	Essentials	
1bMZZc52xIKKPDPpJ1s60Fk-bNOU66rg6	HornStab	wav	10.92	CinePRO Sound Design	Essentials	
1B1muxnYagBJ3_BWFCaQlTSksp5eeMv7t	Horse Power - BLUE STEEL (criativos+vsl+aulas+conteudos falados)	mp3	160.34	CinePRO Sound Design	PLAYLIST	
1Ml-TgoQ-LF6gTP3qTHJKJIxD-uYE8eez	hot girl bummer - blackbear [TIKTOK VERSAO]	mp3	34.46	CinePRO Sound Design	PLAYLIST	
1oM4bbRGwivbey3PV5VZR2UAfPPNBFqpi	Hot Weekend	wav	121.57	CinePRO Sound Design	PLAYLIST	
1MnTt4XLV9pYzpomG5ydThOV_c0yrFXYA	Hud_Sound (1)	wav	1.05	CinePRO Sound Design	Essentials	
1EroQXXXlAqiSRK4RqEiU_JkqrZIlMJ74	Hud_Sound (10)	wav	1.74	CinePRO Sound Design	Essentials	
1AmeLf7NgEWOye9SKi5rLLU_19UES4vHb	Hud_Sound (11)	wav	1.4	CinePRO Sound Design	Essentials	
10ugpDOknjBVXqUJuOnkQVIaYQQogv28C	Hud_Sound (12)	wav	1.05	CinePRO Sound Design	Essentials	
1J-54R39YN2D3m_KWLkJgbljVDdKIoYJh	Hud_Sound (13)	wav	1.74	CinePRO Sound Design	Essentials	
12fynwGfVBXR2VkPMcLRsRde-d-YFJLDw	Hud_Sound (14)	wav	1.05	CinePRO Sound Design	Essentials	
1A8L0NzI5awT4ym61qqG3PlnUoyWq2RbI	Hud_Sound (15)	wav	1.74	CinePRO Sound Design	Essentials	
1hKbuS2WURvnIdmYT-23OSbEJmtsS6ynZ	Hud_Sound (2)	wav	1.74	CinePRO Sound Design	Essentials	
1hErMv05bsruPS-7vgi2l3YoN5MjUp0RI	Hud_Sound (3)	wav	2.09	CinePRO Sound Design	Essentials	
1U5cGG-Iezsm3X52s_JkQget6C3rp9WsK	Hud_Sound (4)	wav	1.05	CinePRO Sound Design	Essentials	
1wTSwkLJrujhXYs98NFQMWxS_ih9RGynp	Hud_Sound (5)	wav	1.4	CinePRO Sound Design	Essentials	
1Z86cQsTb7Pbhk9P8I3nnvDMHFnbCtZX5	Hud_Sound (6)	wav	1.05	CinePRO Sound Design	Essentials	
1kn1a-DNW-eLfl7ba5jsaJx9Dl3tjqz8W	Hud_Sound (7)	wav	4.88	CinePRO Sound Design	Essentials	
17jjZAeuZj5zCaUvCOe35wYrLhjp-a_Uw	Hud_Sound (8)	wav	1.05	CinePRO Sound Design	Essentials	
1sqMAJOwlWmtBqvqo5gIWTfc1nL39HeUu	Hud_Sound (9)	wav	1.74	CinePRO Sound Design	Essentials	
1H6TXZBUbgY2H8N3ZTc8uoCq0d9oaTvO8	human_children_ah_question_1	wav	0.82	CinePRO Sound Design	Essentials	
1kgb2YRjT_U_HuTfpvBLEvzRm71OvWBmv	human_children_ah_question_2	wav	0.82	CinePRO Sound Design	Essentials	
1lT-yworO7zMbVnMygT3NxBwoqp2h7Wu5	human_children_ah_question_3	wav	0.82	CinePRO Sound Design	Essentials	
1bRPozmcpSFzfok5fnROh4W2lIMgutVr3	human_children_ah_question_4	wav	0.82	CinePRO Sound Design	Essentials	
1tV1tAfUgTvAF14nCL5GhGDrnaOUcfuky	human_children_hey_1	wav	1.24	CinePRO Sound Design	Essentials	
18h7aWUPgiB6ArrobjynLqz_nkzFQr5yg	human_children_hey_2	wav	1.24	CinePRO Sound Design	Essentials	
1EHYpuUqNvZH-YAeDwgRgmLBosTCUPp3r	human_children_hey_3	wav	1.24	CinePRO Sound Design	Essentials	
1O4vWb5-CSPsVBhHkKtttBapbEEZbsni-	human_children_hey_4	wav	1.24	CinePRO Sound Design	Essentials	
14UusIRfItteNzrq75bHgt3fpc1KBGSyE	human_children_hm_1	wav	1.18	CinePRO Sound Design	Essentials	
1KR4M1SQPhvO4PNsMYsX-9l1g4VnRUh3U	human_children_hm_2	wav	1.18	CinePRO Sound Design	Essentials	
1M748db4NaOWVnuw6hAJ_6MsH0Jq6xvLW	human_children_hm_3	wav	1.03	CinePRO Sound Design	Essentials	
1f0nHputHHETp1CXy3dJmSdM3LuVufObi	human_children_hm_4	wav	1.2	CinePRO Sound Design	Essentials	
1_Q969v071i9xmuqR0PXB2R2FjMNXiPkn	human_children_hm_question_1	wav	1.18	CinePRO Sound Design	Essentials	
1ylNCMnn25p2fzsm3poJicw5l07nAZ-Kd	human_children_hm_question_2	wav	1.2	CinePRO Sound Design	Essentials	
1ihA0em-iNDOWikOaT7dYIY-9EaKDuqsb	human_children_hm_question_3	wav	1.18	CinePRO Sound Design	Essentials	
10G0SY777IqVTBBsLdUZ8lBBxaGdzQFUx	human_children_laugh_1	wav	1.5	CinePRO Sound Design	Essentials	
1gawhsKKBB6RiEhcz-jbFWPRzlivNwFaf	human_children_laugh_2	wav	1.5	CinePRO Sound Design	Essentials	
1tej1EuGSz-zp6L_u7do7yC0g6V0PRMq5	human_children_laugh_3	wav	1.5	CinePRO Sound Design	Essentials	
14W84F4Pe-h-ZR73nB-GMxdIu3VfRfe3A	human_children_laugh_4	wav	3.54	CinePRO Sound Design	Essentials	
1hbrXeFMI_WzhC6zDDl_Rb7VltfkfJdu5	human_children_laugh_5	wav	2.16	CinePRO Sound Design	Essentials	
1e30E8_9YTk4bEemTp9JZrX8bILKdSrvd	human_children_laugh_6	wav	2.65	CinePRO Sound Design	Essentials	
1u6Zydm3CW57wG1CPx40IOsUJgKzVPc-D	human_children_mm_1	wav	1.18	CinePRO Sound Design	Essentials	
1_z_oh2En4UFfiba0DkIy3P6GORCgDORC	human_children_mm_2	wav	2.32	CinePRO Sound Design	Essentials	
10hmll75zjbYVEphov4_i9s8onYsrpFuL	human_children_mm_3	wav	2.32	CinePRO Sound Design	Essentials	
1R7KhaChJVpEM9mtw-AYVkLRh8UCIcEEW	human_children_mm_4	wav	2.32	CinePRO Sound Design	Essentials	
1OOJGHOWEPawDQMd8XdVZyg87JQrHmNrU	human_children_wow_1	wav	1.58	CinePRO Sound Design	Essentials	
1CoCeQz2X_uPEnzXKh9Ln6KArLtR6suY3	human_children_wow_2	wav	1.6	CinePRO Sound Design	Essentials	
1AzFyJQ_RZjqUUEQzI-muy_a5GdR_Qmhk	human_children_wow_3	wav	1.6	CinePRO Sound Design	Essentials	
15IXlDaLo4vjwXZ7q2XBD7iqP4Z2F4UvT	human_children_wow_4	wav	1.6	CinePRO Sound Design	Essentials	
1UMwLCO5Eu0T4yvkCxGfTeiq693T8Zp4A	human_children_yahoo_1	wav	2.18	CinePRO Sound Design	Essentials	
1MvrFhs29Zm9OvSr3wUKI-4FQI-kyaswx	human_children_yahoo_2	wav	2.26	CinePRO Sound Design	Essentials	
1DUXHI-p2S_ta3-0iCEVK28KhIPWQAsmF	human_children_yahoo_3	wav	2.1	CinePRO Sound Design	Essentials	
1m44Q2UDtwKc0o-S3dGuhc52hMHHjxZ5z	human_children_yahoo_4	wav	2.36	CinePRO Sound Design	Essentials	
1gfRkQawsSLdhcgJVuQlpKB6IWvtuw7yO	human_eat_1	wav	6.3	CinePRO Sound Design	Essentials	
1bzu5hh2gpZDEjWKtzZNOqDzxux8fkhEe	human_eat_2	wav	4.74	CinePRO Sound Design	Essentials	
1xxRinTOEnyM1Pm62A0jVGAja_c67EdfK	human_eat_3	wav	4.41	CinePRO Sound Design	Essentials	
1jUhNv7FilAvmQ0lRVCbQyKp_s2wmHnAQ	human_eat_4	wav	9.14	CinePRO Sound Design	Essentials	
1ahg8jg9QBoT3Ys4OlAMlhd50bCxSKR77	human_female_ah_question_1	wav	0.82	CinePRO Sound Design	Essentials	
1lbCd1JiH1obCUTkOBPw8X8W2fxbgmH6W	human_female_ah_question_2	wav	0.82	CinePRO Sound Design	Essentials	
1HmZi9r81HqkgaHf0hUVMugR7JPhItEQp	human_female_ah_question_3	wav	1.15	CinePRO Sound Design	Essentials	
15_f-2zd9lLbqnr3V1X6Fb7-65XhevuTN	human_female_ah_question_4	wav	0.72	CinePRO Sound Design	Essentials	
17PgRokfNgEqmG9NgSlDHrgTTJx0fUKQ6	human_female_ah_question_5	wav	1.08	CinePRO Sound Design	Essentials	
1TznaKZQxQyYB2mkW0PBHVkeAvaIHZNWU	human_female_ah_relax	wav	1.4	CinePRO Sound Design	Essentials	
12R2yD3-nkzWb80AG1Zi2yC-jTNiXUO75	human_female_angry_1	wav	1.15	CinePRO Sound Design	Essentials	
1Zk7oR2LqaZKNcUrK7IfKAF774QqvM8ix	human_female_angry_2	wav	1.4	CinePRO Sound Design	Essentials	
1KMXf861aTNpYeQvgQ4dWwX_58_uIvEjl	human_female_attack_1	wav	0.7	CinePRO Sound Design	Essentials	
1TZyvcTPHp46hUUHW7YGQbVqCSBJM6A09	human_female_attack_2	wav	0.7	CinePRO Sound Design	Essentials	
1mEFQ1qWERODG8f7YYv3LEgMhi1olEFYn	human_female_attack_3	wav	0.7	CinePRO Sound Design	Essentials	
1WsbfYq6tdjDsYU_MVROCdzl8ZW8YCNYe	human_female_attack_4	wav	0.66	CinePRO Sound Design	Essentials	
1ZVkeKbNa9yPTdJL3VMLUAaNnIaYdfzR5	human_female_attack_5	wav	0.7	CinePRO Sound Design	Essentials	
1obvn4lwajTXP3ubBGsG_TiMN9poXlmpU	human_female_attack_6	wav	0.7	CinePRO Sound Design	Essentials	
1QEWWKL5P3s3ZZF9fyqiK9zq0_jIiOOOP	human_female_death_1	wav	2.17	CinePRO Sound Design	Essentials	
101zGOl_lHtpR7f0m-gGzygaeIxvb6Qsd	human_female_death_2	wav	2.34	CinePRO Sound Design	Essentials	
1pm9eaBrEbgWApLkkcNtC7vbbw5VS_vPm	human_female_death_3	wav	2.34	CinePRO Sound Design	Essentials	
1mWsmgNx0o9IC9GEkm7b2242ox_Xf33g3	human_female_death_4	wav	3.22	CinePRO Sound Design	Essentials	
1aCqWr5RNVX4ak2UEeYWWPKRF0l1slUww	human_female_death_5	wav	3.22	CinePRO Sound Design	Essentials	
1nvhhJqwg94iApit2e-CUQWDfz12_Um4W	human_female_death_6	wav	3.7	CinePRO Sound Design	Essentials	
1O7Q5mfXB-5HfG1UO61l8M9evJWXjGokz	human_female_gasp_shock_1	wav	0.64	CinePRO Sound Design	Essentials	
1of-x0xEjXOQ_DBMoy4IrX_tJE1LJqehc	human_female_gasp_shock_2	wav	0.71	CinePRO Sound Design	Essentials	
1CWdthdenM6K2OoBZFRHkW92ma7xdS1QD	human_female_gasp_shock_3	wav	0.92	CinePRO Sound Design	Essentials	
1UA1SJzDAO5oq9d_4Sie8bM23pWjz1dUM	human_female_hello_1	wav	0.84	CinePRO Sound Design	Essentials	
1KG6kV2goQIc9SqnUiYAv8QT4hG6CLCZe	human_female_hello_2	wav	0.75	CinePRO Sound Design	Essentials	
1Mrgc6wWgIgMGrzrj8j3Snd43kVxa3R9P	human_female_hello_3	wav	0.9	CinePRO Sound Design	Essentials	
1F6-2SJ5ViVA9rztRTS83pbUTr9e7MMad	human_female_hey_1	wav	0.93	CinePRO Sound Design	Essentials	
1x8KxVgA8zmmTOKQzIde8jVjL6UUXQPTw	human_female_hey_2	wav	1.62	CinePRO Sound Design	Essentials	
1O1tMXCia4Pu9QQqqp0GjcE_JAG4tsLtP	human_female_hey_3	wav	1.49	CinePRO Sound Design	Essentials	
1QNPys9lKpaNQEfXDS7hwxbtWkXa5_VtJ	human_female_hm_1	wav	1.18	CinePRO Sound Design	Essentials	
1Lu9SMyHCB2HvjSf2rvrM6lExNXnQdj3E	human_female_hm_2	wav	1	CinePRO Sound Design	Essentials	
1oaXEesdvgUT7YJOTr1bGxN2iNyD2kY51	human_female_hm_3	wav	1.17	CinePRO Sound Design	Essentials	
1hdzoYEyOwgkVB0-Hp_PamSamrPyhU7FA	human_female_hm_question_1	wav	1.1	CinePRO Sound Design	Essentials	
1emfpLy7mkZDbzQpfWiWUKpMFpL-uQ5vO	human_female_hm_question_2	wav	1.1	CinePRO Sound Design	Essentials	
1Y8Uu1cmNXhaBopeF7yuh_jMvokI1jiRp	human_female_hm_question_3	wav	1.14	CinePRO Sound Design	Essentials	
14duAVuqJ5CTmZX4w-uYQlNdCJ1tPf1Nd	human_female_hm_question_4	wav	0.72	CinePRO Sound Design	Essentials	
1ViZwNNFYVRoUiOlQIaFG0K8Neem6BEv_	human_female_hm_question_5	wav	0.81	CinePRO Sound Design	Essentials	
1oY5XwWtizKzyjhxqWKXFAVhDY9488k18	human_female_huh_1	wav	0.8	CinePRO Sound Design	Essentials	
1Xz1IJoYIMJCbJIHauv17bTmmnfZFHgCz	human_female_huh_2	wav	0.8	CinePRO Sound Design	Essentials	
1zbT7vHZPwu0EF-IoZ7b4lm7otLY5phhW	human_female_huh_3	wav	0.69	CinePRO Sound Design	Essentials	
1fy26oJKHDHpV3-hDu0reZ_LKiM2KBSAa	human_female_huh_4	wav	0.58	CinePRO Sound Design	Essentials	
11vbULJ--hZ_jQO7VtCByZ255tklrr4U_	human_female_huh_5	wav	0.83	CinePRO Sound Design	Essentials	
1lwcvplqUIu3Ew-KScTawQVO_VaQbWx-X	human_female_kiss_1	wav	0.73	CinePRO Sound Design	Essentials	
1rhkjGOL4Aw54QBOkqmLorwpataPZ-F5C	human_female_kiss_2	wav	0.7	CinePRO Sound Design	Essentials	
1YBFWbhqb4uR-G5yuebBl0pwqe6EPG-FG	human_female_kiss_3	wav	1.45	CinePRO Sound Design	Essentials	
15Ju0sUbvgUhG_1E4_vkC9l8tsUV-1mca	human_female_kiss_4	wav	1.45	CinePRO Sound Design	Essentials	
1Gd5U9tgdqFZBwJU3TBSsfdx-x4-qnJWM	human_female_kiss_5	wav	0.37	CinePRO Sound Design	Essentials	
1GLY_sjIhsaqkoVAbkpnTWfPtj8sccu3z	human_female_laugh_1	wav	0.79	CinePRO Sound Design	Essentials	
1TcFGrrZP-PT35iVMTLKrzWLZefVzSrLM	human_female_laugh_10	wav	1.13	CinePRO Sound Design	Essentials	
1OnwvG6VPlmFaSRMTifN_cAGBnAROohCH	human_female_laugh_2	wav	0.79	CinePRO Sound Design	Essentials	
1Uj7S5Cs3gWTWdemXa_Y6VpL1DwFAKBCE	human_female_laugh_3	wav	0.79	CinePRO Sound Design	Essentials	
12HjYummw8FCO-jAtwhtkEnbE1yb2Ftgi	human_female_laugh_4	wav	0.79	CinePRO Sound Design	Essentials	
1NucaSdLZ2B7qa_Q-o5-d4pNIl9AzAMqQ	human_female_laugh_5	wav	1.37	CinePRO Sound Design	Essentials	
1dtCeikhaYxzctjMsyYQ79LfumfZoJPnF	human_female_laugh_6	wav	1.37	CinePRO Sound Design	Essentials	
1AnYJ6rNbBRUfWr67Yatuic5pge6deaMd	human_female_laugh_7	wav	0.92	CinePRO Sound Design	Essentials	
1XMehFwgWu3N-W6_RKEWZGMpnf2hGq6VW	human_female_laugh_8	wav	0.92	CinePRO Sound Design	Essentials	
1pvQHMh2tmiDmALlEZaDGIWSdHAeMSsgc	human_female_laugh_9	wav	1.58	CinePRO Sound Design	Essentials	
1-G2XMwFFuyeJcZr0vMCixPajxuIyITxW	human_female_ohh	wav	1.43	CinePRO Sound Design	Essentials	
1vL8PmHy2e8plNCeHK1Iq96FdVGCvQ9h4	human_female_ok	wav	0.66	CinePRO Sound Design	Essentials	
14GN5Cd6JK7O3hA-Gffm4NWKqZ_50yWcG	human_female_oy	wav	0.73	CinePRO Sound Design	Essentials	
1siq-tJKTcGa9yEgWgq5Qq9EME9AncMPZ	human_female_pain_1	wav	0.75	CinePRO Sound Design	Essentials	
1Kwm640jT3SKogDqVjlWYxgbqgVLX1ZAS	human_female_pain_2	wav	0.75	CinePRO Sound Design	Essentials	
1PrM9VKtYYGe3ikBVt7uJXHR0vxkTEXe3	human_female_pain_3	wav	0.67	CinePRO Sound Design	Essentials	
1VG2JVgX-5u9FB_HoGgX-POq4pG5c-8n4	human_female_pain_4	wav	0.83	CinePRO Sound Design	Essentials	
1k5jJe9KoqEheiWAdK-Xgj0u-svgDEsSV	human_female_pain_5	wav	0.83	CinePRO Sound Design	Essentials	
1YrOKeyNqt7oqg2tsLcW9pOG-KhlZ9l17	human_female_pain_6	wav	0.97	CinePRO Sound Design	Essentials	
1P7YF2xaN_kl5RsKb9xp7T_PelZyUlQ_m	human_female_sad	wav	0.95	CinePRO Sound Design	Essentials	
1uI7JyvCFu0iGzHS-aqi2iq5oU3Bu9vNB	human_female_woo_hoo_1	wav	1.09	CinePRO Sound Design	Essentials	
1C65Yf51vAQq32SeF5E8eUyyjOjPaauop	human_female_woo_hoo_2	wav	1.14	CinePRO Sound Design	Essentials	
16kD5OHUuFoYYy3MfN4VIvinbzNFjnyCf	human_female_woo_hoo_3	wav	1.49	CinePRO Sound Design	Essentials	
1OEdui5032KT-Cwr_A0WGSWk6zXq01qr2	human_female_woo_hoo_4	wav	1.18	CinePRO Sound Design	Essentials	
1-tdV3CIFHNwIUXeK7x8w3OKsl1caknTg	human_female_wow_1	wav	0.77	CinePRO Sound Design	Essentials	
1DR1tXSc51FEa1bsalN0o3pdvMhlkYyHN	human_female_wow_2	wav	0.92	CinePRO Sound Design	Essentials	
1Syu0M7pls6zgtkUjIHbH9-_vQsG7JVQV	human_female_wow_3	wav	1.22	CinePRO Sound Design	Essentials	
1sQwVayT_rXHHr35rcXxuQrTO_fEY3yAa	human_female_wow_4	wav	0.89	CinePRO Sound Design	Essentials	
11S9JhG-YV2VDhjqJi-o2HjxKpRrjzGOD	human_female_wow_5	wav	0.74	CinePRO Sound Design	Essentials	
13kGIEPJHPh_n8uLM3fDaQLHwl-cnzL-A	human_female_yahoo	wav	1.32	CinePRO Sound Design	Essentials	
19_ISjBEDkFy-8-TH-2mDj12k5l_MeGNE	human_female_yeah_1	wav	0.63	CinePRO Sound Design	Essentials	
1G_DwCKi5w8FWJuVlgEjomhTL2Z3M4tz1	human_female_yeah_2	wav	0.57	CinePRO Sound Design	Essentials	
1HPgkKDj0bnBWpF_INCMu23UM27n2BnPg	human_female_yeah_3	wav	0.57	CinePRO Sound Design	Essentials	
1b_2TKTWbjGPqQ78M0ohDmXzNsHRPJ3K2	human_male_ah_question_1	wav	1.04	CinePRO Sound Design	Essentials	
1686mAydEgNduTv913c1it4Ne5DE14gf2	human_male_ah_question_10	wav	0.85	CinePRO Sound Design	Essentials	
1T5h3Fo2cYWcASHwfecyv5mJxtlDJS-FX	human_male_ah_question_11	wav	1.04	CinePRO Sound Design	Essentials	
19hudcAcYqKwYrFEIKZSiionlSvtq5pXH	human_male_ah_question_12	wav	0.92	CinePRO Sound Design	Essentials	
1-p0I2HkmsJSnCoCyUSO-mx_vHT2sejM1	human_male_ah_question_13	wav	0.5	CinePRO Sound Design	Essentials	
17lFPKZ_d4152Cc5rV2XpvNUQfokT5km1	human_male_ah_question_2	wav	0.52	CinePRO Sound Design	Essentials	
1tS4opu081h7zlgdSHFZKdYztrE30iA7b	human_male_ah_question_3	wav	0.7	CinePRO Sound Design	Essentials	
1FxpXDNQncOfxKb8Yh8g9rHjxAgxR27L_	human_male_ah_question_4	wav	0.8	CinePRO Sound Design	Essentials	
1fiGstTI81FBxJ3dRDyJDTwqtry8_5GNv	human_male_ah_question_5	wav	0.8	CinePRO Sound Design	Essentials	
1Cnj6tDlfJx3MY5Up0A-p8uNJ16USoHx5	human_male_ah_question_6	wav	0.82	CinePRO Sound Design	Essentials	
1J5oZ5XISrYTRG6syn5fI6fGK8HRx9o57	human_male_ah_question_7	wav	0.68	CinePRO Sound Design	Essentials	
1VzXHVI8BX4jdCBBX22O244iUuFPbz8aF	human_male_ah_question_8	wav	1.05	CinePRO Sound Design	Essentials	
1IoN95j8ED0ZvaipYZG3aSRVWxH-h-zIX	human_male_ah_question_9	wav	1	CinePRO Sound Design	Essentials	
1Q-XGXDSkwaOJR9dtXa0dsnzl3YPlm9n8	human_male_aha_1	wav	0.82	CinePRO Sound Design	Essentials	
1687rgsKolXwr6KH5PkUx5f-URtBol4wk	human_male_aha_2	wav	0.82	CinePRO Sound Design	Essentials	
1eetppHpQyNP-HCj-Syr16jshStnxYnE3	human_male_aha_3	wav	0.82	CinePRO Sound Design	Essentials	
1RFEyKrzkS79gXQySSaazgJy-R1RmTxtC	human_male_angry_1	wav	1.32	CinePRO Sound Design	Essentials	
1nYdxR_Kxk1osF8PdaMu1U04erFkhdJto	human_male_angry_2	wav	1.23	CinePRO Sound Design	Essentials	
1FAGR9DTKgxCOHRtpsOMY55HZJsjaNggU	human_male_angry_3	wav	1.32	CinePRO Sound Design	Essentials	
1FcVNKrso1pNQI0CxyfhUWRhJi540YWHQ	human_male_attack_1	wav	1.57	CinePRO Sound Design	Essentials	
1hqFa2IYpeBwsZUXX3hb4AcRYb7FNgPZO	human_male_attack_10	wav	1.21	CinePRO Sound Design	Essentials	
1pfpxuykBRXNKZ7z3clytytYJl-lSpk5K	human_male_attack_11	wav	1.09	CinePRO Sound Design	Essentials	
19diQwwIe3PKK5_GwMOGfg4hV_vuyfBd3	human_male_attack_12	wav	1.09	CinePRO Sound Design	Essentials	
1ORkIq_qHpZ996lrbv8eWiQtKRTwErnNm	human_male_attack_13	wav	1.37	CinePRO Sound Design	Essentials	
1M3P3cVGQAeio8_A0KVGdlKZZyOm9MzCd	human_male_attack_2	wav	1.37	CinePRO Sound Design	Essentials	
1-4cjBZAGTwgAEbDitFCMt4p-LkPscYL3	human_male_attack_3	wav	1.37	CinePRO Sound Design	Essentials	
1LhM2eM2szAVj9rOIYv8_D7KCyeZBdy0b	human_male_attack_4	wav	1.37	CinePRO Sound Design	Essentials	
1DPw1UNSkzWv5vmNcE0t_qHJzZSuspmrC	human_male_attack_5	wav	0.81	CinePRO Sound Design	Essentials	
17gZTIfcKzdgE1tMjA6RCSUrL3gjjMSuW	human_male_attack_6	wav	0.79	CinePRO Sound Design	Essentials	
1enbWnJehwnaVeNEqBaDvlUTREYvVYlWM	human_male_attack_7	wav	0.81	CinePRO Sound Design	Essentials	
1xPN16fyoMYUCWsMf420DvhDOn6foioN3	human_male_attack_8	wav	0.81	CinePRO Sound Design	Essentials	
1o_Ix3kd6MuJsxC7fpYS7Dcy6Dfjn1kj5	human_male_attack_9	wav	1.21	CinePRO Sound Design	Essentials	
1B-zwLuw6HfZtsZQvg41HAYDmr1P8BbVU	human_male_attack_aaa_war_1	wav	1.9	CinePRO Sound Design	Essentials	
1XwLPaVwXCuGIbRwGFarH8BreFY84EbSN	human_male_attack_aaa_war_2	wav	2.37	CinePRO Sound Design	Essentials	
1Rou0v_E5hIF2sSivyzqzbn0JUw4s2UWy	human_male_attack_aaa_war_3	wav	2.07	CinePRO Sound Design	Essentials	
14O_6mF4uXk-T7vGgPqkjOkIeMcx5VMqZ	human_male_attack_aaa_war_4	wav	1.8	CinePRO Sound Design	Essentials	
1LHPIHi69D3Llqm-wsufRJlcXgK8KUoDJ	human_male_attack_aaa_war_5	wav	1.53	CinePRO Sound Design	Essentials	
16SjcJnqxGO_XoXBCtJBKOFdUlWerELMf	human_male_attack_aaa_war_6	wav	1.67	CinePRO Sound Design	Essentials	
1xL-vvEnlwAHqhY2OkGiViEvWxxHaYgKT	human_male_attack_aaa_war_7	wav	1.63	CinePRO Sound Design	Essentials	
122bB69QZKByy4LNebGGOR5nOEtNunXnH	human_male_death_1	wav	1.87	CinePRO Sound Design	Essentials	
1tqhXEO3Z19vppfxH1NCj8Tjxeokv8KTb	human_male_death_2	wav	2.17	CinePRO Sound Design	Essentials	
1NGMQn5aPQ993SzhzS43dBIwHPASzNjD3	human_male_death_3	wav	2.33	CinePRO Sound Design	Essentials	
18MMbYn-FzffIkDRpopSQ8iuXBvBgBViR	human_male_death_4	wav	2.1	CinePRO Sound Design	Essentials	
1Sh5sVm42FN_qNv6aEN44FktLxyPkivcg	human_male_death_5	wav	3	CinePRO Sound Design	Essentials	
1T4of92QaFhBPaZs5WbXktJ2JockTPpQy	human_male_gasp_shock_1	wav	0.86	CinePRO Sound Design	Essentials	
1S5TwWldFaIFug4PV2XrWyjYMYCu4l4jJ	human_male_gasp_shock_2	wav	0.86	CinePRO Sound Design	Essentials	
1nIpkcYbEzy7LYL3JxtJGpy_4QFdNNnR3	human_male_grunt_confused_1	wav	0.93	CinePRO Sound Design	Essentials	
1rT1uVjGGkzruqLQtweWGn3vu74vcB8LS	human_male_grunt_confused_2	wav	0.75	CinePRO Sound Design	Essentials	
1Nuyg4oOL6SHzYV_xOVL40ZWg6U3BD7b4	human_male_hello_1	wav	0.88	CinePRO Sound Design	Essentials	
1cYEi04ChsoxyEbnN7kP48Oj1M8mvXjNE	human_male_hello_2	wav	0.88	CinePRO Sound Design	Essentials	
1ca2L58z4n9uS3mpV-iagJde0_cx1JFQn	human_male_hey_1	wav	0.81	CinePRO Sound Design	Essentials	
1urKN0Av2rs7MPWMAL_OWqacjvSTXnJ7t	human_male_hey_2	wav	0.85	CinePRO Sound Design	Essentials	
1_COpkKkm3zzJQ0aV-Kz22tC4vjymtUD8	human_male_hey_3	wav	0.96	CinePRO Sound Design	Essentials	
1dfBInpHnvHlix1chsKoFM91RLhhYpOhg	human_male_hey_4	wav	0.89	CinePRO Sound Design	Essentials	
14h3o43rLFCqaxyVdjjNYX1iN6yar5OCU	human_male_hey_5	wav	0.89	CinePRO Sound Design	Essentials	
1SwSJ0aZ35Do6zQSO2eB9ODt2h8cjtZnK	human_male_hey_6	wav	0.89	CinePRO Sound Design	Essentials	
1uvBc_LQciqPAsCSxu8ZLwGE8JBZlb4xr	human_male_hey_7	wav	0.72	CinePRO Sound Design	Essentials	
1aOFV1GK-pp6iuKSn4j_zx_vi5RGIrkjB	human_male_hm_1	wav	0.77	CinePRO Sound Design	Essentials	
1wyPP65TkoKholBy9cKW4lEptDe0Oybcd	human_male_hm_10	wav	1.7	CinePRO Sound Design	Essentials	
1piqVtMCtxuV2MjGWp3VfgJDufgpDbKwr	human_male_hm_2	wav	0.77	CinePRO Sound Design	Essentials	
1ifNHcnh9YdZBYHDU3cuQM_Wd0hT-XNBP	human_male_hm_3	wav	0.77	CinePRO Sound Design	Essentials	
1iBMfAtr8kLF9he-dxEiFsrW5fA4UgnN-	human_male_hm_4	wav	0.58	CinePRO Sound Design	Essentials	
1Rp13aHK3wplvMaY5CJstxLe9XVulZ7l-	human_male_hm_5	wav	0.82	CinePRO Sound Design	Essentials	
1yv1yactrJS6Lv3qUBLG319ouh4MrecCc	human_male_hm_6	wav	0.8	CinePRO Sound Design	Essentials	
1BhX_7bm5duIdG4Vlu1a3AWkogdSbdAEY	human_male_hm_7	wav	0.8	CinePRO Sound Design	Essentials	
1XMx2MAPdRcv0x6MpQ1zBv5_AQdO3BOmQ	human_male_hm_8	wav	1.14	CinePRO Sound Design	Essentials	
1rLvjuIulBjCxa7DsxCvdsMgXz0JrurEA	human_male_hm_9	wav	1.14	CinePRO Sound Design	Essentials	
1O_tzgOd-raQB5UzdewUQbZoUMPBRHAiD	human_male_hm_question_1	wav	0.86	CinePRO Sound Design	Essentials	
1fW1t4Pp19BDhAs_9FSxi7Pk4r47CWihA	human_male_hm_question_2	wav	1.01	CinePRO Sound Design	Essentials	
131uy0yQDehCaAYJK_5vxVNU-7Mzgzask	human_male_hm_question_3	wav	0.73	CinePRO Sound Design	Essentials	
1Fk7ihnd-GpjXrNpPw_T6LEImaWboYafv	human_male_hm_question_4	wav	0.58	CinePRO Sound Design	Essentials	
17CVWy6vQLwAGZm3EpOEMT66r0W9oq1z9	human_male_huh_1	wav	0.79	CinePRO Sound Design	Essentials	
1Jtj5uwTO-nw1sjp4uiu-cZA5cb9fs9CB	human_male_huh_2	wav	0.79	CinePRO Sound Design	Essentials	
1olw19sjlEp4RqId54NbrTIQYayNfNCTf	human_male_jump_1	wav	0.73	CinePRO Sound Design	Essentials	
1x_u9t1_b_EOGkWUVIbk-6G92-fkGQJ-x	human_male_jump_2	wav	0.73	CinePRO Sound Design	Essentials	
1Y6DDj8j_NxC3KBvO9S0tQ2n2ypZ9tLJ9	human_male_jump_3	wav	0.73	CinePRO Sound Design	Essentials	
16qnNfIQkaupb6_GTk9Yk2lWNcd6IPe5a	human_male_jump_4	wav	0.73	CinePRO Sound Design	Essentials	
1tWOeOZrUAvU_3plSyUMkXKtXe7fAm03H	human_male_jump_5	wav	0.73	CinePRO Sound Design	Essentials	
1SASQF2pcobgHzXcEpfN1dK5ocZvtYNBb	human_male_jump_6	wav	1.07	CinePRO Sound Design	Essentials	
1LYsJld-rJGj4JM07HtVyGxjp_j75sN7d	human_male_kiss_1	wav	0.65	CinePRO Sound Design	Essentials	
1xDk5-PKpdg8-8-NXXfBY338K2pff2Mhd	human_male_kiss_2	wav	0.65	CinePRO Sound Design	Essentials	
1b4wC_mws7Dwc7fPG-Cspjtw8UzfIPeQ3	human_male_kiss_3	wav	0.65	CinePRO Sound Design	Essentials	
1zPzsSivT1R_c7EvXGGxVN8G6if6-zXyl	human_male_laugh_1	wav	0.95	CinePRO Sound Design	Essentials	
1kQBa2627v84v5zrgH_uAYRiu_ZSxIsNM	human_male_laugh_10	wav	0.87	CinePRO Sound Design	Essentials	
1ce8S7QiHfsEqPjdk12zvwg3fUqY-Niq9	human_male_laugh_11	wav	1.23	CinePRO Sound Design	Essentials	
1mdI71hcD8142AfEAOiPfquIphoZDs8l2	human_male_laugh_12	wav	1.23	CinePRO Sound Design	Essentials	
1NFfACjg1HlVpGIjr3YPYkxzJ5xAAfd55	human_male_laugh_13	wav	1.23	CinePRO Sound Design	Essentials	
10Hb1QKf5UD1rKSjjI3eoz646MgIzWLcu	human_male_laugh_14	wav	1.31	CinePRO Sound Design	Essentials	
1tkPMSQ6EGZ09oPYkmHlG8mxwdNhSNSDR	human_male_laugh_2	wav	0.95	CinePRO Sound Design	Essentials	
1UPGhQH_Tw2iEBRGL_4HZXu6-L8TGPJ_n	human_male_laugh_3	wav	0.95	CinePRO Sound Design	Essentials	
1CtX3mbPvf6LEDr8NnDsMyZ9BGE7zFoIH	human_male_laugh_4	wav	1.08	CinePRO Sound Design	Essentials	
1mnZwnsYzQ8jEMwC3au4CS935tssuUn7D	human_male_laugh_5	wav	1.08	CinePRO Sound Design	Essentials	
109pzorJm3rR9pjZwAHCbndTTUZiecB7t	human_male_laugh_6	wav	1.49	CinePRO Sound Design	Essentials	
1YcODqLw4TZfLuiFTUAnQBQhfmo36CMH_	human_male_laugh_7	wav	1.14	CinePRO Sound Design	Essentials	
1t6Tl8pw6uWriH6JTp0xyOsuEefgR8Fmg	human_male_laugh_8	wav	1.14	CinePRO Sound Design	Essentials	
1ZdrB6Jhxa753r0-3OA8yDk92oHU1oLzk	human_male_laugh_9	wav	1.14	CinePRO Sound Design	Essentials	
1qb7QlgXAoJxENsXFmJzciET2cJMwnlYY	human_male_mmm_1	wav	1.07	CinePRO Sound Design	Essentials	
1t08XZK8YFxs8hCq4hs4TWuR46dTRUI4q	human_male_mmm_2	wav	1.07	CinePRO Sound Design	Essentials	
1mc38yfKAGIUxs7Mvu8AuMYlTX7aea9fw	human_male_pain_1	wav	0.98	CinePRO Sound Design	Essentials	
1T-ifZOpAh-gMGt8ORe_umyRxRSomtaUD	human_male_pain_2	wav	0.98	CinePRO Sound Design	Essentials	
1LiegHK0g7l5Jpvb5TpzlSPgtHLq9pN3h	human_male_pain_3	wav	0.98	CinePRO Sound Design	Essentials	
1Xd1Aq2jsS5tQ9xQpCjAYEvJsYfIu2Rtd	human_male_pain_4	wav	0.98	CinePRO Sound Design	Essentials	
1ZHGjblYFzI4sc5kWLdWdaUJk_zlwVnRD	human_male_pain_5	wav	0.86	CinePRO Sound Design	Essentials	
1pz18kgTc0z5Yj8nE5JRBV14iYZPJmw6X	human_male_pain_6	wav	0.86	CinePRO Sound Design	Essentials	
1cicQgvHxzLflL6PU7rq_JZy3NmU36k7g	human_male_pain_7	wav	1	CinePRO Sound Design	Essentials	
13kmQVtvN81oiCgTXPCDZx5mtuxvoYTLf	human_male_pain_8	wav	0.74	CinePRO Sound Design	Essentials	
13w_wSpQ04h0FZyV33MHaSnF210AdndrH	human_male_sad	wav	1.48	CinePRO Sound Design	Essentials	
1XpoZ7zH5e_DshV2WYoKmxe3uE2utWsiH	human_male_surprised_1	wav	0.84	CinePRO Sound Design	Essentials	
1cBC8jvv70xkICEEcg1fJEN9ITkWKfUWf	human_male_surprised_2	wav	0.84	CinePRO Sound Design	Essentials	
1L_ymZ4OPzcaEfVCQ1yUYekksMUhHKvz6	human_male_wow_surprised_1	wav	1.56	CinePRO Sound Design	Essentials	
1qho1Pv8-Y8GyWOaVIOqcey_2vkicOw_x	human_male_wow_surprised_2	wav	1.56	CinePRO Sound Design	Essentials	
1AznuQtLuCfD9boouFQoyRHgnUQo8r-EW	human_male_wow_surprised_3	wav	1.56	CinePRO Sound Design	Essentials	
1kYZYAuN5qYngIBrOFoZey_g_d14lEn3u	human_male_wow_surprised_4	wav	1.1	CinePRO Sound Design	Essentials	
1DfhEB1w49bHBnc5L0F39cqjJ8fZwG9ta	human_male_wow_surprised_5	wav	0.61	CinePRO Sound Design	Essentials	
1tKsaF4pgcrLStePZTvF2lryruq7Pp94x	human_male_wow_surprised_6	wav	0.84	CinePRO Sound Design	Essentials	
1sLO4ZpX3eG2-blAh1eBQ7D790sadCAWL	human_male_wow_surprised_7	wav	0.84	CinePRO Sound Design	Essentials	
1i_srec0nGnYhEsGI9hbrWY9ix-L3lsEG	human_male_wow_surprised_8	wav	1.11	CinePRO Sound Design	Essentials	
1N7WTpMcPx3iy6Q5GTPT4PrvGV9yInBWU	human_male_yahoo_1	wav	1.59	CinePRO Sound Design	Essentials	
15aQo8jUlH6tTB5M8GASjJ88NDlTaOevL	human_male_yahoo_2	wav	1.05	CinePRO Sound Design	Essentials	
1x_0zNMAGHp9782yW6W_05qeDav02p4aF	human_male_yee	wav	1.67	CinePRO Sound Design	Essentials	
1w5-GDRWz_BluipS-udR0ALiPyCI7lqrv	Hungry Beast	wav	38.75	CinePRO Sound Design	Essentials	
1OdTPAXVya6SaXW_u09ZjNEtHINYN4A3_	hydra breath	wav	2.26	CinePRO Sound Design	Essentials	
1fiUZtESBrMrKB0t5EnYbHHFYCYpoahel	I AM A DUO - Smile aka Chillie Willie	mp3	148.24	CinePRO Sound Design	PLAYLIST	
1ImHFEHof7LXIcNTGZp46u3yWMgUD7GOG	I am Fowler - Bring It Back - No Lead Vocals	mp3	210.65	CinePRO Sound Design	PLAYLIST	
1fV2fstvIvYGMuydbi_CWeh-XteoJaGKI	I Scream - Female Group Screaming in Terror	wav	3.02	CinePRO Sound Design	SFX	
1JMlomiR5D18E0OQwr_4uLZDCokUylf3R	IamDayLight - The Wild West	mp3	83.01	CinePRO Sound Design	PLAYLIST	
1dBGs0WxkH0qsY4ZmubBoileVdnulcrYB	Ibsen Producer - Yin Yang	mp3	187.99	CinePRO Sound Design	PLAYLIST	
1Q8dXPF7Lq0Tz98RPT7qXgChgknFKNWqb	Ice Crack on a Lake	wav	9.57	CinePRO Sound Design	SFX	
1yADRk_el9mKX29W6q10q1wmNKM0Yvvre	Ice Fury - Knife Slide, Light Debris Falling	wav	1.38	CinePRO Sound Design	SFX	
1h3knIgLXhmyZTl-2TYGQNMt6eLrhpjmh	ice_crash_1	wav	1.29	CinePRO Sound Design	Essentials	
1594CoTMufpyhNUUekuqIDd8BU4-WOKJC	ice_crash_2	wav	1.42	CinePRO Sound Design	Essentials	
1k2aq_9_O6ObztLJAu651hFKvOtcAksmz	ice_crash_3	wav	1.38	CinePRO Sound Design	Essentials	
11kd1m-87YirMryiU1R_F97oiJZS63gby	ice_crash_4	wav	1.27	CinePRO Sound Design	Essentials	
1lwn4Og3gasknrS3gzPnq0mo4_ZEZdS1V	ice_crash_5	wav	1.34	CinePRO Sound Design	Essentials	
1LVDi6_MSBddeBIWLDnTnoj9ZJyvBp84-	ice_stress_1	wav	4.12	CinePRO Sound Design	Essentials	
1O53ViHWNZcM53cgEl_aYFhshDSe7hOdU	ice_stress_2	wav	2.7	CinePRO Sound Design	Essentials	
1B28J7GAhO-jr9BOtmaQZPN5JhzQiR29a	ice_stress_3	wav	3.25	CinePRO Sound Design	Essentials	
17e8hHU_IOtV0pGZKrhSIH99Eg2g7pEeg	ice_stress_4	wav	2.34	CinePRO Sound Design	Essentials	
1LvrYjK5WeSL02tvKVl-8HiicW0b2YuGP	ice_stress_5	wav	6.37	CinePRO Sound Design	Essentials	
1UXgJaP27oVtY4nSx6SplscMU25mejRKr	ice_stress_6	wav	5.76	CinePRO Sound Design	Essentials	
1ZL-wXuaTEvMbLL4QkgD10GqAlzu1waq6	idokay - Hostiles Inbound	mp3	205.71	CinePRO Sound Design	PLAYLIST	
10MIfkLi1phJJNFfbqJidcjmbutq3Fp59	idokay - Run Fast	wav	151	CinePRO Sound Design	PLAYLIST	
1aPgmwfRqimdcPOHAnUMF_EcEb6NUuR7d	Iko System	mp3	191.09	CinePRO Sound Design	PLAYLIST	
1WC6MhsSfJDOK34FK48L92IPOQqG0TusO	Imagine Dragons Believer Official Instrumental (320 kbps)	mp3	204.23	CinePRO Sound Design	PLAYLIST	
1VbH3j0klsE_qLln5tPd4Lfgy32lK0oiK	Impact_Bass	wav	4.14	CinePRO Sound Design	SFX	trailer
1agPrHMtEoPrX53GodcX_B5qNGAN8f0_Q	Impact_Bass_Short	wav	4.39	CinePRO Sound Design	SFX	
1rB0-5P2ZOgAoTcE6PFpcsiBz09xL-o2x	Impact_distorted_001	wav	6.18	CinePRO Sound Design	SFX	
1ab-k5iS4YBP8TN_nkPM12dWU40C-J9Ch	Impact_distorted_005	wav	4.06	CinePRO Sound Design	SFX	
1AuVg2pdEfmwoA5tR06EDiWSgn6VuvMyn	Impact_distorted_011	wav	6	CinePRO Sound Design	SFX	
10-74JFQ1FMp6G-BF6UR2MDC3A8u-OUFj	Impact_Epic	wav	8.63	CinePRO Sound Design	SFX	trailer
12erSZJPpfomqA44pbvmNNdVmBMTzczcM	Impact_low_006	wav	6.59	CinePRO Sound Design	SFX	gaming
1MbVMVIjEW4M1s8l2v_w5ScVZ_rMGx_mo	Impact_low_013	wav	7.91	CinePRO Sound Design	SFX	gaming
1JFlMgYjNssMOxNbuUWBuXkiRnr2gA5Hq	Impact_SciFi	wav	5.75	CinePRO Sound Design	SFX	
164AZiegHuTA0IAxbsQ4IeiijsAxf8n5H	Impact_Sino	wav	5.67	CinePRO Sound Design	SFX	
10h5HXCNdyMbteLJ932hn5riX3pJi5CbK	Impact_Strike_Reverb	wav	6.99	CinePRO Sound Design	SFX	
1MIzC9Erwb46MvH2pSW-D146ZonJhKN-Z	Impact_Trailer	wav	5.54	CinePRO Sound Design	SFX	
1xKzgvQTTz3AbSkR8l9Cmp_d0Qnu0VCJb	Infinite	wav	32	CinePRO Sound Design	Essentials	
1ibD9wJP62iPyvapiL5wkMr80wpWufi12	Infraction_KeepItMoving	wav	107.67	CinePRO Sound Design	PLAYLIST	
175OXL9A045KNwK1d9x-zLQq9caI6ZXDP	Inner Machinery 1	wav	8.64	CinePRO Sound Design	Essentials	
12QQy-_2HCQUzlcQE7mh9IyZKRr7q7NWT	Inner Machinery 2	wav	3.84	CinePRO Sound Design	Essentials	
1-mPkkJIt-6L8VxReYneYv9p_kMOSSYbH	Inner Machinery 3	wav	3.66	CinePRO Sound Design	Essentials	
1qG0iObXElFyn4_MmPeznWS1DyPwveCKT	Inner Machinery 4	wav	2.29	CinePRO Sound Design	Essentials	
1-7mavQbU_DX1LOmKe_bYcRMkND8g83K9	Inner Machinery 5	wav	1.1	CinePRO Sound Design	Essentials	
13TnxKrIUqVMs0gWTMJQ0dBB3lEj7cXOA	Inner Machinery 6	wav	8.09	CinePRO Sound Design	Essentials	
1eKDqm7PC8Zvf_zfPIHtEtVqSIo-_7tHI	Inner Machinery 7	wav	7.75	CinePRO Sound Design	Essentials	
1MM2wXCuXA8RJzDvMCrBNnIYwXC3lKCNK	Inner Machinery 8	wav	4.85	CinePRO Sound Design	Essentials	
102a-DM5IuaZMEN1cbrPlHhXSyaG3xL8N	Inner Machinery 9	wav	5.05	CinePRO Sound Design	Essentials	
1gQXEj5QIX9-YJaB6FK1giMUBdotWLNht	Inside a Car with Open Window	wav	8.88	CinePRO Sound Design	SFX	
1bmBPG42Or1cai9gM6L8SH70S1reFrrj_	Inspirational Hip-Hop	wav	134.82	CinePRO Sound Design	PLAYLIST	
1DL2r8sYFNHFOQv7l4vHfQ1bJ2QyX5l6f	Inspiring Cinematic Epic Long	wav	142	CinePRO Sound Design	PLAYLIST	
1JxWgNH74WWqCD8boNAe_TpdPRz9_eV5h	Interstellar Main Theme - Extra Extended - Soundtrack by Hans Zimmer	mp3	775.39	CinePRO Sound Design	PLAYLIST	
1MF0wl5KHJsgXuvrvqEwwADk6Ys4M64Dq	Intro Riser	wav	14.24	CinePRO Sound Design	Essentials	
1BXhhHVYmDJutYQPmnEakMsiVE0u7FDFR	Iron Tremolo - Short	mp3	1.06	CinePRO Sound Design	Essentials	
18ozkzpp3ukkRcnNyNZ_1-PK2ekbRqoG8	Isaac DaBom - Late Night Train	mp3	176.09	CinePRO Sound Design	PLAYLIST	
18fNtaVFvZjW5CM4jwq-iOIi8RXutp7LO	JACKBOYS, Pop Smoke, Travis Scott - GATTI (Audio)	mp3	182.75	CinePRO Sound Design	PLAYLIST	
1eYEFRR2_c5ltPqvLClGF6I4gx3pGUqNx	Jakub Pietras - Cannal Chase	mp3	98.38	CinePRO Sound Design	PLAYLIST	
1NPh241IeYW7BmIbBVcSO0RVTGzZBvpzr	Jan Sanejko - The Brave Ones	mp3	103.65	CinePRO Sound Design	PLAYLIST	
1AMjWp9WylOEPRUYt4C23bzbnT-xXR4Y_	Jan Sanejko - The Brave Ones - Instrumental Version	mp3	102.95	CinePRO Sound Design	PLAYLIST	
16FF82nikQCBrZC63szASQ4yCKiyyXeDV	Jasmine J Walker - My World - Instrumental Version	mp3	197.46	CinePRO Sound Design	PLAYLIST	
1o69pv8vlq6YFfpz63QgcJzfK9vQmSuyT	Jasmine J Walker - Work - Instrumental Version	mp3	172.23	CinePRO Sound Design	PLAYLIST	
1IokKi-pqWSZlSLmwAiIRp788dLQqfzLN	Joca Perpignan - Maracadombe - Instrumental Version	mp3	140.23	CinePRO Sound Design	PLAYLIST	
1ryBpwAeWQqnf3eJQhgttZru7r4_e2w3h	John Dada & the Weathermen - Chamber Stress	mp3	91.79	CinePRO Sound Design	PLAYLIST	
1_z9UzpQiZt_0FGIHstdr1n2mXy1guSh7	Jonezen - Never Fall Back - No Lead Vocals	mp3	155.53	CinePRO Sound Design	PLAYLIST	
1NGQ8IC0pEwAYujIJAlKas2D-NllNw1yI	Jump into the water, group, people 1	wav	36.07	CinePRO Sound Design	SFX	
111FJGbh7yvoZrCHK2e9t91dOOzmA3hUL	Jump into the water, group, people 2	wav	20.58	CinePRO Sound Design	SFX	
1v5CJ6DlnDIUkWa4ZfjANQomgPhkwtD8U	JumpScare_Medo_Terror	wav	6.48	CinePRO Sound Design	SFX	terror
1xpUXNMaWGAo0R0eRNkAlOh9ts-GF-NPn	Just for Fun - Cork Popping, Open Bottle Boing	wav	0.3	CinePRO Sound Design	SFX	
1KvxLn5YkV8Jyhnhni5MT2JsN5HfpoHC_	Juvenility	mp3	136.7	CinePRO Sound Design	PLAYLIST	
1QaYiixcXs25jlzADSdioGt4bPhq_WIi_	JVKE - golden hour (official music video) (128 kbps)	mp3	231.81	CinePRO Sound Design	PLAYLIST	
1gtcvLeQnK2biY8EVV05qVNeNxxFc5uhc	JVKE - this is what space feels like [tradução legendado ] [music]	mp3	182.94	CinePRO Sound Design	PLAYLIST	
1GupF2jiD5cJErkqPf9vFSPDbUk-ZDDba	JVKE - this is what space feels like [tradução legendado ] [vocals]	mp3	182.94	CinePRO Sound Design	PLAYLIST	
1LCgsdF2vhYJC2mf4iiBFRBUPHgQA3yGc	JZAC - Gimme Some More - Instrumental Version	mp3	149.68	CinePRO Sound Design	PLAYLIST	
1GxqjKrHtPFFTwIa0EIepJkqjHOzLQjo7	JZAC - In the Clutch - Instrumental Version	mp3	159.01	CinePRO Sound Design	PLAYLIST	
1oxj_YoVD8md1-L164YCkiTl5oBt097xi	JZAC - To the Wire - Instrumental Version	mp3	153	CinePRO Sound Design	PLAYLIST	
1lGaEp4IWcy3SzS0O2yrl_J5TaO16sMqe	K. Solis - Attention	mp3	207.01	CinePRO Sound Design	PLAYLIST	
1J9n4g0QTnMB7huk4dUTvHflwoWrJvDKu	Kalimbeggio	wav	10.17	CinePRO Sound Design	Essentials	
1qXS-GT3JWSWSmGKQfczIKcuV1V5aEa8g	Kanye West - Black Skinhead (Legendado) (128 kbps)	mp3	188.22	CinePRO Sound Design	PLAYLIST	
1I0v-_4rze9Wr-ac9WTz5HOVcYdX3ZOqe	Kevin Graham - Falling Forward	mp3	233	CinePRO Sound Design	PLAYLIST	
1n2bgFE9cTPECwpFq33AFyB5MylfUVwmr	Kevin Graham - Warhawk (1)	mp3	193.01	CinePRO Sound Design	PLAYLIST	
1VWC_nmwT3GnTYFuXUuLzn3Ucx-uLWQav	Kevin O Chris - TÁ OK em DRILL	mp3	111.12	CinePRO Sound Design	PLAYLIST	
1MYSnPcMoEe-QsN_Mv5xsdjJLzEMvtL30	Kevin P Holt - Ocean Sunrise	mp3	148.53	CinePRO Sound Design	PLAYLIST	
1wG_RJ5oBXPs4tygbEvhCXJEv0Zpt_fu-	Keyboard	wav	43.1	CinePRO Sound Design	SFX	tutorial
1uaFVpT4cMzsrLtVPgElGww3tZ15mUbLJ	keyboard_cougar_enter	wav	3.71	CinePRO Sound Design	Essentials	
1At0C4jBG0Cb74SwlMb1y5OBSmeD6Rr50	keyboard_cougar_spacebar	wav	4.39	CinePRO Sound Design	Essentials	
1fjHm7v-tKZ3PsSGmTJZhqYoYV3BfhBoJ	keyboard_cougar_typing_moderate_fast.	wav	13.6	CinePRO Sound Design	Essentials	
1muduxzFXhMmaci5SLiwrDaO-ODmKvqJq	keyboard_cougar_typing_moderate_slow	wav	12	CinePRO Sound Design	Essentials	
13Vk-jmAxo5eys15b344Nyyi9PGqlc-Qt	keyboard_logitech_enter	wav	3.9	CinePRO Sound Design	Essentials	
1TSZJXCE6cFpL7-GPNxIFGy3-EvEJvMGB	keyboard_logitech_spacebar	wav	5.55	CinePRO Sound Design	Essentials	
1GvriA4E96D7zoz1o6O9wSR2g1YCLcnb1	keyboard_logitech_typing_moderate_fast	wav	7.5	CinePRO Sound Design	Essentials	
1V-CJIzZxcnEDA2A-VglA77PhUnMFbnlA	keyboard_logitech_typing_moderate_slow	wav	16.81	CinePRO Sound Design	Essentials	
1FrYC0VRSDtAKUxEdtFF2G7S9mFmqr1j6	keyboard_macbook_enter	wav	5.6	CinePRO Sound Design	Essentials	
14I73y_-yJMUejp0E4eJeJmA0I4CCyKwl	keyboard_macbook_spacebar	wav	4.9	CinePRO Sound Design	Essentials	
11MvuVJVi-KF1aKN2upovVJaoDttPAzvl	keyboard_macbook_typing_moderate_fast	wav	15.65	CinePRO Sound Design	Essentials	
1P19V3k55wWBuH-qnGtbspH5ZMp9kTt8f	keyboard_macbook_typing_moderate_slow	wav	12.63	CinePRO Sound Design	Essentials	
1clr8smyqu7fEW4kk7NJjt5crX6eN00es	keyboard_old_enter	wav	8.72	CinePRO Sound Design	Essentials	
1FhjT2UkMPG2HraTJj77vbXWakhJDYCKD	keyboard_old_typing_moderate	wav	18.68	CinePRO Sound Design	Essentials	
1dLn6OgVM0FIksblPHuSuOfQ8Wtxw_qon	Kick Crystals	wav	9	CinePRO Sound Design	Essentials	
1i4cokxYu71CIWxFlGxkpJuj9Ki1hTu-a	Kick Drum	wav	2.5	CinePRO Sound Design	Essentials	
1LfE8tif6j7F-gII7c9Mp28FW_fveR99u	Kicktracks - I Need Your Touch - Instrumental Version	mp3	175.39	CinePRO Sound Design	PLAYLIST	
1I384tapsJqro-a9lL8m_UF1dSqD1l6F-	Kooma - Butterfly	mp3	140.3	CinePRO Sound Design	PLAYLIST	
13u4rSzuP5CldBbuftjO2EMskFa7TjyMR	Kooma - Kabul	mp3	125.49	CinePRO Sound Design	PLAYLIST	
1CildcwX6z1i69DFuly5oYVnifJV4kBzP	Kooma - Rift	mp3	149	CinePRO Sound Design	PLAYLIST	
1LZiua7X7UYjAyDo16nA14uL05jouBOI2	Kyle Preston - A Historic Reckoning	mp3	200.78	CinePRO Sound Design	PLAYLIST	
1l2oPS2p2xL3LtG3-GCnDNc0OzKr3rcq9	Lalinea - Cold Game	mp3	192.16	CinePRO Sound Design	PLAYLIST	
1GkTx0NFeUnmCLCjWH638b6IYw2t2KrNH	Lalinea - Cold Game - Instrumental Version	mp3	192.16	CinePRO Sound Design	PLAYLIST	
12Ypd0hDg3UTIbFUCQxf-1RUBaYDmrul1	Lalinea - Dusty Waves	mp3	119.2	CinePRO Sound Design	PLAYLIST	
1zvO_qSB4JTx7d7Pd38hZRrqgWpiDJsrC	Lança Chamas 3D	mp3	6.35	CinePRO Sound Design	Party FX	
1fCwe6X2NpBTiv-IsnpDWbbs9ZbWv4lJd	Lança-Foguetes	mp3	40.49	CinePRO Sound Design	Party FX	
1odajOYxOaAoh_19PaGqox0gJmPM_zNWC	Lance Conrad - Fortitude - Stripped Version	mp3	211.8	CinePRO Sound Design	PLAYLIST	
1jxa6rYmFSk4dWPnjGs8PVNh5R32R8qCM	large_whoosh_1	wav	1.41	CinePRO Sound Design	Essentials	
1nS8FhnP5YACGDcKhNRo_bzQVVptdGL4N	large_whoosh_10	wav	2.43	CinePRO Sound Design	Essentials	
1X5SMRs1omlk0-1pxqJo1nfUOThnPkBvw	large_whoosh_11	wav	2.43	CinePRO Sound Design	Essentials	
1YE_mgUAXGeAe5f49-LS3trb9qtIhNAyN	large_whoosh_2	wav	2.48	CinePRO Sound Design	Essentials	
1hwdYocoCQboNiKyZT-Ku1EprSNYQW39c	large_whoosh_3	wav	1.58	CinePRO Sound Design	Essentials	
15bxm0DnbuSavNXTlS0G_elpkP-_xIbm9	large_whoosh_4	wav	2.46	CinePRO Sound Design	Essentials	
1OXUGXTb2JKqLA-IxYfsgdeSPmJrnXh43	large_whoosh_5	wav	1.97	CinePRO Sound Design	Essentials	
1nw3wp4mOa-QUpnqNIku5IP7xUH7XuCuW	large_whoosh_6	wav	3.23	CinePRO Sound Design	Essentials	
1PoaQceIYQq0-qx2MP0zoppuFluNrlafz	large_whoosh_7	wav	2.7	CinePRO Sound Design	Essentials	
18bM0e-mLU3owjSMada9Xl4KxQ7K3nmBO	large_whoosh_8	wav	2.7	CinePRO Sound Design	Essentials	
1haSln8fwOev5ym_w02CiM7DLnonjWM2M	large_whoosh_9	wav	2.7	CinePRO Sound Design	Essentials	
1-pZ422csDVpkIxEe-B84mEyRrTpIMam2	large_whoosh_sci-fi_1	wav	13.76	CinePRO Sound Design	Essentials	
1uLqfE9FRe6M8yo51Li0Mi0z7hlwPgAsS	Last Odyssey - ELFL	mp3	149.78	CinePRO Sound Design	PLAYLIST	
1MTqpX1zcH7LCdFNd5USvLVPfc5JzEJ2E	LDj_Audio - Ghost Breath (Wav)	wav	5	CinePRO Sound Design	Essentials	
11dA90hNDYndEEyomq-0Yr_fx_Lg8caIL	LDj_Audio - Slow Windy Whoosh (Mp3)	mp3	6.27	CinePRO Sound Design	SFX	
13kTNCWu5s3dnD6QZf5GEcoV6sFor7IPl	LDj_Audio - Slow Windy Whoosh (Wav)	wav	6.2	CinePRO Sound Design	SFX	
1hf4RNIvzIoDUrGRT1MPJf4qIZmDzerxX	LDj_Audio - Whoosh Ghost (Wav)	wav	3.22	CinePRO Sound Design	Essentials	
1OFUbf42ZOeoPXJ_kFjVROR0gjnYG47aa	LDj_Audio_Cinematic_Trailer_Braams_V1	wav	3.91	CinePRO Sound Design	SFX	
1BA7ybcO7qxyio2VHUWN1oIFGmN60MGXj	LDj_Audio_Cinematic_Trailer_Braams_V2	wav	4	CinePRO Sound Design	SFX	
1rsrAnV4QEbbn4KQz9sKNUwQF06LRZRt5	LDj_Audio_Cinematic_Trailer_Braams_V3	wav	4	CinePRO Sound Design	SFX	
1JLWGFBiRMzJ1W69D_THvmWHrxztKJnNL	Le Monde Soundtrack (128 kbps)	mp3	134.95	CinePRO Sound Design	PLAYLIST	
1gO7wy-tuYNzyTkiwsOc7h0lMOtwQ--jX	leather_creak_rubbing_1	wav	26.76	CinePRO Sound Design	Essentials	
1RocF2Y-or6D1bQnLAiX_M-Ool5PI4_jh	leather_creak_rubbing_2	wav	22.15	CinePRO Sound Design	Essentials	
1dHdLve6J1DfLxZrPsvXwgXOKlY9EY6jB	leather_creak_rubbing_3	wav	30	CinePRO Sound Design	Essentials	
1vN8U8RqvKuK1d7dU0QDBD-OdhwwvvP_2	Let'sGo	wav	121.04	CinePRO Sound Design	PLAYLIST	
1qPi8MXfOeM8uU-tuQQ7gn75oBozkf814	Letherette - Woop Baby (institucional)	mp3	130.08	CinePRO Sound Design	PLAYLIST	
1VrSx8e_tYboevN7KIdWZRcB8mown6PP0	Letra - Spirits	mp3	168.23	CinePRO Sound Design	PLAYLIST	
1ZM1PRpDcny-cVJkJXBoztal7MOeOHAf1	Letra - Winter Glow	mp3	144.12	CinePRO Sound Design	PLAYLIST	
1Tdzdgyt87aFF9yt1QKqsjOEWO89mFYvk	Level of Concern	wav	15.36	CinePRO Sound Design	Essentials	
1CyqwT9B4upn4J0ZT9aXMq60gXAF0gzik	LifeWeDreamOf	wav	111.49	CinePRO Sound Design	PLAYLIST	
1_QAj5BqeGx_rfnYdCwG03LzH3bk1ijv1	Liftoff Rumble	wav	33.75	CinePRO Sound Design	Essentials	
1hgdeqf3GFipGJE_au6wEvsxQywkXxKXX	Ligação Direta	wav	9.09	CinePRO Sound Design	SFX	
1UPDMSe40w_ZwWUsSkfIkd-FlJuRa4LFj	Ligação Direta	wav	9.32	CinePRO Sound Design	SFX	
1tNRnBMV9cCrplbHKPYW94eNrJOh8nwKo	Ligação Direta	wav	6.64	CinePRO Sound Design	SFX	
1dXuQqVu2DKZ4d3f9OBSJ4IpWMlj8Fgjf	Ligação Direta	wav	6	CinePRO Sound Design	SFX	
13bd04mE_gNewqYtLsA4vdhc327rWnUgM	Ligação Direta	wav	8.57	CinePRO Sound Design	SFX	
1dbfua5XEvmONaFuCIq2uMp5OvIH7Kjyu	Ligação Direta	wav	3.43	CinePRO Sound Design	SFX	
1i7rHUvDGuHCUwC1npLK5fF8_QQXOpgEk	Ligação Direta	wav	5.57	CinePRO Sound Design	SFX	
1u-YUb8gepGpHPieNQ0-zg4DhKfeTw101	Ligação Direta	wav	9.98	CinePRO Sound Design	SFX	
1aIKu9e138G9sY8UmifqHpBjwbRpJVM7k	Ligação Direta	wav	4.93	CinePRO Sound Design	SFX	
1DWZhOpCJ4At71zNMpIEgh8cbhRDsmksE	Ligação Direta	wav	5.96	CinePRO Sound Design	SFX	
1RuGdrOs5hznQ_HCbW0H8AFMmYdHPBwRC	Ligação Direta	wav	4.84	CinePRO Sound Design	SFX	
1TytQB9txYRWwYNttZ24xghr1lAuKsEHP	Ligação Direta	wav	9.22	CinePRO Sound Design	SFX	
1K0jerVRFlS7dvKaB9wERV2GyCE2IPYvZ	Ligação Direta	wav	7.51	CinePRO Sound Design	SFX	
1Hzu3QpQj4wrxJhwV4JYyQt8T5C4LOxCq	Ligação Direta	wav	4.82	CinePRO Sound Design	SFX	
172g5J92Vkc3n2Xj1JBF9OkyNNyZxsuTF	Ligação Direta	wav	5.15	CinePRO Sound Design	SFX	
13wo6uM_Uv9IzDVq8GObRzGx66EVJ3F3_	Ligação Direta	wav	6.01	CinePRO Sound Design	SFX	
15molLrLXfIdJ3t0fuUrtE5PIUkCcVhs8	Ligação Direta	wav	4.29	CinePRO Sound Design	SFX	
14TMs-vhDBWgIz-NjzSdP9e8Esb0cKyhs	Ligação Direta	wav	5.38	CinePRO Sound Design	SFX	
1Rjb8yj5tEnboDCY6yJAJjM5UOKGVb_ET	Ligação Direta	wav	4.71	CinePRO Sound Design	SFX	
101tNhm_PxBEFBYDRBUJ6eWs5fpLote8v	Ligação Direta	wav	5.79	CinePRO Sound Design	SFX	
1eA1iISMox2cK3kpfwbm7XjuYt46vgd9O	Ligação Direta	wav	7.29	CinePRO Sound Design	SFX	
1xV-Usnrhk8yJkbX0sy4B5YRx9WL13KbU	Ligação Direta	wav	5.14	CinePRO Sound Design	SFX	
11rEqwHDybsgTR1OTEexbQuUo0B1eY-GB	Ligação Direta	wav	8.14	CinePRO Sound Design	SFX	
1LIYJJzvA60ZqQ8tB9uyC742B8LRzaMvy	Ligação Direta	wav	6.86	CinePRO Sound Design	SFX	
1I9b5bq3lCbN26hSagErI0fTDyIjEG5BG	Ligação Direta	wav	4.71	CinePRO Sound Design	SFX	
1ZsJMPQZuFV9MJ7Q0FE4EWLI3IDO1EumA	Ligação Direta (Panorâmica)	wav	9.09	CinePRO Sound Design	SFX	
1wDcX3PlLX8I6KjFnefMkB9CoSiI_cSlh	Ligação Direta (Panorâmica)	wav	9.32	CinePRO Sound Design	SFX	
1eRLLv1HgKKQ3vwq5yecOZDFYaAyU1vKo	Ligação Direta (Panorâmica)	wav	6.64	CinePRO Sound Design	SFX	
1mzSSc5vLOGF-XXgHKaqGhvjDFdRRdsum	Ligação Direta (Panorâmica)	wav	6	CinePRO Sound Design	SFX	
11iwSS2q6973CYAfIQap-Xudm_ZdZcMv-	Ligação Direta (Panorâmica)	wav	8.57	CinePRO Sound Design	SFX	
1nwmSBqdwbUaK_daLivNzH7cEKjP9uUad	Ligação Direta (Panorâmica)	wav	3.43	CinePRO Sound Design	SFX	
1N2gO2eASiE9SY6lvNcSSUm2hVRNQY7HI	Ligação Direta (Panorâmica)	wav	5.57	CinePRO Sound Design	SFX	
1VgKpI4uMNKv4puiddPgIwVslKtQEKDRx	Ligação Direta (Panorâmica)	wav	9.98	CinePRO Sound Design	SFX	
13RZrTg6DjeAKM1Tu6TUWOde-yiwpYQi1	Ligação Direta (Panorâmica)	wav	4.93	CinePRO Sound Design	SFX	
1L5LExnsQ2RfRePC8O2mBOsGNjKhw38La	Ligação Direta (Panorâmica)	wav	5.96	CinePRO Sound Design	SFX	
1EpO04H_1Sok0pz73lArvm47oY9fLiOgU	Ligação Direta (Panorâmica)	wav	4.84	CinePRO Sound Design	SFX	
1kuma6wO1qVjXkrnVJlBRlubWE_dOD061	Ligação Direta (Panorâmica)	wav	9.22	CinePRO Sound Design	SFX	
1PPcX7YD_Fee-Ceca9H8RNhyFReHjXIm8	Ligação Direta (Panorâmica)	wav	7.51	CinePRO Sound Design	SFX	
1IsHyq0iYT6eGQLXqFe4Kt8OoyMZ-zLix	Ligação Direta (Panorâmica)	wav	4.82	CinePRO Sound Design	SFX	
1deU6YdQPiKxKsXHAg96TnZeWmY16yjdG	Ligação Direta (Panorâmica)	wav	5.15	CinePRO Sound Design	SFX	
1GgCSg46OwsJOLONyUDZL4sy3dwBe6lZI	Ligação Direta (Panorâmica)	wav	6.01	CinePRO Sound Design	SFX	
1eUSaSL4K7TMqQwgYX_bMx-aL86B_cWX_	Ligação Direta (Panorâmica)	wav	4.29	CinePRO Sound Design	SFX	
1Mm--b8zUzPPG8SUUJh1hXi9V9Ditfx9L	Ligação Direta (Panorâmica)	wav	5.38	CinePRO Sound Design	SFX	
1oBZwoOqNy_2eeESrA5jCU_RoDg48ui6I	Ligação Direta (Panorâmica)	wav	4.71	CinePRO Sound Design	SFX	
1gVm69nkM5bGUC7KlO8nNjgrFlOIsnOU9	Ligação Direta (Panorâmica)	wav	5.79	CinePRO Sound Design	SFX	
19mXEgx1w20IAXKNoXYi9S0Y5jmSwyz07	Ligação Direta (Panorâmica)	wav	7.29	CinePRO Sound Design	SFX	
1_sAlrJg1zFg1yvvNNSjuWFxg88GLe8FE	Ligação Direta (Panorâmica)	wav	5.14	CinePRO Sound Design	SFX	
1XIfP6DrV__p2S8Ib07w-nGb5bkxT3_SR	Ligação Direta (Panorâmica)	wav	8.14	CinePRO Sound Design	SFX	
1-UkB5-sUsWnX1nPPjYBrA3yA3UavCTxi	Ligação Direta (Panorâmica)	wav	6.86	CinePRO Sound Design	SFX	
1aHWKR7WUJ2XmtzHLQVxZp1svY0zOjqZG	Ligação Direta (Panorâmica)	wav	4.71	CinePRO Sound Design	SFX	
1iHUReCmfFkt1CuK_E6K_3EzIYmyfuYXU	Ligação Direta (Panorânica)	wav	4.93	CinePRO Sound Design	SFX	
1f4UA7uVvnf8LtgK8HkLOnF0p7IkL4HdT	Light Speed	wav	17.29	CinePRO Sound Design	SFX	
1ccsUXvQY9x6TMXZ2wkWUvAADUTxtHCqn	Light Whoosh	wav	7.3	CinePRO Sound Design	SFX	corporativo
1KZCIo7t4U2mlai7bq-hgqVoDWvhmbsTG	Lightmuzik - Always Be Right Here - Instrumental Version	mp3	128.16	CinePRO Sound Design	PLAYLIST	
1taVShid_kOVVZld8d8Uak22CZJJYeAXI	Like a Tiger	mp3	177.84	CinePRO Sound Design	PLAYLIST	
1Ao48HjZSDM-da6s0mUqBlZYDuTliG6sy	Like a Tiger STEMS BASS	mp3	177.84	CinePRO Sound Design	PLAYLIST	
18syLbrF-8AiIl0lRjgtfbicV1GLSJpzS	Like a Tiger STEMS DRUMS	mp3	177.84	CinePRO Sound Design	PLAYLIST	
1OzIM4urdvqm0N4ol20Kv3IXaKe9HPDgJ	Like a Tiger STEMS INSTRUMENTS	mp3	177.84	CinePRO Sound Design	PLAYLIST	
1ac1unCqFI1mUeJH_8gme0RWjgwZ0jvkM	Like a Tiger STEMS MELODY	mp3	177.84	CinePRO Sound Design	PLAYLIST	
1Wmzl7gSvr9elXp11SAUhfygRUMF68ddt	Live in the Dark Bass	wav	126.14	CinePRO Sound Design	PLAYLIST	
1UVjlQdLcTRol2jl7dgewoMmWd_bi-71V	Live in the Dark Stems Drums	wav	126.14	CinePRO Sound Design	PLAYLIST	terror
1PDEwB7o8hT2bzbG4ApL-w5ePGXLGxnuR	Live in the Dark Stems Guitars	wav	126.14	CinePRO Sound Design	PLAYLIST	terror
1Ebct7XyOWs6_5ttc1yCCAwVarIV5ZRS1	Lofi001	wav	0.7	CinePRO Sound Design	Essentials	
1uHqN_MkTRgnN99Nwo-V_qLpAXmz_Jk2a	Lofi002	wav	1.38	CinePRO Sound Design	Essentials	
1o5q04xKWUSaLmlXCQAWesZpW5WcBPKr1	Lofi003	wav	0.7	CinePRO Sound Design	Essentials	
1gbB6fBfKOFCFxQmUn7RbD6F61aBQqGEH	Lofi004	wav	1.38	CinePRO Sound Design	Essentials	
1U5XD9NRA7-OmowemAG-_o-r3mZWQXzBf	Lofi005	wav	0.7	CinePRO Sound Design	Essentials	
1YBsgDfKWXXqlgzl7vOvDanlbqln0U0yT	LonePeakMusic Final	wav	129	CinePRO Sound Design	PLAYLIST	
1cXn0zOOuWTSF2tGhmFZjnzhLS6LtRDlV	Long Riser Wind	wav	20	CinePRO Sound Design	SFX	
1MGQPYAnkE05IxGvOneMLCC9ZSbucG-BH	LongVerb	wav	42.35	CinePRO Sound Design	Essentials	
1ejcbipA7oSWVLEwU7sx98S16T2yBno51	Loose	wav	28.24	CinePRO Sound Design	Essentials	
1JELuiQX2IHcdZBdh1zpw5mbxWHE2ALo1	Low Scatterd Explosion - Short	mp3	1.06	CinePRO Sound Design	Essentials	
1C87nj69sEaoYLqsGi9wjga-nxPkur9sa	low-whoosh-trailer-flyby-9-transition-movement-cinematic-SBA-300462184	mp3	2.46	CinePRO Sound Design	SFX	
1taJ9arpIDL-YzwsFS5F2OZZ7zaMjnxn4	LowBoom	wav	4.51	CinePRO Sound Design	Essentials	
16ZnnTdBJzQJljeq6AOFP9biMllbKV7o4	Lower Rise and Fall	wav	20.63	CinePRO Sound Design	Essentials	
1hvkflUHduLErEBRTfDDBAsOs-b4rqn9g	LowRumble	wav	28.69	CinePRO Sound Design	Essentials	
1JNZF2O3aeF_j0ybzh3MpByAfvRbxl1tk	Ludovico Einaudi - Experience (Live from Teatro dal Verme, Milano)	mp3	382.77	CinePRO Sound Design	PLAYLIST	
1dDrC7CEpoQFM5H9GchuwRN04JHrDfXDi	lumine wave - Inspirational Shimmering	mp3	139.68	CinePRO Sound Design	PLAYLIST	
1g-mT-1m1K5UJzs38YVdiZPjLSkMBiBMs	Lux-Inspira - Freedom	mp3	199.16	CinePRO Sound Design	PLAYLIST	
1EWQWtW-kg1aHYhVDrsD3Se5dPvVl9kuq	Lux-Inspira - Strength Men	mp3	155.74	CinePRO Sound Design	PLAYLIST	
1EKo6hUA-IohlA3hmkphvlRBOWWv50COo	MA_AleXZavesa_WooshAndBoom_1	wav	2.85	CinePRO Sound Design	SFX	reels
19wGbjdPW48vK6HgoxDZIvovcY4rrXM4R	MA_AleXZavesa_WooshAndBoom_2	wav	1.95	CinePRO Sound Design	SFX	reels
1lMUee8SRPdgukLIH8OGFaNw5EXEOiE6P	MA_AleXZavesa_WooshAndBoom_3	wav	1.95	CinePRO Sound Design	SFX	reels
1nAYPXn02Grt1JGOTsUXTnnX3rUkyrNpd	MA_AleXZavesa_WooshAndBoom_4	wav	2.55	CinePRO Sound Design	SFX	reels
1ttOf1tccaLC8KKB-GEr-lLm-JYF-OvLc	MA_AleXZavesa_WooshAndBoom_5	wav	2.4	CinePRO Sound Design	SFX	reels
1Pt3M0w2HWkjR9QNZheu6SJtcRtRD5lpB	MA_AleXZavesa_WooshAndBoom_6	wav	2.4	CinePRO Sound Design	SFX	reels
1EJ9E0XXKqf9P_SDGZ2xqJTOw-yUxeFmV	MA_AleXZavesa_WooshAndBoom_7	wav	2.4	CinePRO Sound Design	SFX	reels
1lEkk2fB9IayVmoBiKlvYXt0Is4xxloHi	MA_AleXZavesa_WooshAndBoom_8	wav	1.95	CinePRO Sound Design	SFX	reels
1bbvX6UAPlg8nLIsStgrOSN11BTsfOZ8a	MA_AleXZavesa_WooshAndBoom_9	wav	2.7	CinePRO Sound Design	SFX	reels
1lps-Ow3FBVxWm3f5jbMeh3AYt0p7Rs2p	MA_BANT_Pencil and Žarker 1	wav	3.97	CinePRO Sound Design	Essentials	
1Qix9y2DQmPp-4w9dXvlSF_IWXuG2HYbr	MA_BANT_Pencil and Žarker 2	wav	0.21	CinePRO Sound Design	Essentials	
1lVU0_1aUbMBZ2XznSXuJ98s6dldjO5-V	MA_BANT_Pencil and Žarker 3	wav	2.87	CinePRO Sound Design	Essentials	
10e-P_7ABZvkyi3ki-DnMwZpKcVhWKLKz	MA_BANT_Pencil and Žarker 4	wav	0.94	CinePRO Sound Design	Essentials	
1WYFkiGpRSOa3xSubPi1eQaBsvOfhXdD2	MA_BANT_Pencil and Žarker 5	wav	2.33	CinePRO Sound Design	Essentials	
1XVaZd-IXRHo69Qqgtdg_8rzqat6bfQdB	MA_BANT_Pencil and Žarker 6	wav	1.67	CinePRO Sound Design	Essentials	
1FChe-GYSBRsnlAEX82-2Q7tz7aDUadRm	MA_BBRealSound_Push_Button_1	wav	1.53	CinePRO Sound Design	Essentials	
14baeiryvdSWMqk0NVr1vJtzZSjJCdUxZ	MA_BBRealSound_Push_Button_2	wav	1.38	CinePRO Sound Design	Essentials	
1Y5ziV2bh9tooD9zt-ccnPSURipb71xZ-	MA_BBRealSound_Push_Button_3	wav	1.27	CinePRO Sound Design	Essentials	
1IMufyO69MJ0j7V8L7HA4SjWdUKdA_Ufc	MA_BBRealSound_Push_Button_4	wav	1.26	CinePRO Sound Design	Essentials	
10RTkXjXdl-TEyEqJIwOjMCV825BmBjDV	MA_BBRealSound_Push_Button_5	wav	1.21	CinePRO Sound Design	Essentials	
1ZBUrwoiTLo2Gxv2BYX24pVv2h8XHPcXC	MA_BBRealSound_Push_Button_6	wav	1.13	CinePRO Sound Design	Essentials	
14z38hrSnrLUWglAqvWXEXyraUbDEDuAr	MA_BBRealSound_Push_Button_7	wav	1.21	CinePRO Sound Design	Essentials	
1T6PgUxfWyphbZuEKWblOFENwfsYoOsdk	MA_Dauzkobza_EpicHeroHit_1	wav	6.75	CinePRO Sound Design	SFX	trailer
1vMD097CTrv-nfneA5XoPw5qH9I-E6968	MA_Dauzkobza_EpicHeroHit_2	wav	9.5	CinePRO Sound Design	SFX	trailer
1OfF_bEF2AKkTQsuZs5I5kttz5oDAAuE-	MA_Dauzkobza_EpicHeroHit_3	wav	8	CinePRO Sound Design	SFX	trailer
1akhyXOU8kYy2jFUVsST21FfDB0Z95CrZ	MA_Dauzkobza_EpicHeroHit_4	wav	7.25	CinePRO Sound Design	SFX	trailer
1dAhFee34SG9_7Vk-oAOdYkCcYVZlZWhI	MA_Dauzkobza_EpicHeroHit_5	wav	5.5	CinePRO Sound Design	SFX	trailer
1p7vU9xJRb9kNrdfBAPxkqRi2YARMEgV4	MA_Dauzkobza_EpicHeroHit_6	wav	6	CinePRO Sound Design	SFX	trailer
1t4LySa32UMy1SYrQBj8VBiIefKRP9NqE	MA_GarnaVutka_Idea_01	mp3	3.11	CinePRO Sound Design	Essentials	
1BFwpnhFdV81a0x7tdbjHCRkcaV8obyV4	MA_GarnaVutka_Idea_01	wav	3.07	CinePRO Sound Design	Essentials	
1glQ3LB55R67oOUcYC7xkLJEiuF8L9oOt	MA_GarnaVutka_Idea_02	mp3	1.96	CinePRO Sound Design	Essentials	
12x_Vbwn3a2q-kFHPGgPn23mMgZ4VOI76	MA_GarnaVutka_Idea_02	wav	1.92	CinePRO Sound Design	Essentials	
1WjZF-d1DcvuNbWYXskdFRGiyjIKUF9Kl	MA_GarnaVutka_Idea_03	mp3	2.93	CinePRO Sound Design	Essentials	
1VrtvYu9jSDufQZB9-DTIm9hE8VjRHcvm	MA_GarnaVutka_Idea_03	wav	2.87	CinePRO Sound Design	Essentials	
1ioK0GINHgiNLdVNucM_wAGOM9CTUcjdH	MA_GarnaVutka_Idea_04	mp3	2.35	CinePRO Sound Design	Essentials	
1nduJ6nFmgFLtrxl4UrG3U26ttLloxy5u	MA_GarnaVutka_Idea_04	wav	2.3	CinePRO Sound Design	Essentials	
1SHrFiw7z4jJNoqvEYIfcwybUhNkFHFbW	MA_GarnaVutka_Idea_05	mp3	2.35	CinePRO Sound Design	Essentials	
1hTuaKdFA1VfZ1dhrwvTVdXDGPVzkpx3Y	MA_GarnaVutka_Idea_05	wav	2.3	CinePRO Sound Design	Essentials	
1KFZSqjk2BottLcMNTWkPZizdT3JHDO8h	MA_GarnaVutka_Idea_06	mp3	2.35	CinePRO Sound Design	Essentials	
1oB9nZcI939tpcKV6WINFksiOKZItwRZe	MA_GarnaVutka_Idea_06	wav	2.3	CinePRO Sound Design	Essentials	
1lIVu6yw-DirWEvxBeGHe1omDFE2glysP	MA_GarnaVutka_Idea_07	mp3	2.17	CinePRO Sound Design	Essentials	
1WT-z0VgNhxST-4Jo-I-zWy2I1XQ2Vw7v	MA_GarnaVutka_Idea_07	wav	2.11	CinePRO Sound Design	Essentials	
1jLMRvhDEPU27Iyp-eymFxlajh0NNwxEe	MA_GarnaVutka_Modern_Deep_Transitions_01	wav	5.5	CinePRO Sound Design	SFX	vlog,corporativo
1XWTfI376QTxJ7-wrEPoMdZhs6In8kD2G	MA_GarnaVutka_Modern_Deep_Transitions_02	wav	5	CinePRO Sound Design	SFX	vlog,corporativo
1O4_FvexCN1Suu6hnxOmzFF30jNejwUIC	MA_GarnaVutka_Modern_Deep_Transitions_03	wav	4.25	CinePRO Sound Design	SFX	vlog,corporativo
117pnpVZm26S1qhYwqDqHNFyVXdJs4Wv3	MA_GarnaVutka_Modern_Deep_Transitions_04	wav	6.5	CinePRO Sound Design	SFX	vlog,corporativo
144qfSyXtTIff44wuzOv5hp4T5hpuTbne	MA_GarnaVutka_Modern_Deep_Transitions_05	wav	6	CinePRO Sound Design	SFX	vlog,corporativo
19mZEY6160aQtmGPn2GYg_Z5M4psaZsYo	MA_GarnaVutka_Modern_Deep_Transitions_06	wav	5.5	CinePRO Sound Design	SFX	vlog,corporativo
1Ubg67Y7YpBzeyb5-4iiX62ddmgbQnioX	MA_GarnaVutka_Modern_Deep_Transitions_07	wav	8.5	CinePRO Sound Design	SFX	vlog,corporativo
1qPOrGMRpgr6eph9k1hSIegpsvXxOopQu	MA_GarnaVutka_Modern_Deep_Transitions_08	wav	7	CinePRO Sound Design	SFX	vlog,corporativo
1TJ6-ckXHYkF7qicpJRXKnFN1C--NwqjJ	MA_GarnaVutka_Modern_Deep_Transitions_09	wav	5.5	CinePRO Sound Design	SFX	vlog,corporativo
1VOnOyy5Ndc5d_munSe_dwNsoPz_tdzrC	MA_GarnaVutka_Modern_Deep_Transitions_10	wav	5	CinePRO Sound Design	SFX	vlog,corporativo
1_bTTM6IlNWV_WipTyf-Hc3aaKkIX1RCm	MA_MikalaiSenkin_CinematicPercussionTransitions_01	wav	9.16	CinePRO Sound Design	SFX	
18H15uHDNuEdEShd8FcccvT1t7Y1bCS6B	MA_MikalaiSenkin_CinematicPercussionTransitions_02	wav	5.09	CinePRO Sound Design	SFX	
19jls1qPJpeGskGZLYicI4iC8kF90h-Bm	MA_MikalaiSenkin_CinematicPercussionTransitions_03	wav	7.25	CinePRO Sound Design	SFX	
1ZvvAcA70tSByWZHt0ag85K6GOmVpVU5-	MA_MikalaiSenkin_CinematicPercussionTransitions_04	wav	7.92	CinePRO Sound Design	SFX	
1iraGqqN10B_O5PKrUmwtZWeppiV3xV_d	MA_MikalaiSenkin_CinematicPercussionTransitions_05	wav	10.64	CinePRO Sound Design	SFX	
1T-g4l0ex88L2YkHDjjKlaOFeyZfSXNAz	MA_MikalaiSenkin_CinematicPercussionTransitions_06	wav	9.28	CinePRO Sound Design	SFX	
1RiZI6tFllZ4K9Swz75zyqPY0YbgTsS5C	MA_MikalaiSenkin_CinematicPercussionTransitions_07	wav	7.46	CinePRO Sound Design	SFX	
1MJnl4MrZcANloU75Og9nbyJCPCgqis_v	MA_MikalaiSenkin_CinematicPercussionTransitions_08	wav	6.13	CinePRO Sound Design	SFX	
1sY7kSyjmjr0fOvwYnpVuEbUEZximGRZu	MA_MikalaiSenkin_CinematicPercussionTransitions_09	wav	6.8	CinePRO Sound Design	SFX	
1zmZhnG-4bsXghRH5ODBvj0fQuGv4l5-W	MA_MikalaiSenkin_CinematicPercussionTransitions_10	wav	10.43	CinePRO Sound Design	SFX	
1_6gLIH9D3NrdyFJ96MhXjxwVAK_m3d8-	MA_NDFY_Blitzkrieg	wav	139	CinePRO Sound Design	PLAYLIST	
1ep_h0MoXgpULDHs_fSgfXFICQA6Ceypk	MA_Negativist_StrongRumblingBooms_1	wav	6.66	CinePRO Sound Design	SFX	gaming
1iGnyqZxZAyLv_c0AMp5_75zcAr_ejWvJ	MA_Negativist_StrongRumblingBooms_2	wav	7.84	CinePRO Sound Design	SFX	gaming
1IZ_c6gm3nz4ykDmUoCS0ZNwcgxf3SrkO	MA_Negativist_StrongRumblingBooms_3	wav	7.06	CinePRO Sound Design	SFX	gaming
1Qgh3ebyGTMAR3hIDI_Agpdn2fb9XT33w	MA_Negativist_StrongRumblingBooms_4	wav	9.21	CinePRO Sound Design	SFX	gaming
1iuKDRFkNXalSzAu1H333zqKbVDpljlcM	MA_Negativist_StrongRumblingBooms_5	wav	9.6	CinePRO Sound Design	SFX	gaming
1SfxeGQDylDdaZsQja8ENegA4e3CDHanD	MA_Originals_BigDramaticWhooshes_1	wav	5.51	CinePRO Sound Design	SFX	
1Iru4CeZPd4qxtgFUvISo9OHQX6rJWzZA	MA_Originals_BigDramaticWhooshes_2	wav	3.17	CinePRO Sound Design	SFX	
194BoedOujqpMbOuWE6nAHjkHxk6GUCZd	MA_Originals_BigDramaticWhooshes_3	wav	2.89	CinePRO Sound Design	SFX	
1nl9Qo7V7iEkWSc2yAKJgMfBZPG3_-wSc	MA_Originals_BigDramaticWhooshes_4	wav	3.33	CinePRO Sound Design	SFX	
1jWrX8u_ilGpngQ-6jiPEaCl21xHDlQR9	MA_Originals_BigDramaticWhooshes_5	wav	3.31	CinePRO Sound Design	SFX	
1mfdGNGZOZqnWDhoQtSxLf8crDsgNAWY-	MA_Originals_BigDramaticWhooshes_6	wav	4.41	CinePRO Sound Design	SFX	
1HmpZNrsl19m6lYu1M23OnoegppBilKOP	MA_Originals_CinematicSwooshImpacts_Boom01	wav	3	CinePRO Sound Design	SFX	trailer,reels
17-YMcVAOosa8-cU4ZIiCLl7OAvCu3pW8	MA_Originals_CinematicSwooshImpacts_Boom02	wav	2.8	CinePRO Sound Design	SFX	trailer,reels
1S10tVM5vWuk9SvJqz0Wi0GoXHb5Z-7DI	MA_Originals_CinematicSwooshImpacts_Boom03	wav	3	CinePRO Sound Design	SFX	trailer,reels
1dM32gQyFN9BEn0TltuZQJFlms_x2zYMs	MA_Originals_CinematicSwooshImpacts_Swoosh_Long	wav	5.48	CinePRO Sound Design	SFX	trailer,reels
18IeT__tPSE4MsIBs_hgoJNkJGYRg1y9v	MA_Originals_CinematicSwooshImpacts_Swoosh_Long02	wav	7.57	CinePRO Sound Design	SFX	trailer,reels
1ZyURHM-pNylNnGH34C8yGbyOjmDa_BDQ	MA_Originals_CinematicSwooshImpacts_Swoosh_Long03	wav	5.39	CinePRO Sound Design	SFX	trailer,reels
1l89Ucj1x2mPCiRrX1NGJtUtUu9HGw_uB	MA_Originals_CinematicSwooshImpacts_Swoosh_Short	wav	5.67	CinePRO Sound Design	SFX	reels
1jIWoMFjq_1Lx_6KFRa4tKh8buKMg0lzK	MA_Originals_CinematicSwooshImpacts_SwooshShort02	wav	6.87	CinePRO Sound Design	SFX	trailer,reels
18X3-GQd6uA4tQkC8emplFDyDHrE9zXgW	MA_Originals_CinematicSwooshImpacts_SwooshShort03	wav	5.65	CinePRO Sound Design	SFX	trailer,reels
1AhUJJM9CBXXAD-KBsFSJ4bfJW0wAFHwx	MA_OriginalSound_InfographicIdeas_1	wav	2	CinePRO Sound Design	SFX	
1ivffx0MbfDzN3p8fL_IR427mJ_Qy_6CI	MA_OriginalSound_InfographicIdeas_2	wav	2	CinePRO Sound Design	SFX	
1AW6r2JyYOx6NTeMo8QeEdXJK5YndYda-	MA_OriginalSound_InfographicIdeas_3	wav	2	CinePRO Sound Design	SFX	
1zwUiP-xo4MbDWUrITxhTOl33Xt_gxjwV	MA_OriginalSound_InfographicIdeas_4	wav	2	CinePRO Sound Design	SFX	
1RKm6vqsm0RiFmMaSgyswWa0S98YpDKSs	MA_OriginalSound_InfographicIdeas_5	wav	2	CinePRO Sound Design	SFX	
1tyazXQp7FnFa5CmCPL21Q68YkRf-kfWx	MA_SoundCreator_Bell_1_Single	wav	2.28	CinePRO Sound Design	Essentials	
1QvPLOJGqSnNPyydbsckvihT0k3jUAbMG	MA_SoundCreator_Bell_2_Single	wav	2.18	CinePRO Sound Design	Essentials	
1pHMSnLgE4lETD1CBW04ZdVa0RkVQbmAQ	MA_SoundCreator_Bell_3_Double	wav	2.63	CinePRO Sound Design	Essentials	
1RxKwl12vLJAQmUvK4dc8FtGa7zHI97ib	MA_SoundCreator_Bell_4_Double	wav	2.34	CinePRO Sound Design	Essentials	
1uT-zjw8RKhM3FjdBMx6jjPUNVy8liEfn	MA_SoundCreator_Boom_Sound_1	wav	7.96	CinePRO Sound Design	SFX	gaming
1D_LnCxQdgwxWt_uj5Is1o85-safpnFF1	MA_SoundCreator_Boom_Sound_2	wav	7.47	CinePRO Sound Design	SFX	gaming
1wvyy5h3_Ly4yE5Ng4WljB3AXoXQlHNmR	MA_SoundCreator_Boom_Sound_3	wav	7.49	CinePRO Sound Design	SFX	gaming
1QZyYHQfYTQ7JrrqfENgPSdEib6wyG9UH	MA_SoundCreator_Boom_Sound_4	wav	8.27	CinePRO Sound Design	SFX	gaming
1xElw34C2ciBw5_47SEoqPZ8loJ_z-A1K	MA_SoundCreator_Light_Switch_Click_1	wav	0.79	CinePRO Sound Design	Essentials	
1d1dFwHa1H6Y00V_rc99soD_WwmR2xg1U	MA_SoundCreator_Light_Switch_Click_2	wav	0.68	CinePRO Sound Design	Essentials	
1So2M86XSKgCDPm3fc3srd0GhrK54gDjS	MA_SoundCreator_Light_Switch_Click_3	wav	0.73	CinePRO Sound Design	Essentials	
1dx6znMuEZHmmW6qF0HxYeybtkLr5L--j	MA_SoundCreator_Light_Switch_Click_4	wav	0.7	CinePRO Sound Design	Essentials	
1QNUhUKa0b1s1t_v2jf_g-cTWyJ38ctmI	MA_SoundCreator_Pen_Clicks_1	wav	0.42	CinePRO Sound Design	Essentials	
1b1GmdFi4vCtDYrOr-PDfmqYIGiiJquWv	MA_SoundCreator_Pen_Clicks_2	wav	0.47	CinePRO Sound Design	Essentials	
1ZHDgnfkQ3aJClRQaK0TydsSjA3ZnxfeF	MA_SoundCreator_Pen_Clicks_3	wav	0.43	CinePRO Sound Design	Essentials	
1x4ukDQ5zyCUtILvvc4vfVJNRuQXfHX0q	MA_SoundCreator_Pen_Clicks_4	wav	0.34	CinePRO Sound Design	Essentials	
1juZOMjJYKSwqVLuiMcnGcxiB6_cWBv-g	MA_SoundCreator_Pen_Clicks_5	wav	0.8	CinePRO Sound Design	Essentials	
1vs1q8CVZqXPrpo3-5iEwQL5YC4Nm9l72	MA_SoundCreator_Pen_Clicks_6	wav	0.82	CinePRO Sound Design	Essentials	
1RWAFjK-Kh47y-rsxfcy49ypmVuuIgYUJ	MA_SoundCreator_Pen_Clicks_7	wav	0.58	CinePRO Sound Design	Essentials	
1BNvi12AEYLFLm6t9Dk84fQnlSifiCgWl	MA_SoundCreator_Pen_Clicks_8	wav	0.59	CinePRO Sound Design	Essentials	
1sK9ZWP-FirUDOZge52Y1cRI5ustqTKFu	MA_SoundCreator_Writing_In_Pencil_1	wav	6.25	CinePRO Sound Design	SFX	tutorial
1aJ0vfi4EPNnnmniy6osFWbdWZ6Iw1WMa	MA_SoundCreator_Writing_In_Pencil_2	wav	5.69	CinePRO Sound Design	SFX	tutorial
1m5pBxPKeln2yvzI2DEnXfr_bTgVc9UmD	MA_SoundCreator_Writing_In_Pencil_3	wav	6.85	CinePRO Sound Design	SFX	tutorial
1qA_MYzotJZdXZiSRE-yguqO_yfgYFX_5	MA_Soundside_Masterpiece	wav	70.15	CinePRO Sound Design	PLAYLIST	
1rdO_s-evr88-SH9YItr8HtW6ZFgM_XAI	MA_Soundside_Masterpiece_short	wav	35.08	CinePRO Sound Design	PLAYLIST	
1g4Z89M-Uyn9BNAY_aBAJhOI2ud1jeTfK	MA_Soundside_Monster Paganini_Full_Version	wav	43.71	CinePRO Sound Design	PLAYLIST	
1ESEfzJNOtxrOhh5mv02RO-fgAuOGJGQl	MA_Soundside_Monster Paganini_Short_Version	wav	24	CinePRO Sound Design	PLAYLIST	
1o5UAoDphXGWesA5x8iFBVnlO0QAXnvPG	MA_Tuttkile_ChaChingCashRegister_1	wav	2.98	CinePRO Sound Design	Essentials	
1vjTxbmaodPICiAkaiDDupUFr1G0ATyA7	MA_Tuttkile_ChaChingCashRegister_2	wav	2.98	CinePRO Sound Design	Essentials	
1_ahDgGgirCzgIEBablxOYDd0URR7jYdI	MA_Tuttkile_ChaChingCashRegister_3	wav	2.56	CinePRO Sound Design	Essentials	
1sRoM1N7W23K3HIJJ7Yzub3u1NBVwoLry	MA_Tuttkile_LightningStrikeImpact_1	wav	4.54	CinePRO Sound Design	SFX	
1l7tCZa_w-nO5hRWfqwkGB4rv6exudF5q	MA_Tuttkile_LightningStrikeImpact_2	wav	6.98	CinePRO Sound Design	SFX	
1IRV-17BKVlgZ-tUeE7xK1rAz2eTeMZTT	MA_Tuttkile_LightningStrikeImpact_3	wav	5.89	CinePRO Sound Design	SFX	
14mye9Uw9gA6TveAH9-H6JrxZhoni1Xgg	MA_VroomVroom_KeyboardTypingSequences_1	wav	42.67	CinePRO Sound Design	SFX	tutorial
1QYrf3c5l_NqugeWNuATbNe6b4Obg_C9h	MA_VroomVroom_KeyboardTypingSequences_2	wav	45.03	CinePRO Sound Design	SFX	tutorial
1iILWTzqnsPDL1Bf7i-kHAZyvyE42sL09	MA_VroomVroom_KeyboardTypingSequences_3	wav	51.94	CinePRO Sound Design	SFX	tutorial
1DiUWe0N9EXdDVHwitPBfcEtuMDHA7pTY	Major Level of Concern	wav	15.36	CinePRO Sound Design	Essentials	
1a9MazpYM1Wkm_cYrhy8xfGOtaPARPfNL	MANTÉM O PIQUE em DRILL	mp3	157.15	CinePRO Sound Design	PLAYLIST	
1itF0hEjfvRh-rWswYuw1-Ju7Hbekfzfk	Marco Martini - Nothing Makes Sense	mp3	182.49	CinePRO Sound Design	PLAYLIST	
1eBx-KGORYn5QpDwt8-IR9uT9kvJiP825	Marco Martini - Theater Magnus	mp3	202.79	CinePRO Sound Design	PLAYLIST	
1eZtC6bjFgAsWGK4zO7-xAbD1TvWVuoil	Marco Martini - Theory of Lost Memories	mp3	238.81	CinePRO Sound Design	PLAYLIST	
1PPxTnpjbRzPgMIAA2HXLmPD0TVCRDelj	marimba_notification_1	wav	0.88	CinePRO Sound Design	Essentials	
1KW9UYRi_cEVEnpv8bbOpSuVQlUweBRE7	marimba_notification_2	wav	1.02	CinePRO Sound Design	Essentials	
1OO76_XcX1Jj5PVwROM3kn05yBKMq7pR3	marimba_notification_3	wav	0.83	CinePRO Sound Design	Essentials	
170i8S9QnDK855jZkZlEL55sQP6CXMWjM	marimba_notification_4	wav	0.88	CinePRO Sound Design	Essentials	
1NZQCF3XDrnC_tiPotyCZtTaDtwmMUgt2	marker_1	wav	2.34	CinePRO Sound Design	Essentials	
1vqXz47d8Wxp1LMGAuqkOFGphrtn1e-fS	marker_2	wav	2.86	CinePRO Sound Design	Essentials	
1ZFvtaEnddTqsivIt_Ea8D9OcX5VWRuk4	marker_3	wav	2.94	CinePRO Sound Design	Essentials	
1B3qtU6vZ8c8PChM30mmjGcCJkQBA8aOz	Maroon 5 ft. Future - Cold (versâo viral)	mp3	234.19	CinePRO Sound Design	PLAYLIST	
1jcgk1TNYW5ecKNB8fbIOWI6q1agzus-N	Matt Stewart-Evans - Like Clockwork	mp3	130.35	CinePRO Sound Design	PLAYLIST	
1faH4M-Q_KmOUqwTOm2E4Q6JTO-0F7eOo	Matthias Förster - Promised Land	mp3	117.29	CinePRO Sound Design	PLAYLIST	
1gBYHlhZrx7-uFLdWzlpewtm12c2gOYRN	Matuê - Máquina do Tempo 𝘴𝘭𝘰𝘸𝘦𝘥 𝘦𝘥𝘪𝘵	mp3	269.3	CinePRO Sound Design	PLAYLIST	
1NaZp6VasynTiuAfQhoMGC_xcbkjS92-5	Mc Caverinha - o Preto mais caro ( speed up )	mp3	120.94	CinePRO Sound Design	PLAYLIST	
1-wNSGxqtFRtleR0HeymOeam5U4BZrjo2	MC Caverinha - Pantera (Prod. Cita e Kalfani)	mp3	148.13	CinePRO Sound Design	PLAYLIST	
1rtHI-lMiWNqKOQwmW_FxEymQ0GXW15nD	MC Meno K e MC Caverinha - Mãe Eu Prometo	mp3	142.01	CinePRO Sound Design	PLAYLIST	
1xnl-Iatcancusp9uNexMd5iuPj1vVzeo	MECHGear_SEQUENCE-Small Gears 01	wav	3.48	CinePRO Sound Library	Mechanica	
1UhVxAemOLoL89ZeUhDtBwB9jqOrxSnUT	MECHGear_SEQUENCE-Small Gears 02	wav	2.99	CinePRO Sound Library	Mechanica	
1wNpClp-JZdThIsRNLuP1SRwfn5-6xu4w	MECHGear_SEQUENCE-Small Gears 03	wav	2.95	CinePRO Sound Library	Mechanica	
1I8lXco6WoGT_5xanPhc1PeT_WCMXp_6u	MECHGear_SEQUENCE-Small Gears 04	wav	2.98	CinePRO Sound Library	Mechanica	
1oBjpfwM2wHQgneNdjubR2_xaPNPst6TM	MECHGear_SEQUENCE-Small Gears 05	wav	2.94	CinePRO Sound Library	Mechanica	
16ZLtKYqFQ97WHQUJlSeoEO5FuZLsJkQb	MECHGear_SEQUENCE-Small Gears 06	wav	2.88	CinePRO Sound Library	Mechanica	
1m-Sw0hU2MAQgLF6jaUxwkaHTFgVCMzeL	MECHGear_SEQUENCE-Small Gears 07	wav	2.75	CinePRO Sound Library	Mechanica	
1GjDt6ZVIyWIQA6iSWMhdpKuyhSdE9QYp	MECHGear_SEQUENCE-Small Gears 08	wav	2.63	CinePRO Sound Library	Mechanica	
14ZN6vrDXEbAv0EXmnrwoqd7Zx3vz4dJ4	MECHGear_SEQUENCE-Small Gears 09	wav	2.42	CinePRO Sound Library	Mechanica	
1TYJ5vCJl784UaTlxtnMDpppqv-W50m0A	MECHGear_SEQUENCE-Small Gears 10	wav	2.38	CinePRO Sound Library	Mechanica	
1q6L9TQTOro0-pkO-LAyvg0bHIiCO5sQs	MECHGear_SEQUENCE-Small Gears 11	wav	2.31	CinePRO Sound Library	Mechanica	
1akEwYU-CceLt6mhJ485VO1sdErY7zQb1	MECHGear_SEQUENCE-Small Gears 12	wav	2.31	CinePRO Sound Library	Mechanica	
1wGwLk2oo0G4hsZT2s2d8ECTW_XquN_va	MECHGear_SEQUENCE-Small Gears 13	wav	2.34	CinePRO Sound Library	Mechanica	
1C_DDhmQUuZFG_ysZwegAf7rpk7ljf5GW	MECHGear_SEQUENCE-Small Gears 14	wav	2.28	CinePRO Sound Library	Mechanica	
1JTiAofw5hw-i-Rnqv6qzY65hlRA58aca	MECHGear_SEQUENCE-Small Gears 15	wav	2.26	CinePRO Sound Library	Mechanica	
1y9z-ayo_mWa2YvNSWE48qpbs4kzpT4TB	MECHGear_SEQUENCE-Small Gears 16	wav	2.24	CinePRO Sound Library	Mechanica	
13X1bCj_mYb213htV-B_VPnXNObJQJ6u3	MECHGear_SEQUENCE-Small Gears 17	wav	2.25	CinePRO Sound Library	Mechanica	
1Do6X2Nwg_7Ng1CDWcmIeramMy35r0OBd	MECHGear_SEQUENCE-Small Gears 18	wav	2.21	CinePRO Sound Library	Mechanica	
1u3UHzZPl9gcfABhUIAbO9nSYpssriRBV	MECHGear_SEQUENCE-Small Gears 19	wav	2.18	CinePRO Sound Library	Mechanica	
1An2v1C0WA3B0y4e2CoyLw1cSddB1NeeD	MECHGear_SEQUENCE-Small Gears 20	wav	2.19	CinePRO Sound Library	Mechanica	
1wVoo1jqV0fKESy_d0g9T5KL67cSOW1Jw	MECHGear_SEQUENCE-Small Gears 21	wav	2.19	CinePRO Sound Library	Mechanica	
1Fcplh2IRidSQ90TYXeIreIW8XqY0MvS2	MECHGear_SEQUENCE-Small Gears 22	wav	2.17	CinePRO Sound Library	Mechanica	
18Av2atouJ1kY0Qyc9YMRws8_SQY8ZIW1	MECHGear_SEQUENCE-Small Gears 23	wav	1.91	CinePRO Sound Library	Mechanica	
1pfoGURPZ4KzmWjcGq6XoXbbuXwXgFOux	MECHGear_SEQUENCE-Small Gears 24	wav	1.93	CinePRO Sound Library	Mechanica	
12lsXZUIa0Ofo67qgrUhppbwZ5QR2JYR_	MECHGear_SEQUENCE-Small Gears 25	wav	2	CinePRO Sound Library	Mechanica	
19JqABj4c5Ziy1mxJlEhmF_263YJ-So_d	MECHGear_SEQUENCE-Small Gears 26	wav	1.97	CinePRO Sound Library	Mechanica	
1QcmteFtmx46UAq1N3qqKoxhT2wEeF_1a	MECHGear_SEQUENCE-Small Gears 27	wav	1.94	CinePRO Sound Library	Mechanica	
1RkAFEJ9cFEqM7LmfFimZmXbDIDE9NfcA	MECHGear_SEQUENCE-Small Gears 28	wav	1.86	CinePRO Sound Library	Mechanica	
1Isy2C-6Qb3Ls4KUWZ-qLs2Ln4VkTBGEU	MECHGear_SEQUENCE-Small Gears 29	wav	1.9	CinePRO Sound Library	Mechanica	
1sCaxYRC3FFS5gEBt86vAkBVbXFZGPp7Q	MECHGear_SEQUENCE-Small Gears 30	wav	1.84	CinePRO Sound Library	Mechanica	
154cg6_Gt3_XMeTOI934gCbGOKqBZAPH5	MECHGear_SEQUENCE-Small Gears 31	wav	1.84	CinePRO Sound Library	Mechanica	
1nTfXkDIVJwIGyUR6w2wBQktHDs3rEeUc	MECHGear_SEQUENCE-Small Gears 32	wav	1.78	CinePRO Sound Library	Mechanica	
1iywzVf_daaV3xyZKv0dReRwh2k8LdDqR	MECHGear_SEQUENCE-Small Gears 33	wav	1.77	CinePRO Sound Library	Mechanica	
1DROjaHlSNy-VSqV-yWiUl1oF4xSVSvx9	MECHGear_SEQUENCE-Small Gears 34	wav	1.82	CinePRO Sound Library	Mechanica	
1DUyJYFU_muQzfzMh_t1q56mO0hUIniQt	MECHGear_SEQUENCE-Small Gears 35	wav	1.71	CinePRO Sound Library	Mechanica	
1ikimMD9BWaQJijFD9vkh64aJGtssAJcB	MECHGear_SEQUENCE-Small Gears 36	wav	1.75	CinePRO Sound Library	Mechanica	
1buy2c4qjO4Mt1xzKSGieenp6QwF3k7rp	MECHGear_SEQUENCE-Small Gears 37	wav	1.75	CinePRO Sound Library	Mechanica	
1byh3Jv5jFmaHBQM3TTpo1BXGInt7qrMg	MECHGear_SEQUENCE-Small Gears 38	wav	1.77	CinePRO Sound Library	Mechanica	
1LWlkWv3ZOOuHuGyn9_XKiASh5FqhUuWo	MECHGear_SEQUENCE-Small Gears 39	wav	1.68	CinePRO Sound Library	Mechanica	
1EbSw5X18mMs5AHLt5mmiZst0rraFpEOj	MECHGear_SEQUENCE-Small Gears 40	wav	1.66	CinePRO Sound Library	Mechanica	
1A55eHY8Qx6p-z86o3p_xkOaQC-SrRWa2	MECHGear_SEQUENCE-Small Gears 41	wav	1.66	CinePRO Sound Library	Mechanica	
1KFyeBmRe-NCSINpVEdze53-6QDNivpiw	MECHGear_SEQUENCE-Small Gears 42	wav	1.66	CinePRO Sound Library	Mechanica	
1VNneGW0fuh7cT0x2NpfbvPOBpWFma5-R	MECHGear_SEQUENCE-Small Gears 43	wav	1.65	CinePRO Sound Library	Mechanica	
1tGmIALL6VxodCh_J8tOP6IHm2ETwjtRu	MECHGear_SEQUENCE-Small Gears 44	wav	1.63	CinePRO Sound Library	Mechanica	
1DsXWd9TbYhdRudhvdELVbq66lgSAItVN	MECHGear_SEQUENCE-Small Gears 45	wav	1.5	CinePRO Sound Library	Mechanica	
1vC62BnBitoFVqew5dbkCVPF2UQqzkN_1	MECHGear_SEQUENCE-Small Gears 46	wav	1.23	CinePRO Sound Library	Mechanica	
1z4wmJ9_dRbmAg5p3ktunAb1AM3qJxxUR	MECHGear_SEQUENCE-Small Gears 47	wav	1.17	CinePRO Sound Library	Mechanica	
1Wqydpemb-Vr4U_gDaiB9numoOXkB67F4	MECHGear_SEQUENCE-Small Gears 48	wav	1.08	CinePRO Sound Library	Mechanica	
1G9S89EE2u7LRmECSKPmU-6QiJJgHlEh7	MECHGear_SEQUENCE-Small Gears 49	wav	0.98	CinePRO Sound Library	Mechanica	
1bvqEUrCXxzISfzOAj_v8Nc9VydfA8-EQ	MECHGear_SEQUENCE-Small Gears 50	wav	0.98	CinePRO Sound Library	Mechanica	
1oEVymlUxWfvvdHdUwVoToqnc_t0poEht	MECHGear_SINGULAR-Small Gears 01	wav	10.83	CinePRO Sound Library	Mechanica	
1fb9deLos-OLhthI5M6n7N67Oymrj1-3p	MECHGear_SINGULAR-Small Gears 02	wav	7.98	CinePRO Sound Library	Mechanica	
1jSutczMLPntLeEY0VWlOjDGoVT9jie2C	MECHGear_SINGULAR-Small Gears 03	wav	6.89	CinePRO Sound Library	Mechanica	
1yvEC1IGcZ5AhMbA4yMI8JUt6mMxEJSD2	MECHGear_SINGULAR-Small Gears 04	wav	6.19	CinePRO Sound Library	Mechanica	
1QTXcwOwKKHicCrXelOUD66P3-GGl-kKA	MECHGear_SINGULAR-Small Gears 05	wav	5.26	CinePRO Sound Library	Mechanica	
1bNlNQLmW8sdpEscsYiNX-nR5qKDDGrK_	MECHGear_SINGULAR-Small Gears 06	wav	4.66	CinePRO Sound Library	Mechanica	
1MJMA-V-5meU1F0jaWIn0UWsqoZZwvQZ9	MECHGear_SINGULAR-Small Gears 07	wav	4.65	CinePRO Sound Library	Mechanica	
1XOCIqfS2hviwtg3C8AH5MRHBgE7tQVn2	MECHGear_SINGULAR-Small Gears 08	wav	3.9	CinePRO Sound Library	Mechanica	
1VpBSeNpmmPFadNizHPR1xKIL-Ce8zqtH	MECHGear_SINGULAR-Small Gears 09	wav	3.69	CinePRO Sound Library	Mechanica	
11QzRIHI-MicPp5gQhGxwRfDrVHvxO8dM	MECHGear_SINGULAR-Small Gears 10	wav	1.86	CinePRO Sound Library	Mechanica	
1TjDfFHyBByKyhRyBOZ7Rq6cGlLTQzZm5	MECHGear_SINGULAR-Small Gears 11	wav	1.65	CinePRO Sound Library	Mechanica	
14T43GQWn9aunhQlvNP764gHhU7rAm0n1	MECHGear_SINGULAR-Small Gears 12	wav	1.5	CinePRO Sound Library	Mechanica	
1Cn2tO5w0O_HtOEPCfm7aOh0vAhJgFyFe	MECHGear_SINGULAR-Small Gears 13	wav	1.34	CinePRO Sound Library	Mechanica	
19BAIpsIcGSOQKbFdJFwgmVtgtDbwhzPf	MECHGear_SINGULAR-Small Gears 14	wav	1.31	CinePRO Sound Library	Mechanica	
1PS6kj5fDy4F36kKJ98JtWNKTrsdnSUci	MECHGear_SINGULAR-Small Gears 15	wav	1.26	CinePRO Sound Library	Mechanica	
1aTcd7EClaZB7W0QB7Y4AQ2jnWXk2gwMy	MECHGear_SINGULAR-Small Gears 16	wav	0.99	CinePRO Sound Library	Mechanica	
1DCR61AcR2BhqLcw69iApIrogUR_E-NTi	MECHGear_SINGULAR-Small Gears 17	wav	0.92	CinePRO Sound Library	Mechanica	
1UU0GTXvkakwaVabEAXTNmMu7ssZfSejT	MECHGear_SINGULAR-Small Gears 18	wav	0.75	CinePRO Sound Library	Mechanica	
1ko5Rqp2TbWTI2GwFG9I8aaqmyTfyzPhI	MECHGear_SINGULAR-Small Gears 19	wav	0.73	CinePRO Sound Library	Mechanica	
138TfreZABa_NsA5hnsGqXoXX1vouNzAr	MECHGear_SINGULAR-Small Gears 20	wav	0.54	CinePRO Sound Library	Mechanica	
1RXSa4VZyM3til7-oA6GbngHNpUUea2Zq	MECHGear_SINGULAR-Small Gears 21	wav	0.54	CinePRO Sound Library	Mechanica	
1YFcfZ8ZrGnn8GRIXd7SwE_rHhwTKKblf	MECHGear_SINGULAR-Small Gears 22	wav	0.54	CinePRO Sound Library	Mechanica	
1itYlyS4xNHw20aYjD2M33xe01NYOYbb8	MECHGear_SINGULAR-Small Gears 23	wav	0.5	CinePRO Sound Library	Mechanica	
1ydAtS98hp0oXguceXMbvg2sEDSxd9Lk_	MECHGear_SINGULAR-Small Gears 24	wav	0.46	CinePRO Sound Library	Mechanica	
1bNSM5_xONwxohRdjv3S6GY8BRJDB4wHY	MECHGear_SINGULAR-Small Gears 25	wav	0.44	CinePRO Sound Library	Mechanica	
1s1kISdqG4_aE-Vf9SRAG5gKpnchy9Njc	MECHGear_SINGULAR-Small Gears 26	wav	0.46	CinePRO Sound Library	Mechanica	
14Dk0HPzRqSn20TyrhNAr_SbihDJc8jAV	MECHGear_SINGULAR-Small Gears 27	wav	0.47	CinePRO Sound Library	Mechanica	
1PFTTETDzR8P7TewPBeEOFjMXud6YdMM6	MECHGear_SINGULAR-Small Gears 28	wav	0.44	CinePRO Sound Library	Mechanica	
166dCZ0WTTH1ZVBJmrMjleU_grJa3SX6Q	MECHGear_SINGULAR-Small Gears 29	wav	0.42	CinePRO Sound Library	Mechanica	
1drSK4ZprY20Ss3Wispc8mwdltzshmF-L	MECHGear_SINGULAR-Small Gears 30	wav	0.4	CinePRO Sound Library	Mechanica	
1kUnbtKYI-C-gs5x3Tnk9bmuZndkuxSaj	MECHGear_SINGULAR-Small Gears 31	wav	0.41	CinePRO Sound Library	Mechanica	
1yaqQ8IDWNQAxKnIsfUJ1ZZfFVWOCWC9K	MECHGear_SINGULAR-Small Gears 32	wav	0.35	CinePRO Sound Library	Mechanica	
1Dw3A5PxFe6Zgs9zUkHnKlXUBQWsLzKut	MECHGear_SINGULAR-Small Gears 33	wav	0.34	CinePRO Sound Library	Mechanica	
1u9fcDtQ-OzMHCqquYFVigsvgx5LC1_UM	MECHGear_SINGULAR-Small Gears 34	wav	0.25	CinePRO Sound Library	Mechanica	
1e7Ss-Yv5UjtwtKJmyCXZzf-ogUqQd9SA	medium_whoosh_1	wav	2.19	CinePRO Sound Design	Essentials	
1hH9tsWdBx1I4MXe2vVqrjY72bEpj11vH	medium_whoosh_2	wav	2.19	CinePRO Sound Design	Essentials	
1Z88-7PG93chwxi6DWGQCUmeMMmfNtL7Z	medium_whoosh_3	wav	2.19	CinePRO Sound Design	Essentials	
1n-1u9v6sZe6MvrBoR1hobfMFMzHhJYwo	medium_whoosh_4	wav	1.74	CinePRO Sound Design	Essentials	
1pzWQhg6BX9Vpu4J0-W6UlYmfnMXH7Nkd	medium_whoosh_5	wav	1.74	CinePRO Sound Design	Essentials	
1h_5U5X1FOeijGZu2FD9MKwYsiRVvPl_H	medium_whoosh_6	wav	2.1	CinePRO Sound Design	Essentials	
1n7vBdUpIa8dezng0LZ2D2K-bCljaKLwR	medium_whoosh_7	wav	1.85	CinePRO Sound Design	Essentials	
15YhAQTpGfDnbcYajSTUHbLedNBUIpN1s	medium_whoosh_8	wav	1.85	CinePRO Sound Design	Essentials	
185C8ZEe2piWvTWaJF1ylv_T7jZDQ6ouF	medium_whoosh_chimes_1	wav	2.65	CinePRO Sound Design	Essentials	
1We-bfgM4xytL-7PM8zpNaU6aXwHBtuZf	medium_whoosh_chimes_2	wav	2.47	CinePRO Sound Design	Essentials	
1U-tnaz2-3yvrdm-NrDsBqys25GDbCA4n	medium_whoosh_chimes_3	wav	2.14	CinePRO Sound Design	Essentials	
1NWfYLxYhp6LQK6txncxzwioWvJ1-rRLm	medium_whoosh_chimes_4	wav	2.04	CinePRO Sound Design	Essentials	
1EkPq9icH6HpARarSdz-CFq3JiED__hqL	medium_whoosh_chimes_5	wav	2.12	CinePRO Sound Design	Essentials	
1A2biSddq4mL0EXEOzAG9GU8vgg0x4JE7	medium_whoosh_chimes_6	wav	2.23	CinePRO Sound Design	Essentials	
1_ITbFMKY3dbw4qoBes06yjU9K1YAhwTI	medium_whoosh_chimes_7	wav	2.08	CinePRO Sound Design	Essentials	
1QVEi-8IeoheIx7FZErCgnair6SgDOFvF	medium_whoosh_chimes_8	wav	2.17	CinePRO Sound Design	Essentials	
1sm5lDAYymXXC9t0oVU68C2lHie6Azm9I	medium_whoosh_design_1	wav	1.56	CinePRO Sound Design	Essentials	
1qoGgfdIxn5iAkX3rrZOdUWe3h-1e9oli	medium_whoosh_design_2	wav	1.39	CinePRO Sound Design	Essentials	
1pHIEv02vb7dPyAe7o7Z-50nLAXH3AN33	medium_whoosh_design_3	wav	0.94	CinePRO Sound Design	Essentials	
16rL-E2FrM44hprgmI7Pq674ILEzD-4mt	medium_whoosh_design_4	wav	1.56	CinePRO Sound Design	Essentials	
1XwgpeRjIUOTp_wWA2Rk6UKa_8VVuZPf2	medium_whoosh_design_5	wav	1.61	CinePRO Sound Design	Essentials	
1_GNpLIssTaW4jgUOAiGYpliMeY7zG4Xv	medium_whoosh_design_6	wav	2.5	CinePRO Sound Design	Essentials	
1xZTHJnPkJS1rbFKF0PQguFIZMfV3YkBU	medium_whoosh_design_7	wav	1.23	CinePRO Sound Design	Essentials	
1Hcln_UV38uAlX64JD9DcxsEIJ3IiC8eR	medium_whoosh_sci-fi_1	wav	5.22	CinePRO Sound Design	Essentials	
1aH6KRMnR6dp8Ys38IftZqMclwdZKdAkS	Meghan Trainor - NO (Tradução)	mp3	252.03	CinePRO Sound Design	PLAYLIST	
15L4zd8ssmEmU6-Nu24F5cGiYdYpWvScE	Memory	wav	134.03	CinePRO Sound Design	PLAYLIST	
10BuKaqC2wr2k2L6tAPYl9pQf38-41Rfc	Meno Felps - (conteudos falados + entrevistas engracadas)	mp3	158.21	CinePRO Sound Design	PLAYLIST	
15wyJbnTGEp-QtqzJPmqVLxBNeeMOTb_q	Midnight City x The Hills x Where Have You Been - The Weeknd x Rihanna x Nitti Gritti (Netgate Edit)	mp3	237.14	CinePRO Sound Design	PLAYLIST	
1Fi-D4nvRWpY-LVabX1wgL9eMShqipEcf	Might Be Ok	wav	16	CinePRO Sound Design	Essentials	
1c8RVOxTA9RbdulH0JSsvTWeLUHiwmwN4	Million Wood Elements - Long	mp3	3.05	CinePRO Sound Design	Essentials	
1563puAKLFTmPpNvmgwi6wiC9ttse99do	Million Wood Elements - Medium	mp3	2.07	CinePRO Sound Design	Essentials	
1SZ2IXdsKgC7FF95v8em94s1l-oOtmOSM	MiniRiser_Hit	wav	8.73	CinePRO Sound Design	SFX	trailer,reels
1WaGM1IVIJDLU_0adxlDNXLkxLvDgDa85	Mission - Pick Your Poison - Instrumental Version	mp3	133.59	CinePRO Sound Design	PLAYLIST	
1B3leUXfvBPko9OPocMA-KAysraauNzCO	Mist Echo	mp3	357.84	CinePRO Sound Design	PLAYLIST	
1TG6BPXWoQ41BqqOe0Vh5dS3ghP1Pii19	Mist Resolve	wav	34	CinePRO Sound Design	Essentials	
1fkT-dK601wDMw-NZsvs1yC9QOPyjnLWj	Mist Synth	wav	24	CinePRO Sound Design	Essentials	
1RuO2TjrORR_endSRDcqB4bDdgh7Xs-nU	Mixed_03	wav	8.23	CinePRO Sound Design	SFX	
18tf7FazEq8Yf1e7qjo_8_cko1t-GOm0r	mixkit-cinematic-transition-swoosh-heartbeat-trailer-488	wav	8.11	CinePRO Sound Design	SFX	
1ID-OiVpgKqr6ko5DE1tSSKfsiBvbCjTX	Moment Of Tranquility	wav	20.87	CinePRO Sound Design	Essentials	
1leRkQX55EeLGdI5IHrRtaMaF2575bMHx	Montythehokage - OK OK - Instrumental Version	mp3	187.82	CinePRO Sound Design	PLAYLIST	
1ZsyuiOMQ9nnPkkMIijNMAGcYdG_cY-pQ	Moog Fall	wav	11.84	CinePRO Sound Design	Essentials	
14mjVhzcJHWDuwk51TuKlz8iAgXtl1XTh	Moog One	wav	9.23	CinePRO Sound Design	Essentials	
12Lc01U37FxvSAyagJDW_nFY2zNKLgwCe	Moog One	wav	19.62	CinePRO Sound Design	Essentials	
1nP6nCK-P-PjujQdmh-1FfDxfqg-WujOM	Moog Popcorn	wav	13.32	CinePRO Sound Design	Essentials	
1cIvj2ggZKwtthp5yBPGU6WzlELu9PApN	Moog Popcorn 2	wav	17.78	CinePRO Sound Design	Essentials	
1wBxBtI0kSAAXMCa-8Y3kpoAI0A2tD9rT	Moog Reverse	wav	9.81	CinePRO Sound Design	Essentials	
1MrBmZF3Y2_ZNcpyem-QymWlSXgItnO0o	Moonlight Sonata (1st Movement) - Beethoven Kadlubitski (Piano Cover)	mp3	371.57	CinePRO Sound Design	PLAYLIST	
1G2WMYiUZ3UnvLmDEHU4QvJRdBoGS0Jod	MorseCode	wav	15.72	CinePRO Sound Design	Essentials	
1LexRgq_4eCVn2p9yyyZVW__zGfV5uHX9	Motivate Workout 2.44	wav	164.56	CinePRO Sound Design	PLAYLIST	
1o4zZCZ05qKqMJX9mJzKBqTmS48Iud8U9	MOTRElec_STANDING DESK-Motor Servo Up And Down 01	wav	3.78	CinePRO Sound Library	Utility	
1v0MxloEw3ztgcs1BUD9VXtq--i_drbsx	MOTRElec_STANDING DESK-Motor Servo Up And Down 02	wav	1.55	CinePRO Sound Library	Utility	
1sgfOtFxpQIs9Aijsb1IAsqQrh-tCSIr1	MOTRElec_STANDING DESK-Motor Servo Up And Down 03	wav	3.86	CinePRO Sound Library	Utility	
1NqYB9Eluyq1u0vGcZE1vyt01vHg8aF_z	MOTRElec_STANDING DESK-Motor Servo Up And Down 04	wav	8.2	CinePRO Sound Library	Utility	
17mrWUDP9_60P65bXbRen0dncJh23_s8o	MOTRElec_STANDING DESK-Motor Servo Up And Down 05	wav	1.03	CinePRO Sound Library	Utility	
1htfEAV614TgNNZXeC0K-fwV6zvGNhZM1	MOTRElec_STANDING DESK-Motor Servo Up And Down 06	wav	0.85	CinePRO Sound Library	Utility	
1_VBCBka4ts-sFjnXUkqIq-flB65E7OSG	MOTRElec_STANDING DESK-Motor Servo Up And Down 07	wav	1.92	CinePRO Sound Library	Utility	
1KV2WHkYYmh55XOnvEtohKJ3ySecHG6ae	MOTRElec_STANDING DESK-Motor Servo Up And Down 08	wav	2.07	CinePRO Sound Library	Utility	
1Qe58VSp5zYcnZ3FBiIhRv77dck3Cv7Nr	MOTRElec_STANDING DESK-Motor Servo Up And Down 09	wav	5.14	CinePRO Sound Library	Utility	
1Ac8XZzL6NjOxzaLFt8sZLVXrudsSF9D3	MOTRElec_STANDING DESK-Motor Servo Up And Down 10	wav	1.29	CinePRO Sound Library	Utility	
1rOV7BYoEAqAN3x5GFohQwPs4OA7ptD9H	MOTRElec_STANDING DESK-Motor Servo Up And Down 11	wav	1.56	CinePRO Sound Library	Utility	
1ikI_X_CtuFp8bMrhat1PdiyZGjlWQZSg	MOTRElec_STANDING DESK-Motor Servo Up And Down 12	wav	1.14	CinePRO Sound Library	Utility	
1qrQvH8G2I_3yInKJpa6-3uLmkQOHvnN1	MOTRElec_STANDING DESK-Motor Servo Up And Down 13	wav	1.04	CinePRO Sound Library	Utility	
1FvbkaVf3ZpGW2uQdYyJVeK39JKaHRFJB	MOTRElec_STANDING DESK-Motor Servo Up And Down 14	wav	1.72	CinePRO Sound Library	Utility	
1QnuazCvxiTHKOgF_OeE_pn28cCppRhvL	MOTRElec_STANDING DESK-Motor Servo Up And Down 15	wav	1.56	CinePRO Sound Library	Utility	
101vf25LcgqkWdGBb-Zgtu2mYoTkokgeg	MOTRElec_STANDING DESK-Motor Servo Up And Down 16	wav	1.96	CinePRO Sound Library	Utility	
1MERs4VHLOppgN76ZUHXhUAcYIcK_MsVz	MOTRElec_STANDING DESK-Motor Servo Up And Down 17	wav	1.35	CinePRO Sound Library	Utility	
1_D63f0jDQBdnuTn4sn6iJ9fDAeylhukw	MOTRElec_STANDING DESK-Motor Servo Up And Down 18	wav	1.35	CinePRO Sound Library	Utility	
1pn9nPvVkTGQfa035Dzpu2ynOt6apNW28	MOTRElec_STANDING DESK-Motor Servo Up And Down 19	wav	1.12	CinePRO Sound Library	Utility	
1Jh0vWNzcvB6d4teUPMYGO9Y-tivZDh2S	MOTRElec_STANDING DESK-Motor Servo Up And Down 20	wav	1.13	CinePRO Sound Library	Utility	
1G_5ddKwA4nIjdj3y6fmkWr9KQQz2FuPi	MOTRElec_STANDING DESK-Motor Servo Up And Down 21	wav	1.27	CinePRO Sound Library	Utility	
10WIDnWqM2brfzkbaqbEjzeDpGP3STG7W	MOTRElec_STANDING DESK-Motor Servo Up And Down 22	wav	1.36	CinePRO Sound Library	Utility	
1f9qtHbY81YErCWfKu8DGON_b6IR-p26n	MOTRElec_STANDING DESK-Motor Servo Up And Down 23	wav	1.44	CinePRO Sound Library	Utility	
1kcIBBoc_EKlFvyJ6J69sNdDbgiyQGYNA	MOTRMisc_DESIGNED RACE SEQUENCE-Engine Stem 01 Marked	wav	3.55	CinePRO Sound Library	Velocity	
1iprLrXGjTsGxlNbJFg9jw_kTqVY-NhBj	MOTRMisc_DESIGNED RACE SEQUENCE-Engine Stem 01 Overdrive	wav	13	CinePRO Sound Library	Velocity	
12AuDK_QZxpUBVtZDqF3megM5onmzBrWR	MOTRMisc_DESIGNED RACE SEQUENCE-Engine Stem 02 Marked	wav	4.94	CinePRO Sound Library	Velocity	
17OTH1TZgjmGUzi-icD56KZVNRkZThlHj	MOTRMisc_DESIGNED RACE SEQUENCE-Engine Stem 02 Overdrive	wav	3.7	CinePRO Sound Library	Velocity	
1H4GN8SMFm-ygKDrSiUqRsQjbtJz5UHWx	MOTRMisc_DESIGNED RACE SEQUENCE-Engine Stem Focus	wav	5.21	CinePRO Sound Library	Velocity	
1nSJOlB9_JI1F_TS2hSEnbHQeWXgEaxv-	MOTRMisc_DESIGNED RACE SEQUENCE-Engine Stem Link	wav	8.24	CinePRO Sound Library	Velocity	
1-ktODwrFiAyMOL-LfC2d_YZpkEx463_c	MOTRMisc_DESIGNED RACE SEQUENCE-Engine Stem Sunset	wav	2.79	CinePRO Sound Library	Velocity	
1SD18LAlRYmmCUC88P_6Gv4OvnkBbslDO	MOTRMisc_SOURCE RECORDINGS-Engine Stem 01 Throttle	wav	3.1	CinePRO Sound Library	Velocity	
12UwQHO6OEXhxS0ziXRVQ6_awmvmak1W6	MOTRMisc_SOURCE RECORDINGS-Engine Stem 02 Throttle	wav	11.66	CinePRO Sound Library	Velocity	
1bF2mQ2E20y5fh2eL6zFLgBVZfK9LUtxY	Mountain Audio - Computer Digital Typing - Sound (1)	mp3	4.05	CinePRO Sound Design	SFX	
1UuX7i1DYyIbHObGp4BGsyNOgz7gSd9wH	Mountain Audio - Computer Digital Typing - Sound (2)	mp3	4.1	CinePRO Sound Design	SFX	
1bZQCFTFiq4befWr--5VczIJcAxi8m5g0	Mountain Audio - Computer Digital Typing - Sound (3)	mp3	4.05	CinePRO Sound Design	SFX	
1x3TduOE18f3wE25VUHKKWb2q1m5u9sB8	Mountain Audio - Deep Rumble	mp3	37.66	CinePRO Sound Design	SFX	documentario
1k2IgZheSkxgsQ1m5ltJX5ChE5DqgH4YL	Mouse Click	mp3	1.99	CinePRO Sound Design	SFX	tutorial
1OqxWHEhYGEcWuiFFp_-6Qd1YWasJTJOs	mouse_center_click_1	wav	1.74	CinePRO Sound Design	Essentials	
12cw6X3X7cumKyBi3JOlbBh020zKH-54o	mouse_center_click_2	wav	1.3	CinePRO Sound Design	Essentials	
16lO71jhBP4nGChdoQj6XriEMaaJfEA5P	mouse_left_click_1	wav	1	CinePRO Sound Design	Essentials	
1bGuxMQWSzZ8aLCcewWJ0ytArLjcOwL78	mouse_left_click_2	wav	2.07	CinePRO Sound Design	Essentials	
1MzkaVOumxJXxMVE7VPbOQyEG6EWKx6GW	mouse_right_click_1	wav	0.79	CinePRO Sound Design	Essentials	
1JYmjb4O2zgLI40c9HWVsA_diZbPLIMNZ	mouse_right_click_2	wav	2.26	CinePRO Sound Design	Essentials	
17NLoh_aVhNkCON5LnwFt51KTtmxsQI1i	MP5_Suppressed_-_Burst_Shot_-_Long_-_Exterior_Open	wav	5.86	CinePRO Sound Design	Essentials	
1Kr8tNYwtzU197uwmliM9Mlkar22GbDm5	Mtg tipo Hollywood (dj Gui do setor) feat. Triz e mc ws da leste	mp3	200.64	CinePRO Sound Design	PLAYLIST	
1g8U7e6K7ls4RR7JViCjNXlEgYjRi2mQs	MUSCPerc_PERCUSSION-Athletes Unite Loopable	wav	16	CinePRO Sound Library	Pendulum	
1YQJ7WjmeB0gPOcQjxTJSdavb1HJrAmi7	MUSCPerc_PERCUSSION-Buckets Loopable	wav	21.33	CinePRO Sound Library	Pendulum	
1P-C1P7IAFiumYZOn2csN0S0Av1_FjeQj	MUSCPerc_PERCUSSION-Cant Stand Still Loopable D#	wav	16	CinePRO Sound Library	Pendulum	
1IftE1nIcj_KExloJ8cuFJ1gMowBQII64	MUSCPerc_PERCUSSION-City of Tension Loopable	wav	21.33	CinePRO Sound Library	Pendulum	terror
17U8_Mnd616nKJZFRfFGR7-m2E243JdBV	MUSCPerc_PERCUSSION-Dark Heart Loopable	wav	16	CinePRO Sound Library	Pendulum	terror
10vpoYBoa_uIJOBQ85QuXF8v6XYGW4E5r	MUSCPerc_PERCUSSION-Dark Side of Earth Loopable	wav	21.33	CinePRO Sound Library	Pendulum	terror
13kQz-qvsGfnxMGSjaIXxfL94nFrUFRQ9	MUSCPerc_PERCUSSION-Endless Power Loopable	wav	21.33	CinePRO Sound Library	Pendulum	
1q6M_6Lb31q9RWCZ7KtAEPMqLSUKxmuVR	MUSCPerc_PERCUSSION-Excite Me Loopable	wav	21.33	CinePRO Sound Library	Pendulum	
1X6hbX3slfrfdhb8LSg33DwhkmtiuFZKg	MUSCPerc_PERCUSSION-Fairies And Dungeons Loopable	wav	16	CinePRO Sound Library	Pendulum	
1BNTSufzcInxXoXyS52czbtVZqWtmRH_t	MUSCPerc_PERCUSSION-Fast Forward Loopable D#	wav	16	CinePRO Sound Library	Pendulum	
1GZ21lK9ftr18D3fb2ScqL5qyE8peyH-W	MUSCPerc_PERCUSSION-Grounded Loopable	wav	21.33	CinePRO Sound Library	Pendulum	
1pO6dR8woVfaKgx39gU1gKM3CBOk3316j	MUSCPerc_PERCUSSION-Hihats And Low Boots Loopable	wav	21.33	CinePRO Sound Library	Pendulum	
1oTpVeCKfxxCa95KgtuDejNryDpyyOZQ2	MUSCPerc_PERCUSSION-In the Air Loopable	wav	16	CinePRO Sound Library	Pendulum	
1pRdy_JFSWjFBX-EN8Ze6VZmuHOrQ46Xo	MUSCPerc_PERCUSSION-Off Road Loopable	wav	16	CinePRO Sound Library	Pendulum	
1U3kw6eepvn_c3TmLoCifm1bgHDcMr60e	MUSCPerc_PERCUSSION-Oh Yeah Loopable	wav	16	CinePRO Sound Library	Pendulum	
1Jq8eXw8_PBAf0FlJLuTt435Leg89a7dK	MUSCPerc_PERCUSSION-Primal Trail Loopable	wav	16	CinePRO Sound Library	Pendulum	
1njYDfV5SthtZSFN4uP3AlKbzb3lNQ4El	MUSCPerc_PERCUSSION-Rolling Motion Loopable	wav	21.33	CinePRO Sound Library	Pendulum	
1DmQ_t1jeBdJrPWh-eohHd992hVRz0KvD	MUSCPerc_PERCUSSION-Shake It Loopable	wav	16	CinePRO Sound Library	Pendulum	
13PxiqskwsjN09HWWbngtf7-Zx-ErmiNy	MUSCPerc_PERCUSSION-Slam It Loopable	wav	16	CinePRO Sound Library	Pendulum	
1FCQ_cwxDLLA_Rx6dccvmhyb2wBFKrSQa	MUSCPerc_PERCUSSION-Small Motion Loopable	wav	21.33	CinePRO Sound Library	Pendulum	
1ATtsyAdVPbiv0XDxLQ6JjL1ArFdqSJ7V	MUSCPerc_PERCUSSION-Soft Wilderness Loopable D#	wav	16	CinePRO Sound Library	Pendulum	
1E4qrxTXYbvkk_l_1w0i39OTNqk2eMiK4	MUSCPerc_PERCUSSION-Speed of Metal Loopable	wav	16	CinePRO Sound Library	Pendulum	
1Lt6v0mcT8tdk0bnegQSfD2PDZ5E7eZuJ	MUSCPerc_PERCUSSION-They Will Never Catch Him Loopable	wav	16	CinePRO Sound Library	Pendulum	
1R7iQS-R0uTSIU4ozfeeocPwMQaW8X1T3	MUSCPerc_PERCUSSION-Through the Steam Loopable	wav	16	CinePRO Sound Library	Pendulum	
1tXDgRIohNfywKvSTXFHeU3QvCv6-IDEH	MUSCPerc_PERCUSSION-Vintage Engine Loopable	wav	16	CinePRO Sound Library	Pendulum	
1DzVE0X2hV9-dquD0N2YtbtDvR99jtpMe	MUSCSynth_SYNTH-Across the Sky Line Loopable D	wav	21.33	CinePRO Sound Library	Pendulum	
19KM03VGAtboSMqZjZOtXZ5Bi8NTRxPkA	MUSCSynth_SYNTH-Against All Odds Loopable D	wav	21.33	CinePRO Sound Library	Pendulum	
1R-cC3HSXfUfWcfCY7YR5QCugHNhiGroW	MUSCSynth_SYNTH-Aim High Loopable D	wav	21.33	CinePRO Sound Library	Pendulum	
1O1DxwQ8ZhoG9WqE941IFRDg909LX6Knq	MUSCSynth_SYNTH-Alley Loopable D	wav	16	CinePRO Sound Library	Pendulum	
1TCvEaLEUFAwsG76JudvSQKlNmHT6Ybdy	MUSCSynth_SYNTH-Clue Loopable D	wav	16	CinePRO Sound Library	Pendulum	
1Ln6wzCYmLiMaksmvFZkUbz5C761K53Qm	MUSCSynth_SYNTH-Do Not Give In Loopable D	wav	21.33	CinePRO Sound Library	Pendulum	
12f7e61StTtsF05WvGlxJd60iXXt0aWyq	MUSCSynth_SYNTH-Get in the Car Loopable D	wav	16	CinePRO Sound Library	Pendulum	
1Pk6btsEGkpiPzfUTJ51FMc_eOGy-0sgM	MUSCSynth_SYNTH-Glass House Loopable D	wav	16	CinePRO Sound Library	Pendulum	
1t5ITTEzzCGlTGxVXnZev_dvz-UdsNtn8	MUSCSynth_SYNTH-Heist Loopable D	wav	16	CinePRO Sound Library	Pendulum	
1dtdLyWHdDsUNgOqty5qd7vmLIu3bG7sz	MUSCSynth_SYNTH-Late Night Loopable D	wav	16	CinePRO Sound Library	Pendulum	
1HeetsK8zC5lNBJxWhEQlQK6Z-uDTAFQr	MUSCSynth_SYNTH-Lets Do It Loopable D	wav	21.33	CinePRO Sound Library	Pendulum	
1uUu0VqhtqADs35YvLDUMS56VpRJp5Lh5	MUSCSynth_SYNTH-Membrane Loopable D	wav	16	CinePRO Sound Library	Pendulum	
1xcaqi1NJqb8BIKeF1TWjOQnU8WPUen8F	MUSCSynth_SYNTH-No Regrets Loopable D	wav	16	CinePRO Sound Library	Pendulum	
1e8jKzTGAfPPYU5EioE5Zos2SKOw-PEKN	MUSCSynth_SYNTH-Off Shore Loopable D	wav	21.33	CinePRO Sound Library	Pendulum	
17PKbQNLjswFaFMh4qKiAw_Uv4iklqL-A	MUSCSynth_SYNTH-Running Loopable D	wav	21.33	CinePRO Sound Library	Pendulum	
1iBpSIrbTomjSwcbOfmYbDVxcEAqZJd2_	MUSTANG PRETO em DRILL	mp3	145.75	CinePRO Sound Design	PLAYLIST	
1jgHpThwzdZZIKsYL8p8Mx_cs6PsCnkPW	Mutant Granule	wav	18.75	CinePRO Sound Design	Essentials	
1_ID-9Ef5ruFUZcqfSNFKm3FOnMUL0lxo	MyFantasy Intro	wav	33.94	CinePRO Sound Design	PLAYLIST	
1cBegL4Gw4rpSUh1O1ORNJNoS4E3opyR-	MyFantasy WithoutSoprano	wav	114.55	CinePRO Sound Design	PLAYLIST	
1ljC7U0g7PwXkC1w6BAzIWqe3Yp3AnFV9	MyFantasy_EpicPart	wav	37.57	CinePRO Sound Design	PLAYLIST	
1h4-Xs1jE5qNeTcMEvkLo9eXv-NdggzzX	MyFantasy_Instrumental	wav	114.54	CinePRO Sound Design	PLAYLIST	
1h4uvV7iul-PAckmnc_WEW6NRN5RJWOTa	Mysterious Low End Metallic Riser	wav	4.3	CinePRO Sound Design	Essentials	
1QebGjxm9vA6GUEDkB-qmgf-Y0HEvup4e	Myth Of Unity - We the Best	mp3	118.31	CinePRO Sound Design	PLAYLIST	
1fGdYsVa5tzoqAXyf-6tMQJNDnz-n67-l	Myth Of Unity - We the Best - Instrumental Version	mp3	118.31	CinePRO Sound Design	PLAYLIST	
11MQpKXzxAH7TBn1yhFsW1r5FXJ1Y8PVT	Nail Synth	wav	17.61	CinePRO Sound Design	Essentials	
1Vad6dfOWVTEMgWtiNf4G1J9kShmTLh69	Neeman - Hoodie Season - Instrumental Version	mp3	173.32	CinePRO Sound Design	PLAYLIST	
1abxZJl3GP3rSbLoVQQFwXC219L575Zay	Night Of Style [1.15]	wav	74.14	CinePRO Sound Design	PLAYLIST	
1QZvuowHT1XjgK-U6yeJoZsEnoBqyzPwj	night_barking_dog	wav	26.56	CinePRO Sound Design	Essentials	
1RFbo_79s3O2IB3NE8bQXesS9S5IeX1A3	night_crickets_1	wav	35	CinePRO Sound Design	Essentials	
1ewWjkx8d_pPtyJI4j8yFOZ7y2fmw6W75	night_crickets_2	wav	33.94	CinePRO Sound Design	Essentials	
1npWkekcFRKOQbe5BkWJE4Q_fVyBgpj78	night_crickets_3	wav	20	CinePRO Sound Design	Essentials	
1k-Z4PGVEaYo_6yTxioyP_oxRK3pwiNYL	Nighttime Campfire	mp3	50.11	CinePRO Sound Design	SFX	
1QV1s9vMdpXgoqdZS8jvO8RLKgvr_uxiX	Noam Zaguri - Jericho	mp3	133.69	CinePRO Sound Design	PLAYLIST	
1M5GDnr9a1cIeC_pHif7Q_aosVcZEdW4w	Nobou - Strange Connection	mp3	185.78	CinePRO Sound Design	PLAYLIST	
1MPqrhNqNbVTjUhoVer-oCrwhurrv0ysZ	Nono - Appassionato	mp3	108.67	CinePRO Sound Design	PLAYLIST	
1zV62cojO0CA8Fv4Tsco1AsEz0_9T0mMS	notification1_1	wav	1.11	CinePRO Sound Design	Essentials	
1msMzrnPgdnt5m-zitwZ3REAxaSu1jNE4	notification1_2	wav	0.9	CinePRO Sound Design	Essentials	
1E6q1N8QViZBHsMmk-MQfgOac4udjlNrJ	notification2_1	wav	0.84	CinePRO Sound Design	Essentials	
1044u6PUVvfE0ORuwXx6wENqS5Zma15mp	notification2_2	wav	0.69	CinePRO Sound Design	Essentials	
1nNijlqNkeCZdZpBhkSnUO4VZmuZOev37	notification2_3	wav	0.87	CinePRO Sound Design	Essentials	
1p_KQNZ7r5Stn03KaGh1WBSCI6snMoKt1	notification3_1	wav	1.12	CinePRO Sound Design	Essentials	
1hnbPw-bpUB8hj5zoF4Vmq6I0dPaK-J6I	notification3_2	wav	1.53	CinePRO Sound Design	Essentials	
1zLa1LMfQFaWpWW0IhN3sO5F00EbbQHQB	notification4_1	wav	0.46	CinePRO Sound Design	Essentials	
1kq5YegL4JXufmhCQ5Zs8NRqnqDY4gyh8	notification4_2	wav	1.2	CinePRO Sound Design	Essentials	
1FxFeeBF_qq2kuG0I6-DT7YB9jYwsg99c	notification5_1	wav	1.11	CinePRO Sound Design	Essentials	
1kxDu3_wZzLN31pMlyAV07f66J8XeCg9j	notification5_2	wav	1.25	CinePRO Sound Design	Essentials	
1TKoQkBCK5MGjHzFVmIr_TctVuT_rtZSR	Notize - Beatrix	mp3	113.84	CinePRO Sound Design	PLAYLIST	
1uwygCS_vEcvFI4HIMiSFRnIOTndGcOfx	Notize - Montana	mp3	85.37	CinePRO Sound Design	PLAYLIST	
1QvNSUkT9pUM1PSvBYjYqxENRhDW4vXlz	Notize - Scavenger	mp3	104.41	CinePRO Sound Design	PLAYLIST	
1s1SlJw1Z9HwZdi-rSV170-2g_b13JIfT	Notize - The Bliss	mp3	110.03	CinePRO Sound Design	PLAYLIST	
1T0FIh0fR3okaZ0L4ZwpqInO6KW_vr0iv	NotLost	wav	86	CinePRO Sound Design	Essentials	
1z2-hfAU7VlMQD-yJTPPb084Awh1uxR69	NOVIDADE NA ÁREA em DRILL	mp3	139.42	CinePRO Sound Design	PLAYLIST	
1nZ0l_KobxMZVQFCFz3c9QrOibK2hle1i	NOVO BALANÇO em DRILL	mp3	123.77	CinePRO Sound Design	PLAYLIST	
1FliT45-QZTvmmYYItA_pYsLa_PJ8MNeo	Ô Moça em DRILL	mp3	153.41	CinePRO Sound Design	PLAYLIST	
1-sqj5qktu770AuBbr7dnoBjmhM3SwQd8	OBJECT_GLASS_Metal_Small_Impact_04	wav	0.55	CinePRO Sound Design	Essentials	
1L--e9fkSYil_MVf59LlTDa5RvTqBtIpF	OBJMisc_FOLEY-Glass Or Mug Put Down On Desk 01	wav	0.44	CinePRO Sound Library	Utility	
10qwnSpHTWnHWXBsS1oV6JuzF7Yl8AFfj	OBJMisc_FOLEY-Glass Or Mug Put Down On Desk 02	wav	0.38	CinePRO Sound Library	Utility	
1kTHDuE-rbX5zjqG6ycQxHongBVAIjJ0m	OBJMisc_FOLEY-Glass Or Mug Put Down On Desk 03	wav	0.3	CinePRO Sound Library	Utility	
13A3NvqTNirpJpQv8RLH-mLqSc4UDbV3z	OBJMisc_FOLEY-Glass Or Mug Put Down On Desk 04	wav	0.32	CinePRO Sound Library	Utility	
1W-hpUbDADSX6sY8vtcmKJVtKazBsp6Sj	OBJMisc_FOLEY-Glass Or Mug Put Down On Desk 05	wav	0.29	CinePRO Sound Library	Utility	
1DvMWHDE22L1Mg26jYaRfd-9l1_vm9AQu	OBJMisc_FOLEY-Glass Or Mug Put Down On Desk 06	wav	0.28	CinePRO Sound Library	Utility	
13iDKkT01mUX1nPI6-pW6ffLoLi0Xz8Kx	OBJMisc_FOLEY-Glass Or Mug Put Down On Desk 07	wav	0.22	CinePRO Sound Library	Utility	
13GYCfXWvW68XNJ6yNLtQSasoNpdy6ulp	OBJMisc_FOLEY-Glass Or Mug Put Down On Desk 08	wav	0.18	CinePRO Sound Library	Utility	
1_6zT85nFsjKVEG8c3z9bP9E2_SNgybrR	OBJMisc_FOLEY-Glass Or Mug Put Down On Desk 09	wav	0.18	CinePRO Sound Library	Utility	
1VjJfE9UpS6k2SkkuKjaNgqDihGV5liL9	OBJMisc_FOLEY-Glass Or Mug Put Down On Desk 10	wav	0.16	CinePRO Sound Library	Utility	
1tBJ7fnvoSBdT5QT1crm6W__8YTc1FwBL	OBJMisc_FOLEY-Glass Or Mug Put Down On Desk 11	wav	0.15	CinePRO Sound Library	Utility	
12S3NjPnqvuYHwdRNfH9it1bbN0Pbg5yI	OBJMisc_FOLEY-Glass Or Mug Put Down On Desk 12	wav	0.12	CinePRO Sound Library	Utility	
1VUHLi8BPuWY0O8Q2f8-DEkXvVcgbRKvn	OBJMisc_FOLEY-Glass Or Mug Sliding Desk 01	wav	2.42	CinePRO Sound Library	Utility	
1UXrViK3IO675X6o5h6vBmAcA341QXZXP	OBJMisc_FOLEY-Glass Or Mug Sliding Desk 02	wav	1.79	CinePRO Sound Library	Utility	
1QaEsdE7u8bFsoJQTWzdF_SzkDgSImKJH	OBJMisc_FOLEY-Glass Or Mug Sliding Desk 03	wav	1.54	CinePRO Sound Library	Utility	
1cBFXeoqZ2no1qeRBqrxmcYDGb3BXBhgs	OBJMisc_FOLEY-Glass Or Mug Sliding Desk 04	wav	1.09	CinePRO Sound Library	Utility	
1prvOPlyT65MTPzYfQNNDFyND8R9Mq0_J	OBJMisc_FOLEY-Glass Or Mug Sliding Desk 05	wav	0.72	CinePRO Sound Library	Utility	
1PrEut7CwHgWmppyJKxWCbyGD-msXUoXC	OBJMisc_FOLEY-Glass Or Mug Sliding Desk 06	wav	0.85	CinePRO Sound Library	Utility	
1MLtXi-LYxBx7KCuB6Wjrv4qtxkWLQUQd	OBJMisc_FOLEY-Glass Or Mug Sliding Desk 07	wav	0.56	CinePRO Sound Library	Utility	
1CImbp0qissZvp6kMxyxOnj_hppeixJEd	OBJMisc_FOLEY-Glass Or Mug Sliding Desk 08	wav	0.31	CinePRO Sound Library	Utility	
18r6i6hnASQOhhVpUbRIe7H0WcPGyJDuW	OBJMisc_FOLEY-Glass Or Mug Sliding Desk 09	wav	1.28	CinePRO Sound Library	Utility	
1bUldQ_tuki6Okec6onQLjpIc2l3V7Vz9	OBJMisc_FOLEY-Glass Or Mug Sliding Desk 10	wav	0.51	CinePRO Sound Library	Utility	
18VUSiGoODq_ylmWMudMKZa8dZQsV_DLT	OBJMisc_FOLEY-IPad Put Down On Desk 01	wav	0.26	CinePRO Sound Library	Utility	
1d1c1IDgrzVtCseQkvvScQuHwhE0kePYc	OBJMisc_FOLEY-IPad Put Down On Desk 02	wav	0.26	CinePRO Sound Library	Utility	
1GVPHbUJXgWtgt8Ioda3S9wN8gOjbhR5d	OBJMisc_FOLEY-IPad Put Down On Desk 03	wav	0.31	CinePRO Sound Library	Utility	
1Ox-Dpuie-rr-KUn8B76R656Ej0Hcv1n-	OBJMisc_FOLEY-IPad Put Down On Desk 04	wav	0.25	CinePRO Sound Library	Utility	
1lgCUscgAUZElKdJBPvGRyYk8d1g-zksj	OBJMisc_FOLEY-IPad Put Down On Desk 05	wav	0.26	CinePRO Sound Library	Utility	
1-jukcekE0OP7LDicXGYRhvQ4zWmkPtoZ	OBJMisc_FOLEY-IPad Put Down On Desk 06	wav	0.22	CinePRO Sound Library	Utility	
10EqI4fSDmsmt-OQ8MoWR1Cfsy2q_d-wa	OBJMisc_FOLEY-IPad Put Down On Desk 07	wav	0.25	CinePRO Sound Library	Utility	
1v5kkJzU36AlmP-a82wclsnYSGC1o9uzN	OBJMisc_FOLEY-IPad Put Down On Desk 08	wav	0.24	CinePRO Sound Library	Utility	
1oD6-qiGJp4kq7i4bczLy5_-_pxzy3mJ7	OBJMisc_FOLEY-IPad Put Down On Desk 09	wav	0.22	CinePRO Sound Library	Utility	
16GWrbpQg15xc2_m_FTS8YjmqtZFXFmk3	OBJMisc_FOLEY-IPad Sliding On Desk 01	wav	1.51	CinePRO Sound Library	Utility	
1FkoZQAzDT42A_meUkaVwy9JG6Z_3mBgD	OBJMisc_FOLEY-IPad Sliding On Desk 02	wav	0.77	CinePRO Sound Library	Utility	
1Xd-Jz6Bejjw8MVpFzeo--teIFanhhqw3	OBJMisc_FOLEY-IPad Sliding On Desk 03	wav	0.74	CinePRO Sound Library	Utility	
1TbU9rGLPXh6S6Ph8Eoinf_OwxiwM5HnA	OBJMisc_FOLEY-IPad Sliding On Desk 04	wav	0.38	CinePRO Sound Library	Utility	
1eCjlrbrnoqVyFfHKc4iYBzwRRmOPOagS	OBJMisc_FOLEY-IPad Sliding On Desk 05	wav	0.5	CinePRO Sound Library	Utility	
1YpKhGLjKZq9nmznpJavnpOOWOmjw5Sjt	OBJMisc_FOLEY-IPad Sliding On Desk 06	wav	0.31	CinePRO Sound Library	Utility	
1x_CnfTYdTI7JG7zgEEauSpS7gwecr_oQ	OBJMisc_FOLEY-IPhone Put Down On Desk 01	wav	0.34	CinePRO Sound Library	Utility	
1zVA9WPdfeN-zM3a7dVaAj5Si7zjJZoaJ	OBJMisc_FOLEY-IPhone Put Down On Desk 02	wav	0.37	CinePRO Sound Library	Utility	
1HhpjNNLWlm7NjsItGtoDhs7sVruQMFZv	OBJMisc_FOLEY-IPhone Put Down On Desk 03	wav	0.35	CinePRO Sound Library	Utility	
1fT9TibATGLGjCsrIyTQQfH2FMgM9SvvF	OBJMisc_FOLEY-IPhone Put Down On Desk 04	wav	0.3	CinePRO Sound Library	Utility	
19DmX9LsGQzIG9xz7LTgq-aXF1Ox0vVtt	OBJMisc_FOLEY-IPhone Put Down On Desk 05	wav	0.29	CinePRO Sound Library	Utility	
1DaqnsF4_f4hH3z5D4KzpWPNqUrjkMMuv	OBJMisc_FOLEY-IPhone Put Down On Desk 06	wav	0.25	CinePRO Sound Library	Utility	
1nvtk66QpBc7a_PADMAxFFV2ca0kLtrvZ	OBJMisc_FOLEY-IPhone Put Down On Desk 07	wav	0.24	CinePRO Sound Library	Utility	
1SV2Csux9hEjfZEAryKN_5Ddfj_8rMgI5	OBJMisc_FOLEY-IPhone Put Down On Desk 08	wav	0.22	CinePRO Sound Library	Utility	
1n4fRC3NYGPlwG4HBPEBwGuvTaxoXAw34	OBJMisc_FOLEY-IPhone Put Down On Desk 09	wav	0.16	CinePRO Sound Library	Utility	
1V5JC_Uyewukw2QuSmTLaIJxmUjmTQOqS	OBJMisc_FOLEY-IPhone Put Down On Desk 10	wav	0.12	CinePRO Sound Library	Utility	
1ft0-hLf-fB2lep8wVmGQpKD_Fvw9FcuM	OBJMisc_FOLEY-IPhone Sliding On Desk 01	wav	0.7	CinePRO Sound Library	Utility	
1qOYTrLlAuwvxVlqdRRgH7ktYI3BteljM	OBJMisc_FOLEY-IPhone Sliding On Desk 02	wav	0.67	CinePRO Sound Library	Utility	
1V8npvWBkpda_FnrxO3z-RNM9YyAoIj3U	OBJMisc_FOLEY-IPhone Sliding On Desk 03	wav	0.64	CinePRO Sound Library	Utility	
1LIst2WmVI4wh0TF5KaVCkKWmJJAPLUbk	OBJMisc_FOLEY-IPhone Sliding On Desk 04	wav	0.4	CinePRO Sound Library	Utility	
1WnsJsJyf9xH2_U1qNsjBWqoNIzaLBdO7	OBJMisc_FOLEY-IPhone Sliding On Desk 05	wav	0.4	CinePRO Sound Library	Utility	
1L9WgbL5EppsMHvgprXvPGIuIaRoxMPB5	OBJMisc_FOLEY-IPhone Sliding On Desk 06	wav	0.38	CinePRO Sound Library	Utility	
1D3o6YKGD0irUNOyP8AlQEjYwiKiKg1nY	OBJMisc_FOLEY-IPhone Sliding On Desk 07	wav	0.26	CinePRO Sound Library	Utility	
1Jnr51BiAmzQasqGEMeHOWu0G-9jSpI4B	OBJMisc_FOLEY-IPhone Sliding On Desk 08	wav	0.42	CinePRO Sound Library	Utility	
1Rktnmhl9aRi8a5CZJHocwjbtzDt9u6o_	OBJMisc_FOLEY-IPhone Sliding On Desk 09	wav	0.25	CinePRO Sound Library	Utility	
1yevLobn2SbFxC9_Zf9xD2kwmqO6ehq9z	OBJMisc_FOLEY-Keyboard Put Down On Desk 01	wav	0.69	CinePRO Sound Library	Utility	
1Fn9SOrU23gMvTTrMTmYvJuVysBaMHJpi	OBJMisc_FOLEY-Keyboard Put Down On Desk 02	wav	0.4	CinePRO Sound Library	Utility	
1qdcjynQgzYvuzZfIIpDdIKERjCvnlNBm	OBJMisc_FOLEY-Keyboard Put Down On Desk 03	wav	0.38	CinePRO Sound Library	Utility	
1kdDAYEw1LyAvQWeL96117SHDA2rwtHHl	OBJMisc_FOLEY-Keyboard Put Down On Desk 04	wav	0.31	CinePRO Sound Library	Utility	
1vLfmr4JWA2z8kYVGeoGb4qN7ODR8bf5U	OBJMisc_FOLEY-Keyboard Put Down On Desk 05	wav	0.33	CinePRO Sound Library	Utility	
1Ix9Oewrd7fqGnlY40Hl19jE5mnOzLLvp	OBJMisc_FOLEY-Keyboard Put Down On Desk 06	wav	0.3	CinePRO Sound Library	Utility	
1ntV3yfHu8oy-L2uJYhPrY5B_Ca4BIaMg	OBJMisc_FOLEY-Keyboard Put Down On Desk 07	wav	0.31	CinePRO Sound Library	Utility	
1nIVh3UvjHX6pbSuxvYQxywwLEFInCdpv	OBJMisc_FOLEY-Keyboard Put Down On Desk 08	wav	0.31	CinePRO Sound Library	Utility	
1rB80mtC_m7sikJF3SzIlnlcvRRHThda9	OBJMisc_FOLEY-Keyboard Put Down On Desk 09	wav	0.17	CinePRO Sound Library	Utility	
1M4iV2xyReTJ8bPeAu595GlylMtlpRQVr	OBJMisc_FOLEY-Keyboard Put Down On Desk 10	wav	0.19	CinePRO Sound Library	Utility	
1_cwSjh5igpQap62STZM-kzJ9WuI97Jia	OBJMisc_FOLEY-Keyboard Put Down On Desk 11	wav	0.25	CinePRO Sound Library	Utility	
1uaIX-ueevE8jKvu0Ornb_qp9TQ-xjGi-	OBJMisc_FOLEY-Keyboard Put Down On Desk 12	wav	0.19	CinePRO Sound Library	Utility	
13lGYbTMzuGN8XVy31BgVDa9rW28ijLyP	OBJMisc_FOLEY-Keyboard Put Down On Desk 13	wav	0.2	CinePRO Sound Library	Utility	
19qcMrCy8qy0uR8kBp70tZn5hmW6dK4CV	OBJMisc_FOLEY-Keyboard Put Down On Desk 14	wav	0.15	CinePRO Sound Library	Utility	
1edBDegN06DeJgMWnqNZ9GYe-hvvwPuPx	OBJMisc_FOLEY-Keyboard Put Down On Desk 15	wav	0.14	CinePRO Sound Library	Utility	
1HPezzW-L9fSTDKSz6JrKy5vmOaAkuI6w	OBJMisc_FOLEY-Keyboard Sliding On Desk 01	wav	0.42	CinePRO Sound Library	Utility	
1pAK2bnI-toXFgdRAEEIMVU7dagSl4xxm	OBJMisc_FOLEY-Keyboard Sliding On Desk 02	wav	0.57	CinePRO Sound Library	Utility	
1NbFcHrdoWrAnRvZlOolLXfnxdTfK66qu	OBJMisc_FOLEY-Keyboard Sliding On Desk 03	wav	0.3	CinePRO Sound Library	Utility	
1gKaPGc5yPhjPvB6nCIqKyZXmrfN_hCEA	OBJMisc_FOLEY-Keyboard Sliding On Desk 04	wav	0.33	CinePRO Sound Library	Utility	
1zTtmioJ56gjQoNH67bZKsl8gtFAEOKKs	OBJMisc_FOLEY-Keyboard Sliding On Desk 05	wav	1.18	CinePRO Sound Library	Utility	
1cBpBPFOQhfLDXOM6fH_HWgvxIkcO8j4i	OBJMisc_FOLEY-Keyboard Sliding On Desk 06	wav	0.96	CinePRO Sound Library	Utility	
1xzOVVvFxAOetZiHoS5641H1dqGBna1Io	OBJMisc_FOLEY-Keyboard Sliding On Desk 07	wav	0.86	CinePRO Sound Library	Utility	
1rK3w6SqrurWHV9U2RLo37yxcW3iqFKrW	OBJMisc_FOLEY-Keyboard Sliding On Desk 08	wav	0.78	CinePRO Sound Library	Utility	
1HtgU3kIJ05__-R0EGm2L3_uexk2pcQhC	OBJMisc_FOLEY-Keyboard Sliding On Desk 09	wav	0.77	CinePRO Sound Library	Utility	
1cDgJrerRNbhOIHTzpAJamNUnX9KhjIVC	OBJMisc_FOLEY-Keyboard Sliding On Desk 10	wav	0.5	CinePRO Sound Library	Utility	
1hWQjlhR6egnE7vT4Hrig8eGoK6zxzQiO	OBJMisc_FOLEY-Laptop Put Down On Desk 01	wav	0.29	CinePRO Sound Library	Utility	
1xOZ9H7Sne92kc6BpdZmgFsePWwplADZV	OBJMisc_FOLEY-Laptop Put Down On Desk 02	wav	0.45	CinePRO Sound Library	Utility	
1lRm3bswSLdjw0LhIkaU_6T5ICFsMbOTM	OBJMisc_FOLEY-Laptop Put Down On Desk 03	wav	0.42	CinePRO Sound Library	Utility	
1DdovsWHCWm2TthFBxsiltBPhTtRLH6Dw	OBJMisc_FOLEY-Laptop Put Down On Desk 04	wav	0.34	CinePRO Sound Library	Utility	
16rvUGXdUWOiL4fSa2ZupzaXhXL9FSokn	OBJMisc_FOLEY-Laptop Put Down On Desk 05	wav	0.25	CinePRO Sound Library	Utility	
14ca7G-28rQGq4CPKoj1OFvte3vRRyJYy	OBJMisc_FOLEY-Laptop Put Down On Desk 06	wav	0.28	CinePRO Sound Library	Utility	
1z6vaoGi9JPfnwowFxBIhKnAnpL73ILXP	OBJMisc_FOLEY-Laptop Put Down On Desk 07	wav	0.35	CinePRO Sound Library	Utility	
1K03JJwmmfyhVVNjFXqPi7ZTNS8kvIyGX	OBJMisc_FOLEY-Laptop Put Down On Desk 08	wav	0.28	CinePRO Sound Library	Utility	
1bl9-BprBeKR-YwPaL3mdc-yY3a_C0HBi	OBJMisc_FOLEY-Laptop Put Down On Desk 09	wav	0.16	CinePRO Sound Library	Utility	
1o9A0uwOy4t3PR6_C-QBzqZUEx0vtdF3u	OBJMisc_FOLEY-Laptop Put Down On Desk 10	wav	0.23	CinePRO Sound Library	Utility	
1IiVgXNnYsw1X4ppiFlqW-xlYe6CFjWvZ	OBJMisc_FOLEY-Laptop Put Down On Desk 11	wav	0.22	CinePRO Sound Library	Utility	
1mvMCCItd3KeqzExb093KcrF6ccuHMbYt	OBJMisc_FOLEY-Laptop Sliding On Desk 01	wav	1.09	CinePRO Sound Library	Utility	
1jJcY2PiFkjLQZfOzfYWdXbYb6_6Hu_iI	OBJMisc_FOLEY-Laptop Sliding On Desk 02	wav	0.78	CinePRO Sound Library	Utility	
1aMzjITOtRpbro2s05INlnSQVTE1-HZq4	OBJMisc_FOLEY-Laptop Sliding On Desk 03	wav	0.57	CinePRO Sound Library	Utility	
17fjG5ZZ1upCfI4_7-OJ1BeWHw-WXSjlU	OBJMisc_FOLEY-Laptop Sliding On Desk 04	wav	0.5	CinePRO Sound Library	Utility	
1DTzR6Zm7kHde5OIEmWfJ7h96eBVFw441	OBJMisc_FOLEY-Laptop Sliding On Desk 05	wav	0.55	CinePRO Sound Library	Utility	
1GKY4dMNA7J8pm-us_jjKSFtbUM5vsnKZ	OBJMisc_FOLEY-Laptop Sliding On Desk 06	wav	0.41	CinePRO Sound Library	Utility	
1fujjoDFMsR78dq8-OR2JjMo4wRKrv5n4	OBJMisc_FOLEY-Laptop Sliding On Desk 07	wav	0.4	CinePRO Sound Library	Utility	
1ECoE8bDqmB5FdswcfTnyOLNySXJzgDkv	OBJMisc_FOLEY-Laptop Sliding On Desk 08	wav	0.38	CinePRO Sound Library	Utility	
1ek-qlvoJXtHwQnN8FGYnZ9Y59G2f1Hdv	OBJMisc_FOLEY-Laptop Sliding On Desk 09	wav	0.35	CinePRO Sound Library	Utility	
136dDIG1kE9A6ZpvrdED6Fj-W6Mq4Xdzo	OBJMisc_FOLEY-Laptop Sliding On Desk 10	wav	0.39	CinePRO Sound Library	Utility	
1DYdVP-MRR_GmARD9AJYO25KbdxyaCPzE	OBJMisc_FOLEY-Laptop Sliding On Desk 11	wav	0.24	CinePRO Sound Library	Utility	
1Mx-xw8injvfHSZVs-xIFsiyY_yu5674J	OBJMisc_FOLEY-Object With Rubber Feet Put Down On Desk 01	wav	0.75	CinePRO Sound Library	Utility	
1IUTKpVJqmuBwyjyGrOEmB16U3ITMbnCp	OBJMisc_FOLEY-Object With Rubber Feet Put Down On Desk 02	wav	0.2	CinePRO Sound Library	Utility	
1bm6I6yJJPAmdCWIWeZRar5yvLPnckEKr	OBJMisc_FOLEY-Object With Rubber Feet Put Down On Desk 03	wav	0.29	CinePRO Sound Library	Utility	
119BZpjHJA63SQjbanRQK3zf-Z-PpqhUN	OBJMisc_FOLEY-Object With Rubber Feet Put Down On Desk 04	wav	0.16	CinePRO Sound Library	Utility	
1KItjJx2uFFR1FSAf6xhEih64rdWItfmh	OBJMisc_FOLEY-Object With Rubber Feet Put Down On Desk 05	wav	0.3	CinePRO Sound Library	Utility	
1KdSQwDzmFqv3RmHQWta-4IUE5V12AqrB	OBJMisc_FOLEY-Object With Rubber Feet Put Down On Desk 06	wav	0.17	CinePRO Sound Library	Utility	
1YGmqMKaEGquKDQX2ML_NLLt-pXnwTwoP	OBJMisc_FOLEY-Object With Rubber Feet Put Down On Desk 07	wav	0.28	CinePRO Sound Library	Utility	
10QT7lrpearVvNYMZ6mOGdA-UXLv2lhLR	OBJMisc_FOLEY-Object With Rubber Feet Put Down On Desk 08	wav	0.26	CinePRO Sound Library	Utility	
1cK2Tn0yJ7r7WzW6PFmfmNZckj7aXIsfm	OBJMisc_FOLEY-Object With Rubber Feet Put Down On Desk 09	wav	0.19	CinePRO Sound Library	Utility	
1-a73o0dQ_4CktnukXfCMmINhBQmP5yT0	OBJMisc_FOLEY-Object With Rubber Feet Put Down On Desk 10	wav	0.18	CinePRO Sound Library	Utility	
1lj_ZBfgPx7IuJsml0dtIzThzxrGhe8CQ	OBJMisc_FOLEY-Portable Hard Drive Put Down On Desk 01	wav	0.3	CinePRO Sound Library	Utility	
1b6z6n4PHkxnkvB8kl2B1iHD4wWig_UOh	OBJMisc_FOLEY-Portable Hard Drive Put Down On Desk 02	wav	0.19	CinePRO Sound Library	Utility	
1Gk-DolydGJNVo0Bzf-VhJU6HfDfqOcoZ	OBJMisc_FOLEY-Portable Hard Drive Put Down On Desk 03	wav	0.21	CinePRO Sound Library	Utility	
1j9K26R3nSVJy4dVSmn0bSnChAfJt2ED7	OBJMisc_FOLEY-Portable Hard Drive Put Down On Desk 04	wav	0.14	CinePRO Sound Library	Utility	
1phdsZGVKao1V8Dn5tDVkalUnBy_Xy08y	OBJMisc_FOLEY-Portable Hard Drive Put Down On Desk 05	wav	0.16	CinePRO Sound Library	Utility	
1eugdYKMNr2kI6bib1yBMykMgMnjdwW7W	OBJMisc_FOLEY-Portable Hard Drive Put Down On Desk 06	wav	0.17	CinePRO Sound Library	Utility	
1v-j8jWhqIU_8yEwTcCmW-AKxTsPgJtcK	OBJMisc_FOLEY-Portable Hard Drive Put Down On Desk 07	wav	0.15	CinePRO Sound Library	Utility	
1sWPXqlVC3UC3tkUSc5Kvi9Wi7HiNHWBc	OBJMisc_FOLEY-Portable Hard Drive Put Down On Desk 08	wav	0.12	CinePRO Sound Library	Utility	
1JCrsq2azLVOnrqy9iKFt30Xj-IosDN-_	OBJMisc_FOLEY-Portable Hard Drive Put Down On Desk 09	wav	0.13	CinePRO Sound Library	Utility	
1hqiUcRQsXpSbwcwl-4fDxlkhkNUhpowU	OBJMisc_FOLEY-Portable Hard Drive Put Down On Desk 10	wav	0.13	CinePRO Sound Library	Utility	
173XdZvyFPJMg9pr8fgeNXNZS7SVT6klt	OBJMisc_FOLEY-Product Box Put Down On Desk 01	wav	0.16	CinePRO Sound Library	Utility	
1ugLAz2UQcAR29TII593H_mUkOqQf2Tc4	OBJMisc_FOLEY-Product Box Put Down On Desk 02	wav	0.14	CinePRO Sound Library	Utility	
1bBzTl2yDdrRl--wRn6yTRjy4JINyKIh3	OBJMisc_FOLEY-Product Box Put Down On Desk 03	wav	0.83	CinePRO Sound Library	Utility	
1yh3dhLu0TMKyIfsO0L6J2cyQIDcvn2bQ	OBJMisc_FOLEY-Product Box Put Down On Desk 04	wav	0.63	CinePRO Sound Library	Utility	
1fGi2tAziCXE9QsCaCpHU2U7E9qX9yJHQ	OBJMisc_FOLEY-Product Box Put Down On Desk 05	wav	0.53	CinePRO Sound Library	Utility	
1ixnp24nPZ2xaDqBxdVtceSjT6bvuYOTA	OBJMisc_FOLEY-Product Box Put Down On Desk 06	wav	0.51	CinePRO Sound Library	Utility	
1ncnh8Ct4N1ncR-HuqY4NHiWYr3E3jeg6	OBJMisc_FOLEY-Product Box Put Down On Desk 07	wav	0.43	CinePRO Sound Library	Utility	
1ZV68MCWs3ca-35tfGcnFsvpV8AeDGcoD	OBJMisc_FOLEY-Product Box Put Down On Desk 08	wav	0.26	CinePRO Sound Library	Utility	
1ZHdhgWra4kdYM-PS-Gzrq6439z-9UV2-	OBJMisc_FOLEY-Product Box Put Down On Desk 09	wav	0.31	CinePRO Sound Library	Utility	
18WnEs3tJLA-bEDRTxHb-EIwz7URM6rCK	OBJMisc_FOLEY-Product Box Put Down On Desk 10	wav	0.28	CinePRO Sound Library	Utility	
1PRdZGEJEyBgjrs1WMRrAumvAbxhXikf5	OBJMisc_FOLEY-Product Box Put Down On Desk 11	wav	0.28	CinePRO Sound Library	Utility	
1EgudlTCY77IFt20mTTn5nQmdHwzXzzPy	OBJMisc_FOLEY-Product Box Put Down On Desk 12	wav	0.25	CinePRO Sound Library	Utility	
1NjD2BL9OEvddJpc9OaJSpSzM64706ji0	OBJMisc_FOLEY-Product Box Sliding On Desk 01	wav	0.54	CinePRO Sound Library	Utility	
1ZSR0oedM5pOfx8QWtGADTILhTb-UeGEM	OBJMisc_FOLEY-Product Box Sliding On Desk 02	wav	0.71	CinePRO Sound Library	Utility	
1Mhg4zYtC1MembUH0gVKBZjpY0appLbGr	OBJMisc_FOLEY-Product Box Sliding On Desk 03	wav	0.52	CinePRO Sound Library	Utility	
1BvxPsNUgr1kIvRGbkfInpLmSMQkLlxx-	OBJMisc_FOLEY-Product Box Sliding On Desk 04	wav	0.62	CinePRO Sound Library	Utility	
1JMjT5MXedvVNfWhEAhvpXdZu4x0L3sCA	OBJMisc_FOLEY-Product Box Sliding On Desk 05	wav	0.46	CinePRO Sound Library	Utility	
1PsLQIwNTHIYr4b_-MtCpqz2EzNQuo0Vq	OBJMisc_FOLEY-Small Weighted Object Put Down On Desk 01	wav	0.57	CinePRO Sound Library	Utility	
1Xsbx-pPhhBn_45iBXuzM8BeUBcYgLZno	OBJMisc_FOLEY-Small Weighted Object Put Down On Desk 02	wav	0.38	CinePRO Sound Library	Utility	
1dbCCUDG4jPfzxrVkTA-bYKGX0H1GoBYp	OBJMisc_FOLEY-Small Weighted Object Put Down On Desk 03	wav	0.27	CinePRO Sound Library	Utility	
1KmfpjlnAh9KHlpcemx5zLf3BGn9-a9B1	OBJMisc_FOLEY-Small Weighted Object Put Down On Desk 04	wav	0.27	CinePRO Sound Library	Utility	
1Js_6akbSmCjmixTz9LTnkWjt21VV1tFq	OBJMisc_FOLEY-Small Weighted Object Put Down On Desk 05	wav	0.19	CinePRO Sound Library	Utility	
1W1kdHgD6a8vhRh8dX-p-EfLRvCHValvC	OBJMisc_FOLEY-Small Weighted Object Put Down On Desk 06	wav	0.24	CinePRO Sound Library	Utility	
1M3m_CUO-rXsWkeYpCGoarILeHY_PGdd0	OBJMisc_FOLEY-Small Weighted Object Put Down On Desk 07	wav	0.22	CinePRO Sound Library	Utility	
1PpqfZaiGjrcHTJIPYCTxNL8q6qvJPoH5	OBJMisc_FOLEY-Small Weighted Object Put Down On Desk 08	wav	0.21	CinePRO Sound Library	Utility	
1OupN5_4AYK0MDHhhbxZkVtxdyzlHf9Rs	OBJMisc_FOLEY-Small Weighted Object Put Down On Desk 09	wav	0.12	CinePRO Sound Library	Utility	
18WmSqf_9JE2tSjFAUTYCttqithzolN3Z	OBJMisc_FOLEY-Small Weighted Object Put Down On Desk 10	wav	0.16	CinePRO Sound Library	Utility	
1_TzYUC-_X2UV1Gj3DXMB7ezN0vLeCwzI	OBJMisc_FOLEY-Small Weighted Object Sliding On Desk 01	wav	0.33	CinePRO Sound Library	Utility	
16E5jsFjU1rEvP2yld3fHYoecepv9Bo4I	OBJMisc_FOLEY-Small Weighted Object Sliding On Desk 02	wav	0.2	CinePRO Sound Library	Utility	
1jjDEfA4DuckFtB4OxLH1CdO3bSF5Q_II	OBJMisc_FOLEY-Small Weighted Object Sliding On Desk 03	wav	0.22	CinePRO Sound Library	Utility	
1K1pdqSAf_c-FPs6N-G48oATQgIjoD2Ye	OBJMisc_FOLEY-Small Weighted Object Sliding On Desk 04	wav	0.2	CinePRO Sound Library	Utility	
1oGKZ_mjZnrTffSSAdpT8XJ3inS1Ke08u	OBJMisc_FOLEY-Thumb Drive Put Down On Desk 01	wav	0.6	CinePRO Sound Library	Utility	
1AxlNWeEN4Hivxy79G3_4-Y8gK4EE7Rhy	OBJMisc_FOLEY-Thumb Drive Put Down On Desk 02	wav	0.29	CinePRO Sound Library	Utility	
1wCwANRsKaCKwUW9-utkBUnQ-OB4WFMuO	OBJMisc_FOLEY-Thumb Drive Put Down On Desk 03	wav	0.19	CinePRO Sound Library	Utility	
1UiS-ny-BLxpy03BTRD0LZ-aEVoEaLkL_	OBJMisc_FOLEY-Thumb Drive Put Down On Desk 04	wav	0.2	CinePRO Sound Library	Utility	
12jgOLt5fOBAC2P7A4o_TvB4N47oc9rat	OBJMisc_FOLEY-Thumb Drive Put Down On Desk 05	wav	0.2	CinePRO Sound Library	Utility	
1fOKNPN3FfdLnagxyrZ8UfoFXryiNkfad	OBJMisc_FOLEY-Thumb Drive Put Down On Desk 06	wav	0.18	CinePRO Sound Library	Utility	
1Lfm-ZpbxRywPMe1CDfLZ_tqkbLCxKV8u	OBJMisc_FOLEY-Thumb Drive Put Down On Desk 07	wav	0.2	CinePRO Sound Library	Utility	
1VqRUXUAZCSwte48pfyyOL7WYqPNoak-J	OBJMisc_FOLEY-Thumb Drive Put Down On Desk 08	wav	0.15	CinePRO Sound Library	Utility	
1fpa7Y7jqq-0JjLNevBnoh7xyFD1cLtgp	OBJMisc_FOLEY-Thumb Drive Put Down On Desk 09	wav	0.15	CinePRO Sound Library	Utility	
1LFpU1Y4nI8L58BPQuQvL6ecQaDKm4lH4	OBJMisc_FOLEY-Thumb Drive Put Down On Desk 10	wav	0.1	CinePRO Sound Library	Utility	
117sG3Jg9gxDa8C2q1-oZJ2qQebRRoY1O	OBJMisc_FOLEY-Thumb Drive Sliding On Desk 01	wav	0.35	CinePRO Sound Library	Utility	
1ar0sjkXSxFhvQwI9d-b-fydHAAlF9jBh	OBJMisc_FOLEY-Thumb Drive Sliding On Desk 02	wav	0.28	CinePRO Sound Library	Utility	
1ubgM063cs8iUCqBvZw-GnwNO4Sg97TbF	OBJMisc_FOLEY-Thumb Drive Sliding On Desk 03	wav	0.18	CinePRO Sound Library	Utility	
1luoPfzg2eaiLghrvq3QSID08qm5o5G8H	OBJMisc_FOLEY-Thumb Drive Sliding On Desk 04	wav	0.14	CinePRO Sound Library	Utility	
1ILTO7ZZbKG7-SiUA5Pr1V4cI0FtKaoD_	OBJMisc_FOLEY-Thumb Drive Sliding On Desk 05	wav	0.15	CinePRO Sound Library	Utility	
1HGTB44ScQFvCjKOwaF0uc_OJxdqXj-Ps	OBJMisc_FOLEY-Wood Put Down On Desk 01	wav	0.22	CinePRO Sound Library	Utility	
11ogS6CHjgqNFFD5802ohJ3yMFEhpt5Sp	OBJMisc_FOLEY-Wood Put Down On Desk 02	wav	0.17	CinePRO Sound Library	Utility	
19KbRP8BAcfpAd7A36Mgq3KvfqHqhAEXB	OBJMisc_FOLEY-Wood Put Down On Desk 03	wav	0.1	CinePRO Sound Library	Utility	
1u7Bg9ku_9SdUzvh7TpMRf0810KN_oO6z	OBJMisc_FOLEY-Wood Put Down On Desk 04	wav	0.15	CinePRO Sound Library	Utility	
1ORc0roacaUEW-VbI4IDojIu8_K-n_YtF	OBJMisc_FOLEY-Wood Put Down On Desk 05	wav	0.15	CinePRO Sound Library	Utility	
1dmwbf_s-6UTwxxCww_Jg5TLxm0nujGp8	OBJMisc_FOLEY-Wood Put Down On Desk 06	wav	0.14	CinePRO Sound Library	Utility	
1yvpjapRt9dswK7F2kKTknW5_4N7B7_E1	OBJMisc_FOLEY-Wood Put Down On Desk 07	wav	0.12	CinePRO Sound Library	Utility	
18fm-8VHskDsgnyjRAs7V0OtfRmHbEiYD	OBJMisc_FOLEY-Wood Put Down On Desk 08	wav	0.1	CinePRO Sound Library	Utility	
1fZqTQPu217W1xpCLgrOSA2epRcfWfN2B	OBJMisc_FOLEY-Wood Put Down On Desk 09	wav	0.1	CinePRO Sound Library	Utility	
16EFHpysHRhS1W-HEyBwKXiLza3-6Y9A5	OBJMisc_FOLEY-Wood Put Down On Desk 10	wav	0.14	CinePRO Sound Library	Utility	
1Z59Bu6qWmexuPGIpiNvf5VLxOSXL28pV	OBJMisc_FOLEY-Wood Sliding Desk 01	wav	0.73	CinePRO Sound Library	Utility	
1FFUYqZTEhWPbXTAb8OR9mfM7jj04Q-0Y	OBJMisc_FOLEY-Wood Sliding Desk 02	wav	0.55	CinePRO Sound Library	Utility	
1l3jZ2FfALM448Xi-i5pGITFGbYQogqbS	OBJMisc_FOLEY-Wood Sliding Desk 03	wav	0.52	CinePRO Sound Library	Utility	
1ti00wdzCd1Ps1aO0xnvrmaiMjq0rahGg	OBJMisc_FOLEY-Wood Sliding Desk 04	wav	0.49	CinePRO Sound Library	Utility	
1ZyuAdV1X4FW_JK804IKH5M-njhISxBXR	OBJMisc_FOLEY-Wood Sliding Desk 05	wav	0.5	CinePRO Sound Library	Utility	
1IzjVNFy1uoidj7tTjklULz6rUXvNV4aj	OBJMisc_FOLEY-Wood Sliding Desk 06	wav	0.35	CinePRO Sound Library	Utility	
1S_oRXhcX3xq3XHqNtWKYvvNS5z34PCsD	OBJMisc_FOLEY-Wood Sliding Desk 07	wav	0.4	CinePRO Sound Library	Utility	
13bhkvHy7CrUDyq7Efv8lDrosXo-UPFDt	OBJMisc_PERIPHERALS-Switches Cables Plugin Peripherals 01	wav	1.11	CinePRO Sound Library	Utility	
1M5ULpYKl1bW0SrFkqtxYRJx5pW-Ysrvw	OBJMisc_PERIPHERALS-Switches Cables Plugin Peripherals 02	wav	0.97	CinePRO Sound Library	Utility	
1tgSGX-h1mqLmllU_jfr65Rwm8jtx15aj	OBJMisc_PERIPHERALS-Switches Cables Plugin Peripherals 03	wav	0.62	CinePRO Sound Library	Utility	
1vQwc96-anwHCwAlBTJ8A8n5tZF0gcXRo	OBJMisc_PERIPHERALS-Switches Cables Plugin Peripherals 04	wav	0.86	CinePRO Sound Library	Utility	
1G_d70tFrRMl3Iwj9zDLTtRj-Ct8rso86	OBJMisc_PERIPHERALS-Switches Cables Plugin Peripherals 05	wav	0.85	CinePRO Sound Library	Utility	
1gZqhBvo5VdYco9EB2_E3cxc1-tHAKv7G	OBJMisc_PERIPHERALS-Switches Cables Plugin Peripherals 06	wav	0.83	CinePRO Sound Library	Utility	
1UhOqkiJKtRbdFbBGtRcxNiGadePHJ10r	OBJMisc_PERIPHERALS-Switches Cables Plugin Peripherals 07	wav	0.82	CinePRO Sound Library	Utility	
1Vi_Ujaqbw2E9WgIrBgUuXFDYMp3pAraU	OBJMisc_PERIPHERALS-Switches Cables Plugin Peripherals 08	wav	0.65	CinePRO Sound Library	Utility	
1_UCiPiwOkTrPHunxCM3Tl2qGo2SHnYl8	OBJMisc_PERIPHERALS-Switches Cables Plugin Peripherals 09	wav	0.62	CinePRO Sound Library	Utility	
1Ld6QYxOoW9OvtkY3V8-SZF_Bns1lTTxS	OBJMisc_PERIPHERALS-Switches Cables Plugin Peripherals 10	wav	0.62	CinePRO Sound Library	Utility	
18EGNo8WxNoVvDUntC-wfyalM4vBROlkQ	OBJMisc_PERIPHERALS-Switches Cables Plugin Peripherals 11	wav	0.6	CinePRO Sound Library	Utility	
1Br5rRz3-yZCC-QLcL90dWunoovWxLpeh	OBJMisc_PERIPHERALS-Switches Cables Plugin Peripherals 12	wav	0.59	CinePRO Sound Library	Utility	
1kYJBZ8Owj3yxn1azl-sAFccQyKl_-XaE	OBJMisc_PERIPHERALS-Switches Cables Plugin Peripherals 13	wav	0.55	CinePRO Sound Library	Utility	
12gC0B_zsQNXUGsRPt63K9FG3Lmo0RT8n	OBJMisc_PERIPHERALS-Switches Cables Plugin Peripherals 14	wav	0.53	CinePRO Sound Library	Utility	
1Z94j1oNyFOW5OroConc6aGEuNWx3T2X7	OBJMisc_PERIPHERALS-Switches Cables Plugin Peripherals 15	wav	0.51	CinePRO Sound Library	Utility	
1HQPyto8l34HxyjU3lSYsouSBTEqvSvAi	OBJMisc_PERIPHERALS-Switches Cables Plugin Peripherals 16	wav	0.46	CinePRO Sound Library	Utility	
1HWkDzLU9GSpYZXzKOFWSohI1IHjKi2B8	OBJMisc_PERIPHERALS-Switches Cables Plugin Peripherals 17	wav	0.44	CinePRO Sound Library	Utility	
1R9ut86dlwWHY2O-w-Sf66w7A3SICokB9	OBJMisc_PERIPHERALS-Switches Cables Plugin Peripherals 18	wav	0.43	CinePRO Sound Library	Utility	
1WG81ljpl4-MazOtrZSDyosqaj_IR6Olb	OBJMisc_PERIPHERALS-Switches Cables Plugin Peripherals 19	wav	0.4	CinePRO Sound Library	Utility	
1N5-RzGIYijsWGPwrB7i7dhbg59Rpbd7K	OBJMisc_PERIPHERALS-Switches Cables Plugin Peripherals 20	wav	0.39	CinePRO Sound Library	Utility	
1Zo0ECjH3EEvbYiakFZFFC5RkSMhpwkT8	OBJMisc_PERIPHERALS-Switches Cables Plugin Peripherals 21	wav	0.35	CinePRO Sound Library	Utility	
1i8r73-52cIEZ8w-Z45Mkhmy6oFpVKH3P	OBJMisc_PERIPHERALS-Switches Cables Plugin Peripherals 22	wav	0.34	CinePRO Sound Library	Utility	
1EDpJAGc-CsdCGEholbPJ_8sy800H4Bix	OBJMisc_PERIPHERALS-Switches Cables Plugin Peripherals 23	wav	0.34	CinePRO Sound Library	Utility	
1Aj9-iOnvOYfJ_C1h6GQTuQtCJV1VG7ey	OBJMisc_PERIPHERALS-Switches Cables Plugin Peripherals 24	wav	0.32	CinePRO Sound Library	Utility	
179U5oh7gTZtKIXfYmjtfcru3KNH_UdiY	OBJMisc_PERIPHERALS-Switches Cables Plugin Peripherals 25	wav	0.32	CinePRO Sound Library	Utility	
1zaXc8VIa8EWGoE88ham2qBFoqOn3JyMC	OBJMisc_PERIPHERALS-Switches Cables Plugin Peripherals 26	wav	0.31	CinePRO Sound Library	Utility	
1miC-jW2iBzydGsfLlxtF0PSDyN0XzbIQ	OBJMisc_PERIPHERALS-Switches Cables Plugin Peripherals 27	wav	0.31	CinePRO Sound Library	Utility	
1lE7efHHwJSP4rF8QpWpTJGT6zkfWmPxK	OBJMisc_PERIPHERALS-Switches Cables Plugin Peripherals 28	wav	0.29	CinePRO Sound Library	Utility	
1K15ypuCxFfI3_pUaRu-qdfY_cY1oAR8x	OBJMisc_PERIPHERALS-Switches Cables Plugin Peripherals 29	wav	0.27	CinePRO Sound Library	Utility	
1b1PydljI747akP0LKByRx2Bev5v7pAQU	OBJMisc_PERIPHERALS-Switches Cables Plugin Peripherals 30	wav	0.26	CinePRO Sound Library	Utility	
1kRmajPCkEf_Syb2aWLAo2HeGPfzKlLVb	OBJMisc_PERIPHERALS-Switches Cables Plugin Peripherals 31	wav	0.25	CinePRO Sound Library	Utility	
1pOfvEbHWIY2lT3AHEvGWZ4jcMSR4MEh8	OBJMisc_PERIPHERALS-Switches Cables Plugin Peripherals 32	wav	0.22	CinePRO Sound Library	Utility	
1ALYfZzfpgamyVoELfi1Hml15r-gppon2	OBJMisc_PERIPHERALS-Switches Cables Plugin Peripherals 33	wav	0.21	CinePRO Sound Library	Utility	
1Wuf8q2UjBUwpyScQxecK-xrCDmJvG8dK	OBJMisc_PERIPHERALS-Switches Cables Plugin Peripherals 34	wav	0.21	CinePRO Sound Library	Utility	
1AOQo0Akzxof1a9HB26DIWj144oqyI_12	OBJMisc_PERIPHERALS-Switches Cables Plugin Peripherals 35	wav	0.15	CinePRO Sound Library	Utility	
1pna-6FbZQSX3cBmdWS1KJJaXGr0JDpoD	OBJMisc_PERIPHERALS-Switches Cables Plugin Peripherals 36	wav	0.12	CinePRO Sound Library	Utility	
168lyPitORcNwaBfSbeGxO1d14HOROj3K	OBJMisc_PERIPHERALS-Switches Cables Plugin Peripherals 37	wav	0.12	CinePRO Sound Library	Utility	
18eV2NDN-7IIG8t5JZT34RAtBGqz-L7KR	OBJMisc_PERIPHERALS-Switches Cables Plugin Peripherals 38	wav	0.11	CinePRO Sound Library	Utility	
1KBOjksMGnjblBOxfg0ph3gUSwvYU0sLW	OBJMisc_PERIPHERALS-Switches Cables Plugin Peripherals 39	wav	0.1	CinePRO Sound Library	Utility	
17qpGR3HWx4eV3r90wz2ufbLzOyAa_JYn	OBJMisc_PERIPHERALS-Switches Cables Plugin Peripherals 40	wav	0.08	CinePRO Sound Library	Utility	
1acblrCg06bnSoqTEf2NDlhvpeg212qTR	OBJMisc_PERIPHERALS-Switches Cables Plugin Peripherals 41	wav	0.08	CinePRO Sound Library	Utility	
1jKMXJDgC2gAkCpeKdb0KYKPoO1yw1Flr	OBJMisc_PERIPHERALS-Switches Cables Plugin Peripherals 42	wav	0.04	CinePRO Sound Library	Utility	
1eyVHqF1ZZgprDRlP2dOWj1G1ahhR6qNl	OBJMisc_PERIPHERALS-Switches Cables Plugin Peripherals 43	wav	0.04	CinePRO Sound Library	Utility	
1VdyWdAvXshd4MoOOGYvewVTz86K90Pzv	OBJMisc_PERIPHERALS-Switches Cables Plugin Peripherals 44	wav	0.2	CinePRO Sound Library	Utility	
19LruxmE15lYJVxLTCAOyn7kiTR0tQXw0	OBJMisc_PERIPHERALS-Switches Cables Plugin Peripherals 45	wav	0.25	CinePRO Sound Library	Utility	
1_1UNeZnkQ4uanKXkZG3nO_Y3r_PcX_vg	OBJMisc_PERIPHERALS-Switches Cables Plugin Peripherals 46	wav	0.46	CinePRO Sound Library	Utility	
101ZzQ-9vLz1CfNfiIqVbr4SWljHRRbMx	OBJMisc_PERIPHERALS-Switches Cables Plugin Peripherals 47	wav	0.28	CinePRO Sound Library	Utility	
1NF-ytMmW_INLFD4Hyy-wU0S1w0n1yxLM	OBJMisc_PERIPHERALS-Switches Cables Plugin Peripherals 48	wav	0.72	CinePRO Sound Library	Utility	
1KJE0s851JjGpu-kqPqjs68uTQDBXgKBl	OBJMisc_PERIPHERALS-Switches Cables Plugin Peripherals 49	wav	0.17	CinePRO Sound Library	Utility	
1m1uwlU_VZYSinrZOYDLd4sQkEzIru7Lh	OBJMisc_PERIPHERALS-Switches Cables Plugin Peripherals 50	wav	0.63	CinePRO Sound Library	Utility	
1PPc9wgxKI5fm_CTiTT64uzdvQhxXsjnD	OBJMisc_PERIPHERALS-Switches Cables Plugin Peripherals 51	wav	0.36	CinePRO Sound Library	Utility	
1uXgl0kkd5-TlquUqjzWRjZQPpewq72hM	OBJMisc_PERIPHERALS-Switches Cables Plugin Peripherals 52	wav	0.29	CinePRO Sound Library	Utility	
1qKPrZ41TnGDQvWX-FiNQ7-p4-OOLQEuk	OBJMisc_PERIPHERALS-Switches Cables Plugin Peripherals 53	wav	0.23	CinePRO Sound Library	Utility	
1vIs78rjaS8fFho9Sxew3SpIjenZzbmCt	OBJMisc_PERIPHERALS-Switches Cables Plugin Peripherals 54	wav	0.21	CinePRO Sound Library	Utility	
1UFhJQikU-1SNQNx82jlWSdCSPRSuhX3M	OBJMisc_PERIPHERALS-Switches Cables Plugin Peripherals 55	wav	0.19	CinePRO Sound Library	Utility	
1Ry9qTSftLRDQxpbjlg21lSDJ4cTgqyY4	OBJMisc_PERIPHERALS-Switches Cables Plugin Peripherals 56	wav	0.16	CinePRO Sound Library	Utility	
1jcqnfUuv3dL-4N-uT5VdYb87u0yintCg	OBJMisc_PERIPHERALS-Switches Cables Plugin Peripherals 57	wav	0.13	CinePRO Sound Library	Utility	
1VcY8Qt1ucY9VCamYosuQsIdRyi6qE9Ez	OBJMisc_PERIPHERALS-Switches Cables Plugin Peripherals 58	wav	0.12	CinePRO Sound Library	Utility	
1grLO5LkFq6jaTQkzFMmkiL41pwsAJjFT	OBJWrite_WRITING-Marker 01	wav	5.35	CinePRO Sound Library	Utility	
18vLPGIniXxEd6C7lzxwjiEYXmDfc-wYi	OBJWrite_WRITING-Marker 02	wav	4.52	CinePRO Sound Library	Utility	
1exoNMizSe4ZtQSFz3JSu7ShpwA0KISI8	OBJWrite_WRITING-Marker 03	wav	3.44	CinePRO Sound Library	Utility	
1yHBleF-kjCKMMrFGKovRQDrrHFBHDOkR	OBJWrite_WRITING-Marker 04	wav	3.3	CinePRO Sound Library	Utility	
1xbHQTJf3z9xl2f_jmWyi73XraLemH0VL	OBJWrite_WRITING-Marker 05	wav	2.36	CinePRO Sound Library	Utility	
1sOn-myIsX_PM00cTT1Cm35ZTPt9rR7Qt	OBJWrite_WRITING-Marker 06	wav	2.05	CinePRO Sound Library	Utility	
1PId-s3rYDisagfX7FpgT0iD_t5K3aUxN	OBJWrite_WRITING-Marker 07	wav	1.84	CinePRO Sound Library	Utility	
1l9kYyNB56V44gpG2Jm3Hs_E5UW4bc_Re	OBJWrite_WRITING-Marker 08	wav	1.38	CinePRO Sound Library	Utility	
10OdZdOXaKVmb5ujdke4gB_HKFuhizJeC	OBJWrite_WRITING-Marker 09	wav	1.05	CinePRO Sound Library	Utility	
1sK2QXiveTHzL3EbKOCc60BoQfw56JvTI	OBJWrite_WRITING-Marker 10	wav	0.79	CinePRO Sound Library	Utility	
1imO7-cTDlJUkdENqQhvWa6cydjvpxsl0	OBJWrite_WRITING-Marker 11	wav	0.73	CinePRO Sound Library	Utility	
1soqpr7aNVnXMvPi6i71dgc1_UvmK6UEE	OBJWrite_WRITING-Marker 12	wav	0.6	CinePRO Sound Library	Utility	
1mxesxQaseMoYTgQL6Ek9CuCshUttdXCT	OBJWrite_WRITING-Marker 13	wav	0.6	CinePRO Sound Library	Utility	
1I_-XH2kLS_Gpue0frscYp7DOTY5w8kFj	OBJWrite_WRITING-Marker 14	wav	0.59	CinePRO Sound Library	Utility	
17L0IuRBGjkuEeTj0EK0nDbst5TTElBvP	OBJWrite_WRITING-Marker 15	wav	0.55	CinePRO Sound Library	Utility	
1LnQ0Gd1PgnlGE-I4-LHYLYKSoS3RwlCq	OBJWrite_WRITING-Marker 16	wav	0.51	CinePRO Sound Library	Utility	
1JTxQkHproHo0nn-JqjeJpsyDrfD3f0Fy	OBJWrite_WRITING-Marker 17	wav	0.5	CinePRO Sound Library	Utility	
1_lDDvtZGuqQrK9m0cwq4QXZKrcqJ_wRF	OBJWrite_WRITING-Marker 18	wav	0.46	CinePRO Sound Library	Utility	
15Rs9D6k-aZ9FpU5USF5XEhbJEulffaAe	OBJWrite_WRITING-Marker 19	wav	0.43	CinePRO Sound Library	Utility	
16Zahc5aGUCimrF2N7SZUeRIlHtP9zHx1	OBJWrite_WRITING-Marker 20	wav	0.43	CinePRO Sound Library	Utility	
1vnohYt6BqSSUXCc1_8xBh9iCYVi1ZZ4r	OBJWrite_WRITING-Marker 21	wav	0.33	CinePRO Sound Library	Utility	
13HztPA7MuHOi8plLMcBZ66Lat4aH10yX	OBJWrite_WRITING-Marker 22	wav	0.32	CinePRO Sound Library	Utility	
1woOwAGA7Hrw23wH_U_48Np4t1dZjxme8	OBJWrite_WRITING-Marker 23	wav	0.21	CinePRO Sound Library	Utility	
1Ejlvwx11MGWL8LtW7SwWfYnZibZNf2id	OBJWrite_WRITING-Marker 24	wav	0.17	CinePRO Sound Library	Utility	
1iDkFXocg3kBC5c1KpE-BoirFXhZz3Mq-	OBJWrite_WRITING-Marker 25	wav	0.16	CinePRO Sound Library	Utility	
148j5inuJO7pIvp-NcQwjXVcvVmi2_N0S	OBJWrite_WRITING-Marker 26	wav	0.14	CinePRO Sound Library	Utility	
1Fi7o-0uDDih8nz9mjj9fUx62ZyaOshas	OBJWrite_WRITING-Pen 01	wav	6.85	CinePRO Sound Library	Utility	
1ZzEPxGY9h2uqN9HFeMKiseQVV_-CrO5a	OBJWrite_WRITING-Pen 02	wav	4.93	CinePRO Sound Library	Utility	
1zGfV2Mn34qkI56NNamTtzOW90G2AaON7	OBJWrite_WRITING-Pen 03	wav	3.79	CinePRO Sound Library	Utility	
1pKiaQj4FD4E55V8LWNjJkNtmLp7qiPme	OBJWrite_WRITING-Pen 04	wav	3.77	CinePRO Sound Library	Utility	
1Rwz7Y_BjDAQ_qVAQ37y64xlF89bfqbbw	OBJWrite_WRITING-Pen 05	wav	2.66	CinePRO Sound Library	Utility	
1QZCHfPQbxUxMNhBYiZEHL0XNZRBsTXqh	OBJWrite_WRITING-Pen 06	wav	1.25	CinePRO Sound Library	Utility	
1IUds27oF5ohwBt4FM-DE9GY6JrPVnrh4	OBJWrite_WRITING-Pen 07	wav	1.08	CinePRO Sound Library	Utility	
1Ro5uUT776Q6PTAZYneBxFk9oOT9pMUCz	OBJWrite_WRITING-Pen 08	wav	1.01	CinePRO Sound Library	Utility	
1DTmWp3GbYRyN0H05wkfmxC02cRqDrDdz	OBJWrite_WRITING-Pen 09	wav	0.95	CinePRO Sound Library	Utility	
1P3H6wd-c0AzkbqwxykZGqQeQNk4dceGD	OBJWrite_WRITING-Pen 10	wav	0.87	CinePRO Sound Library	Utility	
1T26LlkwB117OJoiUQlUrprHxU3lclsFD	OBJWrite_WRITING-Pen 11	wav	0.86	CinePRO Sound Library	Utility	
1C7DAhimCN7VK7aPHEi1VLr1P45hepFPr	OBJWrite_WRITING-Pen 12	wav	0.83	CinePRO Sound Library	Utility	
1b13RlEaDxlvTxrzt4n7bNa57UaFzZwwi	OBJWrite_WRITING-Pen 13	wav	0.72	CinePRO Sound Library	Utility	
1euJxEukXxhdQEhpDF11iV29K_gWo1wsP	OBJWrite_WRITING-Pen 14	wav	0.72	CinePRO Sound Library	Utility	
1a8moyc7C8MFWg9MvVNhDud0-2WkmEZpI	OBJWrite_WRITING-Pen 15	wav	0.68	CinePRO Sound Library	Utility	
1hfDKzxOPXHN4gJZ2ibewMSkxGhVZpYZ4	OBJWrite_WRITING-Pen 16	wav	0.63	CinePRO Sound Library	Utility	
1npYhTnG2DbhWlSxQjE2YTzDTVBmEgX-9	OBJWrite_WRITING-Pen 17	wav	0.54	CinePRO Sound Library	Utility	
1zAcasGZvheas8Nt4cSse_yLaF4DAYdyG	OBJWrite_WRITING-Pen 18	wav	0.45	CinePRO Sound Library	Utility	
1qllLF1npqtbRINr1wgWpVpwXQ21SqozS	OBJWrite_WRITING-Pen 19	wav	0.4	CinePRO Sound Library	Utility	
1knEuDvST05RZNHuSZvLIpoJm1RbORVlB	OBJWrite_WRITING-Pen 20	wav	0.39	CinePRO Sound Library	Utility	
1mmOqYi-3L6xRPDLvTCdZKyMxkJ1nUHxv	OBJWrite_WRITING-Pen 21	wav	0.37	CinePRO Sound Library	Utility	
1hTN4P93EwiJPpP9H6JqWKH4E7fGsWgyp	OBJWrite_WRITING-Pen 22	wav	0.32	CinePRO Sound Library	Utility	
1ivdUglMWsRRr3Tq5ai26xspsvqjAk8fG	OBJWrite_WRITING-Pen 23	wav	0.3	CinePRO Sound Library	Utility	
13EtxUa3BRTbdRgXqDvpXSQ5B_tNZUZVx	OBJWrite_WRITING-Pen 24	wav	0.22	CinePRO Sound Library	Utility	
1KBGOtTAxAMtrodDvSn0DRCcxcjcQC3s_	OBJWrite_WRITING-Pen 25	wav	0.18	CinePRO Sound Library	Utility	
1OWDDsMl2lGnHgLDwK942VWUpzN7mRYtB	OBJWrite_WRITING-Pen 26	wav	0.17	CinePRO Sound Library	Utility	
1Yrz1F6OSjmyp4fEXfGcWtMycSxD8PwEX	OBJWrite_WRITING-Pen 27	wav	0.17	CinePRO Sound Library	Utility	
1uw1rTwKMkhzNs7ca8Ns2KEK47PRQsiIA	OBJWrite_WRITING-Pen 28	wav	0.14	CinePRO Sound Library	Utility	
17FcxMIXvaoUrJGKbvn8XKbJGEAiHRVBs	OBJWrite_WRITING-Pencil 01	wav	6.92	CinePRO Sound Library	Utility	
1_jkchq1hZGUWOk-RzDyHdRmU4mvwOkkR	OBJWrite_WRITING-Pencil 02	wav	6.27	CinePRO Sound Library	Utility	
1jmMu1D3eb-soX4O7i1OBHVuIIJ2Pvkzg	OBJWrite_WRITING-Pencil 03	wav	5.67	CinePRO Sound Library	Utility	
1WUX0KCO1l3eprzgxePjpq4_hJCDDnHSh	OBJWrite_WRITING-Pencil 04	wav	4.49	CinePRO Sound Library	Utility	
1NrsuAA55ggW6KGcjaanXYMFLWo82eiIn	OBJWrite_WRITING-Pencil 05	wav	3.61	CinePRO Sound Library	Utility	
1mdZdlJyhg0i9nzuxVb8goVdadNmMsxZ5	OBJWrite_WRITING-Pencil 06	wav	1.81	CinePRO Sound Library	Utility	
1JhZXPXxDcXVIigJVpJYBab67egB68Op3	OBJWrite_WRITING-Pencil 07	wav	1.48	CinePRO Sound Library	Utility	
1dl3gQ2E2zNUL0n7nr1ENl0kXoH2sW3e5	OBJWrite_WRITING-Pencil 08	wav	1.3	CinePRO Sound Library	Utility	
1wxPOYC1NRYMehlptn7NJ8YVAGlWeb9xr	OBJWrite_WRITING-Pencil 09	wav	1	CinePRO Sound Library	Utility	
1buGwR_JgNeRxQg3lVm1RVTUZYvN1Cyo7	OBJWrite_WRITING-Pencil 10	wav	0.98	CinePRO Sound Library	Utility	
1uxdrH9uhU6d13CiZrUgRQSto4C8EgE6V	OBJWrite_WRITING-Pencil 11	wav	0.87	CinePRO Sound Library	Utility	
1z_lOrN1rJ4M6fl0EhbebHlKY8MIhbL6C	OBJWrite_WRITING-Pencil 12	wav	0.67	CinePRO Sound Library	Utility	
1PWMoCS22koyZ8Lw3Ai1gXXKFy9mStw9J	OBJWrite_WRITING-Pencil 13	wav	0.5	CinePRO Sound Library	Utility	
1oqq25QzKvO6gQdImbDa3U2U29WUjpd7d	OBJWrite_WRITING-Pencil 14	wav	0.5	CinePRO Sound Library	Utility	
1hJbDN9bHnhlMxXgRMrQLxpwVHonLDA0p	OBJWrite_WRITING-Pencil 15	wav	0.48	CinePRO Sound Library	Utility	
1pf3MX7qRGvqUI3XqpUoDDa-kf8_WV4pR	OBJWrite_WRITING-Pencil 16	wav	0.48	CinePRO Sound Library	Utility	
1rYZMHFMbqhp0jbOOzpPQkOOBm8KHdJ9h	OBJWrite_WRITING-Pencil 17	wav	0.45	CinePRO Sound Library	Utility	
1y2jjtdMiiso7EUq5pvKY9Ly9lRUsVkg9	OBJWrite_WRITING-Pencil 18	wav	0.44	CinePRO Sound Library	Utility	
1e1ykyrMvgdpnb0aVujRiwlPotQfKfuH4	OBJWrite_WRITING-Pencil 19	wav	0.39	CinePRO Sound Library	Utility	
1bEbC1AfvP8R0e_4kkPD23f3FBqqiCxug	OBJWrite_WRITING-Pencil 20	wav	0.38	CinePRO Sound Library	Utility	
1UHwU26SkzDeT9VHgz59xVIb3ajzd-0se	OBJWrite_WRITING-Pencil 21	wav	0.38	CinePRO Sound Library	Utility	
1wmkWo_Nw2OUcLWu8zaU2vQKD_vN29c9J	OBJWrite_WRITING-Pencil 22	wav	0.37	CinePRO Sound Library	Utility	
1U6nLu2HXzIr_IzHyFeChSw31e41HRlXL	OBJWrite_WRITING-Pencil 23	wav	0.36	CinePRO Sound Library	Utility	
1KrAtruo5R-oRiJWB3oopLHe4p-wrhpjV	OBJWrite_WRITING-Pencil 24	wav	0.35	CinePRO Sound Library	Utility	
1JhOTIy2fh7dw865mFmjiRnUBH_owM28z	OBJWrite_WRITING-Pencil 25	wav	0.34	CinePRO Sound Library	Utility	
15p2cL0rV7Zswy0B71co3yEaNHSPL0dJ0	Odyssey	wav	104.56	CinePRO Sound Design	Essentials	
1Aqr-x9d3nmpI7XpXSDLP5ehScPFd9nwZ	OFF THE GRIDmp3	mp3	127.19	CinePRO Sound Design	PLAYLIST	
1NTas3ket0i1jKxgmLyARr2Qwyz4kZRWh	office_crowd_telephone_1	wav	12.82	CinePRO Sound Design	Essentials	
17oGLQ_O3HWCh8bu7HXpW0MAq5GCd7zNW	office_crowd_telephone_2	wav	13.96	CinePRO Sound Design	Essentials	
1cuYpKSlOPHWdB4bA6Tudm3FxLDB0Zg0c	Oliver Michael - City Angels	mp3	97.07	CinePRO Sound Design	PLAYLIST	
1iJZ5VpVULT-xes1T2peQ8ppRghuefBY3	Open Up Emotions	wav	82.29	CinePRO Sound Design	PLAYLIST	
1Zh4zCOwq9k7hr_ZHmQL88Y5_92eBDsKM	Open Up Emotions (middle version)	wav	61.71	CinePRO Sound Design	PLAYLIST	
1JNuDn39xJbQRScZZyCquArzSaYPxpVtD	Open Up Emotions (shorts version)	wav	32.57	CinePRO Sound Design	PLAYLIST	
1as6nPO-9yKGQltYimaKmrLz2MO0zTupF	Ori Brinker - All for the Future	mp3	182.07	CinePRO Sound Design	PLAYLIST	
1QgPe983ua4cbFFmUja7XaXlidODem4Bc	Orian Rose - Underwater	mp3	178.73	CinePRO Sound Design	PLAYLIST	
1HvIeW28cwwYhyvHSnsfBPxud-fGoJbCe	Orquestra_Epic_short	wav	7.06	CinePRO Sound Design	SFX	
1YQLnInEJGt2CWMEqHwgr7FfRoTxSHUfK	OsMan - SAMURAI	mp3	171.94	CinePRO Sound Design	PLAYLIST	
1okC0Kw2hqk5THlz-jsm3nAif4k-yjcLl	Out of Existance	wav	5.89	CinePRO Sound Design	SFX	
1hD9AuFPVutzHSkaccd8cGqs6b9A0fSRl	Out of Flux - The Great Wild	mp3	106.48	CinePRO Sound Design	PLAYLIST	
1YnXIDj0HJFFqw3UvrRAVuPkxaSIOHZUy	Outrun Synth	wav	52	CinePRO Sound Design	Essentials	
1o3ek8nXbkwCK34CD1iCEPkl5OTGzBrwD	package_drop_1	wav	0.48	CinePRO Sound Design	Essentials	
1uAE9f5N__3gdOFeVEe-cBLtZi1eyoszr	package_drop_2	wav	0.33	CinePRO Sound Design	Essentials	
1Nq77PbSMwi1-laOPF7UuWBz1KN1fh1ey	package_drop_3	wav	0.57	CinePRO Sound Design	Essentials	
1O-QpAczFW1hDGy85I2Wk5BthX_gnA9GO	package_drop_4	wav	0.28	CinePRO Sound Design	Essentials	
1fxtn7H1EPhxn6in6k4SNxddEZy9YF8ZK	package_drop_5	wav	0.3	CinePRO Sound Design	Essentials	
14wuouYurSStrzbZNzjgTActp2BxKQcer	package_drop_6	wav	0.41	CinePRO Sound Design	Essentials	
1tAGERio8EDi7FGjDRWBbnRlSleVsKAxd	package_drop_7	wav	0.71	CinePRO Sound Design	Essentials	
19Tks3hijTCiJAJidn4o4NJwiX-V3zVXu	package_drop_8	wav	0.49	CinePRO Sound Design	Essentials	
12mQ7z95V4u4oo2W3YoKljKjlNL4QpfpH	Paper Smash Squash Tear	wav	1.27	CinePRO Sound Design	SFX	
1gvoxHIl_3JyZ59Dk8xT2l6ekUnCi-L3s	PAPRHndl_BOOKS AND NOTES-Crumple 01	wav	0.85	CinePRO Sound Library	Utility	
1GcrB1Lgx3f7Z-b2IUZ2NqMYFwBrDT7Zq	PAPRHndl_BOOKS AND NOTES-Crumple 02	wav	1.44	CinePRO Sound Library	Utility	
1O1MTOMiVecr1LJ5v6ZRvs0YvJinJVze8	PAPRHndl_BOOKS AND NOTES-Crumple 03	wav	0.86	CinePRO Sound Library	Utility	
1matL-MRENVT8IEMPEe_v_qJbYsET5C8v	PAPRHndl_BOOKS AND NOTES-Crumple 04	wav	1.33	CinePRO Sound Library	Utility	
1kwsdrYnMPL5Irfs3G4Q7MUneaXW2vEiV	PAPRHndl_BOOKS AND NOTES-Crumple 05	wav	1.11	CinePRO Sound Library	Utility	
1TyU1SPIumYAugmTONCccf-M3xo5IsinC	PAPRHndl_BOOKS AND NOTES-Flip 01	wav	1.65	CinePRO Sound Library	Utility	
1ok2RLUNvA3uhcul3CL7LjIpGzRELSdub	PAPRHndl_BOOKS AND NOTES-Flip 02	wav	1.08	CinePRO Sound Library	Utility	
10KA54nCdNlZVQpquorIFdIdrqxnpFvjW	PAPRHndl_BOOKS AND NOTES-Flip 03	wav	1.52	CinePRO Sound Library	Utility	
1n1StCNFkdW8GHKel2Nr7RqqzhMRUFtI1	PAPRHndl_BOOKS AND NOTES-Flip 04	wav	1.04	CinePRO Sound Library	Utility	
1qaFihQUan7kEWMeKEEwONl74FeD6EZSz	PAPRHndl_BOOKS AND NOTES-Flip 05	wav	1.11	CinePRO Sound Library	Utility	
1lbY0X6wShAGuXIgeJqzFuBuwu3J_9Zjl	PAPRHndl_BOOKS AND NOTES-Flip 06	wav	2.18	CinePRO Sound Library	Utility	
1zWbGcq7ujqkrOwpiU6e67i0YBjcJ6mqv	PAPRHndl_BOOKS AND NOTES-Flip 07	wav	0.24	CinePRO Sound Library	Utility	
1WXmo6BTz90u-BmHcgSRehMHJxWANl5c0	PAPRHndl_BOOKS AND NOTES-Flip 08	wav	0.3	CinePRO Sound Library	Utility	
1TK6yB0hEaCxXytplTXVS9w0bVJEnS_fx	PAPRHndl_BOOKS AND NOTES-Flip 09	wav	0.27	CinePRO Sound Library	Utility	
1lH3TJ8cBbowwzEEotR_7C405WuUZKIYk	PAPRHndl_BOOKS AND NOTES-Flip 10	wav	0.25	CinePRO Sound Library	Utility	
1_Q-t4Fcec3Abh7g_fvWFIBPHbL0D0XiD	PAPRHndl_BOOKS AND NOTES-Flip 11	wav	0.35	CinePRO Sound Library	Utility	
1ojvNi6nYC_onCwspAhejbUEBTS-aDy5G	PAPRHndl_BOOKS AND NOTES-Flip 12	wav	0.3	CinePRO Sound Library	Utility	
18022x_zaYCmzzgSHBlz1eM9TTrC7qjf3	PAPRHndl_BOOKS AND NOTES-Flip 13	wav	0.29	CinePRO Sound Library	Utility	
1Geb1Uv4YV-REZ_KoesuzS6PTIoVQJY53	PAPRHndl_BOOKS AND NOTES-Flip 14	wav	0.29	CinePRO Sound Library	Utility	
1fZiweS8Dhq1vzNCoO6-yJ0Z-ZA6ZyRWw	PAPRHndl_BOOKS AND NOTES-Flip 15	wav	0.21	CinePRO Sound Library	Utility	
1Aqtd5t3Jdbkc_NGRL_af0Obu9HD7HVRf	PAPRHndl_BOOKS AND NOTES-Flip 16	wav	0.34	CinePRO Sound Library	Utility	
1OJOQnsMlrIQ3lDZ0UkwCHp79HYmmIKzN	PAPRHndl_BOOKS AND NOTES-Flip 17	wav	0.3	CinePRO Sound Library	Utility	
1jfDELJK2lPiH3oOUrfDO9VmEmWQlqPPW	PAPRHndl_BOOKS AND NOTES-Flip 18	wav	0.23	CinePRO Sound Library	Utility	
1CKgEJ_j8ujNSPr1kdVTYsAlBl_0D5__-	PAPRHndl_BOOKS AND NOTES-Flip 19	wav	0.29	CinePRO Sound Library	Utility	
1eRS64Kb0gjIaJ9WWugWkspUCS7rYcWtE	PAPRHndl_BOOKS AND NOTES-Flip 20	wav	0.29	CinePRO Sound Library	Utility	
1MUJEwTTS0XbyKXcnKAwSZOmc6t0qDvW_	PAPRHndl_BOOKS AND NOTES-Flip 21	wav	0.6	CinePRO Sound Library	Utility	
1r-yxv4s_NbRmTnY1ZB_SEX9x0Hxrbp22	PAPRHndl_BOOKS AND NOTES-Flip 22	wav	0.3	CinePRO Sound Library	Utility	
1Ff2Gsg-qdTb5dOxnf4fsVsBGTwb4_v7K	PAPRHndl_BOOKS AND NOTES-Flip 23	wav	0.4	CinePRO Sound Library	Utility	
1sZM3HCEgdBnaJgaBc4LPOBolj9AyXGMu	PAPRHndl_BOOKS AND NOTES-Note Sheet Turn 01	wav	0.53	CinePRO Sound Library	Utility	
1P968qd1SIGeMzcC2xupV7wwSxpRqSfqM	PAPRHndl_BOOKS AND NOTES-Note Sheet Turn 02	wav	1.53	CinePRO Sound Library	Utility	
1z4e-A8NGtphOaqgE3IAaInGfde-aalyj	PAPRHndl_BOOKS AND NOTES-Note Sheet Turn 03	wav	1.37	CinePRO Sound Library	Utility	
1CLlMx-LzGG8HnQYyDCP5HBd0VtyyU58N	PAPRHndl_BOOKS AND NOTES-Note Sheet Turn 04	wav	0.29	CinePRO Sound Library	Utility	
1ySrLDymPhfIH1tVmKe9L7QgKYP5r3Am2	PAPRHndl_BOOKS AND NOTES-Note Sheet Turn 05	wav	0.34	CinePRO Sound Library	Utility	
1rhfXeGnXvWbCo0D63vi3jOw0MybwEVlM	PAPRHndl_BOOKS AND NOTES-Note Sheet Turn 06	wav	0.15	CinePRO Sound Library	Utility	
1G6y6VLbX9EpGo8KgWiXowtAH6JTQUgva	PAPRHndl_BOOKS AND NOTES-Note Sheet Turn 07	wav	0.69	CinePRO Sound Library	Utility	
1VuiTk3QYUj5j74pPp2ixen7I5Wzdbi9-	PAPRHndl_BOOKS AND NOTES-Note Sheet Turn 08	wav	0.48	CinePRO Sound Library	Utility	
1St12wYjb_l3xJh7Liy_7aIz55iWqH_za	PAPRHndl_BOOKS AND NOTES-Note Sheet Turn 09	wav	0.81	CinePRO Sound Library	Utility	
1CnNDkM5ijbWVo1umQA3A_ihmIxXHfq7R	PAPRHndl_BOOKS AND NOTES-Note Sheet Turn 10	wav	0.86	CinePRO Sound Library	Utility	
1aedocdJjCm1D4T1CjJMMfgWRHai279B_	PAPRHndl_BOOKS AND NOTES-Note Sheet Turn 11	wav	0.5	CinePRO Sound Library	Utility	
1C7S0v9OsEQm9xNtxLpK6vwEY78XZ50BL	PAPRHndl_BOOKS AND NOTES-Note Sheet Turn 12	wav	0.35	CinePRO Sound Library	Utility	
1y025ErwCkqAuNRdQCRsOuPoeXerXQd82	PAPRHndl_BOOKS AND NOTES-Note Sheet Turn 13	wav	0.23	CinePRO Sound Library	Utility	
1mfoLxFqK3gk0B0uvnzY2QUKDRx1oDHYu	PAPRHndl_BOOKS AND NOTES-Note Sheet Turn 14	wav	0.18	CinePRO Sound Library	Utility	
1tT6TWx7Ga9teFtX_1aOD-AuCTMlx3F1v	PAPRHndl_BOOKS AND NOTES-Note Sheet Turn 15	wav	0.17	CinePRO Sound Library	Utility	
1efanvRlxp0aDGnp7Z0zNd-2qL297GqaM	PAPRHndl_BOOKS AND NOTES-Note Sheet Turn 16	wav	0.16	CinePRO Sound Library	Utility	
10ascIv-GyAqUQlLoEle0MByNBRmpt8Fh	PAPRHndl_BOOKS AND NOTES-Note Sheet Turn 17	wav	0.18	CinePRO Sound Library	Utility	
1CNF5yjD_lzbd5qv2Zx1y5HxX4DE9G8b9	PAPRHndl_BOOKS AND NOTES-Note Sheet Turn 18	wav	0.19	CinePRO Sound Library	Utility	
1AGwyfae6GmI4BBRsIffLzLncQiFhlOA7	PAPRHndl_BOOKS AND NOTES-Note Sheet Turn 19	wav	0.31	CinePRO Sound Library	Utility	
1WRK3auC-q6mps9zfUxgEGGAkXD-dwJka	PAPRHndl_BOOKS AND NOTES-Note Sheet Turn 20	wav	1.4	CinePRO Sound Library	Utility	
19D6t0iaSe0jiDCcP8iBKtW5gasRwMSjm	PAPRHndl_BOOKS AND NOTES-Note Sheet Turn 21	wav	1.9	CinePRO Sound Library	Utility	
1uRbmoj6c5P5meCsqjmF-3bOIZJcpLyCq	PAPRHndl_BOOKS AND NOTES-Note Sheet Turn 22	wav	0.58	CinePRO Sound Library	Utility	
1t_Lxw9EFgZDiYPxmmc69Kd03W_M9ldWp	PAPRHndl_BOOKS AND NOTES-Note Sheet Turn 23	wav	1.07	CinePRO Sound Library	Utility	
1vV1BYevZQ_k0nAPuWDKYcQ16SLwdYCxL	PAPRHndl_BOOKS AND NOTES-Note Sheet Turn 24	wav	1.1	CinePRO Sound Library	Utility	
1Dms3L6-S_t1mVUx_9E5VTX1F7BYnTZXo	PAPRHndl_BOOKS AND NOTES-Note Sheet Turn 25	wav	1.02	CinePRO Sound Library	Utility	
1bXJeOWoNWua-MX65w4H6crj54grqdIYQ	PAPRHndl_BOOKS AND NOTES-Note Sheet Turn 26	wav	0.91	CinePRO Sound Library	Utility	
1UdH0Vuj78_qNxZA-ySN9CaZsEpmy_Kc7	PAPRHndl_BOOKS AND NOTES-Note Sheet Turn 27	wav	0.8	CinePRO Sound Library	Utility	
1-z6GPKw_045H6ca2MBKhcq5RubwnOhUD	PAPRHndl_BOOKS AND NOTES-Note Sheet Turn 28	wav	2.04	CinePRO Sound Library	Utility	
1yiiqWSfYo_QeXLnLzGShXltSm4n51E6-	PAPRHndl_BOOKS AND NOTES-Note Sheet Turn 29	wav	0.76	CinePRO Sound Library	Utility	
1DZ2skAAQPTB06CanSYDKzfn1AldDb25F	PAPRHndl_BOOKS AND NOTES-Page Flip 01	wav	2.27	CinePRO Sound Library	Utility	
1BY1zYgydyELsDLeRPi935fOerr9f_lxd	PAPRHndl_BOOKS AND NOTES-Page Flip 02	wav	0.31	CinePRO Sound Library	Utility	
1gF_uyfS4LHwprEb5kglMWzQQEO9QlSys	PAPRHndl_BOOKS AND NOTES-Page Flip 03	wav	0.79	CinePRO Sound Library	Utility	
1cUaoZXGg6OSs0EiXUBZFN9t1GWM9yGDH	PAPRHndl_BOOKS AND NOTES-Page Flip 04	wav	0.75	CinePRO Sound Library	Utility	
19ihN7VM63KZkI7PbrayWEUMAQfO02yoR	PAPRHndl_BOOKS AND NOTES-Page Flip 05	wav	1.58	CinePRO Sound Library	Utility	
1Nw2GrjQ3DOzuNibBUSMVSp26prQ4DtO9	PAPRHndl_BOOKS AND NOTES-Page Flip 06	wav	1.26	CinePRO Sound Library	Utility	
1M7wrAzgIdVVqIsOXOkwJPWsxkd6yBtVn	PAPRHndl_BOOKS AND NOTES-Page Flip 07	wav	1.85	CinePRO Sound Library	Utility	
1l7L8t6TLTISyJmLNGP4SUcCdD_C_cNQi	PAPRHndl_BOOKS AND NOTES-Page Flip 08	wav	1.39	CinePRO Sound Library	Utility	
1GSNu0YQz8Zj5sQByZoe8GAC98D8nE8Fe	PAPRHndl_BOOKS AND NOTES-Page Flip 09	wav	0.29	CinePRO Sound Library	Utility	
1A7MZxgIemwgWQh18TjYBY7ppMDxbSJBO	PAPRHndl_BOOKS AND NOTES-Page Flip 10	wav	0.57	CinePRO Sound Library	Utility	
1cZu2mvDCgVTkx70mImx4OQo_gSNw14_t	PAPRHndl_BOOKS AND NOTES-Page Flip 11	wav	1.51	CinePRO Sound Library	Utility	
1ZduGysuYOi59pKgRNyATw735HWVS7mHn	PAPRHndl_BOOKS AND NOTES-Page Flip 12	wav	0.41	CinePRO Sound Library	Utility	
1BhAaJYPPaodVKhE-75xHXUuFRal8F-FH	PAPRHndl_BOOKS AND NOTES-Page Flip 13	wav	0.72	CinePRO Sound Library	Utility	
1C-QQEmBVAiRkuqbrqBNRVtS7kOqXVYh6	PAPRHndl_BOOKS AND NOTES-Page Flip 14	wav	0.5	CinePRO Sound Library	Utility	
12VK0OjkKSsFG39jFSWlUOflP4RyghdA0	PAPRHndl_BOOKS AND NOTES-Page Flip 15	wav	1.35	CinePRO Sound Library	Utility	
1WHG06l00AXk3SzO6vLzTVt_dYhv7O-6p	PAPRHndl_BOOKS AND NOTES-Page Flip 16	wav	0.36	CinePRO Sound Library	Utility	
1R0RS5kNrZ_DIvvCjvYbqbgymb95XRukT	PAPRHndl_BOOKS AND NOTES-Page Flip 17	wav	0.43	CinePRO Sound Library	Utility	
1qXIDJTjD2gsO-GFuvU6xhf3bOHSz8KjO	PAPRHndl_BOOKS AND NOTES-Page Flip 18	wav	0.55	CinePRO Sound Library	Utility	
1DlTiwIoWsZU9fTmKkCG9O2_OBo-t9Si0	PAPRHndl_BOOKS AND NOTES-Page Flip 19	wav	1.17	CinePRO Sound Library	Utility	
1i59qePmiHgGYwqgYnPDnw7PTKOdFh-H3	PAPRHndl_BOOKS AND NOTES-Page Flip 20	wav	0.55	CinePRO Sound Library	Utility	
1OEUVgDE59uHrtR32kCUFGWWw8N8pgXUa	PAPRHndl_BOOKS AND NOTES-Page Flip 21	wav	0.67	CinePRO Sound Library	Utility	
13GVc9tN8KB--ieOzZWZPr68KFje7mUGl	PAPRHndl_BOOKS AND NOTES-Page Flip 22	wav	0.53	CinePRO Sound Library	Utility	
1Tqvj3qZwhFppn84BNi4-KNwSTeNiZ0KP	PAPRHndl_BOOKS AND NOTES-Page Flip 23	wav	1.7	CinePRO Sound Library	Utility	
10AVGf2dSMXZ4EGmGdO9A2OJet4PtZKYj	PAPRHndl_BOOKS AND NOTES-Page Flip 24	wav	2.83	CinePRO Sound Library	Utility	
1JZJbS8JerOgMcNYI02Ssh38z_VRsC4XM	PAPRHndl_BOOKS AND NOTES-Page Flip 25	wav	2.56	CinePRO Sound Library	Utility	
1GssnxrGqHQMd0Te6OJ_NjOUyE6K45uB6	PAPRHndl_BOOKS AND NOTES-Page Flip 26	wav	1.3	CinePRO Sound Library	Utility	
1VztsQRspfl8AESjdIz9x5honCqWoEctS	PAPRHndl_BOOKS AND NOTES-Page Flip 27	wav	1.34	CinePRO Sound Library	Utility	
1-Lwe2NLVHj4uqAhEPyezKx-4FV0cU4Yd	PAPRHndl_BOOKS AND NOTES-Page Flip 28	wav	3.49	CinePRO Sound Library	Utility	
1rRpDeQthszIwUqcd-ebosNEHE2dgXJHY	PAPRHndl_BOOKS AND NOTES-Page Flip 29	wav	0.6	CinePRO Sound Library	Utility	
1RYSpFRC4ToLXKjfygO8w6i6_YdNistoz	PAPRHndl_BOOKS AND NOTES-Page Flip 30	wav	0.53	CinePRO Sound Library	Utility	
1cBwxHVmyYpzwjzgyW9vJOWT50SJ8TqbH	PAPRHndl_BOOKS AND NOTES-Page Flip 31	wav	0.32	CinePRO Sound Library	Utility	
1T_4CcFAgw644YsTe-0W4JpTrnWTcxdxm	PAPRHndl_BOOKS AND NOTES-Page Flip 32	wav	0.47	CinePRO Sound Library	Utility	
1-HcoVe3pRvfZnI8peGTLey1VRTStKhT9	PAPRHndl_BOOKS AND NOTES-Page Flip 33	wav	0.69	CinePRO Sound Library	Utility	
1nbsUwvBNLP9ldZbNOum2YifVhAD00CPX	PAPRHndl_BOOKS AND NOTES-Page Turn 01	wav	0.67	CinePRO Sound Library	Utility	
1ukRDgQzI3B2ba8fyX5X5j5sipxXxXfW5	PAPRHndl_BOOKS AND NOTES-Page Turn 02	wav	0.92	CinePRO Sound Library	Utility	
1LSMvlNqUMaZz3ENViNN2XNFuBUuxOZY2	PAPRHndl_BOOKS AND NOTES-Page Turn 03	wav	0.48	CinePRO Sound Library	Utility	
1Ce4Lob4JP4awDTkOWM8UEeUhH4hr6Pj0	PAPRHndl_BOOKS AND NOTES-Page Turn 04	wav	1.01	CinePRO Sound Library	Utility	
1BNWCGFskcaVtP81I-7NZCTaJfq8GGEFy	PAPRHndl_BOOKS AND NOTES-Page Turn 05	wav	0.6	CinePRO Sound Library	Utility	
14LX-WsqkF42l4_9EAJN-3t4qwrqf6yu3	PAPRHndl_BOOKS AND NOTES-Page Turn 06	wav	1.21	CinePRO Sound Library	Utility	
1zwKBFC-anLGnAcSNuT4a__pBwYxgWWy-	PAPRHndl_BOOKS AND NOTES-Page Turn 07	wav	0.8	CinePRO Sound Library	Utility	
16YrX6xx3Jnzcv7zAU4MZg1krWefyd0Js	PAPRHndl_BOOKS AND NOTES-Page Turn 08	wav	0.87	CinePRO Sound Library	Utility	
1YgiTUn6Zjalfltn85ht_lGbdjliFH4W1	PAPRHndl_BOOKS AND NOTES-Page Turn 09	wav	0.47	CinePRO Sound Library	Utility	
1DVDwj3z7lytjG7dHCQ9d5qo58oWMKN8X	PAPRHndl_BOOKS AND NOTES-Page Turn 10	wav	0.69	CinePRO Sound Library	Utility	
1CbaQDwWgA_cokghpHTbuD5jf6x_V3RHl	PAPRHndl_BOOKS AND NOTES-Page Turn 11	wav	0.74	CinePRO Sound Library	Utility	
1As_gJHNzYDSf82oNlkftLBhB6fGfiQKT	PAPRHndl_BOOKS AND NOTES-Page Turn 12	wav	0.76	CinePRO Sound Library	Utility	
1iAA0mX9pX5eDkTqRJAZ2hNfEHYwtAZ_H	PAPRHndl_BOOKS AND NOTES-Page Turn 13	wav	0.91	CinePRO Sound Library	Utility	
1QO-jtnuhH4Tt0nx9ZT1lFycbs5TUc4gF	PAPRHndl_BOOKS AND NOTES-Page Turn 14	wav	0.71	CinePRO Sound Library	Utility	
1inIL6ZlCEtI02uYBJjuxhr1H0YFnejJ0	PAPRHndl_BOOKS AND NOTES-Peel 01	wav	0.81	CinePRO Sound Library	Utility	
18y4rxgtd-M1rMtGKzors8m8JTsHZpn0h	PAPRHndl_BOOKS AND NOTES-Peel 02	wav	0.64	CinePRO Sound Library	Utility	
1Pb-7o43s-KHaJTiFykuFCzcUImeUmmWF	PAPRHndl_BOOKS AND NOTES-Peel 03	wav	0.72	CinePRO Sound Library	Utility	
1unvIUy8rmK0UQTMWtZXvG8RxgURPjB7R	PAPRHndl_BOOKS AND NOTES-Peel 04	wav	0.58	CinePRO Sound Library	Utility	
1w7b6YBHOmSrCOwE0zM7y0ZQWLPQ-UR4T	PAPRHndl_BOOKS AND NOTES-Peel 05	wav	0.38	CinePRO Sound Library	Utility	
1FwJ4N8OT0JvmQJeMy9ehZw70iDaQpULH	PAPRHndl_BOOKS AND NOTES-Peel 06	wav	0.4	CinePRO Sound Library	Utility	
1jaRo3UmGdTpqnuAZEUuBAaGZ4DB8C6tC	PAPRHndl_BOOKS AND NOTES-Peel 07	wav	0.28	CinePRO Sound Library	Utility	
1GcgI5RVc7cd0QueftytFpDl1Dftxl3yl	PAPRHndl_BOOKS AND NOTES-Peel 08	wav	0.31	CinePRO Sound Library	Utility	
1M_qIYrU2dN6IQItb0mXD2KZFDUeCuJPn	PAPRHndl_BOOKS AND NOTES-Peel 09	wav	0.34	CinePRO Sound Library	Utility	
1-xfGf1A91iGTygM2-s49WaYhq29sPCGC	PAPRHndl_BOOKS AND NOTES-Peel 10	wav	0.35	CinePRO Sound Library	Utility	
15UW8S0FpsV94cgxIhAtbVNl_dJQ6LAV2	PAPRHndl_BOOKS AND NOTES-Peel 11	wav	0.24	CinePRO Sound Library	Utility	
1_kS2YBsJcU2xPR8_XgqxrqQdnvcKnudB	PAPRHndl_BOOKS AND NOTES-Peel 12	wav	0.28	CinePRO Sound Library	Utility	
1MPydrGEUXcxsUkZUBgDDSnLUhrWScUtn	PAPRHndl_BOOKS AND NOTES-Peel 13	wav	0.3	CinePRO Sound Library	Utility	
1wU9vsQ3JGi6AvnvAsisnED1YakXFchmh	PAPRHndl_BOOKS AND NOTES-Peel 14	wav	0.31	CinePRO Sound Library	Utility	
1IlT0eKeDNpbaysdwZHLei68u1lOaLwuJ	PAPRRip_BOOKS AND NOTES-Rip 01	wav	0.74	CinePRO Sound Library	Utility	
1BPxPzFsQT0VXW4KlUD-VOiSFo3MXywS5	PAPRRip_BOOKS AND NOTES-Rip 02	wav	0.86	CinePRO Sound Library	Utility	
11SvarY9vFKozXXyoZl8Ztr_jnUvJlWB-	PAPRRip_BOOKS AND NOTES-Rip 03	wav	0.45	CinePRO Sound Library	Utility	
1NW0-ob1CijaBse6xrzWa1n_NSd7SHdsJ	PAPRRip_BOOKS AND NOTES-Rip 04	wav	0.94	CinePRO Sound Library	Utility	
1Q7a8o15Ap-JCj9RPTyU5MMk9aQwgVI6e	PAPRRip_BOOKS AND NOTES-Rip 05	wav	0.62	CinePRO Sound Library	Utility	
1ZIKktAU3A6ERDbC0-ACl5NBIPC_VljMs	PAPRRip_BOOKS AND NOTES-Rip 06	wav	0.69	CinePRO Sound Library	Utility	
1OK0z36t63UL0HsjMJ67vUrotg7AaRsZ5	PAPRRip_BOOKS AND NOTES-Rip 07	wav	0.75	CinePRO Sound Library	Utility	
14uDnyO8SNSnUsF0ZP_5UsDEbG--QQE-h	PAPRRip_BOOKS AND NOTES-Rip 08	wav	0.35	CinePRO Sound Library	Utility	
1hVPIgavq4olJsZ9ESqpGiNZ8KfrWONZD	PAPRRip_BOOKS AND NOTES-Rip 09	wav	0.39	CinePRO Sound Library	Utility	
1I8x6DqegeOXTR9c6wMMwrX3-UUUgiRNf	PAPRRip_BOOKS AND NOTES-Rip 10	wav	0.26	CinePRO Sound Library	Utility	
1ABbUIp_hiMdEW5rpjd9xCywIyXDwEzNA	PAPRRip_BOOKS AND NOTES-Rip 11	wav	0.38	CinePRO Sound Library	Utility	
12ToI9DMXPV3-vK9nXtUzNMeNbotbgv79	PAPRRip_BOOKS AND NOTES-Rip 12	wav	0.31	CinePRO Sound Library	Utility	
1NhwwOX3mlMiMZ4nUq3Gzc8FR-qGagxs0	PAPRRip_BOOKS AND NOTES-Rip 13	wav	0.26	CinePRO Sound Library	Utility	
1P8u0Wzn579zrn35-WeMUOJiBJqEQQuIZ	Peat -nova (criativos+vsl+aulas+conteudos falados)	mp3	176.71	CinePRO Sound Design	PLAYLIST	
1RoeRFa0ZXTDq4QAI9H5wI4uRrBRyHwZ0	pen_1	wav	1.2	CinePRO Sound Design	Essentials	
1FsxUOoxlruDjdqduTR_hN9fuOKDc1W5W	pen_2	wav	3.29	CinePRO Sound Design	Essentials	
1CEYvSwH3ZXCA9XPiBOVRSab_g7jUJX6-	pen_3	wav	4.5	CinePRO Sound Design	Essentials	
16w-rb5gFRFFDaB0npkstF--fpSEYqj5S	pencil_1	wav	5.62	CinePRO Sound Design	Essentials	
1EyjW8zUGf67znd-JnHPf8W_H_4RGvBy8	pencil_2	wav	2.81	CinePRO Sound Design	Essentials	
10TvG8jdWij8g920PjkAWMierd_Ss-EpI	pencil_3	wav	5.19	CinePRO Sound Design	Essentials	
1HEpj3-wyEW97t0zsWzJlBpUJudamVCfS	pencil_4	wav	7.65	CinePRO Sound Design	Essentials	
1rPEu47RFF-dCx5v4EsXQIhcUWBjjs8BY	People Outside - Amusement Park Entrance, People Passing Turnstiles, Chatting	wav	159.11	CinePRO Sound Design	SFX	
1MJ_dyBVHZvNVIeBpczdbwcS7Dqk2lIs6	People, Party, Group Laughting	wav	9.63	CinePRO Sound Design	SFX	
1xsKXksmQYx9aHlmKRpqk8gYn9NfOgGiI	Percpeggio	wav	16.27	CinePRO Sound Design	Essentials	
11ObPA61lsEpRJEXqXYoB6g1JZzFF_HLk	Pessoas em Showwav	wav	43.75	CinePRO Sound Design	SFX	
12LljknegiVKzDuUIdguwhOFdIFRmFWOP	Peter Matri - Over the Mountains	mp3	242.05	CinePRO Sound Design	PLAYLIST	
1WFxeOOEo6OSMV5YRWWHrjZwKriBbJUwG	Phase Planet	wav	26.25	CinePRO Sound Design	Essentials	
1tI9JtNYvvZfE3H5oBonigd4g8JFIWL3m	Phaser Percussion	wav	20.4	CinePRO Sound Design	Essentials	
1BkH8pKej5NkZ9Dc8C6LydDGWVnkF31WL	photo camera shutter 2	wav	0.34	CinePRO Sound Design	Essentials	
1PbMNp1Yjzq9OmX9kQrfMR1rgvaRJddOY	photo camera shutter 4	wav	0.52	CinePRO Sound Design	Essentials	
1HrMiJJshK0LvwatyUb_mP7W5kUQG02Yx	Piano	wav	31.2	CinePRO Sound Design	Essentials	
1vcZTuAD-U8Z50kLtLoH-h6UaDHbIn26Z	Piano001_C	wav	8.21	CinePRO Sound Design	Essentials	
1-iu41Bvrf3wRS6XavjHCt-lO87zrOdMi	Piano002_B	wav	8.89	CinePRO Sound Design	Essentials	
1gikiJirxLpg-TlQS4K3zfbCjYE1me7kh	Piano003_A#	wav	8.89	CinePRO Sound Design	Essentials	
1KCP4jnt7CqepwkKkcJHNT1ac2W-ai6B5	Piano004_A	wav	9.58	CinePRO Sound Design	Essentials	
1dRfq922KJrUjy1Zsm6WE-0qUt-KJiHxX	Piano005_G#	wav	8.89	CinePRO Sound Design	Essentials	
14TzTMTDOwego4PNjQhkGCOqHkZHXOQR4	Piano006_G	wav	8.21	CinePRO Sound Design	Essentials	
10ZgkjXvcynM3J9zhday_F1Gkeei9uCG6	Piano007_F#	wav	8.21	CinePRO Sound Design	Essentials	
1rBtr5P4kFgSbKKcgdiUsROUrJ8PbKesS	Piano008_F	wav	8.89	CinePRO Sound Design	Essentials	
1Ih7SbN8RFzdNH4gz7B5ZasayDbCX5jaJ	Piano009_E	wav	8.89	CinePRO Sound Design	Essentials	
1mMRSLL28vBnvkeyPbFGVntCcWpz1sf85	Piano010_D#	wav	8.89	CinePRO Sound Design	Essentials	
1pTIFbvTf2H3ba5XUPuqzVULNynEI9Zj0	Piano011_D	wav	8.89	CinePRO Sound Design	Essentials	
1htOdXjT7MM6pX-S8_-Eaqg1Es1VIV-ci	Piano012_C#	wav	8.89	CinePRO Sound Design	Essentials	
1nRxKGZxYxn8UnhYr57XJNnHOHouX7meT	Piano013_C	wav	8.89	CinePRO Sound Design	Essentials	
1y3cmMAQES8HsvKf9Y8xTOgK7w6GKtaV9	Ping Pong Whoosh	mp3	3.94	CinePRO Sound Design	SFX	
1zAJyais0-sPIx0d1oAD0A3EENRqzh__z	Ping Pong Whoosh	wav	3.87	CinePRO Sound Design	SFX	
142d99TcsQU0duf6ILcbwnZQpSdOEiquC	Ping Pong Whoosh (dry version)	mp3	1.2	CinePRO Sound Design	SFX	
1baibubNOfW-0aZk9_FFvDbfrjwMuODyw	Ping Pong Whoosh (dry version)	wav	1.17	CinePRO Sound Design	SFX	
1fcmsdwRDsC4Ynw21ofmOPwM94RcNbiBy	Ping Pong Whoosh (reverb version)	mp3	3.94	CinePRO Sound Design	SFX	
1EzognyF6NqK79u1pQg5TlQRhz4hV2DRr	Ping Pong Whoosh (reverb version)	wav	3.89	CinePRO Sound Design	SFX	
1b5tHkwa8NJMsK6NwNKIZQuhSpBJpuaO7	Pistola de Fogo	mp3	9.01	CinePRO Sound Design	Party FX	
1hy3BF6wPMIMIEuzwZro7OS5l9nj7RRC9	Pistola de Fogo (1)	mp3	2.52	CinePRO Sound Design	Party FX	
130qUi_szMsVKLbXSvvrXXPFq6_d4Gksc	Pistola de Fogo (2)	mp3	1.42	CinePRO Sound Design	Party FX	
1cSKgYYbqfxRX5OIDIrzEqUI3F6wGPeE6	Pistola de Fogo (3)	mp3	2.54	CinePRO Sound Design	Party FX	
1Ks0vTRQMkI8FDBOF1zK3CIPEuk8lC4m5	Plant Whoosh	wav	5.14	CinePRO Sound Design	SFX	
1DisCmOfJW8p6X0vOOjU0mdoR-cMrJvm8	playboi carti - supervillain (Para videos lentos)	mp3	179.42	CinePRO Sound Design	PLAYLIST	
1qYjuTWPShHWxCObOTZMzvHU_GlVSV2WN	Plopnik Synth	wav	12.5	CinePRO Sound Design	Essentials	
1ezjZ-I7x2UEuRlf8B-DAh8tPl3AEBxX6	Police_Radio_Dispatcher	wav	202.01	CinePRO Sound Design	SFX	
1Og1H8eaaRP8vHcWihQFQ8MeNho0AoSVb	Pop Up-1	wav	1.04	CinePRO Sound Design	SFX	
1KdfEo2rixZ8Ey_M79HhKrbneai-5mzpn	Pop Up-10	wav	0.4	CinePRO Sound Design	SFX	
11zGUuSsvWO3h1aNDomoGFwyGFbsMnhTB	Pop Up-11	wav	0.39	CinePRO Sound Design	SFX	
1g2iNhRBF0yCaruMkO8j4zdxySbksUyv9	Pop Up-12	wav	0.34	CinePRO Sound Design	SFX	
1L5BmgYlGMbAfF3gz-Dd2TpEEwLOUTVtY	Pop Up-13	wav	0.41	CinePRO Sound Design	SFX	
1JY2cuh0UtbvShhwy5nYlswQLSRDvIK5a	Pop Up-2	wav	0.59	CinePRO Sound Design	SFX	
1UzczVKGfIzSzdqcb-9OCBWrhi2Tan-zC	Pop Up-3	wav	0.58	CinePRO Sound Design	SFX	
17lLpNSVHv6eSvnbQKuqKs1ATALsiNaZn	Pop Up-4	wav	0.54	CinePRO Sound Design	SFX	
19Dgz97pu863yWfhtlb2xy8gNRra6ecjQ	Pop Up-5	wav	0.53	CinePRO Sound Design	SFX	
1Iiga17v4thK23G_8EB3skgPykuahKutA	Pop Up-6	wav	0.3	CinePRO Sound Design	SFX	
1XCJneOfK5q8syeHnipcqCRYIlF9qSSqP	Pop Up-7	wav	0.33	CinePRO Sound Design	SFX	
1qriS_9ttw4IS6S1U9i2AhDEzsq-yNNJ6	Pop Up-8	wav	0.4	CinePRO Sound Design	SFX	
1Z4tSxJVLdCP01wpRBM9XtIJCluvBeHAe	Pop Up-9	wav	0.32	CinePRO Sound Design	SFX	
1jb1z6JGWSKbgU4PWj1G16_9345lfTmrT	pop_1	wav	0.34	CinePRO Sound Design	Essentials	
1PXuZukK8AjY-pShvMSt5NKv_y0FtzdeP	pop_10	wav	0.31	CinePRO Sound Design	Essentials	
17MPEhJjHXFLfM01o5Ys6k56TekwDdG-T	pop_11	wav	0.34	CinePRO Sound Design	Essentials	
1Lf72UZj_toY3OS32muZGusBrh5KbyM5g	pop_12	wav	0.33	CinePRO Sound Design	Essentials	
17HUyMm4BRA4wqxGRonnHjalPHUgn0htm	pop_13	wav	0.31	CinePRO Sound Design	Essentials	
1oTrQraebJewT-AXhmoJWSBMg7-ZsFHnr	pop_2	wav	0.34	CinePRO Sound Design	Essentials	
1wP6MpI21sGTYNzvvqHq9VVKb3DSB1AG_	pop_3	wav	0.34	CinePRO Sound Design	Essentials	
1L_evM9Z9IV35_VlM2jnQypCmKqFhTKaD	pop_4	wav	0.33	CinePRO Sound Design	Essentials	
1hxMwr4xqnORVHHb0Tm6DxDUTr4Dm2pHr	pop_5	wav	0.35	CinePRO Sound Design	Essentials	
1TI5supsUF4GWHlc6WfVreddXWX8ETU5M	pop_6	wav	0.34	CinePRO Sound Design	Essentials	
1oSma-d1Vopa4reh7AB2p0YLoz5BFgz8v	pop_7	wav	0.36	CinePRO Sound Design	Essentials	
1XvD-B944Is_VYmP9wRrikXG8347qjHO_	pop_8	wav	0.33	CinePRO Sound Design	Essentials	
1G4UIrG_peFXfV-BsOmbruS4aswKR_af9	pop_9	wav	0.33	CinePRO Sound Design	Essentials	
1IgYH7try2qqlVdIshZh121n8LKWoE_n-	Popup_Hud (1)	wav	1.43	CinePRO Sound Design	Essentials	
1wWas1UHobSX625ry7R4FXdLJH1X_MQBO	Popup_Hud (2)	wav	0.66	CinePRO Sound Design	Essentials	
1gCspqbw8Z33DLI1egmkZChj9I4QvY6fC	Popup_Hud (3)	wav	0.71	CinePRO Sound Design	Essentials	
1406HwYMHI7FaS-semdDnIzeQSK2pjIZT	Popup_Hud (4)	wav	0.82	CinePRO Sound Design	Essentials	
16kRn6rIc6G64MzhYeomISOv36050AjWD	Popup_Hud (5)	wav	0.84	CinePRO Sound Design	Essentials	
1qGDUvCnBpUkPonrlsF_Vu3lfH7Rl_75r	Popup_Hud (6)	wav	1.17	CinePRO Sound Design	Essentials	
1riN-EP9nagokM8eLkZCDL7AVbWCcVuyr	Portal Jump	wav	4.48	CinePRO Sound Design	SFX	
1NSRnKrGwTPzLh0fnMgkt4IoONkiZsnrG	POST MALONE - Motley Crew (versâo viral)	mp3	175.76	CinePRO Sound Design	PLAYLIST	
1-Kn9UBWYSLTKijiOTUZae0OTnB2Yo9GT	Post Malone - Reputation (EPIC REMIX - Hybrid Trailer Music)	mp3	181.08	CinePRO Sound Design	PLAYLIST	
1T1r_R3cuEZD4oBu8ldQYHN15okID4BAF	Pouring Coffee	wav	4.52	CinePRO Sound Design	SFX	
15ZWOI2sSCYXj4_lrB1GxK2psVM4eZ4Uj	pr2_Eagle	mp3	12.07	CinePRO Sound Design	Essentials	
1HXWkY8PuCaaI748sO6t-afNrvnMGJuAb	Puda Beats - Copacabana Trap	mp3	170.68	CinePRO Sound Design	PLAYLIST	
1vMz6lmVpHFRU9dsCxyTobTSJmoRbQvfI	Puda Beats - DaToddler	mp3	139.39	CinePRO Sound Design	PLAYLIST	
1daMSMCVHVXdBTpXucMiQk0MIJaZGDX0Y	Puda Beats - Scotts Land	mp3	160.97	CinePRO Sound Design	PLAYLIST	
1Q0Axb8WMr3_okLWRHuT5x4cC0E04Ojho	Pulse Of Energy [Main ] [2.05]	wav	124.73	CinePRO Sound Design	PLAYLIST	
1BFso00AQUke567ba1AFY4sbumoSPgWOy	PulseGrowl001	wav	3.41	CinePRO Sound Design	Essentials	
1v0QZHKHLuGt-LYYXDsgpETqxwM7jZaSG	PulseGrowl002	wav	2.12	CinePRO Sound Design	Essentials	
1btoRqb90vJ5tnY4fxD0IsWcgnjMX0yo9	PulseGrowl003	wav	1.56	CinePRO Sound Design	Essentials	
12brxGfKXz_XIReRNWHi_o3LQQoQ8AR6y	PulseGrowl004	wav	2.47	CinePRO Sound Design	Essentials	
17VW5RXoXo_D-B-628O3mGjYCf7uXL5au	PulseGrowl005	wav	5.5	CinePRO Sound Design	Essentials	
1yVt3gaGpcxj7EwzDjT9BTJK431g9gXst	Pure Evil Main	wav	171.43	CinePRO Sound Design	PLAYLIST	
173IFDxVY3D476_6ddCZg2qUG8JC6cY_r	Purr Synth	wav	43.13	CinePRO Sound Design	Essentials	
1D3XOBe1g35iniRIfMe08EicMYymDZAn_	Qube Sounds	wav	97.5	CinePRO Sound Design	PLAYLIST	
1xiNoXhZ3Yjmxc8PeIOtFAzXsxEv9kk5T	Quebrando Barreiras	wav	8.63	CinePRO Sound Design	SFX	
1EGjm_RJKVuh9IwDS8Q_QA3bE1X5FCXIa	Quebrando Barreiras	wav	5.58	CinePRO Sound Design	SFX	
14wJxX-t_ZHjlxFjaizoz-fs1XpZGQYPY	Quebrando Barreiras	wav	7.29	CinePRO Sound Design	SFX	
1WExRkmZ_jenwu8NW47a-SXsClRxa7cpZ	Quebrando Barreiras	wav	5.04	CinePRO Sound Design	SFX	
1f2UdCUvmDbZFQ1VkvEpxMQo3c7X8TivW	Quebrando Barreiras	wav	6	CinePRO Sound Design	SFX	
1t2YgjBFRu71xpIMWxViXxw4ycWiWA35Z	Quebrando Barreiras	wav	6.86	CinePRO Sound Design	SFX	
1kDBj2pGTlcB4GHkn6qrfEgas6M5FEIS7	Quebrando Barreiras	wav	6.75	CinePRO Sound Design	SFX	
14caRIBEs2AzV-747qTOhG6uR5vr2uBqx	Quebrando Barreiras	wav	7.49	CinePRO Sound Design	SFX	
1W5VikRRB5TNI8D733hDc6jnwBMEa46QX	Quebrando Barreiras	wav	9.87	CinePRO Sound Design	SFX	
1uSC1KCj-b2v-LFIUasLCbraLiXOZZ1YR	Quebrando Barreiras	wav	6.64	CinePRO Sound Design	SFX	
1eKYO2tpV1vzn-IX0gfDWJXrnzu3uTYv2	Quebrando Barreiras	wav	3.43	CinePRO Sound Design	SFX	
1QoF8YKfGPE4Vg7T1kQeywNmlabpdotd3	Quebrando Barreiras	wav	5.96	CinePRO Sound Design	SFX	
1rIr4tnW1oxVpk3GAgjrdLhLvVN6F8tz7	Quebrando Barreiras	wav	4.71	CinePRO Sound Design	SFX	
17kwiRrxtbiRkT0s9aJgJzLhN1IWAtm4D	Quebrando Barreiras	wav	4.29	CinePRO Sound Design	SFX	
1cV9n8v-41Ct5pvUrgNSNiZJR5AS46tca	Quebrando Barreiras	wav	9.86	CinePRO Sound Design	SFX	
1f6csZzU1zLXXJRgP82FRmhMzzUZ5_B_J	Quebrando Barreiras	wav	8.14	CinePRO Sound Design	SFX	
1p-tcyr4dirYFTYo8Ef6rqGsbDYCiMl9T	Quebrando Barreiras	wav	3.97	CinePRO Sound Design	SFX	
1RxCA7RTlwpfGvR5gct8N4tH6omIqFz6I	Quebrando Barreiras	wav	6.42	CinePRO Sound Design	SFX	
13ioav81MHsMNleTXr3FM-tQhkiIh2hkq	Quebrando Barreiras	wav	5.79	CinePRO Sound Design	SFX	
15SeKud7f6Ncd6R8ccN28UjBrTBc477Zv	Quebrando Barreiras	wav	5.14	CinePRO Sound Design	SFX	
1LIqlLfKZKU7lP0ZSOkef2mGPg_DDzb3P	Quebrando Barreiras	wav	4.48	CinePRO Sound Design	SFX	
1v6c3Yg8PATdyZ9F0PXTS2TCigZv2QO5y	Quebrando Barreiras	wav	5.36	CinePRO Sound Design	SFX	
1mgVnNj5We4-VoD79JOpbVmaqk0S_qPMc	Quebrando Barreiras	wav	6.87	CinePRO Sound Design	SFX	
1oCEng5aEVhp2mpDM_Lig5Ca023oUM3J5	Quebrando Barreiras	wav	9	CinePRO Sound Design	SFX	
1RAT3vww4pWsqulS_Q9Jp_b-6M8vSC6B6	Quebrando Barreiras	wav	5.57	CinePRO Sound Design	SFX	
1iBeBRz6NiBN-Fh5QLy-hniinyl2kBYl-	Quebrando Barreiras	wav	6.42	CinePRO Sound Design	SFX	
180ps-WCMyrwsbEN3eWThaPutCu1wnn-i	Quebrando Barreiras	wav	6.87	CinePRO Sound Design	SFX	
1g2cxyhgLYToThbrMAZAm6H_uz81Pqm0b	Quebrando Barreiras (Panorâmica)	wav	8.63	CinePRO Sound Design	SFX	
1stiA4Pq2Zun3QJ0OsCf6DFO7-dSr20Vq	Quebrando Barreiras (Panorâmica)	wav	5.58	CinePRO Sound Design	SFX	
11LKrfAlJhM4Ly_JlvV4AqV-al52MAfhr	Quebrando Barreiras (Panorâmica)	wav	7.29	CinePRO Sound Design	SFX	
1y9cgv7FjTSOVI7OuiesdHDI5qArG4JBt	Quebrando Barreiras (Panorâmica)	wav	5.04	CinePRO Sound Design	SFX	
1j1jz9m5u9pY73TI9PIL5RyXaCWI6wqYE	Quebrando Barreiras (Panorâmica)	wav	6	CinePRO Sound Design	SFX	
1UMlCFYA8WHXxTERntldwIHE29mAEcOk9	Quebrando Barreiras (Panorâmica)	wav	6.86	CinePRO Sound Design	SFX	
1tA4t7SJzKE6Jbj_hejgHW8WKmRNgQvmJ	Quebrando Barreiras (Panorâmica)	wav	7.49	CinePRO Sound Design	SFX	
1vcPhKPaj0EqPjn-W5be8QUasGbH4C2br	Quebrando Barreiras (Panorâmica)	wav	9.87	CinePRO Sound Design	SFX	
1iBjlSyk-Kusrv3IJUXy46jKTw34azaY3	Quebrando Barreiras (Panorâmica)	wav	6.64	CinePRO Sound Design	SFX	
16SPc9K8fExSoIWHZehMEbzWU-s2BcH_d	Quebrando Barreiras (Panorâmica)	wav	3.43	CinePRO Sound Design	SFX	
1EI48oMA5_6KMjuenTz23N0rGVlHvksRh	Quebrando Barreiras (Panorâmica)	wav	5.96	CinePRO Sound Design	SFX	
1ojWYwGHZQfrsSgimaggPX8CfKB_z62QL	Quebrando Barreiras (Panorâmica)	wav	4.71	CinePRO Sound Design	SFX	
11hhgyaZDReIAQl73YaN3pnOf0b17XqFF	Quebrando Barreiras (Panorâmica)	wav	4.29	CinePRO Sound Design	SFX	
1e0aV9mXm0h3SVdGyZVVMGUZ7j5i7yXdz	Quebrando Barreiras (Panorâmica)	wav	9.86	CinePRO Sound Design	SFX	
1Cxtlfr1JxzNvuBX5ViEwVlRiT169nYbP	Quebrando Barreiras (Panorâmica)	wav	8.14	CinePRO Sound Design	SFX	
1bi8WlYU1KstVXZfwJyk9kw8SBSEl5oHv	Quebrando Barreiras (Panorâmica)	wav	3.97	CinePRO Sound Design	SFX	
1cSqA09aiKoV0WZNHQEthdQPTFAHSoFZH	Quebrando Barreiras (Panorâmica)	wav	6.42	CinePRO Sound Design	SFX	
1FHu6NTRHtceS791Qz8vkIhNcBtmXWVxj	Quebrando Barreiras (Panorâmica)	wav	5.79	CinePRO Sound Design	SFX	
1qX1IbmaDC5WiGIkF4iJ5UygA5_VTnPkb	Quebrando Barreiras (Panorâmica)	wav	5.14	CinePRO Sound Design	SFX	
1j0k6oKBwFaq_625cfafI40Rq-_j_LWyV	Quebrando Barreiras (Panorâmica)	wav	4.48	CinePRO Sound Design	SFX	
1D0yMMhpb4l4i8qMd1NZUCJA32fHhTDQB	Quebrando Barreiras (Panorâmica)	wav	5.36	CinePRO Sound Design	SFX	
1OIhNksOtt7xIOPr5ZBJlv8B6Q74NaMDs	Quebrando Barreiras (Panorâmica)	wav	6.87	CinePRO Sound Design	SFX	
15LJcYovAxxPlQC4MDDWJnLy0us6DHfmg	Quebrando Barreiras (Panorâmica)	wav	74.18	CinePRO Sound Design	SFX	
1cu7LVpWvz5Zzc-FIrlry5T77kBcvBTpe	Quebrando Barreiras (Panorâmica)	wav	5.57	CinePRO Sound Design	SFX	
19MjLijho9VwWh0fyyaSwXXr0yfWKrrxI	Quebrando Barreiras (Panorâmica)	wav	6.42	CinePRO Sound Design	SFX	
14AHz-CqK2shn_n4JQ1EJ9tf55mmCPblO	Quebrando Barreiras (Panorâmica)	wav	6.87	CinePRO Sound Design	SFX	
1hv4VUQDJ8YnMJGyOIklA8eUdJZIujiSv	Queima de fogos curta	mp3	3.36	CinePRO Sound Design	Party FX	
1O4dOux0JM6nM0zLSIlM0bdeIw-QHybHf	Queima de Fogos Grande	mp3	17.74	CinePRO Sound Design	Party FX	
1YTmkfn61H5z9ppwP8TUioVe7AmHliT14	Queima de foogos	mp3	119.71	CinePRO Sound Design	Party FX	
1-u3L9pfTi869J7wfV8Criws-kAogEKc1	Quinten Coblentz - Be Careful What You Wish For	mp3	129.46	CinePRO Sound Design	PLAYLIST	
1Lw3blwohg8ArMEvLXjUYtUouLZe3uQ8P	Quinten Coblentz - Zaphenath-Paneah	mp3	131.47	CinePRO Sound Design	PLAYLIST	
1Kn7JW9tb9eOe6fZC18IuBD_pOzBq2YqL	RadioInterference001	wav	31.25	CinePRO Sound Design	Essentials	
1UpUiuCJ9I01MJ9b1r4piETWkzf1Uu-zu	RadioInterference002	wav	40	CinePRO Sound Design	Essentials	
1efvOKdCacSxnJFmLe4p4kmuO97NziL_q	Rage Mode	mp3	1046.74	CinePRO Sound Design	PLAYLIST	
1Xs369u5y046aTe-T_tQAiDXCBiGJD5PQ	Rai, Wind and a small Thunderstorm	wav	23.46	CinePRO Sound Design	SFX	
1ZihRmpg_a0XsZNytO-Sgz4L7zx8O99QP	Rain outside	wav	29.85	CinePRO Sound Design	SFX	
1DGy7e7262U9xAKuJevd63Vq448V2MFaS	rain_inside_car_heavy	wav	53.65	CinePRO Sound Design	Essentials	
1j-V-WLD36SVQyCXkwiirDcWfF2VZU47k	rain_inside_car_light	wav	49.47	CinePRO Sound Design	Essentials	
1tnigss7JaOTn9Px2NOMd_MsuC9cglBc4	rain_on_metal	wav	101.65	CinePRO Sound Design	Essentials	
1A7tdM5w1CWBcVF1Qso6lDB74T7BblI4z	RAIN_STORM-Rain Storm Ambience Loop 01	wav	95.23	CinePRO Sound Library	The Provence	
1YFWB9784CbGfjc_QvKGUA5_QA4NQy2Z9	RAIN_STORM-Rain Storm Ambience Loop 02	wav	137.39	CinePRO Sound Library	The Provence	
1elZbjm2rPfmmlGUDYtrAHwmYZ930kGgP	RAIN_STORM-Rain Storm Ambience Loop 03	wav	120.13	CinePRO Sound Library	The Provence	
1K6tCT7COimC44dk12JJg3qjNxHVjcQsS	RAIN_STORM-Rain Storm Ambience Loop 04	wav	142.68	CinePRO Sound Library	The Provence	
1J_naAbrruevEYRUlcRpmyVwc_5lC8LJU	rain_street	wav	28.9	CinePRO Sound Design	Essentials	
1RvKVHhtJQgpV2KB_CezlSgWhPDlVMSYz	Random Pretty	wav	36.61	CinePRO Sound Design	Essentials	
1FNLy-ZYjqQDFgoo3T0TLcxJxK3fagLbJ	Randy Sharp - Pashosho	mp3	165.15	CinePRO Sound Design	PLAYLIST	
1ZKtUfQAAFj8KHbvIGhfaBxXsIgTMfLd_	Razorblade_Slice_1	wav	2.16	CinePRO Sound Design	SFX	
1bQ5Z_W0IImCZ9MnafiSh6vJZcdzBPsmE	Razorblade_Slice_2	wav	1.1	CinePRO Sound Design	SFX	
1KERpq0Coz5QqXn0lIDpnyZjBLVQr8Aqw	Razorblade_Slice_3	wav	1.59	CinePRO Sound Design	SFX	
1KXvquLQg0_KYPEgTujwz2qP5SRrAUXrA	Razorblade_Slice_4	wav	1.59	CinePRO Sound Design	SFX	
1YpsfK2PamDjiJ9fmbr94tBh-I07_viIM	RedLionProduction	wav	98.09	CinePRO Sound Design	PLAYLIST	
1Ul4mPHvHo1XE7_2t3kumsxmbBb8YrpXO	Relógio_Clock_Reverb_Short	wav	13.64	CinePRO Sound Design	SFX	
1B4wO1C4tC4hzaxJ94VryKg8iFgW1v5FH	Renaissance Reverie	wav	108.8	CinePRO Sound Design	PLAYLIST	
1Zvu21d9wwKllSp4OoAJJrJaxHwABVCVU	ResonanceOfRebellion	wav	144	CinePRO Sound Design	PLAYLIST	
1dM3LGZhxFxTaSRzSSfZFlZ7N7fK7lsiX	restaurant_crowd_indoor_busy_walla_dishes_1	wav	177.94	CinePRO Sound Design	Essentials	
1T6T4aiZkXtdbjCsHsu3K9ijw30xT2Une	restaurant_crowd_indoor_busy_walla_dishes_2	wav	357.81	CinePRO Sound Design	Essentials	
1QgxvLnn_hkkz6ZZbGUNV_KQjNvZE36Ne	restaurant_crowd_indoor_busy_walla_dishes_3	wav	23.76	CinePRO Sound Design	Essentials	
157bKLyeKoD-zDdDR6CnRLO1-KCd3bgz5	Reunited Piano	wav	35.2	CinePRO Sound Design	Essentials	
1iJuaLSJ6vVN808lu6XgAqbtdIS2k8cHI	Reunited Synth	wav	29.2	CinePRO Sound Design	Essentials	
1OP-DM7qadMBRsPrx9SwpdUIuUNcgPV_4	Reverberant Synth Pad Riser High Pitch	wav	13.56	CinePRO Sound Design	Essentials	
1J_s-sH1oSSlBfO4NPODSbvH3MK7dBRAI	Reverse Beat	wav	16.27	CinePRO Sound Design	Essentials	
1w0cLp6o5JLusMPH7Jsg7oy3IQj-DXGnC	Reverse Boom 1	mp3	4.63	CinePRO Sound Design	SFX	gaming
1ikys7utxe5D-8Bkjluenp3mzsuS5cTtA	Reverse Boom 1	wav	4.58	CinePRO Sound Design	SFX	gaming
1OvNnqyz5IpJApL-VkoQyt7zFkF-aNwAs	Reverse Boom 2	wav	2.3	CinePRO Sound Design	SFX	gaming
1PE_qAvwfX6DODhTaVZp2JTs2gckzXKLi	Reverse Boom 2	mp3	2.35	CinePRO Sound Design	SFX	gaming
1Gl0eq7JLpQkshWr2ZGiridpKrGofJIG1	Reverse Cymbal Riser	wav	7.02	CinePRO Sound Design	Essentials	
1pV9TJA-4A0vLv7xyd3xlj7e6Sc2FJyws	Reverse Drum Impact	wav	3.38	CinePRO Sound Design	Essentials	
12JQdfnxALNt97t6nKzpKpRPgw1EsHQrd	Reverse Whoosh	wav	6.21	CinePRO Sound Design	SFX	
15aoJIKYL0NmNx5lskZYPU8poxR56xVoK	Rewind - Medium	mp3	2	CinePRO Sound Design	Essentials	
1YLQg4JldtW9GLTc7QTijpo1kZnNyszUv	Rex Banner - Human - Instrumental Version	mp3	197.49	CinePRO Sound Design	PLAYLIST	
1_vAfZf2IvgYFfKfzGx8OQJm8Cp-Wgp-C	Rhythmic Progression	wav	8	CinePRO Sound Design	Essentials	
1_G70RyeFJCBqFY3KdA12ldRHp9GEYq76	Rhytmic Rise	wav	17.71	CinePRO Sound Design	SFX	
1eKD7OVN8nb9nzBxvD-SS389gPl15ReXp	RingingEars	wav	17	CinePRO Sound Design	Essentials	
1HDMTWQIxeWzdSpxUqfmSwm4KVoxwT0Zc	Rise médio aberto	wav	6.01	CinePRO Sound Design	SFX	
1qolwSHxnY8DOsf_AnqksAjXAJQNynFdU	Riser short distorting	wav	3.2	CinePRO Sound Design	Essentials	
1HnvERRIbGETMQzfZnxUvjgho8kfnfsww	Riser_Cinematic_Epico	wav	13.25	CinePRO Sound Design	SFX	
1qxrkt064k0oCUX_QjAUgyBQ4VZsntU6I	Riser_Cinematic_LongTonal	wav	8.37	CinePRO Sound Design	Essentials	
19dxAk5cpXFnfLGYQKVxGkHscEwzlj4qg	Riser_Cinematic_MuitoLongo	wav	18.42	CinePRO Sound Design	SFX	
1ZH-lfexoCVVxQX2nkk-qXkBB_5BwinKQ	Riser_Épico_Vozes	wav	2.91	CinePRO Sound Design	Essentials	
1hTDiIwX6PjKPwG0GoR6WJJpLCWxllfd4	Riser_Fantasma_Long	wav	8.19	CinePRO Sound Design	Essentials	
1gMwxQxNtVxUbl7aMUNiAnDh5hFi_RQFs	Riser_Impacto_Reverb	wav	6.97	CinePRO Sound Design	SFX	trailer,reels,gaming
139c_ZCuunU7XNncNUxY3jkXeW8Cdl5v_	Riser_Magic_Vento	wav	7.15	CinePRO Sound Design	Essentials	
147b9asl5YwrIclAto7Xj7MaYRzx9rjEn	Riser_Medo	wav	6.83	CinePRO Sound Design	SFX	
1Zr4jYAepzm-TG33Vj7avEXBwR_0HCqsO	Riser_Reverse_Short	wav	5	CinePRO Sound Design	Essentials	reels
1Z5ie8A-wNEfitWEZgDCNMWDb8sukdNoX	Riser_SciFi_short	wav	6.51	CinePRO Sound Design	Essentials	
1EDF0d82xC06D7tdLtOSrwmDZGFvbfm41	Riser_Shutter_Travando	wav	5.71	CinePRO Sound Design	SFX	trailer
19tXnxeF2TSjJ-sSq3biXDKkBIRJjNQsf	Riser_Strike	wav	6.59	CinePRO Sound Design	SFX	trailer
1PQ6gL3hqTQBgGOXaYqzDTj3dwEL67vGu	Riser_Terror	wav	7.85	CinePRO Sound Design	SFX	
1ESbsfMkaRmfBUUVHeYPjCcGGOZOUeumB	Riser_Tonal_Fluttering	wav	11.02	CinePRO Sound Design	Essentials	
1Kjk0EDX_TDbb95B7I1zn2pRG9e1CvZOs	Riser_Whoosh_Perfect	wav	7.71	CinePRO Sound Design	SFX	reels
1cywUqqPil_PCrMhFmTNrCNtkUvIluti-	RiserBoom	wav	19.43	CinePRO Sound Design	Essentials	
1FlO7-IryAmZMvvTCaL6EcOqJikIpSg9w	RiserExplosion	wav	4.98	CinePRO Sound Design	Essentials	
1p5TLxAIo4lKtdxvROsTadQkveInBc_Jw	RiserGlitch	wav	2.06	CinePRO Sound Design	Essentials	reels
1-sffaBgazBgqJ07pY3zvfaEbPfIITrHO	RiserHigh	wav	1.38	CinePRO Sound Design	Essentials	
19Me1_5twmJbsUj2V5_-O5O88hJ5T_p6o	RiserLong_Fino	wav	9.29	CinePRO Sound Design	Essentials	
1aYGmW4VmM-fwqv_1PsvEQ-lk0-CUcTpd	RiserShort_ComBreak	wav	4.63	CinePRO Sound Design	Essentials	
1zdxHCR2afJsXj1XsMFtX6W82luR7qh1s	RiserTail	wav	16	CinePRO Sound Design	Essentials	
1SdidbWhIj-F1q4fxXQMlntnTiHciTfvH	Risian - Inevitable	mp3	173.04	CinePRO Sound Design	PLAYLIST	
1vKWTVDQBin4KHulSWS5SzOh7WK1RrUoK	Rising Shimmer Glitch 01	wav	4.5	CinePRO Sound Design	SFX	
1d-LLBgovMoUP7nzbUOUlhdOjiG1vMP2Z	River	wav	25.01	CinePRO Sound Design	SFX	
1ZEk3Jd1zsup-LUvfP_GjCVU1KFQHSFYR	river_big	wav	42.15	CinePRO Sound Design	Essentials	
1t9GTd2AqmMjoba2MJCfQS1ZWiwxL8oDG	river_little	wav	47.63	CinePRO Sound Design	Essentials	
15wgIqQWs4g_Gz8YC_a4inktuz0fdaANZ	river_medium	wav	56.92	CinePRO Sound Design	Essentials	
19slzHTOnDf_cnHf0ZTFNcz9jRgAZ5rgk	river_small_1	wav	44.47	CinePRO Sound Design	Essentials	
1HWCYUPTlfmbzJpSOnH0vHQu2Zt5Iq0RC	river_small_2	wav	46.28	CinePRO Sound Design	Essentials	
1W_FOcTp4vhb5RlNONN2Da_DVCWV9xuIj	RNA	mp3	105.19	CinePRO Sound Design	PLAYLIST	
11dgzUrp_XtB8zaCjdz7HFBFDcoVDrowS	RNA [music]	mp3	105.2	CinePRO Sound Design	PLAYLIST	
1GC8EUoNhpLuxzgyAM3hqqHClxkTrZ4D3	RNA [vocals]	mp3	105.2	CinePRO Sound Design	PLAYLIST	
1EpWgDajQInUU0Us87Lu2KieKDRq_YTj-	Robo Human Bassdrum	wav	13	CinePRO Sound Design	Essentials	
1-ZaP7wPfVas-BWz8joUmReC8H8FJBmo0	Robo Human Drum Build Up	wav	16	CinePRO Sound Design	Essentials	
1PSOqweJomwkHmd9VaHqMFo-EHqyGz3IN	Robo Human Drum Simple	wav	16	CinePRO Sound Design	Essentials	
1s8qj8yuVWLpahkKZwPNeombzVMBZsy_R	Robo Marching Percussion	wav	13	CinePRO Sound Design	Essentials	
1-yQR3N6Kj7O5Z9ac15qkeICMAZ5v9HqM	Robot	wav	66	CinePRO Sound Design	Essentials	
1F21_IlguV4SfZDOKGCNrhc0xPWCoCEj_	Rodionis - Birds (Official Audio)	mp3	114	CinePRO Sound Design	PLAYLIST	
1BIJVB4cqdFWr_dBdk6kdNh05wdijvTdD	Rodionis - Birds (Official Audio) [music]	mp3	114	CinePRO Sound Design	PLAYLIST	
1GjEGVl05DW4OyJqsXVUu0X1iSCeiYmn8	Rodionis - Birds (Official Audio) [vocals]	mp3	114	CinePRO Sound Design	PLAYLIST	
14b5UWq8bT5CRqIk458bDQlj3P02Q9NJq	Roie Shpigler - Aluminum	wav	190.12	CinePRO Sound Design	PLAYLIST	
1r8wpoi03DkeTq5M1wenwZqlfOlYoI53X	Roie Shpigler - Wag the Tail	mp3	134.71	CinePRO Sound Design	PLAYLIST	
1zPNZrUPJD5zuDZ7Ubsxtht8B7sRWjVWK	Roman P - Miracle	mp3	123.82	CinePRO Sound Design	PLAYLIST	
1fvDkMJNYxuVkK-JP-J5e0iLYq1Y5ips6	Roman P - Runner	mp3	116.3	CinePRO Sound Design	PLAYLIST	
1V_IkDLSNzQte6NmVpJKAcORWR8QIFrsf	Romeo - Forgotten Kingdom	mp3	99.63	CinePRO Sound Design	PLAYLIST	
1wHbKwdYFJSc6_s3K4p-LbQTfEmYH8esL	Romeo - Fragility	mp3	148.38	CinePRO Sound Design	PLAYLIST	
1XeYm1TwnlbxQQCVMcTyKKnKQZ-doOUBz	Romeo - Heart of the Universe	mp3	126.64	CinePRO Sound Design	PLAYLIST	
1KDXt0vrXVAyamilpBlmNMOazreRXrdLe	Romeo - The Sky Within	mp3	135.78	CinePRO Sound Design	PLAYLIST	
1vTuX8Nwi_ElS87uXbcLUvH5750_-4-dj	RUINS_Abyss	wav	107	CinePRO Sound Design	Essentials	
1AAxnuf_MXpvB2W91ZRHbsYT0YbXBwCz8	RUINS_Brood	wav	117.99	CinePRO Sound Design	Essentials	
1rtb_9o_3QyqlYIVGi0uRlqyIICnMNbzw	RUINS_Bully	wav	97.63	CinePRO Sound Design	Essentials	
1_M_KI727-PLIjpHPm3lGtrpcynQTVTbV	RUINS_Dunes	wav	90.2	CinePRO Sound Design	Essentials	
1A5_4A1GBOVLyJjct8h1ERfsQJx6epQEj	RUINS_Mist	wav	132.13	CinePRO Sound Design	Essentials	
1oA9866qtUwdcrD76gdxDQu0D2g6PJvuo	RUINS_Nail	wav	117.53	CinePRO Sound Design	Essentials	
1T0K1btGnHh1eE-9MaUljLmnQxTziHoep	RUINS_Spook	wav	99.43	CinePRO Sound Design	Essentials	
1DoSpQjqgoMD8xYGIvhybIjFFoa8iE8R_	RUINS_Vets	wav	132.28	CinePRO Sound Design	Essentials	
1TvDg1oT2FsTuzEB25wQM574zNz9oziE2	Run The Game	wav	151.99	CinePRO Sound Design	PLAYLIST	
1cX_SmRQfYNVivM5cZ9bO4lc98_UQhads	RunTheGame Instrumental	wav	151.99	CinePRO Sound Design	PLAYLIST	
1CZ0F5BRy3QEDnR6apKrAsYlIQr2A6js1	Sam Smith - Writing's On The Wall (from Spectre) (Official Music Video)	mp3	284.55	CinePRO Sound Design	PLAYLIST	
1AUQPebtMn7qxXjQLgzkHwkMCqNXy7z4C	SaturationRocksta Trailer	mp3	128.63	CinePRO Sound Design	PLAYLIST	
1f2aHg71yVjUDOhHg4099c5I39TtrazEb	Sci_Fi Traveler - Medium	mp3	2.07	CinePRO Sound Design	Essentials	
1y0-hZm84i1YirnkTcKIC-YkCnic2IQs5	Sci-Fi Alarm - Medium	mp3	2.07	CinePRO Sound Design	Essentials	
17Ovf2tBuoi0lg2tRqducT3Aa0mTGQvH6	Sci-Fi Alarm - Short	mp3	1.06	CinePRO Sound Design	Essentials	
16u5Q0HIX2RbrHY9y-sqsA2CuswshtCHz	Sci-Fi Alarm 2 - Long	mp3	2.98	CinePRO Sound Design	Essentials	
1oceX40IDe3BY4XWuKBdqALIaixFJlsU0	Sci-Fi Alarm 2 - Medium	mp3	1.66	CinePRO Sound Design	Essentials	
1xi2R56KO7JmglweaPpceZSDlWdzryfpI	Sci-Fi Alarm 2 - Short	mp3	0.92	CinePRO Sound Design	Essentials	
1Ivlz02XIKvBBPfJSCC46SEH9P8GTQMmW	Sci-Fi Alarm 3- Long	mp3	2.36	CinePRO Sound Design	Essentials	
1i1heT4-sASufvrjWejnTZ9UckJ29W39A	Sci-Fi Alarm 3- Medium	mp3	1.56	CinePRO Sound Design	Essentials	
1RG2cpBckU3qt5j250Y7etdm8Plm4C3ST	Sci-Fi Bell - Long	mp3	3.05	CinePRO Sound Design	Essentials	
1UniAQp1X1O_jR04bpNMYuCH27dI8CfB4	Sci-Fi Greeting - Long	mp3	3.05	CinePRO Sound Design	Essentials	
1MdDd2RJ2N_7SBEPKAidIVztL3qlv3uCe	Sci-Fi Greeting - Medium	mp3	2.07	CinePRO Sound Design	Essentials	
1g17CueXtYJfldldDtE5zwlR5AySJDRVD	Sci-Fi Incoming Message - Long	mp3	2.48	CinePRO Sound Design	Essentials	
10FnO5vNV3Bd1Y_HRaMP8enCmlXwZp7dX	Sci-Fi Incoming Message - Medium	mp3	1.88	CinePRO Sound Design	Essentials	
1h3c3MkUwCBOej_AfVTLf7fqjD7b8rwrc	Sci-Fi Incoming Message - Short	mp3	1.04	CinePRO Sound Design	Essentials	
1yqWk_lftbVSiogwNEgh1j00E6vtYYQ5O	Sci-Fi Landing - Short	mp3	1.01	CinePRO Sound Design	Essentials	
1eYp-WdAxVVFzpx7N7EqDCqcH37sOH4xe	Sci-Fi Loading - Long	mp3	3	CinePRO Sound Design	Essentials	
1XjnO0FeZXDDbPm8ff7Udwb5BAlTwF5_l	Sci-Fi Loading - Short	mp3	1.06	CinePRO Sound Design	Essentials	
1Kf92dFbiXXht6e8IMHcaB5_NBf3tg_eM	Sci-Fi Message 1 - Medium	mp3	1.95	CinePRO Sound Design	Essentials	
1aSSufLwRlBgrsV44dhSaR9HVsmxjzQzK	Sci-Fi Message 2 - Medium	mp3	2.07	CinePRO Sound Design	Essentials	
1FFYyilZ3-I9IhaNgjhAfD50pphSrzuRa	Sci-Fi Message 2 - Short	mp3	1.06	CinePRO Sound Design	Essentials	
12QiVIM2i400ofy3mMsXlGA5dgDrFxMjq	Sci-Fi Message 3 - Long	mp3	3	CinePRO Sound Design	Essentials	
1dRyotVu9tL3RaQDdW3ghB4spiBq0Up0W	Sci-Fi Message 3 - Medium	mp3	2.02	CinePRO Sound Design	Essentials	
1GB3RzGsn6GT3FFVkO43paIBoBAbdPjoA	Sci-Fi Passing 1 - Long	mp3	3.27	CinePRO Sound Design	Essentials	
1rfXcKWsQaYGfY5ZmIGA_90zociaWXomE	Sci-Fi Passing 1 - Medium	mp3	2.19	CinePRO Sound Design	Essentials	
1NGpVw1aaptDinR5J_t8Sbu2_uh92Jzsw	Sci-Fi Passing 1 - Short	mp3	1.04	CinePRO Sound Design	Essentials	
1Y3W97rqXrgABYDZjmwPKUMiZCRdpR2ti	Sci-Fi Passing 3 - Medium	mp3	2.07	CinePRO Sound Design	Essentials	
1TvpbWDNX0ONJHa-0i0AL_4SfkdDHtD0B	Sci-Fi Passing 3 - Short	mp3	1.04	CinePRO Sound Design	Essentials	
1XiL2-7KvcudbY5Y6-9c_OP14VPx227g1	Sci-Fi Passing 4 - Short	mp3	1.06	CinePRO Sound Design	Essentials	
18taYsMTW4YjzjilgH8xQ5Fn4Sxp5mR68	Sci-Fi Spaceship - Medium	mp3	2	CinePRO Sound Design	Essentials	
1XDoYp4bhhvJ7vsIgkOEPzqCU2e1UvG2U	Sci-Fi Spaceship - Short	mp3	1.04	CinePRO Sound Design	Essentials	
1mboOn3wxMn7jkfuM6ui3tbM9Tnk9M_k4	Sci-Fi Traveler - Medium	mp3	2.07	CinePRO Sound Design	Essentials	
1pcljyYGlPnZPj-BHhYLPR8W_5QGfb51m	Sci-Fi Traveler - Short	mp3	1.06	CinePRO Sound Design	Essentials	
1NIvESubdCWr3vFm_KOUtd71EHiXQVfBx	SciFi DSL02_19_14	wav	1.01	CinePRO Sound Design	SFX	
1JiJUrk0WSrmfLO7qBUHe_OUTegh-D6jC	Scifi woosh	mp3	1.94	CinePRO Sound Design	SFX	
1jJv-qaaHIqD9YzNkHBni1tL0NKPYYWUz	Scootie Wop - Letterz - Instrumental Version	mp3	180.87	CinePRO Sound Design	PLAYLIST	
1PfBEAs3Y0zGpI_P28OuQMemqb9mldBDo	seagulls	wav	2.47	CinePRO Sound Design	SFX	
15deFezjH-9J0wE7ABQE1yMaJHozPthtn	Sebastian Pangal - Supercluster	mp3	137.3	CinePRO Sound Design	PLAYLIST	
1gS5cVX8n21U8NnHr9sc023VQmebn6XdR	Sebastian Pangal - Time Traveller	mp3	154.17	CinePRO Sound Design	PLAYLIST	
1W05FEDSF0P_0K77aWrtywCvKhsof3HH4	Sebastian Pangal - Titans	mp3	119.33	CinePRO Sound Design	PLAYLIST	
1CdrgktohxeWnegSS7378z8SOJolgcR3U	SecretsOfTheNewChina	wav	180	CinePRO Sound Design	PLAYLIST	
1mldg6GPV0LqNd1oNG-lc5z6pGnmIogoK	Sémø - Home Journey	mp3	210.65	CinePRO Sound Design	PLAYLIST	
1aN-DDDrvMgGoXNvS0kEHU2U0bqSAefpz	Sémø - Mindwipe	mp3	125.23	CinePRO Sound Design	PLAYLIST	
1_H7iyGrpoUZ0mM78DYqfA9049bX1sV7j	Sensitive Heart	wav	155.5	CinePRO Sound Design	PLAYLIST	
1qXRs84za066qgEHZeIKNwJUvTDUo7Fnr	sero - Angels	mp3	255.14	CinePRO Sound Design	PLAYLIST	
1pJPWY5C0XmkbqyP07pBQohjYtfbdLFnp	sero - Gaia	mp3	171.47	CinePRO Sound Design	PLAYLIST	
1gj6t7_8zd5pN5vo8cWuutFnAx_7q8tlF	sero - When You Leave Me - Instrumental Version	mp3	151.75	CinePRO Sound Design	PLAYLIST	
1VZZr0WTRuogUegJiYeolnJiqR-RG2Ysd	SFX - Abrindo & Rasgando #1	wav	2.42	CinePRO Sound Design	SFX	
118szqt29YhZtxhXrjOtT_WZaUwzdGAhY	SFX - Abrindo & Rasgando #10	wav	3.45	CinePRO Sound Design	SFX	
18aAnoE-SLHS-Clj7axbQmiVVp0QQ8bW4	SFX - Abrindo & Rasgando #11	wav	3.45	CinePRO Sound Design	SFX	
1NYnd1P_EWrMKp4FDIDSzDyFRZNrxugCy	SFX - Abrindo & Rasgando #12	wav	3.05	CinePRO Sound Design	SFX	
1MAfhXHK4nL0At8l7JnIv98NeKRVGXRtO	SFX - Abrindo & Rasgando #13	wav	3.45	CinePRO Sound Design	SFX	
13KEoGEBGKTOOtihh5SigMvsue9CYxks7	SFX - Abrindo & Rasgando #14	wav	3.45	CinePRO Sound Design	SFX	
1zP7yP7IV6LxUR2QvTpN85MEGH_ZlzDcZ	SFX - Abrindo & Rasgando #15	wav	1.89	CinePRO Sound Design	SFX	
1YZB2CIlNuCkVx0KkqD30wJsmrj71vZT8	SFX - Abrindo & Rasgando #2	wav	1.59	CinePRO Sound Design	SFX	
1CSKpGs1EFDy9ATavKFZoCoxYr6WsJkLS	SFX - Abrindo & Rasgando #3	wav	1.3	CinePRO Sound Design	SFX	
1cE0oS-Tyckda5HozWqvrJZgyNr2itDI9	SFX - Abrindo & Rasgando #4	wav	0.6	CinePRO Sound Design	SFX	
1WrLQ_WeTVG-qUa39yxjIwhJ2EWcLgg3i	SFX - Abrindo & Rasgando #5	wav	0.83	CinePRO Sound Design	SFX	
1Hm_aiSDKdi5sqtAS-iH8tY7O8VJjJ7PO	SFX - Abrindo & Rasgando #6	wav	0.83	CinePRO Sound Design	SFX	
1H7M0wGRcdznfi_YmaPKnbHxvMzU70lyZ	SFX - Abrindo & Rasgando #7	wav	1.08	CinePRO Sound Design	SFX	
1vRT3guJ5ixPFw6CuCrYUZGcLPQPReiXs	SFX - Abrindo & Rasgando #8	wav	1.73	CinePRO Sound Design	SFX	
1aurOn33_VZAAsyoQakQe6gsPxS5-Tg11	SFX - Abrindo & Rasgando #9	wav	3.38	CinePRO Sound Design	SFX	
1m5pmI3uBtxh2NuIDM0Xe_r8kZ4S17GWZ	SFX - Aceleração	wav	9.44	CinePRO Sound Design	SFX	
1p1M2zx1ctIbOaMM5GqiQ5bj-jekeeelI	SFX - Aceleração	wav	9.47	CinePRO Sound Design	SFX	
1dwOgLsV87_c-Vvb7L3Kmpv98EOGklIKu	SFX - Aceleração	wav	14.86	CinePRO Sound Design	SFX	
1NYAiFgwFmX1zaHQxcOCp_Uegg_oEnsuT	SFX - Aceleração	wav	12.01	CinePRO Sound Design	SFX	
1SjooI3d1Bp_QnJ8fXMm7YrJm6nVlAP5s	SFX - Aceleração	wav	17.12	CinePRO Sound Design	SFX	
1P5xvHiajtp1LSWk3hR8-_W543bRgU4u3	SFX - Aceleração	wav	7.94	CinePRO Sound Design	SFX	
1y3BDTU5xLUy0mRALGCruCbBB2__U8V-R	SFX - Aceleração	wav	13.3	CinePRO Sound Design	SFX	
1jWykAztsIDeSL5xhqyIzcDwaiyt9ceUf	SFX - Aceleração	wav	11.88	CinePRO Sound Design	SFX	
1E5oHU6UT_A2bO0qPAFgBeJiSalf8rta4	SFX - Aceleração	wav	14.8	CinePRO Sound Design	SFX	
15Wqh2nSweqAODoHVK6UDg6ZbrimO4E5G	SFX - Aceleração	wav	13.72	CinePRO Sound Design	SFX	
1zeTt1i9gXazWVvn03LJLp3f6B4ZVgd1Q	SFX - Aceleração	wav	12.44	CinePRO Sound Design	SFX	
1vZOmuQTi0J9w1gyiNLd1Zs_GoSr8IC9L	SFX - Aceleração	wav	10.3	CinePRO Sound Design	SFX	
1iZyuRmEi-Kc2p3XuAcyiGyAUi209rHD6	SFX - Aceleração	wav	6.65	CinePRO Sound Design	SFX	
13qqXYQeXWH9J9nbUuAv_Yqt9egKzPNfj	SFX - Aceleração	wav	15.44	CinePRO Sound Design	SFX	
1-7satCA9LLNNIpwooukTP5hmaxUDsyde	SFX - Aceleração	wav	14.58	CinePRO Sound Design	SFX	
1iPTWobXg9ho5rSMwvbaQrHkYoPirmWek	SFX - Aceleração	wav	15.45	CinePRO Sound Design	SFX	
1G4K4jZMA-NvSN-HEWYZMUoE3dQuFrd_j	SFX - Aceleração	wav	11.37	CinePRO Sound Design	SFX	
1G_mi3t3bbHqqDoU5zOM71yLH0JQ8H_Nd	SFX - Aceleração	wav	12.45	CinePRO Sound Design	SFX	
15YQvqPnqSUJqQ3vRaHkUGjc9DbPo9DPJ	SFX - Aceleração	wav	11.37	CinePRO Sound Design	SFX	
1tvCMei_onyk-n3VlOLODdGfg6WGxe49k	SFX - Aceleração	wav	21.87	CinePRO Sound Design	SFX	
1Jj5olTe7fL7XJ-P6vWieLjgUvngvsJ4l	SFX - Aceleração	wav	18.44	CinePRO Sound Design	SFX	
1SsRG0F6jZMeI8GeLT1Pvsf4hXeIiRevq	SFX - Aceleração (Anti-Lag)	wav	3.67	CinePRO Sound Design	SFX	
1GcAdzXvIfMe6bPSuJYy88bmZrzoWAo1S	SFX - Aceleração (Anti-Lag)	wav	19.71	CinePRO Sound Design	SFX	
1RIt6wyjyIZHJHxHqyBTKUea4f3Kp8UH7	SFX - Aceleração (Anti-Lag) #1	wav	37.34	CinePRO Sound Design	SFX	
129-n-XmBL7cVlMWpx7MA02bHHmMA1FuN	SFX - Aceleração (Anti-Lag) #2	wav	21.38	CinePRO Sound Design	SFX	
1fS3LcXMIK_YBWLEgtUjxrlUjhEdhyVZ_	SFX - Aceleração (Interno)	wav	17.12	CinePRO Sound Design	SFX	
1U2BZyvTfNlN3kcyglEWPXbfa1p4Kl_wT	SFX - Aceleração (Interno)	wav	9.88	CinePRO Sound Design	SFX	
1dcXTKNdHNPf8RCipQMOGtBjAdxUXt6jh	SFX - Aceleração (Interno)	wav	9.24	CinePRO Sound Design	SFX	
1Vba4ulI5dcA972_LzDlaWfUUcPzDsyBZ	SFX - Aceleração (Interno)	wav	11.37	CinePRO Sound Design	SFX	
1ITBE_-hSk5PrGLUVVfgEpl4GpVRaxnTn	SFX - Aceleração (Interno)	wav	10.29	CinePRO Sound Design	SFX	
1nZ4fomUCXqe7Ece3EYQrkHoqqq5BMlmD	SFX - Aceleração (Interno)	wav	9.47	CinePRO Sound Design	SFX	
1O_dIhvi3PGh4gWOV7Uf_xQAcGaGQr4pp	SFX - Aceleração (Interno)	wav	12.65	CinePRO Sound Design	SFX	
1GMAuNqKC6RSDvmnJcb8srlS9ZUJ8yXJb	SFX - Aceleração (Interno)	wav	13.3	CinePRO Sound Design	SFX	
1riztu5kNN-rrYuEqDODaGIjPco4soX7k	SFX - Aceleração (Interno)	wav	8.58	CinePRO Sound Design	SFX	
1kqa497JyPmUkKv1WjvgxVJRTTBtnXs1x	SFX - Aceleração (Interno)	wav	7.51	CinePRO Sound Design	SFX	
11COgMUrWPguSIL5FaxPo-0p0C0kMSmP6	SFX - Aceleração (Interno)	wav	10.3	CinePRO Sound Design	SFX	
15uwyZqB3Zf2wKBw_1hQoiNbXDiZh7yAm	SFX - Aceleração (Interno)	wav	10.72	CinePRO Sound Design	SFX	
140JXKN7QF1rFdPkblEcg1fP5U7N8tuOK	SFX - Aceleração (Interno) #1	wav	7.5	CinePRO Sound Design	SFX	
1-LtsQGhZAJaqnefYO3LNKLkflHZbxRzs	SFX - Aceleração (Interno) #1	wav	8.58	CinePRO Sound Design	SFX	
1LrwMIjlABJh-yTVzA0IFvmkSfxrZU0Iz	SFX - Aceleração (Interno) #2	wav	6.71	CinePRO Sound Design	SFX	
1c6IwYxtqAqcKPs7pPr4XF0hNsdVdKNNQ	SFX - Aceleração (Interno) #2	wav	8.14	CinePRO Sound Design	SFX	
1wlqXO3Jscj-Q33Y5irmf2Oz41-9vz2cF	SFX - Aceleração #1	wav	11.58	CinePRO Sound Design	SFX	
1Ha25NOHhUthrpSKG2wN2dClRkdEUyzxb	SFX - Aceleração #1	wav	13.72	CinePRO Sound Design	SFX	
14_tt7E2xQ-oA4W-Or6mbKO5OrOHFbb_J	SFX - Aceleração #1	wav	9.22	CinePRO Sound Design	SFX	
1p5hWVjSVflv3jGT4KLfpPkdq7R9qfteb	SFX - Aceleração #1	wav	6.87	CinePRO Sound Design	SFX	
1uInjTuLeYNrgSW7mGUqbBUPtlCSvJMNZ	SFX - Aceleração #1	wav	18.44	CinePRO Sound Design	SFX	
14Zo8l43XY-LpxqgtueFGbQZBmMm-Wloz	SFX - Aceleração #1	wav	7.94	CinePRO Sound Design	SFX	
18m_emdHCewsidcgFojiEoWgD0-U7xSU0	SFX - Aceleração #1	wav	10.3	CinePRO Sound Design	SFX	
1R6upCcN59-VzKFDmb9cTQe_8qahNFW3l	SFX - Aceleração #1	wav	12.22	CinePRO Sound Design	SFX	
1gPSdjLXLKzYuntZ2swZLI3LEQKhRoCKk	SFX - Aceleração #1	wav	10.45	CinePRO Sound Design	SFX	
1hAs7lzdmOZ_3AtEwpa_9Tn_XbZpQPDZc	SFX - Aceleração #1	wav	12.01	CinePRO Sound Design	SFX	
1Y009Oo4QTnRaq77b-ppQ94WsQkuzgKjw	SFX - Aceleração #1	wav	5.58	CinePRO Sound Design	SFX	
1Jqmm3QU2MlQYz9aoge9le4sqLjrU0arj	SFX - Aceleração #1	wav	13.4	CinePRO Sound Design	SFX	
19H02cX4yk-bHw8xvvpugQpyRZur_hdXW	SFX - Aceleração #1	wav	13.3	CinePRO Sound Design	SFX	
16of051pENgMHs4Iu5AiVFMW6LvBv2Ani	SFX - Aceleração #1	wav	19.72	CinePRO Sound Design	SFX	
1IyWrsPdtTrwo2SZGdRyLD2c4rLfbCa53	SFX - Aceleração #1	wav	13.29	CinePRO Sound Design	SFX	
1p1kUgxsjUl_sXSuKmR8oxafGTsRha_tw	SFX - Aceleração #1	wav	8.37	CinePRO Sound Design	SFX	
1C6-xplo4LQ_wjaPIgFNP4QaNZ8UPy3MD	SFX - Aceleração #1	wav	12.71	CinePRO Sound Design	SFX	
15PXec3a5C8MOB6MlcZVFPZXuECnEmeP0	SFX - Aceleração #1	wav	15.44	CinePRO Sound Design	SFX	
12QgM7wId0H29IsXUIsbLoXP_uWKy5A65	SFX - Aceleração #1	wav	12.87	CinePRO Sound Design	SFX	
1DMKJRxTVlZe1vnxmS-7CsUJ0ILrW91SV	SFX - Aceleração #1	wav	15.15	CinePRO Sound Design	SFX	
10duqlafN9VdOrzWa9mM0hoXS_RAQdiLz	SFX - Aceleração #1	wav	16.3	CinePRO Sound Design	SFX	
1zlN1ItRVdLt1suh5ha_0Pgb8LIipsumY	SFX - Aceleração #1	wav	14.37	CinePRO Sound Design	SFX	
1q8Pdmiy0TtRYZpmPFAfmFTeyShWLLp1R	SFX - Aceleração #1	wav	17.53	CinePRO Sound Design	SFX	
1tcHkiTZdBphj-v5gbfK9jOsbV0O4V8uz	SFX - Aceleração #2	wav	11.37	CinePRO Sound Design	SFX	
14di4uQeKTJ72CXb859WcsVDA5sjvwi0E	SFX - Aceleração #2	wav	21.87	CinePRO Sound Design	SFX	
1joiFRCkhA-E_mYZ-0ub6eiAiXGM9wcPn	SFX - Aceleração #2	wav	12.01	CinePRO Sound Design	SFX	
1-4bQNqvr3aqx1Q5YKqkzOrUgxy4JE5TH	SFX - Aceleração #2	wav	35.16	CinePRO Sound Design	SFX	
1qPRMvAjdYdQXu9v14mvB6fKkruyaMP_r	SFX - Aceleração #2	wav	6.65	CinePRO Sound Design	SFX	
1PC3-wwKx7r-mEj0cTQEDd5nAizFnidpU	SFX - Aceleração #2	wav	10.3	CinePRO Sound Design	SFX	
1qQ5VdME6Yt1_T7g2iTWC-cifS7ts_spp	SFX - Aceleração #2	wav	5.15	CinePRO Sound Design	SFX	
1kE4TeGC-fsMPJZ8ny4lZXHOwxUzvlp2s	SFX - Aceleração #2	wav	13.72	CinePRO Sound Design	SFX	
1OhY0DciNYknXQat4AdzPnJVK6GJ_g5ry	SFX - Aceleração #2	wav	13.08	CinePRO Sound Design	SFX	
1cuZfezQ1FDADaeIp6ZAQhHFGyMnToEm8	SFX - Aceleração #2	wav	7.4	CinePRO Sound Design	SFX	
16bsIPU9_wBEQOrBU0s1BB1UqjkkrnIHH	SFX - Aceleração #2	wav	15.44	CinePRO Sound Design	SFX	
1a5WtpM91b71n_F9cASU-JdSlO6YueKPb	SFX - Aceleração #2	wav	15.87	CinePRO Sound Design	SFX	
1K7xA5YYEmtWhE7AP71OJ4nkzoCr1T9bH	SFX - Aceleração #2	wav	15.22	CinePRO Sound Design	SFX	
1ElCw9BvJT-w8dmQzAg7xHt0CEXC1bgDA	SFX - Aceleração #2	wav	11.58	CinePRO Sound Design	SFX	
1hLwI1N2T6XYmwh9-VIMDG5aByTSLKQZy	SFX - Aceleração #2	wav	12.65	CinePRO Sound Design	SFX	
1Aym4uDLtXBWuzcTMX5miF82a5BAnnpDU	SFX - Aceleração #2	wav	8.15	CinePRO Sound Design	SFX	
1MpOYFiOAbuT4n-AgCMQROcyU76fz94bv	SFX - Aceleração #2	wav	6.04	CinePRO Sound Design	SFX	
1TIPTPC_kpR4qmDCoI4hqD2gRjOI-L6B8	SFX - Aceleração #2	wav	15.01	CinePRO Sound Design	SFX	
1EeC1pseIVL905aA2jQWo0uv__6lG6pb2	SFX - Aceleração #2	wav	15.87	CinePRO Sound Design	SFX	
1IpxUlOhVjzgbuvfZ-U7l3AgTO7CkskpP	SFX - Aceleração #2	wav	11.93	CinePRO Sound Design	SFX	
13bnDl1K4f6ruAAFaKnOybu7A_UfiapRb	SFX - Aceleração #2	wav	6.87	CinePRO Sound Design	SFX	
1Isp-DJRQ1TOlgknlBvBNSpJoqp6kfEJP	SFX - Aceleração #2	wav	19.11	CinePRO Sound Design	SFX	
1-Zg_d-LXzxaLSXLGqA3yJCp4ZaYtgXoC	SFX - Aceleração #2	wav	16.7	CinePRO Sound Design	SFX	
1VojKKIAUQt49K2Um3hqbqOVjICAjp6me	SFX - Aceleração #3	wav	7.94	CinePRO Sound Design	SFX	
1W0ccqTN-oeLJNjKC0zaIShheW9POiT8u	SFX - Aceleração #3	wav	7.59	CinePRO Sound Design	SFX	
1QCPmYcGwnLMh9OztWUueOW9_RnfPhVoo	SFX - Aceleração #3	wav	16.27	CinePRO Sound Design	SFX	
1aAJ1mYoAeBetjEBESU3mprEohLh5GuFH	SFX - Aceleração #3	wav	27.1	CinePRO Sound Design	SFX	
1A1tmwbwU0A38RE6JaMI4sjlTWKFmgQmr	SFX - Aceleração com Arrancada	wav	21.22	CinePRO Sound Design	SFX	
1S8MgcGlf31t-lug6h2pWjbznczgT0FqZ	SFX - Aeroporto #1	wav	6.9	CinePRO Sound Design	Essentials	
1_onLlnx4p9FBPfCEbK3Zki2GllMR7DNY	SFX - Aeroporto #10	wav	6.9	CinePRO Sound Design	Essentials	
1agjKNOqF1p_nC_rdCcBY__XK_Rg27AgQ	SFX - Aeroporto #11	wav	6.9	CinePRO Sound Design	Essentials	
14eVJvswK96pBoVOsy5k07AfTAu1yMDc5	SFX - Aeroporto #12	wav	6.9	CinePRO Sound Design	Essentials	
18cldMS-TLGNioRRpo8uHfg1zueJ30-42	SFX - Aeroporto #13	wav	6.9	CinePRO Sound Design	Essentials	
1_ZsgmMPQFYhVLKWtyH4nU_5084ZhZ4Rx	SFX - Aeroporto #14	wav	6.9	CinePRO Sound Design	Essentials	
1jBdlOM_ETQ9m6GGSvzZGSOsaEDKgZUlF	SFX - Aeroporto #15	wav	6.91	CinePRO Sound Design	Essentials	
19-9P3oDGKtEDb5gb563wtq2zXq0WZAzT	SFX - Aeroporto #16	wav	6.9	CinePRO Sound Design	Essentials	
1KECRr8fzyyg8QVI6kP97oadfoPbI-0PB	SFX - Aeroporto #17	wav	6.9	CinePRO Sound Design	Essentials	
16kqQrn4E9Ympkm7IMCorEF2-RTpQMZlE	SFX - Aeroporto #18	wav	6.9	CinePRO Sound Design	Essentials	
19fiFl4UjTh8DuHAvvdx816BzCcQpyoZg	SFX - Aeroporto #19	wav	6.9	CinePRO Sound Design	Essentials	
1m2zrwPe5dxQoewBthI94Qq7Vsj759i3R	SFX - Aeroporto #2	wav	6.91	CinePRO Sound Design	Essentials	
1rmkGcpco8diOpPMPvtHtMST_z4zNDzAV	SFX - Aeroporto #20	wav	6.91	CinePRO Sound Design	Essentials	
18y5Txaz0yeGIGJtlwRCMZfPn50J1dSLi	SFX - Aeroporto #21	wav	6.9	CinePRO Sound Design	Essentials	
1BCge6xvKcrknkcwJXVmOsIAwksQSAjII	SFX - Aeroporto #22	wav	6.91	CinePRO Sound Design	Essentials	
1vOm7CvtE9-jiFpSTCGrnlr69nKTP1SNk	SFX - Aeroporto #23	wav	6.9	CinePRO Sound Design	Essentials	
1AgMwA9KtCo1gXenonPchakVK0tvrbxFo	SFX - Aeroporto #24	wav	6.9	CinePRO Sound Design	Essentials	
1S8GKW5lXbK3lUX2Rfphf1F4KN2z97n_G	SFX - Aeroporto #25	wav	6.91	CinePRO Sound Design	Essentials	
12Z1QqXA7StiSNRS7zvUravifOfMPrOM0	SFX - Aeroporto #26	wav	6.9	CinePRO Sound Design	Essentials	
1RRwPy11tMDQbhleENQifooUZVVKuANVZ	SFX - Aeroporto #27	wav	6.9	CinePRO Sound Design	Essentials	
10TnUtQ0z49ZdvLWIkCzNL-qYKBzuU9Ul	SFX - Aeroporto #28	wav	6.9	CinePRO Sound Design	Essentials	
1yrQKFRqtf-K1nbC_5BSKXaM5ea2sbYP5	SFX - Aeroporto #29	wav	6.9	CinePRO Sound Design	Essentials	
1VAg4_OVyu6sfedcWxutB2GrVrrQBKVhO	SFX - Aeroporto #3	wav	6.9	CinePRO Sound Design	Essentials	
1YwqWOvcvD86fzouzGditpKchKQjjkMyE	SFX - Aeroporto #30	wav	6.9	CinePRO Sound Design	Essentials	
13d6nd6sB7fQxW69zeK-nJOmWCmp4i0uh	SFX - Aeroporto #31	wav	6.9	CinePRO Sound Design	Essentials	
1Xc1pI2EL3kZjShOnJme1FR-NBvLhAJAA	SFX - Aeroporto #32	wav	6.9	CinePRO Sound Design	Essentials	
1LxM0d68bePUwEPSofwuAtmNfcF-BmJV2	SFX - Aeroporto #33	wav	6.9	CinePRO Sound Design	Essentials	
1i8DXBqZ1WwMAz0o6mazCtdhPCQ0DUr3a	SFX - Aeroporto #34	wav	6.9	CinePRO Sound Design	Essentials	
120cKT4jGTLJ4vyqgxzbnDKMc_2FdmzSL	SFX - Aeroporto #35	wav	6.91	CinePRO Sound Design	Essentials	
1XZeMyxFEXHkqC-UyGLM3kkW_EzKqjBcU	SFX - Aeroporto #36	wav	6.91	CinePRO Sound Design	Essentials	
1lLzjtU55h_PtFq5goeAraoIuudcwjFjE	SFX - Aeroporto #37	wav	6.9	CinePRO Sound Design	Essentials	
1SaIvQYb4WDtczs57n4jJJhPrRl-DeGvW	SFX - Aeroporto #38	wav	6.9	CinePRO Sound Design	Essentials	
1QX2C34WOqMYnpAR-X4Yi6kYoqLDIKHUv	SFX - Aeroporto #39	wav	6.9	CinePRO Sound Design	Essentials	
1_0ZjFhdScQRgGSCFPPtLemeJbXAy109g	SFX - Aeroporto #4	wav	6.91	CinePRO Sound Design	Essentials	
1RqndafETRQq3QRXV5bzmfFZ1u7OqqwYW	SFX - Aeroporto #40	wav	6.91	CinePRO Sound Design	Essentials	
1Y3YCJVCcOjEA331akqK0g4dQbV_ghTrD	SFX - Aeroporto #41	wav	6.9	CinePRO Sound Design	Essentials	
1_nsBoFS8ESKmcCpAatJNHA5_PV_jEIQu	SFX - Aeroporto #42	wav	6.9	CinePRO Sound Design	Essentials	
1msZVR4cKZzaiTzY6aTYp1MLRpfSlMe0H	SFX - Aeroporto #43	wav	6.9	CinePRO Sound Design	Essentials	
1HjHdo68Ox_53Fs6ZolGr5_TdA2byej49	SFX - Aeroporto #44	wav	6.9	CinePRO Sound Design	Essentials	
1pKJhY5ENhie02FurfvZ-qM0ug_YPOyEc	SFX - Aeroporto #45	wav	6.9	CinePRO Sound Design	Essentials	
1dtcpcFLhxriM2Esb1ypdIDYAjRJcfLvX	SFX - Aeroporto #46	wav	6.91	CinePRO Sound Design	Essentials	
1UQxiKjrLXjzrK6YLiwTKqHYk4Ad4dP25	SFX - Aeroporto #47	wav	6.9	CinePRO Sound Design	Essentials	
1Lrf0iObhFPnM7MNFlk53dFwr02haw7ck	SFX - Aeroporto #48	wav	6.9	CinePRO Sound Design	Essentials	
1zsindb8L1sm8XvEodh6HboMyQ7z4vyzS	SFX - Aeroporto #49	wav	6.9	CinePRO Sound Design	Essentials	
1E3tMdj4gvPRTn5bHfZwHC9zp5zYqHw1I	SFX - Aeroporto #5	wav	6.9	CinePRO Sound Design	Essentials	
1-J_z0DrAHVMuNzlwtgzvGiM1Av5ImMM3	SFX - Aeroporto #50	wav	6.9	CinePRO Sound Design	Essentials	
1P7Pk5PbfKkS8woYoxJtClWbZUrsi0y3D	SFX - Aeroporto #51	wav	6.9	CinePRO Sound Design	Essentials	
1b1hiJN_joUFcKZ8ARau1yaVUaf9bZ6zn	SFX - Aeroporto #52	wav	6.9	CinePRO Sound Design	Essentials	
1covNF_RwEYpwxZeH_OnGY6SRbEkiVefj	SFX - Aeroporto #53	wav	6.9	CinePRO Sound Design	Essentials	
1MNw596RdmfTQhqPu7HL89C1aMGciDRJ2	SFX - Aeroporto #54	wav	6.9	CinePRO Sound Design	Essentials	
1PXiYvEj4vn2MbITRB8LF8s0Sfh3o_nvU	SFX - Aeroporto #55	wav	6.91	CinePRO Sound Design	Essentials	
11KMQGGfOO0-bATOURVHxk4Dy0vRHW4tM	SFX - Aeroporto #56	wav	6.9	CinePRO Sound Design	Essentials	
1FPNEZjxL3K-_FV6e1mDTMvpNSbiVsvXD	SFX - Aeroporto #57	wav	6.9	CinePRO Sound Design	Essentials	
1BA687e0udj_EjNUw2K490e_d2EC02Et7	SFX - Aeroporto #58	wav	6.91	CinePRO Sound Design	Essentials	
14SoW1FrA5vumuNjL-e7jNN_CKR0_1LqS	SFX - Aeroporto #59	wav	6.91	CinePRO Sound Design	Essentials	
1_3Dwmvjn3MHsJHlFIvyhfOtEoBV7fZ1P	SFX - Aeroporto #6	wav	6.9	CinePRO Sound Design	Essentials	
11CWqrm7VvnPOipAEutUQlxNVSxtTdMky	SFX - Aeroporto #60	wav	6.9	CinePRO Sound Design	Essentials	
1E6yYt0plgpsxmmI6tITe9JXseS4Q6Eok	SFX - Aeroporto #7	wav	6.9	CinePRO Sound Design	Essentials	
1GbB-mdPSNne6Np3RzNn2wjN7hVifs9p7	SFX - Aeroporto #8	wav	6.9	CinePRO Sound Design	Essentials	
1Qtk2aqAojI7DQJFyIm4eNets8H23Y7ds	SFX - Aeroporto #9	wav	6.9	CinePRO Sound Design	Essentials	
1ZOZnsmKeCRpBfytVl7AmIYNlTBGTrmJa	SFX - Água Corrente	wav	6.88	CinePRO Sound Design	SFX	
1Gx2WzvjKqzp9zsgdbzKwv3_586gw_pJK	SFX - Água Viva (Curto-Panorâmica)	wav	4.82	CinePRO Sound Design	SFX	
1Rl_gN45m6WobHT9GeeDvjexSJPtDy-mv	SFX - Água Viva (Curto)	wav	4.82	CinePRO Sound Design	SFX	
1h-0IYhCGnXFybvfHaKCGcZo6EMSgLlSe	SFX - Água Viva (Longo-Panorâmica)	wav	5.22	CinePRO Sound Design	SFX	
10jwDla0wBnJacTIECqeB06PqbECj_Q27	SFX - Água Viva (Longo)	wav	5.25	CinePRO Sound Design	SFX	
1iHSujwyJBAZvn_BFOjQqzF6JTMxsUk_E	SFX - Água Viva (Médio-Panorâmica)	wav	4.82	CinePRO Sound Design	SFX	
1nZRuDh1kgSznOo3RfK85eBNs1DwiLG4n	SFX - Água Viva (Médio)	wav	4.82	CinePRO Sound Design	SFX	
1vw8zafqYwhSnK_4nbcanEY3xvIZBWA-9	SFX - Alarmes & Sirenes #1	wav	6.91	CinePRO Sound Design	SFX	
1-KNmzKko4iRYOq4xLCXbDZuoLbvidlpQ	SFX - Alarmes & Sirenes #10	wav	6.91	CinePRO Sound Design	SFX	
1AyiqpC1zoBIxvNPqK4cEYXaycwtrBpxW	SFX - Alarmes & Sirenes #11	wav	6.91	CinePRO Sound Design	SFX	
1qs_Gc8u5yafvhFaP2HQDfsKy6AKrGS0v	SFX - Alarmes & Sirenes #12	wav	6.91	CinePRO Sound Design	SFX	
1YHCrD4Z9VHzche-OYb85309rVwrVk34P	SFX - Alarmes & Sirenes #13	wav	6.91	CinePRO Sound Design	SFX	
1pdWqcOJlyamd_i8xW6WBd7bC-XM1R12C	SFX - Alarmes & Sirenes #14	wav	6.91	CinePRO Sound Design	SFX	
1rex9Ir0-xZLOgVKKNnQEjB5FNBcQEsys	SFX - Alarmes & Sirenes #15	wav	6.91	CinePRO Sound Design	SFX	
1bC8Lqh1fbNplSNjxGY9ZvKnvdHlHV02i	SFX - Alarmes & Sirenes #16	wav	6.91	CinePRO Sound Design	SFX	
1L7Jzf2nRn1hQjZywjAHujZ-I5zTDRsJW	SFX - Alarmes & Sirenes #17	wav	6.91	CinePRO Sound Design	SFX	
1694KiEI5jx23yK4uHJp9g24KLg8xox75	SFX - Alarmes & Sirenes #18	wav	6.91	CinePRO Sound Design	SFX	
1eIjVDOCHlxGNMPODa-zgKA3PS3x5gseJ	SFX - Alarmes & Sirenes #19	wav	6.91	CinePRO Sound Design	SFX	
1TaPjR8ZsQYpO0ZbjeJPwQhCMx33b7yKL	SFX - Alarmes & Sirenes #2	wav	6.91	CinePRO Sound Design	SFX	
1SJSGlWz0zLZ6D7HFWGBWey_mhxwEprTF	SFX - Alarmes & Sirenes #20	wav	6.91	CinePRO Sound Design	SFX	
1UcXz0AXJ2hhaiqLbMKig33dXZf6hXYi8	SFX - Alarmes & Sirenes #21	wav	6.91	CinePRO Sound Design	SFX	
1HgElnLIXXq2VYaaYmuozQqMDArDGf8bg	SFX - Alarmes & Sirenes #22	wav	6.91	CinePRO Sound Design	SFX	
1d1jla-cOdAOgWrqR7i--kZ1yRjMYhU8S	SFX - Alarmes & Sirenes #23	wav	6.91	CinePRO Sound Design	SFX	
1slzOJXtT30w5-T033mHY1S-behBYn1Od	SFX - Alarmes & Sirenes #24	wav	6.9	CinePRO Sound Design	SFX	
1rTgAS5ChxV9dLATCPtEa8fdvPWTESrdf	SFX - Alarmes & Sirenes #25	wav	6.91	CinePRO Sound Design	SFX	
1SCt50r27ZB36gVB9N3Vds9ER780xQjz6	SFX - Alarmes & Sirenes #26	wav	6.91	CinePRO Sound Design	SFX	
1GrLv2fN7DKLlEslTHo0ycmBOW3SCDJ2x	SFX - Alarmes & Sirenes #27	wav	6.91	CinePRO Sound Design	SFX	
1rA2SAi-qgp-8n2moIJTUNOdUSgNnFdGr	SFX - Alarmes & Sirenes #28	wav	6.91	CinePRO Sound Design	SFX	
1CL34Q-y4Zd0lzu2DK_BoS7gLV0oJgI1b	SFX - Alarmes & Sirenes #29	wav	6.91	CinePRO Sound Design	SFX	
1Ss4GOsHi4o2PQSpIMnpLT_hFM6cBCpC_	SFX - Alarmes & Sirenes #3	wav	6.91	CinePRO Sound Design	SFX	
1jmInKmUfzUx94CgW-1hlhO6wwSiIdV4L	SFX - Alarmes & Sirenes #30	wav	6.91	CinePRO Sound Design	SFX	
1DrYzPkyIjFZkSja9sLkg_J2yw3eKCGHF	SFX - Alarmes & Sirenes #31	wav	6.91	CinePRO Sound Design	SFX	
1waPcG-k1PsIIBXkVurMFDGuH0shPMwC3	SFX - Alarmes & Sirenes #32	wav	6.91	CinePRO Sound Design	SFX	
1D8UBTkG6rqb1hCnjmNv3AcMuQhktU0H7	SFX - Alarmes & Sirenes #33	wav	6.91	CinePRO Sound Design	SFX	
1MuxwN21TWf8zBvJ0C6JLqlyo-tSnuJlY	SFX - Alarmes & Sirenes #34	wav	6.91	CinePRO Sound Design	SFX	
1J85LR6PIcOgQf9sLeK2ZvyVWJOOhBjas	SFX - Alarmes & Sirenes #35	wav	6.91	CinePRO Sound Design	SFX	
1XcWtfqxN5sADcSjCX76-4AlbiWrp-GLy	SFX - Alarmes & Sirenes #36	wav	6.9	CinePRO Sound Design	SFX	
18F-Eq5uosBC8JeIY4xokSGrMvnKbxwRS	SFX - Alarmes & Sirenes #37	wav	6.91	CinePRO Sound Design	SFX	
1d3mVVTzvWho7hTSYqz9adq-7to-ZP2wf	SFX - Alarmes & Sirenes #38	wav	6.91	CinePRO Sound Design	SFX	
1MNweQIO5uly9tb6z2t8miv1v8x84Vxz6	SFX - Alarmes & Sirenes #39	wav	6.91	CinePRO Sound Design	SFX	
1YUGCxfKwhcDhat-ngp9-9pNjcgOfx7wv	SFX - Alarmes & Sirenes #4	wav	6.91	CinePRO Sound Design	SFX	
1fHJJ0-gID2dovErFLl_Vhte_WWMMODld	SFX - Alarmes & Sirenes #40	wav	6.91	CinePRO Sound Design	SFX	
1hDk1tMcJASSbVh6zk5kI67I8YeZGxwpc	SFX - Alarmes & Sirenes #41	wav	6.91	CinePRO Sound Design	SFX	
1xeK55mG6XGbe2zYZZbCQu1locvEX6um6	SFX - Alarmes & Sirenes #42	wav	6.91	CinePRO Sound Design	SFX	
1FnhMAFshKECHcCwMC-wnANyEoUsmTt7v	SFX - Alarmes & Sirenes #43	wav	6.91	CinePRO Sound Design	SFX	
1PxPoE1pqx-GUQRoeYLw84GyNmWJekbkb	SFX - Alarmes & Sirenes #44	wav	6.91	CinePRO Sound Design	SFX	
18yQeT8Q5cknhgLvF30lCkSwyRa9oEBCP	SFX - Alarmes & Sirenes #45	wav	6.91	CinePRO Sound Design	SFX	
1qy5dKGnkrv8v3TGLT5-i66-7InDFrQ8_	SFX - Alarmes & Sirenes #46	wav	6.91	CinePRO Sound Design	SFX	
1Ko6zja95eemHa5L9ewS84qp1gEV7dXlX	SFX - Alarmes & Sirenes #47	wav	6.91	CinePRO Sound Design	SFX	
1CxaXRqXJMgWukBIKkuaBavMFNwNv6_jO	SFX - Alarmes & Sirenes #48	wav	6.91	CinePRO Sound Design	SFX	
1DZQa4B8Tpsp1iWzelGhVpl_pxivP-Pbb	SFX - Alarmes & Sirenes #49	wav	6.91	CinePRO Sound Design	SFX	
18OEFSmjbYDM_78NzbnOn0nUA2p98uTcz	SFX - Alarmes & Sirenes #5	wav	6.91	CinePRO Sound Design	SFX	
1hxuXIOrVDY2ydvvTCudfl5ghMw5SQYh1	SFX - Alarmes & Sirenes #50	wav	6.91	CinePRO Sound Design	SFX	
147SjXEGLqeEKKgBYND4mt4IeWZqvwqVt	SFX - Alarmes & Sirenes #51	wav	6.91	CinePRO Sound Design	SFX	
1Fww2yH6hO4-sGJ-c-orXMNEqudQEjji7	SFX - Alarmes & Sirenes #52	wav	6.91	CinePRO Sound Design	SFX	
1xsbGnNwvUmZsw_3DPvbe7qt8OtTtw5Xe	SFX - Alarmes & Sirenes #53	wav	6.91	CinePRO Sound Design	SFX	
1vZWBKzTOJyDsL0QT1hRnZXdAcl-DSj1t	SFX - Alarmes & Sirenes #54	wav	6.91	CinePRO Sound Design	SFX	
1ME2dQNgkgCh7fpTElgVs-v5urQnktWO5	SFX - Alarmes & Sirenes #55	wav	6.91	CinePRO Sound Design	SFX	
1PNFoP5A4EFOWaOHxsU1RhIj3oo34zpzd	SFX - Alarmes & Sirenes #56	wav	6.91	CinePRO Sound Design	SFX	
1M_JdbDi7CvW9xcs5clTaXlnxCcG3YtSz	SFX - Alarmes & Sirenes #57	wav	6.91	CinePRO Sound Design	SFX	
10z0Vmfzr0TeDTHsBrRR6qDAgRr7O0Mpq	SFX - Alarmes & Sirenes #58	wav	6.91	CinePRO Sound Design	SFX	
1827DGbColsJYAVSHeg-v-YZcadfeMxY5	SFX - Alarmes & Sirenes #59	wav	6.91	CinePRO Sound Design	SFX	
1vP-YfHvzBxMQ3afq_Zs-f6IjcsLeRAXH	SFX - Alarmes & Sirenes #6	wav	6.91	CinePRO Sound Design	SFX	
1nw7SWCfz7ar7gyL7NYctebzclyWD-J2j	SFX - Alarmes & Sirenes #60	wav	6.91	CinePRO Sound Design	SFX	
1uBgMrF_GtZcTn3YkhKSl015A664PbCSU	SFX - Alarmes & Sirenes #61	wav	6.91	CinePRO Sound Design	SFX	
1s0xab5mSTjS15avVtS_qbz5GV9ffrUaT	SFX - Alarmes & Sirenes #7	wav	6.91	CinePRO Sound Design	SFX	
1-5o4Q_k4H3D9j5LR1QSDNZchx03gShdN	SFX - Alarmes & Sirenes #8	wav	6.91	CinePRO Sound Design	SFX	
1sH5SuMBcLDCiN8IblD5WZIcvemPcC4og	SFX - Alarmes & Sirenes #9	wav	6.91	CinePRO Sound Design	SFX	
1Gvh6i42N9rPOFBcJlL5va1xhZxNEEq1g	SFX - Alerta #1	wav	3.22	CinePRO Sound Design	SFX	
12bpXt-NpbOcs_DxxjxZOhgPJf2OSgVyo	SFX - Alerta #10	wav	4.25	CinePRO Sound Design	SFX	
18LEb4LPa8_VsY3k6woSp2tCNwJ2Mxzb_	SFX - Alerta #11	wav	6.58	CinePRO Sound Design	SFX	
1B7u2oAE0GtrYpzMG8VBstbW-MSf7c5Zw	SFX - Alerta #12	wav	3.54	CinePRO Sound Design	SFX	
1l8vGCm1_dZJoyMS_nd73vTm2Zj2dA-SZ	SFX - Alerta #2	wav	8.14	CinePRO Sound Design	SFX	
1h2hn6B7gbZKJhcdCuWS5bxLpHR7KUDWI	SFX - Alerta #3	wav	2.31	CinePRO Sound Design	SFX	
1jQEZLso-f6ARDCrVui2NZ_6zIMNEwv5V	SFX - Alerta #4	wav	5.08	CinePRO Sound Design	SFX	
1NgEDT7-t9bn0KTZPFsuk4VgBWyHXL7B-	SFX - Alerta #5	wav	2.93	CinePRO Sound Design	SFX	
1w3CpR1lcWBr3yjHq-uy2QhX8TEYE83MU	SFX - Alerta #6	wav	2.25	CinePRO Sound Design	SFX	
1xjE1Xbrw-F1wzktbdRpA9k6GaA9jnk1c	SFX - Alerta #7	wav	3.4	CinePRO Sound Design	SFX	
10kqz3BreRfUGNs8yG15h2HHAFFHmvnan	SFX - Alerta #8	wav	8.08	CinePRO Sound Design	SFX	
1RtVkap0VTIw7HhI_HoFsseQdpjkStfON	SFX - Alerta #9	wav	9.14	CinePRO Sound Design	SFX	
1pX-nfvrROcDJTf49TBRscyULCIfQC-S9	SFX - Amplificador Ruim #1	wav	1.24	CinePRO Sound Design	SFX	
1su3HrIJlMR6VSYHYUzjshVllpddddnHM	SFX - Amplificador Ruim #2	wav	1.09	CinePRO Sound Design	SFX	
1DvLZFEo3DZRRxLtV9ZFhr5wc5F60QIWS	SFX - Amplificador Ruim #3	wav	5.82	CinePRO Sound Design	SFX	
1KR5XnS8yJRHGwtQpvUF8xzq1tXmSyf6J	SFX - Andando #1	wav	6.88	CinePRO Sound Design	SFX	
1TMGsGZTzSoINcrE87gAf_IYpqc6FRgZq	SFX - Andando #2	wav	6.88	CinePRO Sound Design	SFX	
1p-nIj7b1gynWn0oMB4LkU_s8bckh0x4f	SFX - Apito	wav	6.88	CinePRO Sound Design	Essentials	
1an0q15f0xzj3c1jskZ3pinr5923DVSda	SFX - Ar Condicionado (Desligando)	wav	3.05	CinePRO Sound Design	Essentials	
10Lj7KhYUZ5WbIgqGjmpBJZv6-Z_-QbJn	SFX - Ar Condicionado (Ligando)	wav	6.88	CinePRO Sound Design	Essentials	
19ASS9jMOF1VJOaRTnVb6JwDDB5XbCfQY	SFX - Arma de Prego	wav	0.55	CinePRO Sound Design	SFX	
1_QN39pM68qmI_C1ayL58C2garte2q4aF	SFX - Arrancada	wav	10.8	CinePRO Sound Design	SFX	
1pD4RjDRfBq00zfhTc4OrAoL9Etyd96vX	SFX - Arrancada	wav	12.22	CinePRO Sound Design	SFX	
1ramFc24pE2FDr2QyMnCyPgEN3hxiFc1H	SFX - Arrancada	wav	16.72	CinePRO Sound Design	SFX	
1mf0liXmq_14OH0M4p8EEyvbfpNmJU1dD	SFX - Arrancada	wav	8.83	CinePRO Sound Design	SFX	
1znH8B1U8csVJisFrM-UN5La-b1PFNpOB	SFX - Arrancada	wav	10.38	CinePRO Sound Design	SFX	
1k42BbfqzzYsJARze4QL5DsY82pIk5Pf-	SFX - Arrancada	wav	8.59	CinePRO Sound Design	SFX	
1aaEL8fh7qABHRYRNwPjfFX0JNAWn0kqN	SFX - Arrancada	wav	7.75	CinePRO Sound Design	SFX	
1SV7goLyUe3SEJrRskuXQl2Bbzr9YJaSz	SFX - Arrancada	wav	12.01	CinePRO Sound Design	SFX	
1GmvDKig2lvomRbrpt8aioR1ukNT7qq-u	SFX - Arrancada	wav	10.3	CinePRO Sound Design	SFX	
1hQINu1z2HzgzDXDn2gXCIrr4yTM__sVb	SFX - Arrancada	wav	5.37	CinePRO Sound Design	SFX	
1DLxfS_Z16bKamdhpCGfv-S-DVDaSDKFl	SFX - Arrancada	wav	8.58	CinePRO Sound Design	SFX	
1jt5Q6VeVOLACTNBgtl5tWzUlK0KiZMBX	SFX - Arrancada	wav	13.08	CinePRO Sound Design	SFX	
1bOkNNQSgmT1IQLroqBx09Fo8Iq1nPObG	SFX - Arrancada	wav	6.87	CinePRO Sound Design	SFX	
17TD_Q17OEhmQsWEJWfKWwZm911f0axsv	SFX - Arrancada	wav	15.44	CinePRO Sound Design	SFX	
1WYx2l0KH8pvAXq1GDvXWA5k78i3PQLSw	SFX - Arrancada (Externo)	wav	8.02	CinePRO Sound Design	SFX	
1gkT2gYUoGv5DANfb-FP3jW_QdgueueB1	SFX - Arrancada (Externo)	wav	9.89	CinePRO Sound Design	SFX	
1CBE2ENajNaT0V9c_No1SCAsSR2Rs0PEg	SFX - Arrancada (Externo) #1	wav	17.15	CinePRO Sound Design	SFX	
1lN98PtGQVrgf4mbK77Tx7QcvpnvH-FLx	SFX - Arrancada (Externo) #1	wav	18.87	CinePRO Sound Design	SFX	
1sbLGOWG0VlJ8x09WVZnpX_7JvJOp2-Cm	SFX - Arrancada (Externo) #1	wav	10.13	CinePRO Sound Design	SFX	
1BFeNUVNaVkm-rzWHFR6-VArNAXB4GpkI	SFX - Arrancada (Externo) #1	wav	11.18	CinePRO Sound Design	SFX	
1sTX3_QIchWJUrwKtuuaDCSMgYrI8OIOP	SFX - Arrancada (Externo) #1	wav	11.28	CinePRO Sound Design	SFX	
166P1nfdMqPS1umyzXHBE6F4WE5MMEE-f	SFX - Arrancada (Externo) #2	wav	18.87	CinePRO Sound Design	SFX	
1AMHRNKrsgzswOTpt2JXz80uzGEFkC7Uy	SFX - Arrancada (Externo) #2	wav	5.7	CinePRO Sound Design	SFX	
1nsQ3FnVywnWbBFFPDHy73XFTB-nSVnsm	SFX - Arrancada (Externo) #2	wav	7.23	CinePRO Sound Design	SFX	
1RGgdzFvVG0IBbOSRWJcnUc1YN1SuV_Ea	SFX - Arrancada (Externo) #2	wav	9.8	CinePRO Sound Design	SFX	
1DgVx8h5edCQGX1YzndHdeQsvlHmmke4N	SFX - Arrancada (Externo) #3	wav	8.15	CinePRO Sound Design	SFX	
17B3vJuMyS95D4wEDAMyYifeJ1msupiGn	SFX - Arrancada (Interno)	wav	7.94	CinePRO Sound Design	SFX	
1vKtp0MKja47upDSRXgyvKxN3W2apMYhV	SFX - Arrancada (Interno)	wav	20.59	CinePRO Sound Design	SFX	
123Mkc9qt0mfE5LEL1S6cy5ZmVuYw1oap	SFX - Arrancada (Interno)	wav	12.01	CinePRO Sound Design	SFX	
1Lj7rbs_2T6WAAlHzx2S-BCTIG5aQQgdd	SFX - Arrancada (Interno)	wav	31.44	CinePRO Sound Design	SFX	
1Sp_cygA8BMw-XemNYGHdYNr0obgHMVw1	SFX - Arrancada (Interno)	wav	12.01	CinePRO Sound Design	SFX	
1N3JV0z_YyN_eCVLRTV3dqIyavmfqOT1g	SFX - Arrancada (Interno)	wav	18.88	CinePRO Sound Design	SFX	
1EhK6I0-a1CI794hzuMf6Rhe-Gc5_Atf-	SFX - Arrancada (Interno)	wav	24.01	CinePRO Sound Design	SFX	
1HuBxHBlnwrMuA_gKzmeXu8p0Lf2t-jOq	SFX - Arrancada (Interno)	wav	15.44	CinePRO Sound Design	SFX	
13D9C0VEItDD0CIbHpU4Fwf7ceaIEY062	SFX - Arrancada (Interno)	wav	9.22	CinePRO Sound Design	SFX	
1Uc5pUTXYm9TSjvJVldpJq_2kJpZg0glX	SFX - Arrancada (Interno)	wav	24.61	CinePRO Sound Design	SFX	
1tgQ8Y4D8zODN2jo7EGNyxfJf8Zh9z8bc	SFX - Arrancada (Interno)	wav	22.46	CinePRO Sound Design	SFX	
1yAiUnS4OmZqsOnRuLbGmfEWFoMVcImvx	SFX - Arrancada (Interno)	wav	10.65	CinePRO Sound Design	SFX	
1FyjxAFQjVAd29ZpjBCbFEGTjHFiekNwT	SFX - Arrancada (Interno)	wav	13.72	CinePRO Sound Design	SFX	
1c1ietemzpETxYjRzvlnOmS0qrgv01bXc	SFX - Arrancada (Interno) #1	wav	12.01	CinePRO Sound Design	SFX	
1Xj2c7tthw2zHS5YiMKT_43eO9UvDczV6	SFX - Arrancada (Interno) #1	wav	6.9	CinePRO Sound Design	SFX	
1r6-AGbZhKUT-4xprmiiNclSl2taF5de8	SFX - Arrancada (Interno) #1	wav	11.61	CinePRO Sound Design	SFX	
1467zapK6RPDpl8_4A2WKTnK6FS6s4cLE	SFX - Arrancada (Interno) #1	wav	10.3	CinePRO Sound Design	SFX	
1plfPBE7_xki3rkrer0bF0-iiMSATtBWD	SFX - Arrancada (Interno) #1	wav	7.02	CinePRO Sound Design	SFX	
1FT7yi_boWkOixg1HPWfGLs1_PLAXywPT	SFX - Arrancada (Interno) #1	wav	12.42	CinePRO Sound Design	SFX	
10gStgvduTwT8LvAcCHx6nPE7-gPNNGUQ	SFX - Arrancada (Interno) #1	wav	8.58	CinePRO Sound Design	SFX	
1N6RMgAcMA9IBApKR9gJ_d6rsg2sYE4PP	SFX - Arrancada (Interno) #1	wav	9.44	CinePRO Sound Design	SFX	
1l6Xay4uOjreYWl5MVqHXB9jYdZqU5xVo	SFX - Arrancada (Interno) #1	wav	8.37	CinePRO Sound Design	SFX	
1orQ5RMQvW69vDM-gSNyD30bcdCfh_kdc	SFX - Arrancada (Interno) #1	wav	13.72	CinePRO Sound Design	SFX	
1BwUeyW3WVLS3bEhrU9SJq4jWt4qyLhV0	SFX - Arrancada (Interno) #1	wav	13.72	CinePRO Sound Design	SFX	
1GbM7GuwhO4HEc4iIGjD1hZghGUG7H2M7	SFX - Arrancada (Interno) #1	wav	12.65	CinePRO Sound Design	SFX	
1r8FHocfcdo44FvuB6fVnKU7bryxm09tX	SFX - Arrancada (Interno) #1	wav	13.51	CinePRO Sound Design	SFX	
14ABlF2sL8E4W19rq3Ju_STPWNNcccMv5	SFX - Arrancada (Interno) #2	wav	23.63	CinePRO Sound Design	SFX	
1HaQo5J9LiLh9UzWckRZ-cN-1Siy0oPOi	SFX - Arrancada (Interno) #2	wav	6.87	CinePRO Sound Design	SFX	
10upYDTnnDswtsLtcTWsjlAAsYv360ful	SFX - Arrancada (Interno) #2	wav	12.01	CinePRO Sound Design	SFX	
17b_und51xSBssWYN0s3_PXAjC_ca1sVe	SFX - Arrancada (Interno) #2	wav	8.99	CinePRO Sound Design	SFX	
1hF5Cs9KhDWJjN2DfHJf6yaaR_6IoFIEZ	SFX - Arrancada (Interno) #2	wav	10.06	CinePRO Sound Design	SFX	
1yndDHn9N_BAxGWjX-F3GaC9ggQRIqh7t	SFX - Arrancada (Interno) #2	wav	7.94	CinePRO Sound Design	SFX	
1l_CgdtjdreMu9Q81d2RD3RimNU_sr3zj	SFX - Arrancada (Interno) #2	wav	10.08	CinePRO Sound Design	SFX	
1j0kQCXBGvuc2ECREXF_KKpNXSTAzjUPc	SFX - Arrancada (Interno) #2	wav	8.58	CinePRO Sound Design	SFX	
1YS_tcEfO8QinIRDx82dn9YHVMgFqaGwl	SFX - Arrancada (Interno) #2	wav	27.66	CinePRO Sound Design	SFX	
1hIejc09vd9GofkmwOEvmVy-qFBFvZW3t	SFX - Arrancada (Interno) #2	wav	11.45	CinePRO Sound Design	SFX	
1Rc9QP8daitB1AKEi-28sjTvdlRON97wI	SFX - Arrancada (Interno) #2	wav	16.37	CinePRO Sound Design	SFX	
15bOMvwXFbHr7fYPocpsK4-8YIlzpTpyC	SFX - Arrancada (Interno) #2	wav	12.96	CinePRO Sound Design	SFX	
1i7luvW_9dd7GPQTByf81MTQVC3q8qLqu	SFX - Arrancada (Interno) #3	wav	35.72	CinePRO Sound Design	SFX	
15KIMSlAwk95KezuhzGtcLdLJ69Fga8c3	SFX - Arrancada (Interno) #3	wav	7.07	CinePRO Sound Design	SFX	
1YGbQ_3D0PS0Md__EbcGDrOqBvAQnm6SA	SFX - Arrancada (Interno) #3	wav	30.48	CinePRO Sound Design	SFX	
108gP2ciz-z6OISoiHfHUHVvJGiRgdKyz	SFX - Arrancada #1	wav	10.3	CinePRO Sound Design	SFX	
1URo7Puvd8xfNfML8KaAKX8WUUxkKoSbz	SFX - Arrancada #1	wav	4.3	CinePRO Sound Design	SFX	
1_sIRxMt2Osr1MjmQMkY383s0WlLiHwgW	SFX - Arrancada #1	wav	7.73	CinePRO Sound Design	SFX	
1Lj1bptZVLAjm4PYOM1HlCybefnxomCje	SFX - Arrancada #1	wav	5.59	CinePRO Sound Design	SFX	
1dvtiwlshZmPf8HxAx50DzYylw-xfn0Ux	SFX - Arrancada #1	wav	9.01	CinePRO Sound Design	SFX	
1hWYjOi6WldW0ZpDf1h6xG8u-tiSi6dow	SFX - Arrancada #1	wav	13.72	CinePRO Sound Design	SFX	
1OwTtBTiuXmA9Y6saRKQ8uuX5l6YTUVsV	SFX - Arrancada #1	wav	7.46	CinePRO Sound Design	SFX	
1lfNDA7zh5Th-wTFL6LCz86CZAjnHwf7X	SFX - Arrancada #1	wav	13.57	CinePRO Sound Design	SFX	
1hXmza8BnxTCz3DjOTVOeRwVD5TDFtkUO	SFX - Arrancada #1	wav	9.87	CinePRO Sound Design	SFX	
1oA8iRn3ivPqJrHbSJGCoz5iy0aDEjaT5	SFX - Arrancada #1	wav	7.51	CinePRO Sound Design	SFX	
1wBR-nbejPWDHcb6MwEK13Vi1bfl_Iarj	SFX - Arrancada #1	wav	14.15	CinePRO Sound Design	SFX	
1x-rgLtknDieBGuJB_O-aH3Gw4wcVWvvF	SFX - Arrancada #1	wav	10.3	CinePRO Sound Design	SFX	
1rhyfAVf_PXn7lxqfjKbv6t7EAJpwm8qF	SFX - Arrancada #2	wav	8.15	CinePRO Sound Design	SFX	
1CjlsDdC6Zk3YtNXfDOwOoBYUK2TSFhpm	SFX - Arrancada #2	wav	10.94	CinePRO Sound Design	SFX	
1oGSDgEMIqp5jWX2PEnz1xMUGXM7h8dg_	SFX - Arrancada #2	wav	3.67	CinePRO Sound Design	SFX	
135STtVxJHJPlIF51UWpWVcKwYbxc9CV7	SFX - Arrancada #2	wav	6.9	CinePRO Sound Design	SFX	
1MywyMu25VouZaizW981U_S512JeJpGIb	SFX - Arrancada #2	wav	8.57	CinePRO Sound Design	SFX	
1vLog0OG6tf7uJa247pc_Fzoxq5tn7Cl0	SFX - Arrancada #2	wav	6.65	CinePRO Sound Design	SFX	
18FynJPIsm7SRD618GMRi_iaiHYaJ5zLX	SFX - Arrancada #2	wav	7.94	CinePRO Sound Design	SFX	
1CEXQbkKtszkVyLcQe21wZkgfd_pgGczA	SFX - Arrancada #2	wav	6.64	CinePRO Sound Design	SFX	
12ZpsHYV6jSrEv0ieiX_Mtpuze60P6Jzd	SFX - Arrancada #2	wav	4.51	CinePRO Sound Design	SFX	
1t3hsTBO2GXyfBodLLM10H-sHjooLI92b	SFX - Arrancada #2	wav	7.3	CinePRO Sound Design	SFX	
1Ovn66TqGMkvR5ZL7U6_7ONBZP323gK-2	SFX - Arrancada #2	wav	9.99	CinePRO Sound Design	SFX	
1QkMJXD048hkHXOtMhU4Vpf153xjXP-wY	SFX - Arrancada #2	wav	9.87	CinePRO Sound Design	SFX	
1InmXYZ7PbZTa31voAvcWtLbOyN0wJK0e	SFX - Arrancada #2	wav	13.3	CinePRO Sound Design	SFX	
1HvYRupu5A7jxVg36AtO0zKUrGLUEJNXb	SFX - Arrancada #2	wav	7.72	CinePRO Sound Design	SFX	
1hw4qRuClAYRDyXH_t-BsVhGRMyDUmuZH	SFX - Arrancada #3	wav	8.58	CinePRO Sound Design	SFX	
1xXw8j-xskOvFj8VpNlUKobs-VWZJxDri	SFX - Arrancada #3	wav	6.01	CinePRO Sound Design	SFX	
13jqfII27ka9Wcpq8p95XBytKDxVYso5r	SFX - Aspirador de Pó (Desligando) #1	wav	4.03	CinePRO Sound Design	SFX	
1zkNqZhD7rdsh6id2mkanTjqmj7h7uEnc	SFX - Aspirador de Pó (Desligando) #2	wav	6.88	CinePRO Sound Design	SFX	
1D_yY-l0WqwWPWpowtxtggGqo4mdUNme6	SFX - Aspirador de Pó (Ligando) #1	wav	6.88	CinePRO Sound Design	SFX	
1fvArok6Dnjf3vjq6sE-cpzIKr0MhrqaI	SFX - Aspirador de Pó (Ligando) #2	wav	6.88	CinePRO Sound Design	SFX	
1hckZwE51q4QyY5KQVLcQwxCv-7UVjgDq	SFX - Atmosfera Deep #1	wav	4.58	CinePRO Sound Design	SFX	
1EGOL9sQg6-oN36Qsx3sUUH9tWdhfWXsk	SFX - Atmosfera Deep #10	wav	6.91	CinePRO Sound Design	SFX	
19mYJuKMbPs9j7STuU0ax5nR0mWjJJC1R	SFX - Atmosfera Deep #100	wav	3.95	CinePRO Sound Design	SFX	
1yu5CYMUT9jR_I2NYtsHKP1mFKFgQU5SY	SFX - Atmosfera Deep #101	wav	3.71	CinePRO Sound Design	SFX	
1OQ3t4nY_V_yDCTDC5BgXlwaI2EMQm_z2	SFX - Atmosfera Deep #102	wav	6.91	CinePRO Sound Design	SFX	
1rnD2ugdj684fk_LNT5TCRSGgW7aIBpr8	SFX - Atmosfera Deep #103	wav	6.91	CinePRO Sound Design	SFX	
1gTffP7va2UPle4TrbLlRaTnQa_djT6rl	SFX - Atmosfera Deep #104	wav	4.81	CinePRO Sound Design	SFX	
1ktQlyAkhuvfj9kl63UQMD4Z5R5rH2H02	SFX - Atmosfera Deep #105	wav	5.02	CinePRO Sound Design	SFX	
1fMdbap-3PRa6WzwPdCjYC609-l9c2Qn8	SFX - Atmosfera Deep #106	wav	4.38	CinePRO Sound Design	SFX	
1IBMj1jS3Fg81sIBXncqqHbOyrQXRwTAe	SFX - Atmosfera Deep #107	wav	6.91	CinePRO Sound Design	SFX	
1-kdVShHxuIB9j13EApS_kmxPJyJXKD2f	SFX - Atmosfera Deep #108	wav	3.75	CinePRO Sound Design	SFX	
1WFGMq8hTugO0IJ3-1KXv3Mf4iwg1StMb	SFX - Atmosfera Deep #109	wav	5.15	CinePRO Sound Design	SFX	
1lkJCLFYLyz-pqx5BiPg049V23RP6mmkR	SFX - Atmosfera Deep #11	wav	6.91	CinePRO Sound Design	SFX	
1pYvqfK5UOQZAYSmSOto0h1fKdm-CBvRH	SFX - Atmosfera Deep #110	wav	3.4	CinePRO Sound Design	SFX	
1OkaJLWq62_3ybE1FXIdLeJ5fSlxsF6gx	SFX - Atmosfera Deep #111	wav	6.25	CinePRO Sound Design	SFX	
12btlzondQszNZ4zVB3Ab33X3EgssSriV	SFX - Atmosfera Deep #112	wav	4.52	CinePRO Sound Design	SFX	
1pkzIuHJTAxfOgVlG_SNuWFMfiDIWddEo	SFX - Atmosfera Deep #113	wav	4.94	CinePRO Sound Design	SFX	
1BwZX655sdPjjbLaJ6gyLBMyF7snwJjab	SFX - Atmosfera Deep #114	wav	3.55	CinePRO Sound Design	SFX	
18yQ45ZP40uooO3SQkJeDkcCB5aQ9b6D4	SFX - Atmosfera Deep #115	wav	3.22	CinePRO Sound Design	SFX	
1OcvRNoYyAPn9kJNLBTmY6FFaOGApBkMz	SFX - Atmosfera Deep #116	wav	5.63	CinePRO Sound Design	SFX	
1rlx7RcdIMC1UjucEKtX7UwcrMA3fkcfA	SFX - Atmosfera Deep #117	wav	3.89	CinePRO Sound Design	SFX	
1txtMvq_Wj2NyhkGAmdlS6su5ZcJ6oalV	SFX - Atmosfera Deep #118	wav	6.87	CinePRO Sound Design	SFX	
1tQckxD43VEdzhmVqQvROFVduZsPiLb9X	SFX - Atmosfera Deep #119	wav	6.87	CinePRO Sound Design	SFX	
1-h3lUpgqqDMEbxaoVRgvaAaQ-weMqXk1	SFX - Atmosfera Deep #12	wav	5.68	CinePRO Sound Design	SFX	
1sd-kj2dEi2RW6FteXDlQppIVzrtYXJgi	SFX - Atmosfera Deep #120	wav	1.28	CinePRO Sound Design	SFX	
1VX8dzkilo45lUZAqL5IGVfsIID0F_-VO	SFX - Atmosfera Deep #121	wav	6.91	CinePRO Sound Design	SFX	
18REH29KLx5Ky-AQWM8tqMp9_8PIfzClW	SFX - Atmosfera Deep #122	wav	3.92	CinePRO Sound Design	SFX	
1txTYytsThHKZP7p901uTFCZQtZbDRdaJ	SFX - Atmosfera Deep #13	wav	6.87	CinePRO Sound Design	SFX	
1oVjy_Kps24VFB44YavUBsxoM-HpK4lJB	SFX - Atmosfera Deep #14	wav	6.87	CinePRO Sound Design	SFX	
1Qto3KtwQvXP8h0qZXqE1tsnoJagz3chM	SFX - Atmosfera Deep #15	wav	6.87	CinePRO Sound Design	SFX	
1atGkSUdxFiYqSjYd4TJcfyM-YaMEpWR-	SFX - Atmosfera Deep #16	wav	6.91	CinePRO Sound Design	SFX	
1gITOguKTzXLYLV9mkKNXTwv6_vmkcA0y	SFX - Atmosfera Deep #17	wav	6.87	CinePRO Sound Design	SFX	
1VVeQd3F6pQqKuqZSviD9uoz01anCsSaB	SFX - Atmosfera Deep #18	wav	6.91	CinePRO Sound Design	SFX	
1kfFwX54JXRtL9wgX5GhZ0LypLxqMhbmv	SFX - Atmosfera Deep #19	wav	6.18	CinePRO Sound Design	SFX	
16vKmCvmrMfBSXCl6vPfSEJRv9ReSctmD	SFX - Atmosfera Deep #2	wav	6.25	CinePRO Sound Design	SFX	
1_KC3FVtpAZcmgROB_q_20z2djjdETtUH	SFX - Atmosfera Deep #20	wav	5.85	CinePRO Sound Design	SFX	
1boT8u30uY5Jjb-wvsqYyJezapLgfMEOV	SFX - Atmosfera Deep #21	wav	6.91	CinePRO Sound Design	SFX	
1uNPZn3YwAzVBUu_Kf9NDmuX3H156suUb	SFX - Atmosfera Deep #22	wav	6.91	CinePRO Sound Design	SFX	
1s9QaIWaIEG_ygJ5fPF4Kl_CaIOmaRX-i	SFX - Atmosfera Deep #23	wav	6.72	CinePRO Sound Design	SFX	
1hhsNH1PldWiyW6ZgccYQCi07Vjwv8y9P	SFX - Atmosfera Deep #24	wav	6.87	CinePRO Sound Design	SFX	
1IPKM73lEKNyhxciPzUdEOt2JaACx2iKR	SFX - Atmosfera Deep #25	wav	6.91	CinePRO Sound Design	SFX	
1NztmrIAM65KGrBUDM04iVgpNEcDC9ndh	SFX - Atmosfera Deep #26	wav	6.9	CinePRO Sound Design	SFX	
1Nw9kHjnq52AwQj9FzQG-z2YyA7OVp32U	SFX - Atmosfera Deep #27	wav	6.91	CinePRO Sound Design	SFX	
1TmKJgi52myY6v9Y6_mPznrLJXFOZxtKF	SFX - Atmosfera Deep #28	wav	6.37	CinePRO Sound Design	SFX	
1uKCeQkhXpEE5WVcPz0n0MKMD-onNEcj0	SFX - Atmosfera Deep #29	wav	4.98	CinePRO Sound Design	SFX	
1pItuw2sdwvQ9rh_D3aKEws_SVpE-BESI	SFX - Atmosfera Deep #3	wav	4.58	CinePRO Sound Design	SFX	
1ZYgE_dw5x_fNR2Lx8rD503hG-X2sj9Ea	SFX - Atmosfera Deep #30	wav	6.91	CinePRO Sound Design	SFX	
1xrmsJy3_5sLYio_qWUbmCNfFGikVzIda	SFX - Atmosfera Deep #31	wav	6.88	CinePRO Sound Design	SFX	
1esLGttCTQy_-LfSmu_lGUH1YVjCg-4us	SFX - Atmosfera Deep #32	wav	1.24	CinePRO Sound Design	SFX	
13CAim2I5q0EHE42lACaWF_8aGVQC-Krt	SFX - Atmosfera Deep #33	wav	0.9	CinePRO Sound Design	SFX	
1lRBwH-kx4vQ4HMcylRo3mDzqmNqpSvBD	SFX - Atmosfera Deep #34	wav	6.91	CinePRO Sound Design	SFX	
1R0CiGKdFcck7K4XmSG8b3nKOZC0eM4Lw	SFX - Atmosfera Deep #35	wav	6.87	CinePRO Sound Design	SFX	
1c0SvwdgJCVhfiHeYqVwsCeupnVZsgjV6	SFX - Atmosfera Deep #36	wav	6.23	CinePRO Sound Design	SFX	
1adsOCLAOWQZ6qvfCgXuCtk5uYGZTOgpO	SFX - Atmosfera Deep #37	wav	6.29	CinePRO Sound Design	SFX	
1iWNEtBd9dXWlBA0d4HUg0q-OKbl9i4QJ	SFX - Atmosfera Deep #38	wav	6.84	CinePRO Sound Design	SFX	
1G8KEeND_horuweUrWofgaowTXhIym9wa	SFX - Atmosfera Deep #39	wav	6.01	CinePRO Sound Design	SFX	
1y6nkVTbyu5IuFZ1HPsKaQ1Xrx9FEE_e9	SFX - Atmosfera Deep #4	wav	4.32	CinePRO Sound Design	SFX	
1MFQ5sZ6Q1Qw9ttsrsts-7uEZo53yaJyt	SFX - Atmosfera Deep #40	wav	6.87	CinePRO Sound Design	SFX	
1RC50VNIOGNaVWJ7EFm7CSmfXi6cS3Jfa	SFX - Atmosfera Deep #41	wav	5.18	CinePRO Sound Design	SFX	
16yZ8dWD3s_m1V-9h0YUqh2m3glT4tPjT	SFX - Atmosfera Deep #42	wav	6.44	CinePRO Sound Design	SFX	
15fdBKNiq74kmadv5Jc8jlzn4HQJITR2x	SFX - Atmosfera Deep #43	wav	4.94	CinePRO Sound Design	SFX	
1aUWwJwGDkdi5hNrmIueIPq5-WISr5pxO	SFX - Atmosfera Deep #44	wav	1.3	CinePRO Sound Design	SFX	
17eTTVuCYs2wIS-MlSd-i4lrLxhabv7W0	SFX - Atmosfera Deep #45	wav	6.91	CinePRO Sound Design	SFX	
1Z72ad8qNKl6wweda7yNEuj557NDNQaji	SFX - Atmosfera Deep #46	wav	6.53	CinePRO Sound Design	SFX	
1PaHRKTMtiPDug7hj0xB-aEF9No-8fIk7	SFX - Atmosfera Deep #47	wav	5.07	CinePRO Sound Design	SFX	
1N1HzfQHRXPbrhcpFJwftVr-WaKj6W_0a	SFX - Atmosfera Deep #48	wav	6.91	CinePRO Sound Design	SFX	
12mg8kUl9v4jE3vyAfTA-WmOoHZ6qL_e1	SFX - Atmosfera Deep #49	wav	5.23	CinePRO Sound Design	SFX	
1q7aNqWItf_XrFRWMUH1DnxEmjjPbTpj2	SFX - Atmosfera Deep #5	wav	5.63	CinePRO Sound Design	SFX	
1nWYzm3_RJXV6xc_zxQemhPqsKk0FnaR2	SFX - Atmosfera Deep #50	wav	6.91	CinePRO Sound Design	SFX	
1VC-nJkMCbEFUyvymibYe4um_2JZMathN	SFX - Atmosfera Deep #51	wav	5.02	CinePRO Sound Design	SFX	
10OmSylRPgVNSxZc8cnsFWtHPs50gmYpx	SFX - Atmosfera Deep #52	wav	6.87	CinePRO Sound Design	SFX	
1EEmJM1zMqkrp1QVB9rFkmuZf0BPZAXul	SFX - Atmosfera Deep #53	wav	6.87	CinePRO Sound Design	SFX	
1fkRAfc17jTLb2jxxESQcfcbGa2LO5bQE	SFX - Atmosfera Deep #54	wav	4.96	CinePRO Sound Design	SFX	
1Xw7Dr6GjjJcgcmwd57LDRGbQjumVoBDE	SFX - Atmosfera Deep #55	wav	4.86	CinePRO Sound Design	SFX	
17CSjwdqftJGW7Vb4EDVlBXqWD-0OzkZR	SFX - Atmosfera Deep #56	wav	5.9	CinePRO Sound Design	SFX	
17UXXmRn5sBmgC-LL2hk7w1mz54OuWaIw	SFX - Atmosfera Deep #57	wav	5.09	CinePRO Sound Design	SFX	
1OxUVscGchloExmN3Ar2zG1_dOycelKkj	SFX - Atmosfera Deep #58	wav	5.36	CinePRO Sound Design	SFX	
18x0V9vHP8ACRXZ90wrFKI9TO4iAvHO6o	SFX - Atmosfera Deep #59	wav	6.9	CinePRO Sound Design	SFX	
1A3N5hN3vXTRW3w5u9NCCEUVgIQQL5AJc	SFX - Atmosfera Deep #6	wav	3.8	CinePRO Sound Design	SFX	
114QRZaUJUsDkOTrvCWy2ULilEBlIsA73	SFX - Atmosfera Deep #60	wav	6.87	CinePRO Sound Design	SFX	
10vgQP7W8EptFk5WxNwlp5yhzMd8bb8ze	SFX - Atmosfera Deep #61	wav	6.52	CinePRO Sound Design	SFX	
1mQzNMGKYgawXor5uXAar24pqsfSiOCh7	SFX - Atmosfera Deep #62	wav	6.33	CinePRO Sound Design	SFX	
1_NisM82TAnEyJnCfJf3nKi8etPKbrOCa	SFX - Atmosfera Deep #63	wav	6.91	CinePRO Sound Design	SFX	
1KW_i_PdAreuwykPI63toroFdnYIvQOZ_	SFX - Atmosfera Deep #64	wav	6.91	CinePRO Sound Design	SFX	
1crvSefk-OrzT-ypW_VZW6UzVM2Z2QTzp	SFX - Atmosfera Deep #65	wav	6.31	CinePRO Sound Design	SFX	
1zQAjxHfQX1PZPGpiKVBECEocM_RJqCwq	SFX - Atmosfera Deep #66	wav	6.88	CinePRO Sound Design	SFX	
1_NWkzSwATv1J3JZofFtXIsBu-VfBer0Z	SFX - Atmosfera Deep #67	wav	5.47	CinePRO Sound Design	SFX	
1FD033BAOq3Ui-CNfutKEs63ib8Nn6Qad	SFX - Atmosfera Deep #68	wav	6.35	CinePRO Sound Design	SFX	
1CzVQR2EbvH1b7MA9J_rHg_RBJ6yqZczw	SFX - Atmosfera Deep #69	wav	6.91	CinePRO Sound Design	SFX	
1KEpnX00rIWdPDXuSgPhTn4T6jjZ_zHdv	SFX - Atmosfera Deep #7	wav	6.9	CinePRO Sound Design	SFX	
1Gp6-tzCZZGhAQuI77KEgZXpvgSEmk0B5	SFX - Atmosfera Deep #70	wav	6.91	CinePRO Sound Design	SFX	
1xa5ST_Ux82b2V3Ess0HMJ4WoASiP0JR6	SFX - Atmosfera Deep #71	wav	6.91	CinePRO Sound Design	SFX	
1QmQsYRgWFGxPnry8o5Df-oBpN9mP2WS9	SFX - Atmosfera Deep #72	wav	3.97	CinePRO Sound Design	SFX	
1LWzKEYwhQ2rmd69NHsvlZeOiJjKXXSTq	SFX - Atmosfera Deep #73	wav	5.78	CinePRO Sound Design	SFX	
1v-5Zx1uWyvg8bSsy_8aYxCD-ZD3ydOhO	SFX - Atmosfera Deep #74	wav	6.91	CinePRO Sound Design	SFX	
1l1xRCBWxnzlMWNDRX2hOwRj1c7odXC1n	SFX - Atmosfera Deep #75	wav	4.33	CinePRO Sound Design	SFX	
1WGlRv7w7wb5gvKZ1qlGR16w648i3KKkx	SFX - Atmosfera Deep #76	wav	5.22	CinePRO Sound Design	SFX	
1_DHsvkdXdd87Dtv5jtSC8lvSd2R_GRdt	SFX - Atmosfera Deep #77	wav	3.66	CinePRO Sound Design	SFX	
12z79Fk8GPDAmYRIf6PmtCtEct8UX8OU1	SFX - Atmosfera Deep #78	wav	5.09	CinePRO Sound Design	SFX	
15mObI1NA1d6SxtuNO-_wCwtiXNY2Z2sL	SFX - Atmosfera Deep #79	wav	6.4	CinePRO Sound Design	SFX	
1tZh1DQi9V4rzqZqMj7rgI-PJH_pEzBMA	SFX - Atmosfera Deep #8	wav	6.91	CinePRO Sound Design	SFX	
1TxIGwDBaLV5vFo_W7PJsAZUOphn7eMgk	SFX - Atmosfera Deep #80	wav	6.21	CinePRO Sound Design	SFX	
1B3O4gdTJMHZI03EBVHtnpx6A-t8P_37J	SFX - Atmosfera Deep #81	wav	4.92	CinePRO Sound Design	SFX	
1oB4okcOIfgcg5cexZ3CbVp6hfHeS_upf	SFX - Atmosfera Deep #82	wav	4.05	CinePRO Sound Design	SFX	
1LhEyLvJ31h8rE7RrVLFoYl7dI20HT7TV	SFX - Atmosfera Deep #83	wav	6.86	CinePRO Sound Design	SFX	
1oFjAx7YQkmTWUyFwA4zkUkOuo0ey83XL	SFX - Atmosfera Deep #84	wav	6.9	CinePRO Sound Design	SFX	
112av4-ZpFrFqtuNBRdr4IK_EPbv9NQLU	SFX - Atmosfera Deep #85	wav	6.91	CinePRO Sound Design	SFX	
1_iQFwvB5kmg2nj6jUFAWQq6xxtbHKuFT	SFX - Atmosfera Deep #86	wav	3.61	CinePRO Sound Design	SFX	
152SuBVH2kRDRp5z6i5SoiWAtiSrhPo2D	SFX - Atmosfera Deep #87	wav	4.47	CinePRO Sound Design	SFX	
1MUrM_16gNnZuOMeooCGrVM3TiF225oqw	SFX - Atmosfera Deep #88	wav	4.59	CinePRO Sound Design	SFX	
1AAUj0j_ElKO9phfQnmZ_edGr6nejzRma	SFX - Atmosfera Deep #89	wav	6.91	CinePRO Sound Design	SFX	
1-1bmdXbZOLZqQrDzGl3gCGlJ1AE24Sqi	SFX - Atmosfera Deep #9	wav	6.87	CinePRO Sound Design	SFX	
1dB3-V6vQwbPFyghxNirL0wLvrGvaPmpl	SFX - Atmosfera Deep #90	wav	4.42	CinePRO Sound Design	SFX	
1-Aiprb8S_-dN6uhFs0Bdc4cO-q7C-lyw	SFX - Atmosfera Deep #91	wav	1.96	CinePRO Sound Design	SFX	
1v52nl7KQuP8a2iST7tLdjLa4Io_2nRMR	SFX - Atmosfera Deep #92	wav	6.88	CinePRO Sound Design	SFX	
1IvaaEZ-NzTW69SCLEN5jDYlYsJxwX0-0	SFX - Atmosfera Deep #93	wav	3.15	CinePRO Sound Design	SFX	
1QJ2ZGumDcqdWi6IrhVmzDDIwYFcFwHvg	SFX - Atmosfera Deep #94	wav	3.11	CinePRO Sound Design	SFX	
1p0z605y-OWbgkJvfWXQAN36pHnOC1spI	SFX - Atmosfera Deep #95	wav	3.83	CinePRO Sound Design	SFX	
1cZ2tcQ1jbqob4bnD-KsZWQOtxE-gKBJu	SFX - Atmosfera Deep #96	wav	3.06	CinePRO Sound Design	SFX	
1PABbPxCsJWymBu1YFSicnNJ5R-q3Miqg	SFX - Atmosfera Deep #97	wav	5.31	CinePRO Sound Design	SFX	
1ywHkL_qgThoHfyebCDDGAnr7tz54AgWz	SFX - Atmosfera Deep #98	wav	6.91	CinePRO Sound Design	SFX	
1A6lifIjTa4Lm2jehWr8Aa65mx-KnnAyk	SFX - Atmosfera Deep #99	wav	6.18	CinePRO Sound Design	SFX	
1JPmwOrrKwLII1NwiUngmFgRaq1w1w_ry	SFX - Atmosfera Metal #1	wav	3.45	CinePRO Sound Design	SFX	
18-XU4S1qWOB2BnTw0mZb3MDi2xx8lDkG	SFX - Atmosfera Metal #10	wav	3.45	CinePRO Sound Design	SFX	
1L6Ng-apoXsFJkn4NSz9-9cZUepHUKxUb	SFX - Atmosfera Metal #11	wav	1.71	CinePRO Sound Design	SFX	
1AylF4M0hH14l9DGF9LyXn-zVY6vZxgkv	SFX - Atmosfera Metal #12	wav	2.88	CinePRO Sound Design	SFX	
1ddRNVj84mPYuGDTPOHAyIzz8M2BAA5o4	SFX - Atmosfera Metal #13	wav	3.1	CinePRO Sound Design	SFX	
1PIaTeEw2pPbzl4zj1koi-ielbV5mU1z9	SFX - Atmosfera Metal #14	wav	3.45	CinePRO Sound Design	SFX	
1r0sspKeIsJWucfb8HJWMzTpdAKOUPiC2	SFX - Atmosfera Metal #15	wav	1.63	CinePRO Sound Design	SFX	
1RyUtgFSCNujmDuQ464Mbm8EYLZc0QhMG	SFX - Atmosfera Metal #16	wav	2.54	CinePRO Sound Design	SFX	
1pRbNLI9qKPoIUwW9-fqEKzhm_p8qNiT5	SFX - Atmosfera Metal #17	wav	1.51	CinePRO Sound Design	SFX	
1qZfWys4pSMDiz3nWpMVz9FcFlJM6Nepy	SFX - Atmosfera Metal #18	wav	3.12	CinePRO Sound Design	SFX	
1fkuuW_cP69L4_SCOxSU6kZaOBv50PcQo	SFX - Atmosfera Metal #19	wav	3.45	CinePRO Sound Design	SFX	
1_Q1NqYfOlc6POhbeRw2X9AS5yqjeONK_	SFX - Atmosfera Metal #2	wav	3.4	CinePRO Sound Design	SFX	
1MeTcadkbqhelZVjUyXrt3HgN7LULZANZ	SFX - Atmosfera Metal #20	wav	1.94	CinePRO Sound Design	SFX	
1emTNSx3Ry_iA_ycDlVzfzyDp0MLSdm4V	SFX - Atmosfera Metal #21	wav	2	CinePRO Sound Design	SFX	
10cNKSzYYModdyrfNiKrlniVLX5YCTrPB	SFX - Atmosfera Metal #22	wav	3.45	CinePRO Sound Design	SFX	
1_C73bCBvU7C-yriXPBGrensjprVwwarr	SFX - Atmosfera Metal #23	wav	2.95	CinePRO Sound Design	SFX	
18_bwqzurExlLFsNQS4Nyvqrz-2qmGlu3	SFX - Atmosfera Metal #24	wav	2.93	CinePRO Sound Design	SFX	
1MzFhsu4VkgNqDkGPJRvUJq9b-FOOR8O9	SFX - Atmosfera Metal #25	wav	2.31	CinePRO Sound Design	SFX	
1IF1lFD7PyB28eYliUVdRIfy9UeXJn7-7	SFX - Atmosfera Metal #26	wav	2.63	CinePRO Sound Design	SFX	
1SbH7ZmW4Dm82AbPD-ZGZhHWV6iQDnffJ	SFX - Atmosfera Metal #27	wav	1.61	CinePRO Sound Design	SFX	
14Xcpegzgv2iVJx3RBJ7jFx-uEdRU6WuW	SFX - Atmosfera Metal #28	wav	1.9	CinePRO Sound Design	SFX	
1y1r5YTupQcmOXcXjp-oQytm5D-SUnaJY	SFX - Atmosfera Metal #29	wav	2.27	CinePRO Sound Design	SFX	
1iR7BAysSsxQdOqEsLhGYvbwqoXci_DRT	SFX - Atmosfera Metal #3	wav	2.42	CinePRO Sound Design	SFX	
1Xn3kMUDX87PJdR89SFOe6i7hxr0rEQTr	SFX - Atmosfera Metal #30	wav	2.01	CinePRO Sound Design	SFX	
1CWhMyRr5ZkJV9ZVFtWwg9qrMbbNiQVMG	SFX - Atmosfera Metal #31	wav	3.45	CinePRO Sound Design	SFX	
1IByqh4NUdKbWpEDs4xfFTQD63GlzyOlB	SFX - Atmosfera Metal #32	wav	1.87	CinePRO Sound Design	SFX	
1qXlLfMxC0ICpMoymu_jkLeT6Pde7sYKa	SFX - Atmosfera Metal #33	wav	2.93	CinePRO Sound Design	SFX	
102NKpCptkT_MFaMqDuitKFdzTKwl1LRk	SFX - Atmosfera Metal #34	wav	2.75	CinePRO Sound Design	SFX	
1H6kbVVupVCX8NwzWvJ5uobFSURlzf53B	SFX - Atmosfera Metal #35	wav	3.45	CinePRO Sound Design	SFX	
1u7o991EvbHPQHmwtCKf3_aTm2FgnYWrb	SFX - Atmosfera Metal #36	wav	2.03	CinePRO Sound Design	SFX	
1nhr1kBkPpd7iNGI3BEWmd_4PXMMj8IG3	SFX - Atmosfera Metal #37	wav	1.49	CinePRO Sound Design	SFX	
1kE1n7VNWvsOBGQEaogfZIXiWq70Yqi5M	SFX - Atmosfera Metal #38	wav	1.72	CinePRO Sound Design	SFX	
1WZZ5bzxrt6qe3ca77yz-Sp5vlfWncn1Y	SFX - Atmosfera Metal #39	wav	3.02	CinePRO Sound Design	SFX	
1RhElhjwyR781xXuTfawXS9Sl3XWfHDPV	SFX - Atmosfera Metal #4	wav	2.38	CinePRO Sound Design	SFX	
16wTjc6IuB4ntBJUP0ElSaLCZXTia8Md6	SFX - Atmosfera Metal #40	wav	3.45	CinePRO Sound Design	SFX	
1BurhktiLuYLLOPO1jWdK_PC7s5jhCJSu	SFX - Atmosfera Metal #41	wav	3.45	CinePRO Sound Design	SFX	
1wROQmoloISlABvt3VQ_Ju2xhVNr66R6-	SFX - Atmosfera Metal #42	wav	2.55	CinePRO Sound Design	SFX	
17k-hsj3I4SZQRT_44xCoemDdzWIePiei	SFX - Atmosfera Metal #43	wav	2.37	CinePRO Sound Design	SFX	
1ggM3AL4Mtzd8et6--UV1HqVCY0-BjE4r	SFX - Atmosfera Metal #44	wav	3.45	CinePRO Sound Design	SFX	
1BBH7lIS019isUCXhbOBvhtnmOAVLWs1k	SFX - Atmosfera Metal #45	wav	2.7	CinePRO Sound Design	SFX	
1dyKaAltq24-gnN2wSr7oJtLv9RhlGZFO	SFX - Atmosfera Metal #46	wav	3.19	CinePRO Sound Design	SFX	
1-Ql1mMymQjoMTyYURQUf7EPOK-kAEd7b	SFX - Atmosfera Metal #47	wav	1.93	CinePRO Sound Design	SFX	
18dQCU0jNpAvsJ13-15dHkLV_DsMFrhoM	SFX - Atmosfera Metal #48	wav	2.77	CinePRO Sound Design	SFX	
1yDcfFxxhT8d46mmAVOggaV_Soo6yev6Q	SFX - Atmosfera Metal #49	wav	1.51	CinePRO Sound Design	SFX	
1zwlazbn07lkUEZQCVMfO_-2bLZ6Fy8eC	SFX - Atmosfera Metal #5	wav	2.99	CinePRO Sound Design	SFX	
1CF3sxM3i8h2PWCitSlGF_3mHw7zvTiz0	SFX - Atmosfera Metal #50	wav	1.28	CinePRO Sound Design	SFX	
1FgFiULlTvBbAJZWorPxvXBZNSp2sS-p6	SFX - Atmosfera Metal #51	wav	1.68	CinePRO Sound Design	SFX	
1fAJ3Qmg-egsScVnwxc5__v4tzREeHmMh	SFX - Atmosfera Metal #52	wav	1.42	CinePRO Sound Design	SFX	
1CQ7MjLn6y9QjBk6HcGcea0jIfU0jW4iC	SFX - Atmosfera Metal #53	wav	2.4	CinePRO Sound Design	SFX	
1yLF2n0FuyncfRSWDS2KdmdcKY_MJAqhT	SFX - Atmosfera Metal #54	wav	1.67	CinePRO Sound Design	SFX	
1J8QzThwaRkdIyVaxLvec4nSWyCiG4ab3	SFX - Atmosfera Metal #55	wav	1.45	CinePRO Sound Design	SFX	
1ls_UQlgtWcdQ-xAeo8qTlLVLiTbZu4je	SFX - Atmosfera Metal #56	wav	2.39	CinePRO Sound Design	SFX	
1SQK8NAaO_d_KbvyQ6ikIgEEzTCdts_m0	SFX - Atmosfera Metal #57	wav	1.31	CinePRO Sound Design	SFX	
1UOvsAATKft4nARsFPdSoA8YkpmvBIkq1	SFX - Atmosfera Metal #58	wav	1.23	CinePRO Sound Design	SFX	
1nW5hgofXFMxDYh31YppZ9DPtmE75L68K	SFX - Atmosfera Metal #59	wav	2.2	CinePRO Sound Design	SFX	
1LnJBt5NrAo594XVck2WwELcpFW_RoU7v	SFX - Atmosfera Metal #6	wav	3.36	CinePRO Sound Design	SFX	
1Zt3Z60ak4ivqzqDpRJ2RPLVIAu5dRUzz	SFX - Atmosfera Metal #60	wav	1.32	CinePRO Sound Design	SFX	
1mUM9vdfU-n7Gnv2Vu24xQKMKcqZdOEM6	SFX - Atmosfera Metal #61	wav	1.79	CinePRO Sound Design	SFX	
1MKExWt1OC39nWJ6DeGR0R6HnRIC5U6jK	SFX - Atmosfera Metal #7	wav	2.56	CinePRO Sound Design	SFX	
1pWN4FQV5VNP5qI1dEW1ZbQEkm4iR1qTr	SFX - Atmosfera Metal #8	wav	3.45	CinePRO Sound Design	SFX	
1yQocc42kMX69qC2JxlwHeyzdUeXZzAT9	SFX - Atmosfera Metal #9	wav	2.91	CinePRO Sound Design	SFX	
1fhTZuX6E-ExrFI2jhZLkFJRnKBrekGKi	SFX - Atmosfera Sci-Fi & Cyberpunk (1)	wav	6.91	CinePRO Sound Design	SFX	
1nkvmPJEaIwd5Ek-Epjxcb2Dn_baQ7JyQ	SFX - Atmosfera Sci-Fi & Cyberpunk (10)	wav	4.18	CinePRO Sound Design	SFX	
1jSncZEQfJeRLAlpte94q4A_snlhGbYXZ	SFX - Atmosfera Sci-Fi & Cyberpunk (11)	wav	4.69	CinePRO Sound Design	SFX	
1mBU21FesKqkGlyq_g091AFMbMbxUK1P7	SFX - Atmosfera Sci-Fi & Cyberpunk (12)	wav	6.91	CinePRO Sound Design	SFX	
19OybocOvpLdThf3k-oMNa9uDLv_3OzrX	SFX - Atmosfera Sci-Fi & Cyberpunk (13)	wav	6.91	CinePRO Sound Design	SFX	
1B_nECQ9scLq6caYJXEu2FqG2Z1lJmOlr	SFX - Atmosfera Sci-Fi & Cyberpunk (14)	wav	5.44	CinePRO Sound Design	SFX	
1iEXkhXU-nDvq8GAbhU-oXhpqSbRPHBT0	SFX - Atmosfera Sci-Fi & Cyberpunk (15)	wav	6.91	CinePRO Sound Design	SFX	
1u20Syi4D2-pMc5OoyCOYZQoe4hIfvIG7	SFX - Atmosfera Sci-Fi & Cyberpunk (16)	wav	6.91	CinePRO Sound Design	SFX	
1maaUypLAjy9QxWNa9YuHoYHuZ-VnLLwS	SFX - Atmosfera Sci-Fi & Cyberpunk (17)	wav	6.48	CinePRO Sound Design	SFX	
1XLQaK2o6ISgPBDPDCNWDx-X2ehUF2cx9	SFX - Atmosfera Sci-Fi & Cyberpunk (18)	wav	4.06	CinePRO Sound Design	SFX	
1HKYNFV6LmiL41cEny2ENu_apRUCdShGI	SFX - Atmosfera Sci-Fi & Cyberpunk (19)	wav	6.91	CinePRO Sound Design	SFX	
1YDCPYRCHkTmrLykf2LtgdS_WkXExxuou	SFX - Atmosfera Sci-Fi & Cyberpunk (2)	wav	6.91	CinePRO Sound Design	SFX	
12ok7DEpJBtLIVUwBmp-OwpITLxSzy78h	SFX - Atmosfera Sci-Fi & Cyberpunk (20)	wav	5.78	CinePRO Sound Design	SFX	
1CTFCda3HY2QYzoapE0mO4QJFx8G45ZNh	SFX - Atmosfera Sci-Fi & Cyberpunk (21)	wav	6.49	CinePRO Sound Design	SFX	
1_ehJgAxagPyI-fN_MPe8BlA4fWgF6RIm	SFX - Atmosfera Sci-Fi & Cyberpunk (22)	wav	2.66	CinePRO Sound Design	SFX	
1O6ob-QiKKCiotEIz2f7ujTow5GqMzPhi	SFX - Atmosfera Sci-Fi & Cyberpunk (23)	wav	3.15	CinePRO Sound Design	SFX	
1e5w4522Afxs7ThGf-W6gtrZiJeRY0dFO	SFX - Atmosfera Sci-Fi & Cyberpunk (24)	wav	3.77	CinePRO Sound Design	SFX	
1sn1IOoJwTti9f29U-5e8fwNpf3f2vOoi	SFX - Atmosfera Sci-Fi & Cyberpunk (25)	wav	6.5	CinePRO Sound Design	SFX	
1ZSsnHEk1PrJBrx6LvJFb3vTAKyIuZW5B	SFX - Atmosfera Sci-Fi & Cyberpunk (26)	wav	2.61	CinePRO Sound Design	SFX	
1RlMYzA3BLqK05QQJJiDp54Ss8BCFkwwD	SFX - Atmosfera Sci-Fi & Cyberpunk (27)	wav	6.91	CinePRO Sound Design	SFX	
1SuxorGcXKo-Kk6FeCU4SZXp0Wifnud5g	SFX - Atmosfera Sci-Fi & Cyberpunk (28)	wav	3.68	CinePRO Sound Design	SFX	
1xujMcLMnfP_IO69LgHpA1um4ep81dsff	SFX - Atmosfera Sci-Fi & Cyberpunk (29)	wav	2.13	CinePRO Sound Design	SFX	
1g3C431pHNpqm0mVW_4Kc_2GMVpvS_LmH	SFX - Atmosfera Sci-Fi & Cyberpunk (3)	wav	3.6	CinePRO Sound Design	SFX	
1DCvmNZs7ESszCXe9F2X6Qq6Pq79v9OQI	SFX - Atmosfera Sci-Fi & Cyberpunk (30)	wav	6.88	CinePRO Sound Design	SFX	
1qQes5EV3kWi7B9XamCakUngrrLfOnMSm	SFX - Atmosfera Sci-Fi & Cyberpunk (31)	wav	4.63	CinePRO Sound Design	SFX	
1wsEK9MEK4sdueSKqqXbEXku9MPujcQb9	SFX - Atmosfera Sci-Fi & Cyberpunk (32)	wav	6.91	CinePRO Sound Design	SFX	
1LlcjMDlOy1AHEUFtUNUuDhyGvXBs2FGe	SFX - Atmosfera Sci-Fi & Cyberpunk (33)	wav	6.91	CinePRO Sound Design	SFX	
1Aq3_sdcT1FHopJM2K2LQow1Jz9bAIxke	SFX - Atmosfera Sci-Fi & Cyberpunk (34)	wav	4.82	CinePRO Sound Design	SFX	
1-n-kvwa2dFw4ay9lRNxwPCTL4XkHfXt2	SFX - Atmosfera Sci-Fi & Cyberpunk (35)	wav	6.91	CinePRO Sound Design	SFX	
1gDPvP5PZSbhLB_6Q8q6QqmoxbWw9bQHn	SFX - Atmosfera Sci-Fi & Cyberpunk (36)	wav	6.91	CinePRO Sound Design	SFX	
1C5W4QWhGxbRXoY5GapsF-qKHhw0l-kgv	SFX - Atmosfera Sci-Fi & Cyberpunk (37)	wav	4.06	CinePRO Sound Design	SFX	
1XDQ-fUBHI2k6IjrC-q6c-zZ5CNrwyv_k	SFX - Atmosfera Sci-Fi & Cyberpunk (38)	wav	6.9	CinePRO Sound Design	SFX	
1LNnrtabyTkeroLrxQK2_VVH6Q-sAl11P	SFX - Atmosfera Sci-Fi & Cyberpunk (39)	wav	6.91	CinePRO Sound Design	SFX	
1x1Ha4jzQm1AJxyAwxuyD2wYC6N7ZVj5y	SFX - Atmosfera Sci-Fi & Cyberpunk (4)	wav	5.21	CinePRO Sound Design	SFX	
1S6KpYgiReq4X1E04ty4z4a0MOixOXQBa	SFX - Atmosfera Sci-Fi & Cyberpunk (40)	wav	1.38	CinePRO Sound Design	SFX	
1KwZJYc7DCuXvSHkiSFDLezx7dwwnMAxK	SFX - Atmosfera Sci-Fi & Cyberpunk (41)	wav	6.91	CinePRO Sound Design	SFX	
1qoOQhI071KGUvbXE-9lxHY2JR2E19C8A	SFX - Atmosfera Sci-Fi & Cyberpunk (42)	wav	4.39	CinePRO Sound Design	SFX	
1_AskDj9pkTO6iMfwTKgladjdRj-DsOos	SFX - Atmosfera Sci-Fi & Cyberpunk (43)	wav	5	CinePRO Sound Design	SFX	
1jn8ztOnBjBS0QJRW9-Za6IZ9Aygpim81	SFX - Atmosfera Sci-Fi & Cyberpunk (44)	wav	2.73	CinePRO Sound Design	SFX	
1XEQ66wOT2poMw-o8rYgxiQkUjGad7-CL	SFX - Atmosfera Sci-Fi & Cyberpunk (45)	wav	3.48	CinePRO Sound Design	SFX	
1T7Gctdw9js4hZou4XYSvdWVzor3wMpkt	SFX - Atmosfera Sci-Fi & Cyberpunk (46)	wav	5.2	CinePRO Sound Design	SFX	
18YzfabHjDcxUOrdy0RB0aBFSzCO_xQou	SFX - Atmosfera Sci-Fi & Cyberpunk (47)	wav	6.91	CinePRO Sound Design	SFX	
1Bzm5pmfW1dPKMaMS2Jv93KEGYoeIpLKy	SFX - Atmosfera Sci-Fi & Cyberpunk (48)	wav	6.91	CinePRO Sound Design	SFX	
1_jn2EYRp9CZN8DKR9JL2tae0SMQmJnV0	SFX - Atmosfera Sci-Fi & Cyberpunk (49)	wav	2.43	CinePRO Sound Design	SFX	
15x9ksVB8KDJjP51AXoZSL395zZz8dTgc	SFX - Atmosfera Sci-Fi & Cyberpunk (5)	wav	3.27	CinePRO Sound Design	SFX	
1kw_n9tlitbi6lp8ifxv-7JU-Lw53jqVv	SFX - Atmosfera Sci-Fi & Cyberpunk (50)	wav	6.43	CinePRO Sound Design	SFX	
1S3sK7EFBexiuq_nbFS9pLUHIgWmet6hw	SFX - Atmosfera Sci-Fi & Cyberpunk (51)	wav	4.28	CinePRO Sound Design	SFX	
1fdBCFSNoco0fwo69FiyfIeKI0aq4kdtS	SFX - Atmosfera Sci-Fi & Cyberpunk (52)	wav	6.5	CinePRO Sound Design	SFX	
1Fa8ZWdlSWoVVHPoUsTWmcc_sEoB9NyUe	SFX - Atmosfera Sci-Fi & Cyberpunk (53)	wav	2.61	CinePRO Sound Design	SFX	
1ZWMggwe2B9mPP1Lru5fr9MpTp_MPg5Mp	SFX - Atmosfera Sci-Fi & Cyberpunk (54)	wav	6.91	CinePRO Sound Design	SFX	
1RBsL3rbbkOmeBQMnOGhtnnxkcOb5fnjm	SFX - Atmosfera Sci-Fi & Cyberpunk (55)	wav	6.91	CinePRO Sound Design	SFX	
1YHYbg9vZwkin6pUiiawqGlJ5FAa2w4Nm	SFX - Atmosfera Sci-Fi & Cyberpunk (56)	wav	6.91	CinePRO Sound Design	SFX	
1-jnh8WbtLnB5N8wQM-qlFvfIzJ2aDtkQ	SFX - Atmosfera Sci-Fi & Cyberpunk (57)	wav	6.91	CinePRO Sound Design	SFX	
1-l0tvy8L3aBNkE9d1Ll36V_8prZaZJ-2	SFX - Atmosfera Sci-Fi & Cyberpunk (58)	wav	2.22	CinePRO Sound Design	SFX	
1s0CubwhMY0aSuY6D9eh7qxXRydQ4mm4o	SFX - Atmosfera Sci-Fi & Cyberpunk (59)	wav	2.74	CinePRO Sound Design	SFX	
1DXssfVsRJCOd2avYT8DF4f330NNFExhb	SFX - Atmosfera Sci-Fi & Cyberpunk (6)	wav	6.91	CinePRO Sound Design	SFX	
1zWDBLm_T5F4AlKBSYgpq4E9vSUrCBtJN	SFX - Atmosfera Sci-Fi & Cyberpunk (60)	wav	2.42	CinePRO Sound Design	SFX	
19eQtIAq1res0bjbG7tdXjtsbxcesZVQ8	SFX - Atmosfera Sci-Fi & Cyberpunk (61)	wav	1.76	CinePRO Sound Design	SFX	
15SLtZUXxPOkVDHOmf2c3qd83FN6VBa3G	SFX - Atmosfera Sci-Fi & Cyberpunk (7)	wav	3.28	CinePRO Sound Design	SFX	
1534V5ECzmgZ_zWOqMOkLtdCb-Og0vk6y	SFX - Atmosfera Sci-Fi & Cyberpunk (8)	wav	6.91	CinePRO Sound Design	SFX	
15_1gZQ72W0P4AFysdxuDKsVBy8jPPOcj	SFX - Atmosfera Sci-Fi & Cyberpunk (9)	wav	6.86	CinePRO Sound Design	SFX	
1XOlsc9Isg1bJEvCjdbVREIE8p7HMWbJH	SFX - Aurora (Agudo)	wav	13.75	CinePRO Sound Design	SFX	
1lYyXpvWmHRgmRm6fIThTT67xrqJ9feXz	SFX - Aurora (Grave)	wav	13.75	CinePRO Sound Design	SFX	
14ol_NiPNBo-vZ3qgicmOco-0pyXogRTO	SFX - Aurora (Médio)	wav	13.75	CinePRO Sound Design	SFX	
11d89NKx5OuhKgCWXEtG9HueRAdi0BPlL	SFX - Avião #1	wav	8.89	CinePRO Sound Design	SFX	
1lZQoRgaYJkcnGSvB4hHiTo3MjEc7xr8i	SFX - Avião #10	wav	20.9	CinePRO Sound Design	SFX	
1HO7H931MRkp-JifqsmBIWgw4PUwkk8ku	SFX - Avião #11	wav	20.04	CinePRO Sound Design	SFX	
1qtiKk1rdMxBa8wHGsc1UlcIiAHJagdfv	SFX - Avião #12	wav	20.15	CinePRO Sound Design	SFX	
19ODSQWvpLCz4JuQp6XgNGsryxMdq2QBi	SFX - Avião #13	wav	21.01	CinePRO Sound Design	SFX	
1ibhbZ-ZS2EhEjO-cdkwi1MsZLQNIf7j0	SFX - Avião #14	wav	20.58	CinePRO Sound Design	SFX	
1laDpOPv_r-z9ah8NiVFov9zTHE2o12QO	SFX - Avião #2	wav	21.01	CinePRO Sound Design	SFX	
1IOVbP-0HiMsugaUa3uhLKy-r8zYqqDFe	SFX - Avião #3	wav	21.01	CinePRO Sound Design	SFX	
1qdOAsKyj9vRULfwjHKxSxSectJGgYFY0	SFX - Avião #4	wav	21.01	CinePRO Sound Design	SFX	
1qDFhIri2VO5TkPzYCSJSovL9IoeTYYAb	SFX - Avião #5	wav	20.59	CinePRO Sound Design	SFX	
1UtNfUhAlL1QW5Ir73EimxHcxCtiLfguU	SFX - Avião #6	wav	20.58	CinePRO Sound Design	SFX	
1GCYGH4oLdQ1O76ymzC9zf3kSRKswysuO	SFX - Avião #7	wav	41.16	CinePRO Sound Design	SFX	
1DJ1s4WL97eThsR8kqDSBalY5EZVVoVJ5	SFX - Avião #8	wav	21.02	CinePRO Sound Design	SFX	
1SZUxpu9yPASV4T-inJFlWHakh43atGs-	SFX - Avião #9	wav	21.3	CinePRO Sound Design	SFX	
1eWRhpuqtIIgsw3gQpNO4oc0hs48OQdh4	SFX - Backspace	wav	1.23	CinePRO Sound Design	SFX	tutorial
1qTqLsQmZWCoaH7RV6oomzZIiDU1QZgGs	SFX - Bafo do Dragão (Curto-Agudo)	wav	1.73	CinePRO Sound Design	SFX	
19WCh_GPeBZSmcHIqCdTiGcpUW61hlRXa	SFX - Bafo do Dragão (Curto-Grave)	wav	1.73	CinePRO Sound Design	SFX	
1DVu3yUgSQsCXhw__KHOgzB2mOCLqztQL	SFX - Bafo do Dragão (Curto-Médio)	wav	1.73	CinePRO Sound Design	SFX	
1nQOT4uBx9paYmAZ1CNzWXW67xGVdAKrb	SFX - Bafo do Dragão (Longo-Agudo)	wav	4.97	CinePRO Sound Design	SFX	
1dynNXzW6WfMc_mODsaIzWCBY0Tw5wAa5	SFX - Bafo do Dragão (Longo-Grave)	wav	4.83	CinePRO Sound Design	SFX	
1-0DBOtUpO4g519WUa2kWV53TxNRkCA9s	SFX - Bafo do Dragão (Longo-Médio)	wav	4.83	CinePRO Sound Design	SFX	
1zs6P3TdDjJ8IqQLr5b81Cez1rsI_F1dE	SFX - Bafo do Dragão (Médio-Agudo)	wav	3.38	CinePRO Sound Design	SFX	
1Ybc6UJ0q_hh3XJY-YUf6LyoOHXAJT2N7	SFX - Bafo do Dragão (Médio-Grave)	wav	3.38	CinePRO Sound Design	SFX	
1fgP4Tv6su5q7M9-PT1X8nqPTKeNTK0Y0	SFX - Bafo do Dragão (Médio-Médio)	wav	3.38	CinePRO Sound Design	SFX	
1Fa40hr3WjjkDJ9UBL6O7031lgJ3SpkK-	SFX - Batendo a Porta #1	wav	2.4	CinePRO Sound Design	Essentials	
12BWxx_e6R7nPJ61KmBR8wRZmClX5QOOW	SFX - Batendo a Porta #2	wav	1.6	CinePRO Sound Design	Essentials	
14mI8xcsESi6a7Ak76UqvdvuqANI7XMe0	SFX - Batendo a Porta #3	wav	1.81	CinePRO Sound Design	Essentials	
1s7CTExcuhUdUZUKXJ-yvinkPlaUkh1ak	SFX - Batendo a Porta #4	wav	1.9	CinePRO Sound Design	Essentials	
1cgc8JURMfxlcKr4CLR7b1vrfiMbLGy3a	SFX - Batendo a Porta #5	wav	0.93	CinePRO Sound Design	Essentials	
1jhiBLcJ-kgvw2SMvN6e9jwtrG9rE1QTQ	SFX - Batendo a Porta #6	wav	1.11	CinePRO Sound Design	Essentials	
1bnYtDKdy0-YBYaJZGF6fJevNYVGmOQd_	SFX - Batendo na Porta	wav	1.41	CinePRO Sound Design	SFX	
1vgi2uiYOwxReUMpHV3_uUTY6ZY5orMeS	SFX - Bebê & Criança #1	wav	2.25	CinePRO Sound Design	SFX	
1I1UPIILluC1r1-1p7V1fKTo9dc4I689y	SFX - Bebê & Criança #10	wav	1.64	CinePRO Sound Design	SFX	
1a6j-r3bpuDQZeVJseCPc5Kv0q4xnOTD0	SFX - Bebê & Criança #11	wav	1.48	CinePRO Sound Design	SFX	
1HZ313yVbaqw5U8Ks8Ua6SjuI16KNM110	SFX - Bebê & Criança #12	wav	1.18	CinePRO Sound Design	SFX	
1RYm-uxUDKwX8xLb5UDKD6MBtpTq4oHpH	SFX - Bebê & Criança #13	wav	1.03	CinePRO Sound Design	SFX	
1byWdtdh7QwACCX__YgmzDIHF3ijtTmww	SFX - Bebê & Criança #14	wav	4.32	CinePRO Sound Design	SFX	
1QHoguo0p8UGMI6X5XscUOj8ybHn436tD	SFX - Bebê & Criança #15	wav	3.11	CinePRO Sound Design	SFX	
1Fnm0OXHPPIhYuLw5icIE2XfC-QkXBQuo	SFX - Bebê & Criança #16	wav	4.19	CinePRO Sound Design	SFX	
13kCA_5TbyRt68DVLCZ5-1pXNnlgs1YtC	SFX - Bebê & Criança #17	wav	4.63	CinePRO Sound Design	SFX	
1RJIfsulIFmtpTX8GcGzGqHR01oD-1R_C	SFX - Bebê & Criança #18	wav	5.05	CinePRO Sound Design	SFX	
10CxTZkRUR4pjS_HXJW1z6cdO3c0tqJvS	SFX - Bebê & Criança #19	wav	1.16	CinePRO Sound Design	SFX	
1-0uXG2M6KVqHu7HFC-lQBdBuaLBtphHA	SFX - Bebê & Criança #2	wav	2.36	CinePRO Sound Design	SFX	
1B4JCnh08iHwVHqdCuJgG71E5Yru1jVmA	SFX - Bebê & Criança #20	wav	1.17	CinePRO Sound Design	SFX	
1csh482jYr9oSE_z6GSDkK7wFtD0n4shh	SFX - Bebê & Criança #21	wav	1.11	CinePRO Sound Design	SFX	
1nnNm_OaNxsV8e68jyNMYXoCJk2G03P2w	SFX - Bebê & Criança #22	wav	3.47	CinePRO Sound Design	SFX	
1KRRuyuaeYd0vOSivIaWDms6tHILmixda	SFX - Bebê & Criança #23	wav	3.8	CinePRO Sound Design	SFX	
1qx9_XU5ZoaspW8R0hdKj0a1u9ovbpytB	SFX - Bebê & Criança #24	wav	5.01	CinePRO Sound Design	SFX	
1yigkxoC-BRBMEijG3P6UEaIrvEy-I3QS	SFX - Bebê & Criança #25	wav	2.73	CinePRO Sound Design	SFX	
1pUVUSEfRp28vtz-dFQ-nq-kS01PPMnXz	SFX - Bebê & Criança #26	wav	3.72	CinePRO Sound Design	SFX	
1ZFV-pxyrya2_SOQVlqeak6925l6mmXws	SFX - Bebê & Criança #27	wav	3.86	CinePRO Sound Design	SFX	
1sASqqEh1yJKxuIlUw9a4xopx8KiaDeV0	SFX - Bebê & Criança #28	wav	4.29	CinePRO Sound Design	SFX	
1-bWMlp3_Z_L5BBLmZoZQOvmnq5_e8rps	SFX - Bebê & Criança #29	wav	2.72	CinePRO Sound Design	SFX	
1bQFG1mu1Ry2NCCddL7a6aVxKU_CsVlL2	SFX - Bebê & Criança #3	wav	2.58	CinePRO Sound Design	SFX	
1THAqsdF6uZRFJ6maSv00-DM7V4loM2K2	SFX - Bebê & Criança #30	wav	2.86	CinePRO Sound Design	SFX	
1pchcaKDZY-sa2d_TR0IxX8tZJh5KJLcf	SFX - Bebê & Criança #31	wav	2.12	CinePRO Sound Design	SFX	
1IYT4X_-Jn7aNicODLj8Rj3v4bakmZ78P	SFX - Bebê & Criança #32	wav	6.59	CinePRO Sound Design	SFX	
1EpitdUZPRyPT7KDYqyRoxVBSCIqhnC8u	SFX - Bebê & Criança #33	wav	6.91	CinePRO Sound Design	SFX	
1qORWVUJOc40NEwUfnm-9WMwgqFsM3wB6	SFX - Bebê & Criança #34	wav	1.44	CinePRO Sound Design	SFX	
1SQ2bmgdw_sKRvWhUjhC462-f-q_VJj_w	SFX - Bebê & Criança #35	wav	1.59	CinePRO Sound Design	SFX	
1Cd7cp83QNDDXuZ8-Z0mr9YFBwZ4M41hd	SFX - Bebê & Criança #36	wav	4.37	CinePRO Sound Design	SFX	
10GZW32uWqP0EQI4IDqFyA_cwKjXJLdzb	SFX - Bebê & Criança #37	wav	2.25	CinePRO Sound Design	SFX	
1akLzgqeZYnvc8dgwd-0O6d4u-L1O_FMU	SFX - Bebê & Criança #38	wav	6.91	CinePRO Sound Design	SFX	
10b6sA5T1KhL6wwnTuxNK4_9sxgBG4RRn	SFX - Bebê & Criança #39	wav	3	CinePRO Sound Design	SFX	
1iJ-huhvtppOmFOD_Y7PZ6QzuSBO0J1OV	SFX - Bebê & Criança #4	wav	2.09	CinePRO Sound Design	SFX	
15uhgt7st5HKAHdYm7BubAUpkXWdj2oDg	SFX - Bebê & Criança #5	wav	2.21	CinePRO Sound Design	SFX	
1cabFwGRuH7eoUTrg7GAi4x1gzgAylR9v	SFX - Bebê & Criança #6	wav	2.02	CinePRO Sound Design	SFX	
1qhf9drKbcF6BuFkBfXjZbh233_9XmaRj	SFX - Bebê & Criança #7	wav	1.95	CinePRO Sound Design	SFX	
1IUtNcZyuFtwtEchxumfgzaLBGMtnOhhQ	SFX - Bebê & Criança #8	wav	4.1	CinePRO Sound Design	SFX	
1IM4uVRHEy6nxSsrOrhEDtLNf9NHuvJBG	SFX - Bebê & Criança #9	wav	3.5	CinePRO Sound Design	SFX	
1LJNv_nCCch8QxPiCZlXlHffzu-yYhPHZ	SFX - Bebedouro #1	wav	6.88	CinePRO Sound Design	SFX	
1abTo1ub6QNOjDrmqtWbImBnewIKv_MDS	SFX - Bebedouro #2	wav	6.88	CinePRO Sound Design	SFX	
1E9z4AUuwgR-QF3x0mBq7FW0nkeZOhlj7	SFX - Bits #1	wav	2.13	CinePRO Sound Design	SFX	
1dvFIKl5RDgTfmkyBWE0VDULgKOt6YBpu	SFX - Bits #2	wav	2.34	CinePRO Sound Design	SFX	
1eO6deMV90UjYMFGGxmgaM49G9H-LU_XH	SFX - Bits #3	wav	6.87	CinePRO Sound Design	SFX	
1J-JBy34Pp1PAcSoQtQzV_UrMI-f0F6vE	SFX - Bola de Fogo (Curto-Panorâmica)	wav	6.54	CinePRO Sound Design	SFX	
1x4WUUeiaclHs41TDs4EVS9cEF1NuS0Ry	SFX - Bola de Fogo (Curto)	wav	4.82	CinePRO Sound Design	SFX	
1TVCkSy9B8a4nKEcY-w2x9kod-NQe-xgI	SFX - Bola de Fogo (Longo-Panorâmica)	wav	10.02	CinePRO Sound Design	SFX	
1ldDHCzG9Rpydxa5LMsxokBD0AtoOO8Vc	SFX - Bola de Fogo (Longo)	wav	10.02	CinePRO Sound Design	SFX	
1Gq38uZwigWpqEyF_5zkm-JiUeeccIqBg	SFX - Bola de Fogo (Médio-Panorâmica)	wav	6.54	CinePRO Sound Design	SFX	
1Wp90Cp1CRjVnDMiKtlv4XbgzEpHy6nV1	SFX - Bola de Fogo (Médio)	wav	4.82	CinePRO Sound Design	SFX	
1-C7-zlusC_1yZYyFi1wdcvgb3lvqulBE	SFX - Bolhas #1	wav	13.36	CinePRO Sound Design	SFX	
1cGF-negZRHPob1a3uJAa73OK63KTQP03	SFX - Bolhas #10	wav	3.38	CinePRO Sound Design	SFX	
1ZhPMLhIkREDfuEbB2jqBiYw33QhJXyNa	SFX - Bolhas #11	wav	6.9	CinePRO Sound Design	SFX	
1bOUUsGsRUj5Aj45ERjnOdRlvun1y7Ot3	SFX - Bolhas #12	wav	5.68	CinePRO Sound Design	SFX	
1jU4UAkeMx9QPbhTNVbbLK7Dyjcy7bL5e	SFX - Bolhas #13	wav	3.95	CinePRO Sound Design	SFX	
1N3rhLmNuhb1vxvYM5DLtc6CO7ZA-EgYO	SFX - Bolhas #14	wav	3.89	CinePRO Sound Design	SFX	
1S5E5EbQOp1DmqkTsJ9dfRznZT3XUKKP_	SFX - Bolhas #15	wav	2.33	CinePRO Sound Design	SFX	
16g3HURgvXPzHuo9InCLQRTA0oDGT-5aC	SFX - Bolhas #16	wav	7.11	CinePRO Sound Design	SFX	
19Y0mAgiJIEVikQUNIYqrMYP5Aqk7_vsn	SFX - Bolhas #17	wav	10.61	CinePRO Sound Design	SFX	
1rc82dzAMbNxoh4eOFaXEx32N2rxR7O14	SFX - Bolhas #18	wav	3.38	CinePRO Sound Design	SFX	
1VU60WZkuLv5kHbB4E86W_U6LiVQUAm--	SFX - Bolhas #19	wav	3.38	CinePRO Sound Design	SFX	
1f7k0kAl1T2zT96bo-ZXF2i-x6esoz5Iw	SFX - Bolhas #2	wav	4	CinePRO Sound Design	SFX	
1DjpJDGGwh15Rhyc5PPghJ6MTCEVEQChw	SFX - Bolhas #20	wav	11.6	CinePRO Sound Design	SFX	
1-InJ9GfvEg76IYNXGTMRpJNTvxiVamqC	SFX - Bolhas #21	wav	1.06	CinePRO Sound Design	SFX	
1Dzr_wFhtHivF80fwHOosKSvmQGmVDV3Y	SFX - Bolhas #22	wav	1.06	CinePRO Sound Design	SFX	
1dPFzzCDukQoY2BG2bMTyyn56yhPjcOSy	SFX - Bolhas #23	wav	1.06	CinePRO Sound Design	SFX	
1PmxxF2wnJzOZeHOKzpUjtdm11xDRXW9J	SFX - Bolhas #24	wav	1.06	CinePRO Sound Design	SFX	
1IBUZhnjGe7tiCv5hAOgyPh2qCxPKgY3Q	SFX - Bolhas #3	wav	3.38	CinePRO Sound Design	SFX	
15bU42jGpXl0VPVAxQ7aYHmHH01DXiFp4	SFX - Bolhas #4	wav	2.76	CinePRO Sound Design	SFX	
1Vq9KGBNw0xt8t9anIlrX59zWxXrlx53u	SFX - Bolhas #6	wav	10.27	CinePRO Sound Design	SFX	
1VhsZ995wqKIRIgJfWjQcZMVB1m3LN2oK	SFX - Bolhas #7	wav	1.19	CinePRO Sound Design	SFX	
1w6LCyoMw_M819abgopYMV_HhvaI3qsHg	SFX - Bolhas #8	wav	6.9	CinePRO Sound Design	SFX	
1Gl3Hoo3bbXzG3mgivy3c9K5N1yfYmtzv	SFX - Bolhas #9	wav	5.57	CinePRO Sound Design	SFX	
154Qhi5hyjU1-Vrhrn7emIMaM0NhBUE8v	SFX - Bomba Glacial (Curto)	wav	2.59	CinePRO Sound Design	SFX	
1oU_3h6zX60XjnDIG6RAYdD9-qLwgEJKQ	SFX - Bomba Glacial (Longo)	wav	5.15	CinePRO Sound Design	SFX	
1nLEesLrFl3_IjIfjyRLpjUR4HNeiLIrF	SFX - Bomba Glacial (Médio)	wav	3.44	CinePRO Sound Design	SFX	
1rQQp5u6o08Xoq-ra2byAqrBiclFMQ3Rz	SFX - Bomba no Deserto	wav	10.22	CinePRO Sound Design	SFX	
1K0uZXQsTYCsAMZxiHhNlHi74jyiuOGER	SFX - Bomba no Deserto (Panorâmica)	wav	9.9	CinePRO Sound Design	SFX	
1BDdbjtqK4wx53tPhKF3pq06Qq5FwlCvb	SFX - Botão #1	wav	3.39	CinePRO Sound Design	SFX	
1PcblKFkWcfHDoG5bxEXy8ffy7zv2Yid7	SFX - Botão #10	wav	3.48	CinePRO Sound Design	SFX	
1Tf5VLExrPT3TmOYa0im2hKjj2_Ts79iu	SFX - Botão #11	wav	3.58	CinePRO Sound Design	SFX	
1dWbQD7JgD_d8iJlMwy20sBp13VfahF9u	SFX - Botão #12	wav	3.39	CinePRO Sound Design	SFX	
1xaJtS2T1Rnu2BoWxBGK9vuf9X_ntFjpf	SFX - Botão #13	wav	3.59	CinePRO Sound Design	SFX	
1EqV6nmraXbTCdj6m_EZzSFx3GrHqlM4e	SFX - Botão #14	wav	3.52	CinePRO Sound Design	SFX	tutorial
1_hjiYqmW_GT5DtLSWVji8ZCte3pXuhc_	SFX - Botão #15	wav	3.38	CinePRO Sound Design	SFX	tutorial
1EYblVXRDghUxr8--0Wi3lFmFlhPzSvGe	SFX - Botão #16	wav	3.76	CinePRO Sound Design	SFX	
1zl3br9hWPLIFjjnUkKMu7Z9lJfIk49V2	SFX - Botão #17	wav	3.82	CinePRO Sound Design	SFX	
17Hl54csU9xlWSN4PKAmldE0E3yoONYVj	SFX - Botão #2	wav	3.43	CinePRO Sound Design	SFX	tutorial
12T-_VIRWN6ER6pCRzmRgkpj7iUlRzwvW	SFX - Botão #3	wav	3.29	CinePRO Sound Design	SFX	tutorial
183qduHcSodZMdzngWkAeiU4modyzYWM6	SFX - Botão #4	wav	3.81	CinePRO Sound Design	SFX	tutorial
1VTdndJaUgkXmcfll4EJP_aOTe6ZNZz4W	SFX - Botão #5	wav	3.48	CinePRO Sound Design	SFX	
1b1ODmpokvF_iZjkniYoloiqlme0Z-cMI	SFX - Botão #6	wav	3.58	CinePRO Sound Design	SFX	tutorial
1L4qKmyiCXyc1NvvSOYx8G2JzU5Yd35-E	SFX - Botão #7	wav	3.52	CinePRO Sound Design	SFX	tutorial
13F1SLj1w4y_FSrEh5qjmpnS8qZBvGA8p	SFX - Botão #8	wav	3.46	CinePRO Sound Design	SFX	tutorial
1s1VBdD0eL02S-Naub6cvMl3r5MKf0hJ_	SFX - Botão #9	wav	3.62	CinePRO Sound Design	SFX	tutorial
17rC8eUgdF-yv7GfMDErnzJGK-g7uyaBh	SFX - Brusco	wav	2.15	CinePRO Sound Design	SFX	
1FvFadbNWfdp8f73Y40tfwMAjLuvpthKd	SFX - Buzina #1	wav	0.68	CinePRO Sound Design	Essentials	
11yI48Wdg4aRJLwwGPppvJ5Ssw32ramX8	SFX - Buzina #2	wav	1.31	CinePRO Sound Design	Essentials	
1vRC3SkoY0Ism_aE_bw5A_nXzlihMYLTp	SFX - Buzina #3	wav	0.4	CinePRO Sound Design	Essentials	
1E6JC98fDO3XCgGMzyd1DJjKSFN8zCkDl	SFX - Caindo #1	wav	1.49	CinePRO Sound Design	SFX	
11jX6gqNncbe4p_xgvrEk2VTPlYR79f7E	SFX - Caindo #2	wav	1.51	CinePRO Sound Design	SFX	
1fsvMOwFOCsUyHZDk50k9YrUVhNgTSaww	SFX - Caindo #3	wav	0.88	CinePRO Sound Design	SFX	
1C2N_awp-bIXZWKDxXMwVQNhGzUoKWUiQ	SFX - Caindo #4	wav	1.22	CinePRO Sound Design	SFX	
1JLiWX1K4LOb4kAvilDO5lkdExKyMMsAw	SFX - Caindo #5	wav	0.91	CinePRO Sound Design	SFX	
1luhOxZ2KrDJroo7bN8-DbNVV3R6huDLL	SFX - Caindo #6	wav	1.09	CinePRO Sound Design	SFX	
1W-fR08avlzax9O7vd7_AkQYL3zPfi1e4	SFX - Caindo #7	wav	1.09	CinePRO Sound Design	SFX	
1a-HAzHjniXrpSDz7smwXdZcGWx4HGkGU	SFX - Caindo #8	wav	1.51	CinePRO Sound Design	SFX	
1IhfDqdkYlpOthRK5Qd4SV8-XA9BbZwvS	SFX - Caindo #9	wav	1.95	CinePRO Sound Design	SFX	
1PzqGpJN_FjK8s6QsiEwQ5peCOEt0t-tG	SFX - Calçada Suja	wav	6.88	CinePRO Sound Design	SFX	
1QiUJ1qAjulf1BXQb8-LOwbVxcOOA75GV	SFX - Canhão de Gelo	wav	3.44	CinePRO Sound Design	SFX	
14qevgD-oVky4ouzuRcGg2uU5QdP0cV2g	SFX - Canhão de Gelo (Panorâmica)	wav	3.52	CinePRO Sound Design	SFX	
1ILvIFW0WNQbves2ebetOO2O8lPAYE952	SFX - Canteiro de Obras #1	wav	7.08	CinePRO Sound Design	Essentials	
1jA-yTkqwxGG97ZDQTA1i6NVknCt_tcM9	SFX - Canteiro de Obras #10	wav	7.08	CinePRO Sound Design	Essentials	
1KfwF-MVC0bsmjhBcOwfhPb5x6tf7K7Cm	SFX - Canteiro de Obras #11	wav	7.08	CinePRO Sound Design	Essentials	
1SzXVCAGVPiWOKY2UnNWx1iogrkC8a_I1	SFX - Canteiro de Obras #12	wav	7.08	CinePRO Sound Design	Essentials	
1eKZtbLbB0B6Nc_rguQ3rjjn94ZkKyp8M	SFX - Canteiro de Obras #13	wav	7.08	CinePRO Sound Design	Essentials	
1SoWEPdRwla7k5jluV04BI7R3skBCMEgJ	SFX - Canteiro de Obras #14	wav	7.08	CinePRO Sound Design	Essentials	
1PpeeCTE0dxvNAJ2N5RqFWDdtrdcXR65x	SFX - Canteiro de Obras #15	wav	7.08	CinePRO Sound Design	Essentials	
1naz-F4C8zW0L3JlrrLUIXyUH3duLMt70	SFX - Canteiro de Obras #16	wav	7.08	CinePRO Sound Design	Essentials	
1_6-7uGsqM5540QMGmvJRTerGw04kXfzH	SFX - Canteiro de Obras #17	wav	7.08	CinePRO Sound Design	Essentials	
1ExLzJbZ6AsGTsiK3V1puzCZq7_IhmIZy	SFX - Canteiro de Obras #18	wav	7.08	CinePRO Sound Design	Essentials	
1yyt9c8Dg3lTcdwSsaQaKjNYCsCFSs_4F	SFX - Canteiro de Obras #19	wav	7.08	CinePRO Sound Design	Essentials	
1tSagjjpcoIIIgJCUfi72MWYG1GZDnPhi	SFX - Canteiro de Obras #2	wav	7.08	CinePRO Sound Design	Essentials	
19KMnD9IFqTt_azJ5z2RO7TC-UFiEycbw	SFX - Canteiro de Obras #20	wav	7.08	CinePRO Sound Design	Essentials	
1i1byNp0BCw4pILpKfKIRY5dh-hMv2Gr-	SFX - Canteiro de Obras #21	wav	7.08	CinePRO Sound Design	Essentials	
12jy-s-ZHQTWHhibXxp0GK0FlFdlUeRNH	SFX - Canteiro de Obras #22	wav	7.08	CinePRO Sound Design	Essentials	
1ONnTtpT4M4UZ3-q6xFm4ryB3mPv194y0	SFX - Canteiro de Obras #23	wav	7.08	CinePRO Sound Design	Essentials	
1FPhRHbca8w1RMRBMBfESSPOJn8-Jbri3	SFX - Canteiro de Obras #24	wav	7.08	CinePRO Sound Design	Essentials	
12Uq3KN7BETLYfp5gl-3ysWsYhgAuoesF	SFX - Canteiro de Obras #25	wav	7.08	CinePRO Sound Design	Essentials	
1AT5F4iSNO4LapqJXuNI62VWzRW9DrETB	SFX - Canteiro de Obras #26	wav	7.08	CinePRO Sound Design	Essentials	
1iuKQf3C5Sk39IaUq6Sh3YnC3tOTESqMe	SFX - Canteiro de Obras #27	wav	7.08	CinePRO Sound Design	Essentials	
1_3d9G2PzRE7E4KgyY2XUjmACXbWc3XFs	SFX - Canteiro de Obras #28	wav	7.08	CinePRO Sound Design	Essentials	
1kWa4b5aQw5RRGS7SIf_DIebF_Cyox6Gh	SFX - Canteiro de Obras #29	wav	7.08	CinePRO Sound Design	Essentials	
1UKd86ZAAejurDUQ5uBWhVIs5wdJ-g83y	SFX - Canteiro de Obras #3	wav	7.08	CinePRO Sound Design	Essentials	
10Qw_HVSDoD--j13BzVw8UMcRzFs5kwNU	SFX - Canteiro de Obras #30	wav	7.08	CinePRO Sound Design	Essentials	
1-DcxJnlFQmzPd9TdbgQiWazM3WjWkwa7	SFX - Canteiro de Obras #31	wav	7.08	CinePRO Sound Design	Essentials	
11EEVn7JYK2x1y5Z8wHofpuUW0-3LFYEz	SFX - Canteiro de Obras #32	wav	7.08	CinePRO Sound Design	Essentials	
1dV3J7PpvxN0rT3OZReKEwBjXaRAMLZxu	SFX - Canteiro de Obras #33	wav	7.08	CinePRO Sound Design	Essentials	
1wRwjXRkeh0in1--5BpTj_Y3BjpFSxB7m	SFX - Canteiro de Obras #34	wav	7.08	CinePRO Sound Design	Essentials	
1LBj7ts3zqPr5w-n3BWAQEYPadEs6mhxy	SFX - Canteiro de Obras #35	wav	7.08	CinePRO Sound Design	Essentials	
1F7F1oC4ceQnS9sSvgHkcGdhS6gMviIoS	SFX - Canteiro de Obras #36	wav	7.08	CinePRO Sound Design	Essentials	
1ckvOjnuYHlJw4cuy9P71bYrJ0Bd9rDJb	SFX - Canteiro de Obras #37	wav	7.08	CinePRO Sound Design	Essentials	
1PphQC0oYPijmsNjthHJ2aAF_pgDiThpv	SFX - Canteiro de Obras #38	wav	7.08	CinePRO Sound Design	Essentials	
1BqhIf25pnkpeuNU8nAARxKUHeXxL3Ukj	SFX - Canteiro de Obras #39	wav	7.08	CinePRO Sound Design	Essentials	
1rNjBtN-3RKQxJePPggZJOdjTTrZxa6Wv	SFX - Canteiro de Obras #4	wav	7.08	CinePRO Sound Design	Essentials	
1usUmdkgLJamKQVj7mOdy5-VcyX6eX29O	SFX - Canteiro de Obras #40	wav	7.08	CinePRO Sound Design	Essentials	
1QPuE4UA6LuTFynuwSdRaVUloeCIL_Tw7	SFX - Canteiro de Obras #41	wav	7.08	CinePRO Sound Design	Essentials	
1FTg6mWftpM7yVHWhe6UmEh0aTozKTWoc	SFX - Canteiro de Obras #42	wav	7.08	CinePRO Sound Design	Essentials	
1VYV_ztB-IbRo9ClvszyPjL88Qerpdcsi	SFX - Canteiro de Obras #43	wav	7.08	CinePRO Sound Design	Essentials	
1plxsk4vZrUEOADsTdaaVRDVsWpEH_6-V	SFX - Canteiro de Obras #44	wav	7.08	CinePRO Sound Design	Essentials	
137ZDJmqWgGzOS_ivgrKwmnqbDJ8ccU-1	SFX - Canteiro de Obras #45	wav	7.08	CinePRO Sound Design	Essentials	
1ak7uthi9SRkpSonf-LexXgYXNM1OrJsb	SFX - Canteiro de Obras #46	wav	7.08	CinePRO Sound Design	Essentials	
1KhlXLRP7IKU8scMdWulzmp4XvcaaTYbb	SFX - Canteiro de Obras #47	wav	7.08	CinePRO Sound Design	Essentials	
1RfpLmv5lydXJimJdPAnVHMUMym491kUM	SFX - Canteiro de Obras #48	wav	7.08	CinePRO Sound Design	Essentials	
19f7EhOPb9Em3LrPWiuz6Pq5unt7behIx	SFX - Canteiro de Obras #49	wav	7.08	CinePRO Sound Design	Essentials	
1hVm1rhVidmVGC7K3KMJa8YzGlmP85p-8	SFX - Canteiro de Obras #5	wav	7.08	CinePRO Sound Design	Essentials	
1ynBAiyDuIqbqOXY-nvYUc-rVtgRnWaRS	SFX - Canteiro de Obras #50	wav	7.08	CinePRO Sound Design	Essentials	
1JgIWkVT_tmraccaD8X6efMvoKk_4evg4	SFX - Canteiro de Obras #51	wav	7.08	CinePRO Sound Design	Essentials	
1u5oWMkW5b3y5IWYXW4G47bb-Q4Q3gcS4	SFX - Canteiro de Obras #52	wav	7.08	CinePRO Sound Design	Essentials	
1cHYh1N_bF89a1Wxj-RM9xcreGNx1AhYA	SFX - Canteiro de Obras #53	wav	7.08	CinePRO Sound Design	Essentials	
12GInGcbH2bOgepeZQWJKQRuZvJSURx8s	SFX - Canteiro de Obras #54	wav	7.08	CinePRO Sound Design	Essentials	
10aUsG4taL0H27OXX8By3409BwWNAIage	SFX - Canteiro de Obras #55	wav	7.08	CinePRO Sound Design	Essentials	
1VNFgSsRy_LyAPOUAeoazv3AzupKyiCFs	SFX - Canteiro de Obras #56	wav	7.08	CinePRO Sound Design	Essentials	
1ndgJFHhuoPHsgPySvkZ6KoMd7S7uIJZ8	SFX - Canteiro de Obras #57	wav	7.08	CinePRO Sound Design	Essentials	
199r8XTV-Bss-aa6NlzseIbkiHdtBESoy	SFX - Canteiro de Obras #58	wav	7.08	CinePRO Sound Design	Essentials	
1lWo0Nz8GGgWYezXvusStmE0Fz2IxU78E	SFX - Canteiro de Obras #59	wav	7.08	CinePRO Sound Design	Essentials	
17MOyoT0lDCTFL2iTsTUU8lJ_V_t4g2Yn	SFX - Canteiro de Obras #6	wav	7.08	CinePRO Sound Design	Essentials	
1deWEdiFbRBEEEJQGBLEdJVT8Aooa0jqs	SFX - Canteiro de Obras #60	wav	7.08	CinePRO Sound Design	Essentials	
1dLAey1pIJonl9-PEeRpe6ZRL80oEONiR	SFX - Canteiro de Obras #61	wav	7.08	CinePRO Sound Design	Essentials	
1eXmtV2bkIkVHvXvwB8HLJtATtOoNtm9P	SFX - Canteiro de Obras #7	wav	7.08	CinePRO Sound Design	Essentials	
1G3mWKDl8DwSLfD7-pzfDzmJWFeLxkNZq	SFX - Canteiro de Obras #8	wav	7.08	CinePRO Sound Design	Essentials	
1nntbeOY9ehrSzDntFoO07Ovg2qpNTjco	SFX - Canteiro de Obras #9	wav	7.08	CinePRO Sound Design	Essentials	
1tARfGuZ6ELJG8RiDJonSVyxf20gEGk2a	SFX - Carpete	wav	6.88	CinePRO Sound Design	SFX	
1NN9bRLlnjAsXkisjVjOX2C-TNXWzaNci	SFX - Carregando	wav	11.85	CinePRO Sound Design	SFX	
1drKIuXMQH-K0f5POwMmr9tnrFPTPzC8I	SFX - Carvão #1	wav	2.05	CinePRO Sound Design	SFX	
1oHkq4DNYmvw2uDOv8RpjPYwTGeOT6T0U	SFX - Carvão #10	wav	1.25	CinePRO Sound Design	SFX	
1C1RwH-d6Cn7NCor9ttttHXWbFVuEh_V5	SFX - Carvão #11	wav	1.47	CinePRO Sound Design	SFX	
1qZNwEljftefqK3mr3_vh2P7E2l7RVSPh	SFX - Carvão #12	wav	1.89	CinePRO Sound Design	SFX	
131VQ1PJEhkkJpyhCt6jnui31el5IN41d	SFX - Carvão #2	wav	2.15	CinePRO Sound Design	SFX	
1RUT06k5V8vQZYNYti0l6qdLQCbqSLyH8	SFX - Carvão #3	wav	2.13	CinePRO Sound Design	SFX	
1wn0Bt8E4Hc4ecH6vvlPR7sNFBm0Bh98D	SFX - Carvão #4	wav	1.94	CinePRO Sound Design	SFX	
1kcf5qPIkKrZ_ZEQnDtN9QfrQ7p2ROP7B	SFX - Carvão #5	wav	1.66	CinePRO Sound Design	SFX	
10Zs3F9zwXbcOmWyVL57nGC0lghiIK6Ot	SFX - Carvão #6	wav	1.41	CinePRO Sound Design	SFX	
1Xj7zGTzq3JpoZ6YJnkMMz69gIZquCRgD	SFX - Carvão #7	wav	1.23	CinePRO Sound Design	SFX	
12t1K3nFfDwbaDLYAgmMc3MIKU8F56XBJ	SFX - Carvão #8	wav	1.3	CinePRO Sound Design	SFX	
1Xm_gZQKAXCKgSo0yG5rQ1D3qFj9N7d-i	SFX - Carvão #9	wav	1.32	CinePRO Sound Design	SFX	
1gH-PnKeVSxW9PwggFzBLesfkWUt2Prjh	SFX - Cascálho	wav	6.88	CinePRO Sound Design	SFX	
1OLVJ35sFs6EUIt_rUGp9KIqGgp9gA9Gf	SFX - Celebração #1	wav	6.88	CinePRO Sound Design	SFX	documentario
1L1XqrTpsqmqycI3iG5aa3eo6ko0ACrv4	SFX - Celebração #10	wav	6.9	CinePRO Sound Design	SFX	documentario
1JFRcETY5QV5lpqRdWuk0p_xM0rTgCr28	SFX - Celebração #11	wav	6.9	CinePRO Sound Design	SFX	documentario
1Ys3RKKU1XfNsJ-pBZgyFVp8Ie69fytku	SFX - Celebração #12	wav	6.9	CinePRO Sound Design	SFX	documentario
1QqQAE4oRb37H7sQKZQ50KpRF4XGSERaI	SFX - Celebração #13	wav	6.9	CinePRO Sound Design	SFX	documentario
12MklqScIacsKzUzZ2X16SUy3uf7PX2Zg	SFX - Celebração #14	wav	6.88	CinePRO Sound Design	SFX	documentario
1ZKjfSrjRf-hHXLUF9q_bdORpTFXiRdO_	SFX - Celebração #15	wav	6.88	CinePRO Sound Design	SFX	documentario
1hS1RL0u-mo64cY4UPKkYmVi7CJyzLef_	SFX - Celebração #16	wav	6.9	CinePRO Sound Design	SFX	documentario
1A4dlYemG1INNSa6s3LGn_dwe4Azahf60	SFX - Celebração #17	wav	5.31	CinePRO Sound Design	SFX	documentario
1TIs05hz21nOlbp6br9sgzOCBLvQRHoHr	SFX - Celebração #18	wav	6.88	CinePRO Sound Design	SFX	documentario
1yubIngyAvQ34k4Sp7JLlbL-UBEP56znU	SFX - Celebração #19	wav	6.89	CinePRO Sound Design	SFX	documentario
1xhJsfIC1zO9e65f1tScqp3Am8P9Xsb2r	SFX - Celebração #2	wav	6.9	CinePRO Sound Design	SFX	documentario
1x4G6oK5bABeKomfAXQXOudvArFVSnaWv	SFX - Celebração #20	wav	6.9	CinePRO Sound Design	SFX	documentario
1VsVeEVy2b7wag5MMOxkq-FdTVgR3iIQD	SFX - Celebração #21	wav	6.88	CinePRO Sound Design	SFX	documentario
1eIg65XYatDGA0xLCIU-up-6dBfjs3fyJ	SFX - Celebração #22	wav	6.9	CinePRO Sound Design	SFX	documentario
1xxRK763Z6HnnQLH2G1f46eqdDY3-2gb6	SFX - Celebração #23	wav	6.9	CinePRO Sound Design	SFX	documentario
1cIErndtOj1TgTAwzQNNxe059Ir5Zmykg	SFX - Celebração #24	wav	6.9	CinePRO Sound Design	SFX	documentario
1HmR2su-dIORdSmx2xyBRF9NRSsQEvCEZ	SFX - Celebração #25	wav	6.88	CinePRO Sound Design	SFX	documentario
1Qz_bxY_jwipd4Izxmkw2_f4xSok7nFTq	SFX - Celebração #26	wav	6.91	CinePRO Sound Design	SFX	documentario
1GM9OTTg-eTvXVf88-LY_VvZpNn_wqUgw	SFX - Celebração #27	wav	6.91	CinePRO Sound Design	SFX	documentario
1w6-xmdXUZsiOoPhyFdNVJfXxewfhSHr0	SFX - Celebração #28	wav	6.91	CinePRO Sound Design	SFX	documentario
1xyZpNWeRVtqrX5_LThrvk3Uy8a8cej_J	SFX - Celebração #29	wav	6.91	CinePRO Sound Design	SFX	documentario
13Sv74vw3dURi2Hx8GVZThb3slCbeQamD	SFX - Celebração #3	wav	6.88	CinePRO Sound Design	SFX	documentario
1oyodda7Llr-klz41ZVnW2VNUvI6Y0Es7	SFX - Celebração #30	wav	6.88	CinePRO Sound Design	SFX	documentario
1F4TORX1qLcj1caVkWWBzxrXpxadLm1gP	SFX - Celebração #31	wav	6.88	CinePRO Sound Design	SFX	documentario
1jMzoeoRvxL_XcJEJHMNd1KLtlUjAsJNc	SFX - Celebração #32	wav	6.91	CinePRO Sound Design	SFX	documentario
15aT9S5WZQhjTzqpY17nKaCtpTCknnZW1	SFX - Celebração #33	wav	6.88	CinePRO Sound Design	SFX	documentario
1cB3gEiVpG5M-aK_7yStdq_7t6I4_6qQG	SFX - Celebração #34	wav	6.58	CinePRO Sound Design	SFX	documentario
1iEzkK4NaAc0nk314n9t_GbAN362n9wfp	SFX - Celebração #35	wav	6.88	CinePRO Sound Design	SFX	documentario
1qmhK0rzKrEdCMLdKjZzAAICurcNJsOAl	SFX - Celebração #36	wav	6.27	CinePRO Sound Design	SFX	documentario
1PrlAc62KatnrQJaFZhTKgTUQXVj-Cekb	SFX - Celebração #37	wav	6.88	CinePRO Sound Design	SFX	documentario
1KkqGOrVHdKzUK85udVg633KjCCELJT_v	SFX - Celebração #38	wav	6.91	CinePRO Sound Design	SFX	documentario
1z6h9LYbwf61_TQoI-4-MWiY2mbLo9EA_	SFX - Celebração #39	wav	6.11	CinePRO Sound Design	SFX	documentario
1EJS33QMMRRmD25uF-kbPXf8Ucd6NWiOK	SFX - Celebração #4	wav	6.91	CinePRO Sound Design	SFX	documentario
1rUj6kAf2QSW_-oQLrg8_SR9FwFp0B2Mb	SFX - Celebração #40	wav	6.9	CinePRO Sound Design	SFX	documentario
1NI2coBeZ_bS0wL8igWuupD07WIopWkKS	SFX - Celebração #41	wav	1.86	CinePRO Sound Design	SFX	documentario
12vinTMI6PsSOEZpwxmHLW0H7GR4zoB4v	SFX - Celebração #42	wav	1.16	CinePRO Sound Design	SFX	documentario
1iSeCc8bPjjxQU_1t-tl8s2krOdRTLHKC	SFX - Celebração #43	wav	6.91	CinePRO Sound Design	SFX	documentario
1ph-cgq_3zl7kn9XcXmJ96Ff7FCCodYtr	SFX - Celebração #44	wav	2.14	CinePRO Sound Design	SFX	documentario
1Rb0BazqTawaO7Dpa1jtVrepQL4qb_mCk	SFX - Celebração #45	wav	6.91	CinePRO Sound Design	SFX	documentario
1QnRqEkeprw9tneemajVUthUkrZtybQNj	SFX - Celebração #46	wav	6.57	CinePRO Sound Design	SFX	documentario
1Y28v3aijhuq5Sk2EkA80Jwswf5F_mLgD	SFX - Celebração #47	wav	6.91	CinePRO Sound Design	SFX	documentario
1PyH-4_3cl-_MJyGVdRIIiX6_ywSeN5XZ	SFX - Celebração #48	wav	6.91	CinePRO Sound Design	SFX	documentario
1L_x7yIbK-HOLoJtbit68c6jDoR8uDYYQ	SFX - Celebração #49	wav	6.88	CinePRO Sound Design	SFX	documentario
17lpsd5-VwLxqY_xcGHnmA03Mvjgn_cng	SFX - Celebração #5	wav	6.91	CinePRO Sound Design	SFX	documentario
1isdnzfn4oE-pE_E66lQqOs_T5UEtlPFR	SFX - Celebração #52	wav	3.02	CinePRO Sound Design	SFX	documentario
1x3bS-XBPX4k4S-V1TEaNaXlp7-mSug84	SFX - Celebração #53	wav	6.87	CinePRO Sound Design	SFX	documentario
1BYUHiCJkmSBRHbpehb-bBLrZ7q_IGaSd	SFX - Celebração #54	wav	0.85	CinePRO Sound Design	SFX	documentario
1sXKLDq8SFnbQGUBOP_a0_vOYJOpHlPGw	SFX - Celebração #55	wav	6.88	CinePRO Sound Design	SFX	documentario
11UVoJC5PrwRG7lHD-IBc7bWDWUDmOKZf	SFX - Celebração #56	wav	6.88	CinePRO Sound Design	SFX	documentario
1WUowt_HaQ2SG_JB3QEpIq_vQmnLy34eJ	SFX - Celebração #57	wav	6.89	CinePRO Sound Design	SFX	documentario
19UQVnI4wxB-ipnNUT9N3zOTUbHUnvXx7	SFX - Celebração #58	wav	6.88	CinePRO Sound Design	SFX	documentario
1o8yX-BvNBES55ZMtcb3tzCW7kq84ffMe	SFX - Celebração #59	wav	6.91	CinePRO Sound Design	SFX	documentario
1vv3g3_6Er_363zlemydn9-3ISQZ8qZ-9	SFX - Celebração #6	wav	6.91	CinePRO Sound Design	SFX	documentario
1bY7txTPYjFareWsyhfEG452iYymWywRq	SFX - Celebração #60	wav	6.88	CinePRO Sound Design	SFX	documentario
13EjfV9FkRvyGkNRK7YhbalpCwQCveBja	SFX - Celebração #7	wav	6.88	CinePRO Sound Design	SFX	documentario
1K-gNlCEAxASjOrYUOcwvHmhdAZDHdSnd	SFX - Celebração #8	wav	6.88	CinePRO Sound Design	SFX	documentario
1eW0g8YFip61-qNfDsC17rjAKGzyXoq7e	SFX - Celebração #9	wav	6.9	CinePRO Sound Design	SFX	documentario
1CGYS0iLJWG4EZzPgI1r1xnILzCdNumaQ	SFX - Chão Molhado #1	wav	6.88	CinePRO Sound Design	SFX	
1HQox6fpo0DtJyRr8FsZZFIHXJu-pTo-2	SFX - Chão Molhado #2	wav	6.88	CinePRO Sound Design	SFX	
1kRfhFF_PeCvUZVcjYIzOmiY85pJOj-K4	SFX - Chegando	wav	11.99	CinePRO Sound Design	SFX	
1gm5x-G85Q2iwm_p2zGekYrZGpHPUHk3X	SFX - Chegando	wav	7.3	CinePRO Sound Design	SFX	
1kLKi6fFUWUcHxJU3FUdt7eAfolx3w-tD	SFX - Chegando	wav	6.25	CinePRO Sound Design	SFX	
11NeyF9BPyzW_55GMXEp7lCqw7E3RqKrt	SFX - Chegando	wav	9.86	CinePRO Sound Design	SFX	
1hWMYi8OBHbucRv_XPAGsUwqiBYYXGPVc	SFX - Chegando	wav	10.96	CinePRO Sound Design	SFX	
1DCtND4zNY2pbcQ0nTjnw5ATKA5kBwTmH	SFX - Chegando	wav	8.14	CinePRO Sound Design	SFX	
1wiEg9Cbvi7i7w33nnmtsEuA89GQVPfEg	SFX - Chinelo	wav	6.88	CinePRO Sound Design	SFX	
1Ctd8kmtzm3w1Z6FpmmLSNW11Ws4SYdmP	SFX - Choque Reverso	wav	1.6	CinePRO Sound Design	SFX	
1jSTMDhsAUs7bIDkZPBZ1Fs7GizprTAlz	SFX - Choque Térmico	wav	4.52	CinePRO Sound Design	SFX	
1DU0VI7bgknpZnzKZINxFsg0VbcKuRSe7	SFX - Choque Térmico (Panorâmica)	wav	4.52	CinePRO Sound Design	SFX	
1_HA68sijAX_c9b7ds6Udowh9ahauRnf5	SFX - Chuveiro	wav	6.88	CinePRO Sound Design	SFX	
1Hk8rYdwmlqJY1gMwdb8YboOIJl73WiNd	SFX - Chuveiro Desligando	wav	5.34	CinePRO Sound Design	SFX	
1jcGOzEpJctk9fLMzX34Kcrr4CuZuWRkO	SFX - Cidade #1	wav	7.08	CinePRO Sound Design	Essentials	
1xOgYm4dU0LApt7L7seoslkVKpB8gpc3P	SFX - Cidade #10	wav	7.08	CinePRO Sound Design	Essentials	
1BbAJhzVaSshY5PKiFx5Uj2ZpblQjLQwz	SFX - Cidade #11	wav	7.08	CinePRO Sound Design	Essentials	
1rYze4lQrn1s90sQycEJPprubZH2HWN7O	SFX - Cidade #12	wav	7.08	CinePRO Sound Design	Essentials	
1oqkgT2RS5UeUA3c6iI_13wM9jNsw41pe	SFX - Cidade #13	wav	7.08	CinePRO Sound Design	Essentials	
1ta0_zz07Umdmiw1S_1_n_PxFqDgkllXo	SFX - Cidade #14	wav	7.08	CinePRO Sound Design	Essentials	
10LpUZh3ogfwzIyMUbovYqIIqkfatbMUK	SFX - Cidade #15	wav	7.08	CinePRO Sound Design	Essentials	
10FmFI_typb5xOnMUDESe8YI62royvLLk	SFX - Cidade #16	wav	7.08	CinePRO Sound Design	Essentials	
12rVOBoRipWTYH_pCf0Um4DVzXtaRo87p	SFX - Cidade #17	wav	7.08	CinePRO Sound Design	Essentials	
1b7OZ9aUxpxWVCz-bfwty34_3AjXXS-qU	SFX - Cidade #18	wav	7.08	CinePRO Sound Design	Essentials	
1dwfXHi2ujlTKo_F879duNlKiRLG075jv	SFX - Cidade #19	wav	7.08	CinePRO Sound Design	Essentials	
1TrvriRLk5kzaCs1_K8FQZ6Io21xf-V0e	SFX - Cidade #2	wav	7.08	CinePRO Sound Design	Essentials	
1TTy5T6-A_9NHV_-5n_KWSSCly7b2vTFt	SFX - Cidade #20	wav	7.08	CinePRO Sound Design	Essentials	
13-OvyrrJlb2KP0UB52P8s_zGJTFm8T9C	SFX - Cidade #21	wav	7.08	CinePRO Sound Design	Essentials	
1mxV45kdnpeF_FdQWZBY4ne5_cV0zEvPd	SFX - Cidade #22	wav	7.08	CinePRO Sound Design	Essentials	
1CDt-W1LEocEh5k_XAYWDtZGGAA9iuMZz	SFX - Cidade #23	wav	7.08	CinePRO Sound Design	Essentials	
1FGJP5wrm5NerLLzsn1BvcbQL4DQ85olI	SFX - Cidade #24	wav	7.08	CinePRO Sound Design	Essentials	
1TwEYXnB5GRiZAF4y_d3O4v3_16WTA18n	SFX - Cidade #25	wav	7.08	CinePRO Sound Design	Essentials	
1uWcocZJ5o0cB9CzkU5_ywovt4z0ZX7VV	SFX - Cidade #26	wav	7.08	CinePRO Sound Design	Essentials	
1rAWcREg1QeOCuH9wvyUxtjBEut-tPwdT	SFX - Cidade #27	wav	7.08	CinePRO Sound Design	Essentials	
1VKbSvtyyvUKBeGLTXQUYhj48AnV_rMEW	SFX - Cidade #28	wav	7.08	CinePRO Sound Design	Essentials	
19u23DZ9A23VuV0x_wAhkYr7LTBmaA4ou	SFX - Cidade #29	wav	7.08	CinePRO Sound Design	Essentials	
13YXDh978hiGl5yhG099x_Ehjjyo6jcrr	SFX - Cidade #3	wav	7.08	CinePRO Sound Design	Essentials	
1KLFOY6wS_MB5Db2m6Pm3oGLaxUK-_mGe	SFX - Cidade #30	wav	7.08	CinePRO Sound Design	Essentials	
1qClgI9aMCBa-GqB3Bpe-SQByP1GCYInI	SFX - Cidade #31	wav	7.08	CinePRO Sound Design	Essentials	
1o-ExGUSVrbQiQZvDPkfKlOZufjhEMWgg	SFX - Cidade #32	wav	7.08	CinePRO Sound Design	Essentials	
1ySQFpR-H31pMDOcbVVjGOFpaZc-ErEDK	SFX - Cidade #33	wav	7.08	CinePRO Sound Design	Essentials	
1JgUL-LivUKDhe1xSRsCKllyIzLgfWAtt	SFX - Cidade #34	wav	7.08	CinePRO Sound Design	Essentials	
1X9ElSsn9tjINwFYiqXBeZy_dre_ywFlv	SFX - Cidade #35	wav	7.08	CinePRO Sound Design	Essentials	
1fgE9VGVSzaIVzMLZDdQoDvqWsuiEXe-n	SFX - Cidade #36	wav	7.08	CinePRO Sound Design	Essentials	
1G-zEfKI_DBriVFLpABW-h-Noos1wTpAJ	SFX - Cidade #37	wav	7.08	CinePRO Sound Design	Essentials	
1XcEj8zyrvopb8fJQJIUqmMwQm7RRZ676	SFX - Cidade #38	wav	7.08	CinePRO Sound Design	Essentials	
1ttvKYvG3G9HTWe9Itj06TeytkwkgM-JA	SFX - Cidade #39	wav	7.08	CinePRO Sound Design	Essentials	
1qLwn6hAtQR5fdrsHt9aYglG7-f7WzxfX	SFX - Cidade #4	wav	7.08	CinePRO Sound Design	Essentials	
12I1phoYamazXqsOWF2PlfdQuOezbUb-6	SFX - Cidade #40	wav	7.08	CinePRO Sound Design	Essentials	
1LHtpvAJcdPu74x7ASInjqqSBIx_FOCgJ	SFX - Cidade #41	wav	7.08	CinePRO Sound Design	Essentials	
1t6wbVhyQXSQYx6Am_MA-bivascoYMvk5	SFX - Cidade #42	wav	7.08	CinePRO Sound Design	Essentials	
1kMMs5VZk9muPsls2b5xdbXjETWie05Ia	SFX - Cidade #43	wav	7.08	CinePRO Sound Design	Essentials	
10v2FqSuzL-OsNPiW3Y6wOqq936yziLSd	SFX - Cidade #44	wav	7.08	CinePRO Sound Design	Essentials	
10r9zpRnTTvRdjRlW-s69iSQHFomFU1WO	SFX - Cidade #45	wav	7.08	CinePRO Sound Design	Essentials	
1DFqbcLIgGfKXtvPlAE9UhelnnDVRC_p1	SFX - Cidade #46	wav	7.08	CinePRO Sound Design	Essentials	
13n4CsM6bFfaPbgW4jqQa56Xb01QB-04t	SFX - Cidade #47	wav	7.08	CinePRO Sound Design	Essentials	
1btbgzw5i3pgHvGfNsN7T0geRiRDJIGiq	SFX - Cidade #48	wav	7.08	CinePRO Sound Design	Essentials	
15mmWPNB3v_xj-xupR5-jJIEPgfpHVyzq	SFX - Cidade #49	wav	7.08	CinePRO Sound Design	Essentials	
1vohfjMt2b0F4kP1ytGRen8StUjH7DZ3l	SFX - Cidade #5	wav	7.08	CinePRO Sound Design	Essentials	
1WmS1sKyTgbjC0A1dxRQ3OlmaArmSCEYC	SFX - Cidade #50	wav	7.08	CinePRO Sound Design	Essentials	
11JJOAan5X3gIaAH3IVj0MFUUxQZUqB2d	SFX - Cidade #51	wav	7.08	CinePRO Sound Design	Essentials	
1BKr8VxVN0U9LdcMiJ06ISOUOLCXxi8R6	SFX - Cidade #52	wav	7.08	CinePRO Sound Design	Essentials	
1JtRjLjTpiii_5SXnvQ23lqRkmBN_SCtW	SFX - Cidade #53	wav	7.08	CinePRO Sound Design	Essentials	
11jUuD8rTD9qY_SoMcC-WLyvG93ywCDu1	SFX - Cidade #54	wav	7.08	CinePRO Sound Design	Essentials	
1lQLIXikTqYyZLQYkN_KUL6yEU1GpgOEa	SFX - Cidade #55	wav	7.08	CinePRO Sound Design	Essentials	
1RLcd6hythyy9o4u5gC5kdU2-qIfCHVNI	SFX - Cidade #56	wav	7.08	CinePRO Sound Design	Essentials	
1i72fvHNUZEaxuERXvnHJIUvHL7kfURbL	SFX - Cidade #57	wav	7.08	CinePRO Sound Design	Essentials	
18FA89zqr3zuHKCkfKxhACfT4FBJlqAXX	SFX - Cidade #58	wav	7.08	CinePRO Sound Design	Essentials	
1zobnLbAJG5I5CPwM5PNUJ6tLJ7h3R-4w	SFX - Cidade #6	wav	7.08	CinePRO Sound Design	Essentials	
1DpjJqJhE3uQsKDdGtY9eycEKsnMpKcAC	SFX - Cidade #7	wav	7.08	CinePRO Sound Design	Essentials	
1M7YcQmjxJdm7TJerJHUKjLJxbTgDn4qI	SFX - Cidade #8	wav	7.08	CinePRO Sound Design	Essentials	
1Cb66RXl9Nx6VpiVy-b2ufYby_bO2TvUg	SFX - Cidade #9	wav	7.08	CinePRO Sound Design	Essentials	
1y4jqBGNxC6Hmnqimz-k2lYJFW_zBAvZy	SFX - Cinto de Segurança #1	wav	1.43	CinePRO Sound Design	Essentials	
1oehbBJY1kPnliLpcIoVzv8MdFU21nVTv	SFX - Cinto de Segurança #2	wav	1.42	CinePRO Sound Design	Essentials	
19-2QgADzHFv_OrTXsl0xM8xJGZqNyYcF	SFX - Cinto de Segurança #3	wav	1.06	CinePRO Sound Design	Essentials	
1BCP6NEWFiiyZHPUrOKxWZr5PlzosRxpi	SFX - Cinto de Segurança #4	wav	0.57	CinePRO Sound Design	Essentials	
1RpvDOVGbB4HVE9zscbDOOhgMpKx2354-	SFX - Cinto de Segurança #5	wav	1.29	CinePRO Sound Design	Essentials	
1RV2-4_ksrqs5ZJkUcLR8nHxhtwQqpoj3	SFX - Cinto de Segurança #6	wav	1.38	CinePRO Sound Design	Essentials	
1bDb93iSYpzbMaKMlbLRzih2780maIZlV	SFX - Cinto de Segurança #7	wav	1.54	CinePRO Sound Design	Essentials	
1LgAUAl_D9SDuYhgXZ9e-MSrRtr9mQbhu	SFX - Clicando e arrastando	wav	3.31	CinePRO Sound Design	SFX	tutorial
1Tru7fHQNeRNJ-fLqKbGixrZuDu9-y-Fj	SFX - Click (Antigo) #1	wav	0.35	CinePRO Sound Design	SFX	
1QjbqYDZTVnfEvL7v4CIvzaCDJGmzwc3h	SFX - Click (Antigo) #2	wav	0.29	CinePRO Sound Design	SFX	
169kVyYOpBTJ94oNBlyqMfi3qMtL0_W0p	SFX - Click #1	wav	0.32	CinePRO Sound Design	SFX	tutorial
1aKn5rS9l1FBDjn1diH3HGc5bA8Fd3sPj	SFX - Click #2	wav	0.28	CinePRO Sound Design	SFX	tutorial
1a0qg5nOm1ne-X31lumr5ttrz-ngzxY9d	SFX - Click #3	wav	0.23	CinePRO Sound Design	SFX	tutorial
1zDXvPv5q-1PZyQSrdEbodqWe4Rs-DTva	SFX - Combustível #1	wav	1.77	CinePRO Sound Design	SFX	
1dRNcouHbBtJMiks9rtplPN2C7o5vrUnG	SFX - Combustível #10	wav	1.83	CinePRO Sound Design	SFX	
14yyctTCuKzU8wQwzdCw09w5AyNDzf1Pa	SFX - Combustível #11	wav	1.97	CinePRO Sound Design	SFX	
15uYx5fZxcsqrKxYobuppEV404FpLh7LH	SFX - Combustível #12	wav	2.15	CinePRO Sound Design	SFX	
1LsnpOQLq502udPLR3S7nET1cZ4eGRNan	SFX - Combustível #13	wav	1.35	CinePRO Sound Design	SFX	
1AfWI8upPbGTIYe91R4wpjIax0I_xYJ88	SFX - Combustível #14	wav	1.42	CinePRO Sound Design	SFX	
1KumzxU2-X4VtvgL3bQfZQbpOSk1QpsUs	SFX - Combustível #15	wav	1.24	CinePRO Sound Design	SFX	
1H9eWgBebz8mcHx6l5aX-ZPiJ02jAvI2E	SFX - Combustível #16	wav	1.89	CinePRO Sound Design	SFX	
12lN5HwuiFFu3HoGgtL77lOdaAmRRkFgN	SFX - Combustível #17	wav	1.98	CinePRO Sound Design	SFX	
1GiwWIwEnrtKSpzmRgMPHP_-XibkA0ZT3	SFX - Combustível #18	wav	4.99	CinePRO Sound Design	SFX	
1vbuanohWl4V5yfF4aPR_IDLWAObVIHkh	SFX - Combustível #2	wav	1.55	CinePRO Sound Design	SFX	
1MnnTwZmHMaaOCJW3_7jDeqopYnBEoRrm	SFX - Combustível #3	wav	1.9	CinePRO Sound Design	SFX	
1WLJuASCMpG7yGGZ8cP9QIHeSYMjz6nQO	SFX - Combustível #4	wav	1.84	CinePRO Sound Design	SFX	
18PVmPEn-qhAHCkhUrN0QVBx_3hAJiX8S	SFX - Combustível #5	wav	1.74	CinePRO Sound Design	SFX	
1s3QWHnt11FcuNfvqzp5W04HfKd4uDMKA	SFX - Combustível #6	wav	2.16	CinePRO Sound Design	SFX	
1a3m4WR-ee4M296JUYzexOg-bC2ok__tn	SFX - Combustível #7	wav	1.3	CinePRO Sound Design	SFX	
11xoILw8qHX83eCs1s5nGcFvkOdkEeEfO	SFX - Combustível #8	wav	1.28	CinePRO Sound Design	SFX	
1Y_q_Z6FOSNtIo6cp1lY35W-_9Tqa--ZE	SFX - Combustível #9	wav	1.86	CinePRO Sound Design	SFX	
1TAVX1T3DuBEkpwR14MMSljMfgXE7uJJ6	SFX - Condutor Reverso	wav	1.92	CinePRO Sound Design	SFX	
1yzjI_M9isHPSEme-CcuhB3Wpw6UiEJwt	SFX - Confirmação (Longo) #1	wav	2.34	CinePRO Sound Design	SFX	
12W2BUwR_DK9nO_4wyRDN6GtbJag704DV	SFX - Confirmação (Longo) #10	wav	1.17	CinePRO Sound Design	SFX	
1aAMdhirOcE5iLWxanBPukmC0NC6bKcBy	SFX - Confirmação (Longo) #11	wav	1.42	CinePRO Sound Design	SFX	
1zNqyKNL2zvCFpu277SB0Y_mHFD6njgka	SFX - Confirmação (Longo) #12	wav	1.89	CinePRO Sound Design	SFX	
1-C78VxbHXhktHK1hB3a7S_qvxs49Pigg	SFX - Confirmação (Longo) #13	wav	2.28	CinePRO Sound Design	SFX	
1PlTUyemCeiMAKfy6JFgzvvMp453Uw7fH	SFX - Confirmação (Longo) #14	wav	2.1	CinePRO Sound Design	SFX	
1QhOY7Lxq5yGScaNDi_FidFaz7h7kYP6W	SFX - Confirmação (Longo) #15	wav	2.07	CinePRO Sound Design	SFX	
1NvLoaR8yt4qRuJQd2vf9bYTECIOD3x-S	SFX - Confirmação (Longo) #16	wav	3.02	CinePRO Sound Design	SFX	
18P0N_vDHvyM6aNrlEHNuhhPQfRMRMTKp	SFX - Confirmação (Longo) #17	wav	3.73	CinePRO Sound Design	SFX	
1Vhgm5y6LM40WqYNdDFnwFX966JcOqslv	SFX - Confirmação (Longo) #18	wav	3.58	CinePRO Sound Design	SFX	
1ELJRk9d1vf7bA62sX6xykg7aJ98K5vyC	SFX - Confirmação (Longo) #2	wav	2.34	CinePRO Sound Design	SFX	
1YiqX-k-TuSMtsxkdCibFjb7kt-ZkEk62	SFX - Confirmação (Longo) #3	wav	0.88	CinePRO Sound Design	SFX	
1foFwDZhS9H1GGc4Q7tjSTvippZnpGGt6	SFX - Confirmação (Longo) #4	wav	1.79	CinePRO Sound Design	SFX	
1C7DGE1_omRtnNO6mUEEYpx1LD1ijYOrX	SFX - Confirmação (Longo) #5	wav	0.84	CinePRO Sound Design	SFX	
1_fI14PuseyGQFqLgY8-9Y42Az5A43frM	SFX - Confirmação (Longo) #6	wav	2.51	CinePRO Sound Design	SFX	
14Xbbpa6jB06JKGVddnhAG_3BAmmeJWb8	SFX - Confirmação (Longo) #7	wav	2.22	CinePRO Sound Design	SFX	
1Agdd1lhSRYavkNZnfgP12LdOzUbbXMXk	SFX - Confirmação (Longo) #8	wav	2.74	CinePRO Sound Design	SFX	
1tnC5qVy8Zt7CX02cc4JBC2qU3xbWoKff	SFX - Confirmação (Longo) #9	wav	2.26	CinePRO Sound Design	SFX	
1EiEAFN0afFk6LhLFFAchm-6lUD2wBSRR	SFX - Confirmação (Médio) #1	wav	1.76	CinePRO Sound Design	SFX	
16Z_6fcQaKDz1f5x7uETlsbDI90Whie5N	SFX - Confirmação (Médio) #10	wav	1.38	CinePRO Sound Design	SFX	
1XNcdhCvx69L4qQr6JjOrjkJxrgaXG3_F	SFX - Confirmação (Médio) #11	wav	1.51	CinePRO Sound Design	SFX	
1TFvFojEdItDbILQap8Ir6hC5KA7JoQ_f	SFX - Confirmação (Médio) #12	wav	1.36	CinePRO Sound Design	SFX	
1tEGtPxZ72NuLShAvr_E3kYal8Hg-0w6c	SFX - Confirmação (Médio) #13	wav	1.54	CinePRO Sound Design	SFX	
1BapMyXTtUQabFdnSLjknhR2wtvweyfrD	SFX - Confirmação (Médio) #14	wav	1.25	CinePRO Sound Design	SFX	
1LRgIdaeFQvF0BOnllod90cR0L14QH2h7	SFX - Confirmação (Médio) #15	wav	1.49	CinePRO Sound Design	SFX	
1E3rvHYDRTcNyh3qKVnm8HgT8voRGSicA	SFX - Confirmação (Médio) #16	wav	1	CinePRO Sound Design	SFX	
1JnS22b4COqGxwZoSgyZ8JsdcCxhAZojO	SFX - Confirmação (Médio) #17	wav	2.51	CinePRO Sound Design	SFX	
1uwxwRbNXYC59ZZqJmbo2JayyUhKSzRsJ	SFX - Confirmação (Médio) #18	wav	1.72	CinePRO Sound Design	SFX	
1Qjh_XTUKjvl8rY38Of2CyqG-vECOQdoX	SFX - Confirmação (Médio) #19	wav	0.92	CinePRO Sound Design	SFX	
1VY216x1KegQMPzE2mA6D_dDCriMvjGYm	SFX - Confirmação (Médio) #2	wav	1.82	CinePRO Sound Design	SFX	
18wqceKpWWGNHnSQX_sIe_MP5Am0NLjXi	SFX - Confirmação (Médio) #20	wav	0.76	CinePRO Sound Design	SFX	
1O0O3uOQPzHwydpnbuIh9NJfEVNze3PxI	SFX - Confirmação (Médio) #21	wav	1.36	CinePRO Sound Design	SFX	
11gVUmfNV4py7qPBGkUGf1X2pq1itFY-E	SFX - Confirmação (Médio) #22	wav	1.8	CinePRO Sound Design	SFX	
1CbN90KJToPWuEtDb1Ucs3o0exoCjQMcS	SFX - Confirmação (Médio) #23	wav	1.24	CinePRO Sound Design	SFX	
19eEv-CJ7OsiNtMPwHKQBKIn4ZR827NhB	SFX - Confirmação (Médio) #24	wav	1.29	CinePRO Sound Design	SFX	
14P-5FtMn3eH0Zwfq6Rq3UdLnwtu_P5A3	SFX - Confirmação (Médio) #25	wav	2.94	CinePRO Sound Design	SFX	
1kXAcTuTNv-xR5aeW8gI3EKlMW7Ym-wCG	SFX - Confirmação (Médio) #26	wav	1	CinePRO Sound Design	SFX	
1f3aq_H9DO8bZEECP6Afb2EBHR3KFQjDI	SFX - Confirmação (Médio) #3	wav	1.77	CinePRO Sound Design	SFX	
1Wx0czJSIJ5FGASj9U3aZCXxoI6L_e3v5	SFX - Confirmação (Médio) #4	wav	1.36	CinePRO Sound Design	SFX	
1tQZjSMcVjaPdM15ZGgWpq4HZUcFa_oaw	SFX - Confirmação (Médio) #5	wav	1.83	CinePRO Sound Design	SFX	
1Kgo70kSQ5AA0ja2RqSQTXn-hwVknzmjP	SFX - Confirmação (Médio) #6	wav	1.33	CinePRO Sound Design	SFX	
1M7adRjVCOgaMee5qjWny9F673QWsCjAL	SFX - Confirmação (Médio) #7	wav	1.8	CinePRO Sound Design	SFX	
1aRyYtXg6cm1PFaLsAWTPe0pv-maGjbc0	SFX - Confirmação (Médio) #8	wav	2.53	CinePRO Sound Design	SFX	
12hYCtwq1VW3J_q-h6WwMfq7BsL62vSuP	SFX - Confirmação (Médio) #9	wav	3	CinePRO Sound Design	SFX	
1Gz7Fbp5Ic95thcU3VYCWUlFmNnUiKffd	SFX - Confirmação (Rápido) #1	wav	1.18	CinePRO Sound Design	SFX	
1HSU54lsqlC8JQ7-6KoPOMd4m76wqCCY_	SFX - Confirmação (Rápido) #10	wav	1.18	CinePRO Sound Design	SFX	
1zbPUGPNGcinmQqNmScNkuaLX9uIop4AF	SFX - Confirmação (Rápido) #11	wav	1.18	CinePRO Sound Design	SFX	
1jj1BQ93tZQ-FtAyQmbN6NpPojPDXuuLq	SFX - Confirmação (Rápido) #12	wav	1.52	CinePRO Sound Design	SFX	
1E9I_DflUbhEiH6zW2N4JD2MjlCpLm-n7	SFX - Confirmação (Rápido) #13	wav	1.18	CinePRO Sound Design	SFX	
1Rg5um5520ouW0KMpJXtgE-BoiqQN_E6A	SFX - Confirmação (Rápido) #14	wav	1.59	CinePRO Sound Design	SFX	
1ltE05nFWzwIrXVSWG5pgE8dc0PejivsD	SFX - Confirmação (Rápido) #2	wav	1.34	CinePRO Sound Design	SFX	
1xv61TuIVisCizNzZTfn16msXP4ZMBFoJ	SFX - Confirmação (Rápido) #3	wav	1.27	CinePRO Sound Design	SFX	
1ch2M6BLU-Sa2gDHY-oj7lpVipzpAnY78	SFX - Confirmação (Rápido) #4	wav	1	CinePRO Sound Design	SFX	
1ETQwiJFVPlEsely1GzM-hBv26YvST_XJ	SFX - Confirmação (Rápido) #5	wav	0.84	CinePRO Sound Design	SFX	
1g54YBUwgxfFqPVOjKnSQBFEVbq3pXWbw	SFX - Confirmação (Rápido) #6	wav	1.2	CinePRO Sound Design	SFX	
1mytQm7AXu4Tzujl5ClL_ZPXLJkhfZKXe	SFX - Confirmação (Rápido) #7	wav	1.36	CinePRO Sound Design	SFX	
1NQJHrJpcVLF2XM2N0GvNqqIrbM-nIWi_	SFX - Confirmação (Rápido) #8	wav	1.31	CinePRO Sound Design	SFX	
1NcdoMy2A7vYaq5fxof401BSttiR9rjH1	SFX - Confirmação (Rápido) #9	wav	1.34	CinePRO Sound Design	SFX	
1gaZ5eoH98MUYsxDByeoH-LTVZRSNQVeM	SFX - Constante #1	wav	10.78	CinePRO Sound Design	SFX	
10V5cEA6hTXSaBNX5zhay_7ki6x-DWgcw	SFX - Constante #2	wav	10.52	CinePRO Sound Design	SFX	
1eX-7NSDm8oyaoqF4K26x1yqHq5W9bUya	SFX - Constante #3	wav	10.42	CinePRO Sound Design	SFX	
1a9oSxOaZUMkY3qdOdG67A38c2HAr8RIm	SFX - Constante #4	wav	10.46	CinePRO Sound Design	SFX	
1pzuj8uf0GIE15TOfTofvlMe4VAW5aeoD	SFX - Constante Agressivo #1	wav	18.52	CinePRO Sound Design	SFX	
1cOme3Wmk1dwZjEMW5aDzn2Vg_CmcF7oq	SFX - Constante Agressivo #2	wav	19.06	CinePRO Sound Design	SFX	
1RVlpMklCOeJt71KI8uT3GvkhMTCe04di	SFX - Constante Agressivo #3	wav	19.02	CinePRO Sound Design	SFX	
1v8nASkoMHNCsE0VDlxFoEiyznEXW8Gff	SFX - Constante Agressivo #4	wav	19.1	CinePRO Sound Design	SFX	
132_ImpAkRcrlWIELzgTB7V6yU7NkBNm7	SFX - Constante Agressivo #5	wav	18.15	CinePRO Sound Design	SFX	
1Ml557ZYOlNeebNPZLUZ-XBmKb1o16pIq	SFX - Constante Agressivo #6	wav	17.88	CinePRO Sound Design	SFX	
1IDHy0PvUbx-64EPyDD15somyeFPumhKh	SFX - Constante Agressivo #7	wav	9.91	CinePRO Sound Design	SFX	
1ojRB-Tts5QyUTHJxVQfLm-Dj2UTMuSGX	SFX - Constante Agressivo #8	wav	18.98	CinePRO Sound Design	SFX	
1bpuHZKpDO-IoRcuuNTkja83WW1DIQteC	SFX - Constante com Movimento #1	wav	18.34	CinePRO Sound Design	SFX	
1-30MTBJLYmduI1Tw_5ZRfqMEtpkHr26I	SFX - Constante com Movimento #2	wav	18.57	CinePRO Sound Design	SFX	
1RPhx6boCDDfYD3rAhhqco_MQIDLEEGNc	SFX - Constante com Movimento #3	wav	18.92	CinePRO Sound Design	SFX	
1JG5oGlv416EKQ6kirMGLugsBQPN3NgLk	SFX - Constante com Movimento #4	wav	18.77	CinePRO Sound Design	SFX	
1v2rb89_R7ye_C8feNXfCL9wYetDgjF5F	SFX - Constante com Movimento #5	wav	18.85	CinePRO Sound Design	SFX	
1qLtgrHxSBuG5Uyv18zrVzbWrv5kQwp12	SFX - Constante com Movimento #6	wav	18.57	CinePRO Sound Design	SFX	
1-t6RJF31J15YOXtotxV2yZ7y2MKSZ7dy	SFX - Constante com Movimento #7	wav	25.27	CinePRO Sound Design	SFX	
11NAVwPzVBYBJyevGlq-N-Mwk2g8jM6GK	SFX - Constante com Movimento #8	wav	23.61	CinePRO Sound Design	SFX	
1bhHQ-vlGPNzOWUv1OeA4uWPfUXdS2Ybc	SFX - Constante com Movimento #9	wav	11.99	CinePRO Sound Design	SFX	
1PXsWM5BvSk9PU-RjDy08GvAksHvaSTKc	SFX - Conto das Folhas	wav	7.04	CinePRO Sound Design	SFX	
1IV_irOkybq_zkRz1-7bEPrXTE7I9cxuu	SFX - Conto das Folhas (Panorâmica)	wav	6.95	CinePRO Sound Design	SFX	
1EG5x3O7_e0_AQUvVScp8FZ8_Hvjgk-5q	SFX - Conto do Terremoto	wav	7.68	CinePRO Sound Design	SFX	
19dJ2D3_JNd8VJiTT3fU2dKKOP0cON7Tz	SFX - Conto do Terremoto (Panorâmica)	wav	7.68	CinePRO Sound Design	SFX	
1thLdrw32RnUSJtMzhjlIjMFsFgngkRC5	SFX - Controle de Ré	wav	6.77	CinePRO Sound Design	Essentials	
1At2RGdvRg-2hUMzyOOOocLvJgc-_DHTh	SFX - Copo #1	wav	0.89	CinePRO Sound Design	SFX	
1sE-DUTraKLmNWU0PYu2gPHwhsIFIPcfx	SFX - Copo #2	wav	0.77	CinePRO Sound Design	SFX	
1n_JL6XKAD9ylRgLRJTL1jNCg9JLQ6qEp	SFX - Copo #3	wav	0.64	CinePRO Sound Design	SFX	
1i2OrubWqqlPRxzXZukeBO7bNXNo2_T5p	SFX - Copos em Terremoto	wav	3.6	CinePRO Sound Design	SFX	
1qTO4vqMxl9LOS_1ZOuP4kb9gXQ94qLZU	SFX - Correndo Ecoando	wav	6.88	CinePRO Sound Design	SFX	
1Lb3k3lolFVItzm-RHj1LS6AJxBLADo-1	SFX - Corrente nos pés	wav	6.88	CinePRO Sound Design	SFX	
16kwPVToVPLPKN48zp4KS6IQnKSs7B8Yu	SFX - Cortador de Grama #1	wav	6.88	CinePRO Sound Design	SFX	
1JUgm2VHuy2MxiIwxP_AUlxMSqKSotVxC	SFX - Cortador de Grama #2	wav	6.88	CinePRO Sound Design	SFX	
1pXZAA57Y3l8fwDy3WShMetJlTmr3sw2U	SFX - Cortando #1	wav	1.11	CinePRO Sound Design	SFX	
1TOGFRVjveuNh2nk9UUEX_3Dz2dEI-m3V	SFX - Cortando #10	wav	0.91	CinePRO Sound Design	SFX	
1l5YmiIegTnAJr3QlzIp7XyEw9o2UjrfP	SFX - Cortando #11	wav	0.87	CinePRO Sound Design	SFX	
15Z5GNChsFuBFzoKq0M6jcypVv7DAMI8y	SFX - Cortando #12	wav	0.88	CinePRO Sound Design	SFX	
1-OHcbA8OYjkQsTD8H9r4mZF3SBrxTOog	SFX - Cortando #13	wav	0.8	CinePRO Sound Design	SFX	
1B-cJUJpE41G3DNNIytAMvfBERhTFrsMN	SFX - Cortando #14	wav	1.88	CinePRO Sound Design	SFX	
1_cOh4z3kCPYPu2GkKofNxqJCYoWgo15g	SFX - Cortando #15	wav	1.6	CinePRO Sound Design	SFX	
1bAx54JDFgdjLmxiS1Hcym40z8abHgQnF	SFX - Cortando #2	wav	2.02	CinePRO Sound Design	SFX	
1468H3feYimbnOb2OWL2C_VGIl8_kl_qa	SFX - Cortando #3	wav	2.78	CinePRO Sound Design	SFX	
1yjjGBpb1D7RImctXSNYr616TcLtAI2Rg	SFX - Cortando #4	wav	2.78	CinePRO Sound Design	SFX	
1fRmc-nC7i28d4_Xs2xtdTQwOnVq8bAE-	SFX - Cortando #5	wav	0.78	CinePRO Sound Design	SFX	
1NGjAZChOstBAt3cwY2nPfCML-mwOvarl	SFX - Cortando #6	wav	1.5	CinePRO Sound Design	SFX	
1p2IVAVSe5OHiHa9KCc5lQbhc2c1mMmUw	SFX - Cortando #7	wav	3.45	CinePRO Sound Design	SFX	
1qvIXg8YSzVseVdO8KlKibueHxOQM4sdZ	SFX - Cortando #8	wav	1.54	CinePRO Sound Design	SFX	
1VBYuALC6DRWFou5EwMBM27CKlhXZQzil	SFX - Cortando #9	wav	1.48	CinePRO Sound Design	SFX	
1ZOMiNgeEIjwKxym1gBEDXrn1nBkB5Oof	SFX - Corte #1	wav	0.38	CinePRO Sound Design	SFX	
1n_HPrNh-VtaiEMzc8kSHqRD2NLcjXq5g	SFX - Corte #2	wav	2.4	CinePRO Sound Design	SFX	
1hs2vPBsx1slFnBO1p3XsQuL_TTyZdUbI	SFX - Corte #3	wav	5.11	CinePRO Sound Design	SFX	
1UUDdNtTFDaQoGqIuElK6zdU2nvfZpGkL	SFX - Corte #4	wav	0.32	CinePRO Sound Design	SFX	
1q7MwoGSm22z7xdHDSOl9081Gg-IvzS_w	SFX - Corte #5	wav	0.66	CinePRO Sound Design	SFX	
1UzRskPRHqgVhOvgcpTxZYaQMnlDt2PTj	SFX - Corte #6	wav	2.64	CinePRO Sound Design	SFX	
1hCtzWiFY5VO4rfon2Ge8iia1ABLlMMoe	SFX - Corte #7	wav	0.46	CinePRO Sound Design	SFX	
1soLiV0FOGG2-Te315qjoJZhh8Rd8DdEs	SFX - Corte #8	wav	2.99	CinePRO Sound Design	SFX	
1avLb-cc1djG-9Ap_XTxTtlm7JPvz6Rqp	SFX - Cristais (Agudo)	wav	13.75	CinePRO Sound Design	SFX	
1ScG9aJsM-KVez6lKk-s3bw1AqGLWqvUa	SFX - Cristais (Grave)	wav	13.75	CinePRO Sound Design	SFX	
1Av-4pmOQH2KntLFnAR8dkHUGwJw5OlTr	SFX - Cristais (Médio)	wav	13.75	CinePRO Sound Design	SFX	
1ASkLOwOIlrIpRPsaaRi8N0Re89IMpoPG	SFX - De noite #1	wav	6.88	CinePRO Sound Design	SFX	
1vVTLUuHnswKdTTgdSu0tMmTH3-X4FxnG	SFX - De noite #2	wav	6.88	CinePRO Sound Design	SFX	
1l1x-d2j-wxlCyy96Twy2y_ucltbUI0Uk	SFX - Dentro do Vagão #1	wav	6.88	CinePRO Sound Design	Essentials	
117cieR-gnVaRjl7mm0_noMBKqtk9HeAp	SFX - Dentro do Vagão #10	wav	6.88	CinePRO Sound Design	Essentials	
1SsGuzzdPmi3uamFUkRpnhEc8QOZxLsDh	SFX - Dentro do Vagão #11	wav	6.88	CinePRO Sound Design	Essentials	
1RI-E65KWurazhGse8n24ewk8UyiJU2rg	SFX - Dentro do Vagão #12	wav	6.88	CinePRO Sound Design	Essentials	
1_fc7UVOWNlbAE2fGscP0XjoTs73OzY0f	SFX - Dentro do Vagão #2	wav	6.88	CinePRO Sound Design	Essentials	
1_a5UhzTK8LYdWQtvDhqHlV0ac8eWRRYJ	SFX - Dentro do Vagão #3	wav	6.88	CinePRO Sound Design	Essentials	
1JXEXLp8wYL9bOLSEEgMJlKauAmOLfYgj	SFX - Dentro do Vagão #4	wav	6.88	CinePRO Sound Design	Essentials	
1rFpYgyKN-Sfz5RLVy1tb4dwm2CpmVdGM	SFX - Dentro do Vagão #5	wav	6.88	CinePRO Sound Design	Essentials	
1COmr-fL-B385PxussvNS2NWxlNZQQWPG	SFX - Dentro do Vagão #6	wav	6.88	CinePRO Sound Design	Essentials	
1Q3FfgLZqpf6uA4lI0t2syOUNqSA15k_o	SFX - Dentro do Vagão #7	wav	6.88	CinePRO Sound Design	Essentials	
1UIvABL1oZsS7wJZIu8z4husK94RJXEzk	SFX - Dentro do Vagão #8	wav	6.88	CinePRO Sound Design	Essentials	
1oncK1wz6SLAJ84CaTDUstHuTgthHx9an	SFX - Dentro do Vagão #9	wav	6.88	CinePRO Sound Design	Essentials	
12UFvjN6Mawk39M0grC2uG14ONcc73lCF	SFX - Derramando	wav	3.45	CinePRO Sound Design	SFX	
1z1U0Sk0Fks-FhXSKZQmcimyxPn_0PWsV	SFX - Descarga #1	wav	1.46	CinePRO Sound Design	SFX	
1hmK5PIgF4X3AZ785SG50hwlpWB_x5fgO	SFX - Descarga #10	wav	1.46	CinePRO Sound Design	SFX	
18osiSPvLXGVIRdmAOnWk2gGQULqoARHG	SFX - Descarga #11	wav	6.88	CinePRO Sound Design	SFX	
1-5PbhOKoJHHlo0zebeRFFZ_UTqPwvBHY	SFX - Descarga #12	wav	6.88	CinePRO Sound Design	SFX	
1t7-61PeWIARH_KUJLeI8mhKrXqZExqFr	SFX - Descarga #13	wav	6.88	CinePRO Sound Design	SFX	
1LM1ue_-sjKu8q8K3bWlkRhmvbCMxdx2D	SFX - Descarga #2	wav	1.46	CinePRO Sound Design	SFX	
1zF07hHEX_ByFJESED8TtO1Vjup6xnNRa	SFX - Descarga #3	wav	1.46	CinePRO Sound Design	SFX	
1xVXK3a2YZdwAkPR_p_Vp-8I0284DGTim	SFX - Descarga #4	wav	1.46	CinePRO Sound Design	SFX	
1HzMt-ecu7kIxOIREL08zQAwT6YEfQgaT	SFX - Descarga #5	wav	1.46	CinePRO Sound Design	SFX	
1B4rL0OsrEKoGb7fSm5au_UUI04ggMqaB	SFX - Descarga #6	wav	1.46	CinePRO Sound Design	SFX	
1iY4I5_gVRft6V2mWXiOTtP97ohWetINE	SFX - Descarga #7	wav	1.46	CinePRO Sound Design	SFX	
1qEBDRLNXWJxAHmAtzGqw6gUhdd-h5NS3	SFX - Descarga #8	wav	1.46	CinePRO Sound Design	SFX	
1Qu9l-W3wPapn351BwI251hMeYFt42Tl5	SFX - Descarga #9	wav	9.2	CinePRO Sound Design	SFX	
1s-q33xTVza4N8BFrkUkjQUztyAyPRXj_	SFX - Desemcapado	wav	5.68	CinePRO Sound Design	SFX	
126tgqrbTgrLFTc5ujJvfXuaIJSX81rDS	SFX - Deslizando (Computador)	wav	0.63	CinePRO Sound Design	SFX	tutorial
1mIwGs_rL6vtd9S2yFsRP6YIJhoLcabQZ	SFX - Deslizando (Notebook)	wav	0.51	CinePRO Sound Design	SFX	tutorial
18d4Kar81wvEa09lvlrwPH1l4SUGcoUh9	SFX - Deslizando #1	wav	3.31	CinePRO Sound Design	SFX	
1zowl5VLO6KHmPJ7FkKLnrpoiobe4H4o4	SFX - Deslizando #2	wav	1.59	CinePRO Sound Design	SFX	
1I10g06WOleriHNOmQQ-L2A7I2dhJk8Dv	SFX - Deslizando #3	wav	1.92	CinePRO Sound Design	SFX	
1npFWyU-G-jPSTG0zQO1p8NyjGzoaiX_Q	SFX - Deslizando #4	wav	2.57	CinePRO Sound Design	SFX	
1i9izEJHObdFykcNOL6OQfykvkIVnxQQs	SFX - Deslizando #5	wav	1.19	CinePRO Sound Design	SFX	
1xeIBtNemTWd3Zgs_1bXIMZAHc4L9Tc7I	SFX - Deslizando #6	wav	11.51	CinePRO Sound Design	SFX	
1x3u1h1UWSu0L3pzB6Ms4YjmzjrkVrbP4	SFX - Deslizando #7	wav	1.76	CinePRO Sound Design	SFX	
1lyzMBPlmGSnmj5jxqR3jXAcw3VzxBXJ2	SFX - Deslizando #8	wav	1.66	CinePRO Sound Design	SFX	
1d8iHFTKi5ZUHzkvdck4BY4Q_FSmQNeRO	SFX - Deslizando #9	wav	1.56	CinePRO Sound Design	SFX	
1JEfFdt0oyDtRVdxVXp35n5xtjriepDgn	SFX - Desmoronando #1	wav	1.51	CinePRO Sound Design	SFX	
1BJvJLEXAb2rVZz7KbCXeUqZWMKdliYJS	SFX - Desmoronando #10	wav	2.01	CinePRO Sound Design	SFX	
16_FdwI-YT4lmbmAXJomiasUNbXyLwUHl	SFX - Desmoronando #11	wav	1.31	CinePRO Sound Design	SFX	
1QThaqNjd6KJuEDyoOJEaTMJgxlmlbZVI	SFX - Desmoronando #12	wav	1.37	CinePRO Sound Design	SFX	
19TiAWx2scoYi7pLOlbcqolvIiUTZ6UH9	SFX - Desmoronando #13	wav	0.95	CinePRO Sound Design	SFX	
1jhlEmbJ7imrwEqVV7Ezmo6ppTtGr-WEY	SFX - Desmoronando #14	wav	0.97	CinePRO Sound Design	SFX	
1QkCNF0hT-UwFW_Ydh7dAEjAZdGpMQOM7	SFX - Desmoronando #15	wav	1.14	CinePRO Sound Design	SFX	
1Jk2ICdh_CYgVkgcMKqCd182ICgQ_ZlzX	SFX - Desmoronando #16	wav	1.3	CinePRO Sound Design	SFX	
1tfwikPTYc5w6JNBY7aFJjj-f6Aop2PjA	SFX - Desmoronando #17	wav	0.99	CinePRO Sound Design	SFX	
1BhXdj-R4ptFpLqoYiJjUD3Fw-SyICCEx	SFX - Desmoronando #18	wav	0.81	CinePRO Sound Design	SFX	
1GwGzM6OxT9-iQ5QZqXFfrJR3Z8jZPaRd	SFX - Desmoronando #19	wav	0.85	CinePRO Sound Design	SFX	
1Rr-4vCi4PWq1wo8SjuYNfuVbj68akMyx	SFX - Desmoronando #2	wav	1.6	CinePRO Sound Design	SFX	
1r0byZMRdRTU0XX09F87T6rsDWmI9PUiA	SFX - Desmoronando #20	wav	0.32	CinePRO Sound Design	SFX	
1hZEHRj5_ufTqkfAIalVporqMFKN7GdJZ	SFX - Desmoronando #21	wav	0.83	CinePRO Sound Design	SFX	
1z_SWsTtw1gb4w-4M31nTsEYPfyHkaD_A	SFX - Desmoronando #3	wav	2.13	CinePRO Sound Design	SFX	
1CPQTLqNbDXoRrsHcWj0L1k_2om1YMbfK	SFX - Desmoronando #4	wav	1.96	CinePRO Sound Design	SFX	
1ZgfpAbU7Pbswvzfs7LVZj-IVeoILviO_	SFX - Desmoronando #5	wav	2.13	CinePRO Sound Design	SFX	
1OFAntQZwlNHOc916LGNRkv2KTncItvP-	SFX - Desmoronando #6	wav	1.81	CinePRO Sound Design	SFX	
1Ui856mYz_5xfSiumqZ6mXlb4Bc8kgxWg	SFX - Desmoronando #7	wav	2.01	CinePRO Sound Design	SFX	
1gY0uM1DLXKShkU0ugJVnH9vb5uDnBn3y	SFX - Desmoronando #8	wav	0.92	CinePRO Sound Design	SFX	
1iQWe-dA1VBxactPZZ1LDW-RxgNAZ7Jac	SFX - Desmoronando #9	wav	0.55	CinePRO Sound Design	SFX	
17AbYxKsujVWuolukDTes3gISiD89QgY_	SFX - Destroços #1	wav	3.36	CinePRO Sound Design	SFX	documentario
1ZERLJMFwl_cVD65wB5mdinaqvT71FZMx	SFX - Destroços #1	wav	6.65	CinePRO Sound Design	SFX	
15ej8PFp6vDQq2gGSUwmHsytVvv0XSRyS	SFX - Destroços #2	wav	2.34	CinePRO Sound Design	SFX	documentario
190WtcuncnOptJyWLhADugjEZkemMzdpH	SFX - Destroços #2	wav	4.23	CinePRO Sound Design	SFX	
1WmucLObjETaXL3iG7JhQLrDxvn9c44nv	SFX - Destroços #3	wav	5.36	CinePRO Sound Design	SFX	documentario
1UWaqsMKubHrBBDaCZ740o9HJS6XGo9cF	SFX - Destroços #3	wav	5.38	CinePRO Sound Design	SFX	
1nXwpdzOxmV7UvAqkeL-3pddFKI8KadPd	SFX - Destroços #4	wav	2.8	CinePRO Sound Design	SFX	documentario
1qJNg2E-jHoIiptCtdNz9BNEcCkQwnKa9	SFX - Destroços #4	wav	13.04	CinePRO Sound Design	SFX	
1RYRPMugR3ebkrbo7p-XBQLNhDaTeIOVU	SFX - Destroços #5	wav	4.1	CinePRO Sound Design	SFX	
1HSE7stxpUWwU6u_uHodZA3kuFlH5MhYX	SFX - Destroços #6	wav	5.63	CinePRO Sound Design	SFX	
116DPyqnKQ_IcvD_hjV3MRkzxsLERelQ7	SFX - Digitação (Computador Antigo)	wav	10.84	CinePRO Sound Design	SFX	
13dkL4L6nBmTayWq2dqgRIs80O3iTdZbW	SFX - Digitação (Computador) #1	wav	3.16	CinePRO Sound Design	SFX	tutorial
1rRcTeASgJehDc6cp2ISFhpgBZaEK4GHU	SFX - Digitação (Computador) #2	wav	8.19	CinePRO Sound Design	SFX	tutorial
1tu2nTgWpTCg_4QDUkAGWKLLY9KNv7Tub	SFX - Digitação (Lento)	wav	11.85	CinePRO Sound Design	SFX	
13vHT2NRsmbvkSRB5V1RFA1rBII93noHN	SFX - Digitação (Notebook Antigo)	wav	3.25	CinePRO Sound Design	SFX	
1WarzZ4CZBvsR7_w0WQldI7jaF3_cgrFu	SFX - Digitação (Notebook) #1	wav	3.36	CinePRO Sound Design	SFX	tutorial
1Z-eKSyKMY8LZ0VvlMWKk2wWloFvsLvAE	SFX - Digitação (Notebook) #2	wav	3.71	CinePRO Sound Design	SFX	tutorial
1KKl8VRV_NuODt1y_MUWiIvObMPUeoLoJ	SFX - Digitação (Rápido) #1	wav	11.85	CinePRO Sound Design	SFX	
1xVvc8VPtmrsggDELFZMUzmt8r91_aFnJ	SFX - Digitação (Rápido) #2	wav	11.85	CinePRO Sound Design	SFX	
1evJ7IsnRfixE6kFOfPX0ItvjBT-2k_Fa	SFX - Discador	wav	1.85	CinePRO Sound Design	SFX	
1XUDH67umj1yCqI7ywZFuNH146velVl9f	SFX - Distante Ecoando	wav	6.88	CinePRO Sound Design	SFX	
1jeQHzyOweGR8hk2mcdIHluQp0m13-JeV	SFX - Drop Sci-Fi & Cyberpunk #1	wav	6.88	CinePRO Sound Design	SFX	
1mcNPFGIi2gFzKTRbYt9sJrv-1UouqzD6	SFX - Drop Sci-Fi & Cyberpunk #10	wav	6.88	CinePRO Sound Design	SFX	
1OjujtGbi1o9arBDLb5EPTJUhFwZYhDkQ	SFX - Drop Sci-Fi & Cyberpunk #11	wav	6.88	CinePRO Sound Design	SFX	
1ZCGByxAB4cTdkxLAPA6m8yWNQux3lJEJ	SFX - Drop Sci-Fi & Cyberpunk #12	wav	6.88	CinePRO Sound Design	SFX	
1FoCeUCJsG0E_ciORkj9aO-aick7CiCqh	SFX - Drop Sci-Fi & Cyberpunk #13	wav	6.88	CinePRO Sound Design	SFX	
1pnUiBiCepG0ifC6A-MrOnSO9c-VFRo0Z	SFX - Drop Sci-Fi & Cyberpunk #14	wav	6.88	CinePRO Sound Design	SFX	
1lxp4vF5o24rAb2Q6D0IZcs3VeZmxy5lS	SFX - Drop Sci-Fi & Cyberpunk #15	wav	6.88	CinePRO Sound Design	SFX	
1-0Ijhdo8McYESqCqWzLTvHYiwVksd292	SFX - Drop Sci-Fi & Cyberpunk #16	wav	6.88	CinePRO Sound Design	SFX	
14zDs5uzg3cehphs4xZRCpF3Cdg_Mv0eO	SFX - Drop Sci-Fi & Cyberpunk #17	wav	6.88	CinePRO Sound Design	SFX	
1xDl5oJS5uDOt6_qHO0ndFWPyt0ohXBxZ	SFX - Drop Sci-Fi & Cyberpunk #18	wav	6.88	CinePRO Sound Design	SFX	
1A5D7wEG9Wfvzjci--2WE3FsPX94MUDj5	SFX - Drop Sci-Fi & Cyberpunk #19	wav	6.88	CinePRO Sound Design	SFX	
1u1HV_wTP2GCAi8rZv8AJjtxYq_lEZdLh	SFX - Drop Sci-Fi & Cyberpunk #2	wav	6.88	CinePRO Sound Design	SFX	
1fU8XE5Vr7rVebPV-tJM1ugmoJ6uyV1B6	SFX - Drop Sci-Fi & Cyberpunk #20	wav	6.88	CinePRO Sound Design	SFX	
1fcf2vFFaVmVVOUNqwNkaoTxCvkn3iIYx	SFX - Drop Sci-Fi & Cyberpunk #21	wav	6.88	CinePRO Sound Design	SFX	
1j4FU6b8iW_sWquGAOuV1BjWxo3PTmyki	SFX - Drop Sci-Fi & Cyberpunk #22	wav	6.88	CinePRO Sound Design	SFX	
1NZuZhyFCcSKQa1KuCA30oS7rXzf3y0kP	SFX - Drop Sci-Fi & Cyberpunk #23	wav	6.88	CinePRO Sound Design	SFX	
1e0BrquldOpROgcHbUSNQ0S_nI8gJqzkg	SFX - Drop Sci-Fi & Cyberpunk #24	wav	6.88	CinePRO Sound Design	SFX	
16lBfV2LV65efMb22LTkeF_R7uvCA91mf	SFX - Drop Sci-Fi & Cyberpunk #25	wav	6.88	CinePRO Sound Design	SFX	
1WZOvubDqrA8JIU2A4RNU1N_ucszf2yTY	SFX - Drop Sci-Fi & Cyberpunk #26	wav	6.88	CinePRO Sound Design	SFX	
14usaS-Rkqa6cPTf_zKlRJornmnrtlNUg	SFX - Drop Sci-Fi & Cyberpunk #27	wav	6.88	CinePRO Sound Design	SFX	
1FVz69cL2rfKIfbmfpm21HrrWzYYyXhSi	SFX - Drop Sci-Fi & Cyberpunk #28	wav	6.88	CinePRO Sound Design	SFX	
16X0alStoCv26xcR7F3OLrC4i8cr4uilO	SFX - Drop Sci-Fi & Cyberpunk #29	wav	6.88	CinePRO Sound Design	SFX	
1oXfA4YoDzDFjru6YODNiTHUhF4rQlf_h	SFX - Drop Sci-Fi & Cyberpunk #3	wav	4.82	CinePRO Sound Design	SFX	
187oQsDwPM1Z7H3uHTxHFhqUXiIVyQ0sF	SFX - Drop Sci-Fi & Cyberpunk #30	wav	6.88	CinePRO Sound Design	SFX	
18evMVwQSdOOQ136NYADJikCHr0jeIwuR	SFX - Drop Sci-Fi & Cyberpunk #31	wav	6.88	CinePRO Sound Design	SFX	
1YhfvLQ9e_UHk7rj2z0z-28h5eOp9oUB9	SFX - Drop Sci-Fi & Cyberpunk #32	wav	6.88	CinePRO Sound Design	SFX	
1WCHBVSEqo1nxJDyNKxjchvgMU-CC3O-L	SFX - Drop Sci-Fi & Cyberpunk #33	wav	6.52	CinePRO Sound Design	SFX	
1r4PWJ-6nOfevWwCUoZutuQNvMIeChE33	SFX - Drop Sci-Fi & Cyberpunk #34	wav	6.88	CinePRO Sound Design	SFX	
1yZRi3OERN4imuGjljz5gtuP_C2vIgiNB	SFX - Drop Sci-Fi & Cyberpunk #35	wav	6.88	CinePRO Sound Design	SFX	
15aP6AqOm615ZrgFvT83ny0oPjQm8Qod0	SFX - Drop Sci-Fi & Cyberpunk #36	wav	6.88	CinePRO Sound Design	SFX	
1EddT5gcir32G00iLDv23Lh49KPtTDIWM	SFX - Drop Sci-Fi & Cyberpunk #37	wav	6.53	CinePRO Sound Design	SFX	
1yJw-Uj4jEqJuD8uMETcLeSzvGs8NMd58	SFX - Drop Sci-Fi & Cyberpunk #38	wav	6.88	CinePRO Sound Design	SFX	
123bF0zyJlm__CnaNfk8VCINsMmWhgw-F	SFX - Drop Sci-Fi & Cyberpunk #39	wav	6.88	CinePRO Sound Design	SFX	
1MvwAI090nBItW6LIaj1_HzYrweUBbXwD	SFX - Drop Sci-Fi & Cyberpunk #4	wav	6.88	CinePRO Sound Design	SFX	
12cF-uuPnv--8OBhGkDGN8WNVS26mYVpv	SFX - Drop Sci-Fi & Cyberpunk #40	wav	6.88	CinePRO Sound Design	SFX	
1K8WNfx8iskdgrK5RFAZxwbzPJZHV4hKx	SFX - Drop Sci-Fi & Cyberpunk #41	wav	6.88	CinePRO Sound Design	SFX	
19Xzlc__uuV4heXGn4ITGosALb-YLrCTB	SFX - Drop Sci-Fi & Cyberpunk #42	wav	6.88	CinePRO Sound Design	SFX	
1-RNCSQatrLoBkpZKf3GaY5rOFYYKqEw6	SFX - Drop Sci-Fi & Cyberpunk #43	wav	6.88	CinePRO Sound Design	SFX	
1fBvydX3y0XEGCVyCt9XjZAy_a03U1Hxi	SFX - Drop Sci-Fi & Cyberpunk #44	wav	6.88	CinePRO Sound Design	SFX	
1UTXJmHtRWOLlnB8Hsb2ipRoSKNMDF4Cv	SFX - Drop Sci-Fi & Cyberpunk #45	wav	6.88	CinePRO Sound Design	SFX	
1CoLsL6_uKqGl6P9EY7SklzLRh573sSkw	SFX - Drop Sci-Fi & Cyberpunk #46	wav	6.88	CinePRO Sound Design	SFX	
1sO9EccAC9zgOLwXXDkXgokoSR1J6r8A9	SFX - Drop Sci-Fi & Cyberpunk #47	wav	6.88	CinePRO Sound Design	SFX	
1IOuz8rXZgYaFT1X0c2TAQ5Y_z-Tdnc3Z	SFX - Drop Sci-Fi & Cyberpunk #48	wav	6.88	CinePRO Sound Design	SFX	
10SrqPeH4LFrh8BC1-sy0gqijuh4SRi5I	SFX - Drop Sci-Fi & Cyberpunk #49	wav	5.41	CinePRO Sound Design	SFX	
1CNvauMd-BYiavxfbk8wQuLvt1bFayo7f	SFX - Drop Sci-Fi & Cyberpunk #5	wav	6.88	CinePRO Sound Design	SFX	
1h7lGXQTAEl6vHgozCgBLa_FTvoe_hwRv	SFX - Drop Sci-Fi & Cyberpunk #50	wav	6.88	CinePRO Sound Design	SFX	
1ZpNVNs_tZPBa_JEgAp0N6oD5Oq-FmOcD	SFX - Drop Sci-Fi & Cyberpunk #51	wav	6.88	CinePRO Sound Design	SFX	
1AQHDPH_-5PdnEySv57IDfEIGeVY23NEZ	SFX - Drop Sci-Fi & Cyberpunk #52	wav	6.88	CinePRO Sound Design	SFX	
13cxE1YwQ8pb5YWf2175VpaUQoiNTvM_i	SFX - Drop Sci-Fi & Cyberpunk #53	wav	6.88	CinePRO Sound Design	SFX	
1i5UcAMD8-gIH4MnrqEZdQbt5fEU00vxE	SFX - Drop Sci-Fi & Cyberpunk #54	wav	6.88	CinePRO Sound Design	SFX	
1qGQtVIaKH_LiivYgP5X_1xQPWC2i23EQ	SFX - Drop Sci-Fi & Cyberpunk #55	wav	6.88	CinePRO Sound Design	SFX	
1ktv7iOfKVXylnh0HFpP-wuGRt_T7Ort1	SFX - Drop Sci-Fi & Cyberpunk #56	wav	6.88	CinePRO Sound Design	SFX	
1L7PQaERpMNKBFABclDLcOITxNns1bEHn	SFX - Drop Sci-Fi & Cyberpunk #57	wav	6.84	CinePRO Sound Design	SFX	
1hjUvGog20zpYyM1vhjVZwqlvD-a4Rj_9	SFX - Drop Sci-Fi & Cyberpunk #58	wav	6.88	CinePRO Sound Design	SFX	
1dI68be8L3eDIQTtWv5wM6qhmZJ0OmH4n	SFX - Drop Sci-Fi & Cyberpunk #59	wav	6.88	CinePRO Sound Design	SFX	
1dqswP4gTH3lBwfk_fn3YyHbSwZ6zUy-0	SFX - Drop Sci-Fi & Cyberpunk #6	wav	6.88	CinePRO Sound Design	SFX	
1xE_IFB_Esy1qcmOE5OHejbHWhlPS6YKw	SFX - Drop Sci-Fi & Cyberpunk #60	wav	6.88	CinePRO Sound Design	SFX	
1EEiQGJ8S6rhcxNEhVWuvwc7OXRH1AqJ4	SFX - Drop Sci-Fi & Cyberpunk #7	wav	6.88	CinePRO Sound Design	SFX	
1K01uyqBNjv9Gd5iw9qYN_JJNcHOX9DNv	SFX - Drop Sci-Fi & Cyberpunk #8	wav	6.88	CinePRO Sound Design	SFX	
1jYflOVoBdhZS9Rei1Y81niNOFoBclN2Q	SFX - Drop Sci-Fi & Cyberpunk #9	wav	6.88	CinePRO Sound Design	SFX	
195hPc5Vibt-7SjOtnlqEb5wXolSCRdpe	SFX - Ebulição	wav	5.15	CinePRO Sound Design	SFX	
1gb8TAiXJWzB_M8JzaKVpTmaE3OR6Q8MU	SFX - Ebulição (Panorâmica-Reverb)	wav	5.15	CinePRO Sound Design	SFX	
1nAPjdJvmQoV6mbiD2_R_sXNuDkJ5dxRW	SFX - Ebulição (Reverb)	wav	5.15	CinePRO Sound Design	SFX	
1woTWWMpDKgSFGGYZYLN3K_adSr47V-hA	SFX - Elétrica #1	wav	0.51	CinePRO Sound Design	Essentials	
1GQEZj7QGjLRLfCKBO04glAGbd0xRSnbH	SFX - Elétrica #2	wav	1.85	CinePRO Sound Design	Essentials	
1xrojV1CszeZgetQ8kn2b9jkey65mcjj-	SFX - Elétrica #3	wav	0.66	CinePRO Sound Design	Essentials	
1YVACztIDivtaQJYMf7z3E4qU9E5vV5Lf	SFX - Elétrica com Problema	wav	5.06	CinePRO Sound Design	Essentials	
15wR0YIEm5TNk7yejtBiRAvdfhKVmlgUI	SFX - Eletrocutado	wav	4.7	CinePRO Sound Design	SFX	
1ba54i90So1IS9rcZDmGSwzPo2QYiNzIY	SFX - Elevação à Montanha	wav	10.52	CinePRO Sound Design	SFX	
1qYZo5p5BrRdHR50T16Xvo8zKhkimpfwt	SFX - Elevação à Montanha (Panorâmica)	wav	10.38	CinePRO Sound Design	SFX	
1TYTxzw07qCNbLe7z6yopjdzNn53dpk4r	SFX - Embalagem #1	wav	5.82	CinePRO Sound Design	SFX	
1eB4dfJiEOt18bOHQEDAEkdXl63P_KoCD	SFX - Embalagem #2	wav	1.41	CinePRO Sound Design	SFX	
10rezmqlUdS4-vKYF7kczff_fVRHjhHOw	SFX - Embalagem #3	wav	3.95	CinePRO Sound Design	SFX	
10-NGiyyKhoADu95zF-if-JySQ48Ws68h	SFX - Enviado	wav	11.85	CinePRO Sound Design	SFX	
1zCoH59Y45nOf6pTpdEnvQo5fO2k8fvd1	SFX - Era do Gelo (Curto-Panorâmica)	wav	5.15	CinePRO Sound Design	SFX	
1T0BucBcrA9cARShTLuMONzirKDVhbllR	SFX - Era do Gelo (Curto)	wav	5.15	CinePRO Sound Design	SFX	
11uOG1SDcVB3KgQQ9MIhto6TqKvcZzd4Y	SFX - Era do Gelo (Longo-Panorâmica)	wav	6.01	CinePRO Sound Design	SFX	
19sVxzHEfKWyf-6it97NAggSJwJgRXrG3	SFX - Era do Gelo (Longo)	wav	6.01	CinePRO Sound Design	SFX	
1XN2V3Q08YRpONt2JvOQptC-V5KAkQzAa	SFX - Escada #1	wav	6.88	CinePRO Sound Design	SFX	
1bmt6n8rDgG9PVeCROMEZNS3QuUu7HVOn	SFX - Escada #2	wav	6.88	CinePRO Sound Design	SFX	
1hc9Hvj3XfbHz1WYB_FfhT2Y-J1XzOdzA	SFX - Escada #3	wav	6.88	CinePRO Sound Design	SFX	
1BKF8ixXytsbSQwWrN3j81A4hh1dldR1f	SFX - Escada de Madeira #1	wav	6.88	CinePRO Sound Design	SFX	
1Awc5atb8Lrr1S40nl0x6BViTVq4ZqTNX	SFX - Escada de Madeira #2	wav	6.88	CinePRO Sound Design	SFX	
1YTxu0yJt2-ioSYpSmsWPIgFqYkIfkw_c	SFX - Esfregando	wav	4.66	CinePRO Sound Design	SFX	
1dCwYT32JGI5cG51n3W8QNz4gxnf13ZMd	SFX - Esfregão	wav	6.88	CinePRO Sound Design	SFX	
1Dy499cb3UHzxUYuJjMhAOw68_1T21W-j	SFX - Esfregão com Mangeira	wav	6.88	CinePRO Sound Design	SFX	
1QEFjGwykIgzNeh1JvtJ62u31087V_5cy	SFX - Esmagando #1	wav	25.96	CinePRO Sound Design	SFX	
13lJDuArtx15Ow4h2_2WOERVC6MwKymAJ	SFX - Esmagando #10	wav	3.96	CinePRO Sound Design	SFX	
1hvexcP7XqRFJvuQHtX2GQ-Amsl3eRd2v	SFX - Esmagando #11	wav	14.51	CinePRO Sound Design	SFX	
1avGSLEjrd0pXyeabkNth5fjhK23oae3z	SFX - Esmagando #12	wav	14.51	CinePRO Sound Design	SFX	
1Uvm18Fpb3l1nNmf_LW4src2qUt7WhSGJ	SFX - Esmagando #2	wav	4.01	CinePRO Sound Design	SFX	
1Gt-JiwBF6fw7VH0mOT8N7pgAFZK6M_o3	SFX - Esmagando #3	wav	2.26	CinePRO Sound Design	SFX	
1GPTB2lV5iq95x55ahw6fNqvklN55wXjd	SFX - Esmagando #4	wav	7.01	CinePRO Sound Design	SFX	
1aTW7fWlQSDbTrxIZI4jc5kBHbbWOIxBh	SFX - Esmagando #5	wav	7.01	CinePRO Sound Design	SFX	
1SxRcy_L_qvV-jcCsB-WDx-BTGIoZqVzQ	SFX - Esmagando #6	wav	14.32	CinePRO Sound Design	SFX	
1iDiCR6MGbaXFLVDkgjzn0uDtmvHcZUrF	SFX - Esmagando #7	wav	2.88	CinePRO Sound Design	SFX	
1n6GSOqTE5qyg0i3bchyhz4s8KBlK4_eh	SFX - Esmagando #8	wav	18.28	CinePRO Sound Design	SFX	
1_z7CV4obVcFkGD4WRGHOF7_2SExDUSik	SFX - Esmagando #9	wav	13.28	CinePRO Sound Design	SFX	
15wUFgT2bL2Eq_SPKyNZxokYatRHcjGy1	SFX - Espaço (Agudo)	wav	13.75	CinePRO Sound Design	SFX	
1gdoP_zDIFuoasd5OXk3de12G3PYQ__PU	SFX - Espaço (Grave)	wav	13.75	CinePRO Sound Design	SFX	
12uzxew0Caw2IQ3uiGw-I0ID1zS43WTj9	SFX - Espaço (Médio)	wav	13.75	CinePRO Sound Design	SFX	
18izIqAVd4mD-82p6dP78U2LQQ6LNjLkK	SFX - Espada de Fogo (Curto-Panorâmica)	wav	3.41	CinePRO Sound Design	SFX	
1_ZTcxCZRb-F3F-JdzHZHIjY92CeV3aBm	SFX - Espada de Fogo (Curto)	wav	3.18	CinePRO Sound Design	SFX	
1RHvKptqUMDjTt1zT3VuauTWUeaqF6H1H	SFX - Espada de Fogo (Longo-Panorâmica)	wav	8.57	CinePRO Sound Design	SFX	
1B4GaDsPNrkD6g4qoDeekJmo6rd0LHh1z	SFX - Espada de Fogo (Longo)	wav	8.53	CinePRO Sound Design	SFX	
1agoeGTW6B5F7iOPIEDwasP4DqioLXKg5	SFX - Espada de Fogo (Médio-Panorâmica)	wav	4.83	CinePRO Sound Design	SFX	
1QkdQdG1RfIfgd_TZNNIyUjN96ZKB6nB2	SFX - Espada de Fogo (Médio)	wav	4.83	CinePRO Sound Design	SFX	
105OSDT6BP4fa8SmkbOL7CyqvYfDhcYsv	SFX - Esquiva & Desferida #1	wav	1.74	CinePRO Sound Design	SFX	
1WMzhP3xptmaO72ClVhDcDd-y3sKBOFOI	SFX - Esquiva & Desferida #2	wav	1.74	CinePRO Sound Design	SFX	
1AAOMMmdB0QeyPG3b8cq48XzLJ6h7qutL	SFX - Esquiva & Desferida #3	wav	1.74	CinePRO Sound Design	SFX	
1BqqhmRQI0n9C3PncX828bLOE8Vvf_Tiw	SFX - Esquiva & Desferida #4	wav	1.74	CinePRO Sound Design	SFX	
1N6mzb9mTzYHSttDtOsJ1nhott9PWo2P5	SFX - Esquiva & Desferida #5	wav	1.74	CinePRO Sound Design	SFX	
1UB0coCIs8Cd5R-hV6rSHHf9ujeytQcHV	SFX - Esquiva & Desferida #6	wav	1.74	CinePRO Sound Design	SFX	
1XUuc7-S6_P71f-aZz2AkrX4P4mp6EonQ	SFX - Estação Espacial (Agudo-Rápido)	wav	13.75	CinePRO Sound Design	SFX	
1z_tnXHmJttB5lqZ8ePkvrEzO9vILFFrV	SFX - Estação Espacial (Grave-Lento)	wav	13.76	CinePRO Sound Design	SFX	
1izuGmXVzEt6rhVjoqfKsgZp1vYC4kTUX	SFX - Estação Espacial (Médio-Médio)	wav	13.75	CinePRO Sound Design	SFX	
1evBvhHHDpaVeBX_40mtJZTG6OEkLlmZq	SFX - Estalos #1	wav	2.39	CinePRO Sound Design	SFX	
1MD74yFno9Awkrsz8Yin_dzrIjnSBS-sE	SFX - Estalos #10	wav	4.4	CinePRO Sound Design	SFX	
1Y8TV9Urf8W1NjeALBUx-MAqssglsFUfg	SFX - Estalos #11	wav	3.78	CinePRO Sound Design	SFX	
1jOU2dZy3E7UJDzs1MVp0S2Dd6_859J9a	SFX - Estalos #12	wav	5.38	CinePRO Sound Design	SFX	
1hYdscojOCs9hql84UWr1HOz4e_RFMSpJ	SFX - Estalos #13	wav	3.33	CinePRO Sound Design	SFX	
1EYOkYoWPDIvq_Z5kmHxOrlBgX0fJhxd9	SFX - Estalos #14	wav	2.05	CinePRO Sound Design	SFX	
1JpyrgEMHCuEj7ZvHTrYnsLXbcaX5jfg1	SFX - Estalos #15	wav	2.18	CinePRO Sound Design	SFX	
1wOGFtTHnKCZqnErURTOTR25vblsymZte	SFX - Estalos #16	wav	7.74	CinePRO Sound Design	SFX	
1GWyU8Rd6QlU_gn7KeyLnbZ0u7vgW6Vbq	SFX - Estalos #17	wav	5.5	CinePRO Sound Design	SFX	
1OUGoy0BXHJ20Em2s6WvXfgnErfPdU59B	SFX - Estalos #18	wav	4.1	CinePRO Sound Design	SFX	
1RE9MbvJfExbrVTSWyoYCAynl2ihj1OSa	SFX - Estalos #19	wav	5.74	CinePRO Sound Design	SFX	
1L621PxkT9hMYXJX3OGLTlyrrRI9yQ5XA	SFX - Estalos #2	wav	2.57	CinePRO Sound Design	SFX	
197OaqYRTMn1m6b6G60sTwr4FO9ouDt5a	SFX - Estalos #20	wav	2.7	CinePRO Sound Design	SFX	
14G4X4EGAu_wcXLVWMmuXtD7LpzBn6uda	SFX - Estalos #3	wav	11.25	CinePRO Sound Design	SFX	
1Cv-mOun2tp9BM9ELAXyQFTouN_y5LNi-	SFX - Estalos #4	wav	11.43	CinePRO Sound Design	SFX	
1xWabYWN8kuxOy4qkeACXzTfncAnEv0UY	SFX - Estalos #5	wav	8.88	CinePRO Sound Design	SFX	
1tOoNM1byJzUlKePMbgy7kDh_T8xQA2Nr	SFX - Estalos #6	wav	1.76	CinePRO Sound Design	SFX	
17gbZTYGTWDRquqeacbvUKD2-mXL0KtGm	SFX - Estalos #7	wav	7.49	CinePRO Sound Design	SFX	
1a7bKRILP7sMz0ZByYQUAYdG2d_yHdjbX	SFX - Estalos #8	wav	10.35	CinePRO Sound Design	SFX	
1UlfknCAn64qNB0uLWmCgy_DKGtVh9-jV	SFX - Estalos #9	wav	2.08	CinePRO Sound Design	SFX	
10LnvhHEhV5k7zKgAwscRzCBFsOvDf-5P	SFX - Estática #1	wav	1.27	CinePRO Sound Design	SFX	
1TEEivfraOvN-Fj8g4fg5I3fh6-QekFYZ	SFX - Estática #10	wav	0.48	CinePRO Sound Design	SFX	
1Cdvf0Kr6a8eYicvtSbdso6vkqvw8YIWd	SFX - Estática #11	wav	1.7	CinePRO Sound Design	SFX	
1o8UYgYcbgeEtw7r7BevBuImGjIo3EV4T	SFX - Estática #12	wav	0.79	CinePRO Sound Design	SFX	
1txJyNHBCTVjUoY4-7N38iNRS6QLoEOmb	SFX - Estática #13	wav	0.43	CinePRO Sound Design	SFX	
1ywD9RTGYYKRr2sv-A2jYYxP9tXd_wE4A	SFX - Estática #14	wav	2.65	CinePRO Sound Design	SFX	
1HXEZftglcoJx0FNUYgQq15vz02ZeB6np	SFX - Estática #15	wav	1.1	CinePRO Sound Design	SFX	
1wIzpJw2lStC1BuIiQsHzPB-6SbIcY8xK	SFX - Estática #16	wav	1.69	CinePRO Sound Design	SFX	
1AejhQZQ5bv_zcF1YKScW2ZJMef9yj08B	SFX - Estática #17	wav	0.68	CinePRO Sound Design	SFX	
1lCVbRdPw5wG-II_q5bT2p22xX8dlfsGy	SFX - Estática #18	wav	1.7	CinePRO Sound Design	SFX	
1UKBaROPDnadpfA2kmpuFiJKqgYp5otM8	SFX - Estática #19	wav	1.27	CinePRO Sound Design	SFX	
1opz_0xjoihdw5gOwMmE_EQ8VR2_bhTAV	SFX - Estática #2	wav	0.72	CinePRO Sound Design	SFX	
1a0oeAV5_-ICGC3aK47fjqmcxjOMz4lea	SFX - Estática #20	wav	2.65	CinePRO Sound Design	SFX	
1yNK6H69pIY0QY3Gooub8BQLKi1xQdy4o	SFX - Estática #21	wav	1.84	CinePRO Sound Design	SFX	
1lmaESHxI8xWhUmXh3Z_WUaLjRurAn2kZ	SFX - Estática #3	wav	0.71	CinePRO Sound Design	SFX	
14M16VkpB6MFXvkMTK9FPSpKaTxAdJ2e-	SFX - Estática #4	wav	1.53	CinePRO Sound Design	SFX	
1OcNM2geimHGjW8yB-ZK1bM96wDPdpzLo	SFX - Estática #5	wav	1.76	CinePRO Sound Design	SFX	
1P557v_RP7GLNxeZbCFcIZRl5-QbostVH	SFX - Estática #6	wav	2.85	CinePRO Sound Design	SFX	
1XZe9p2jfze3lLnDvHjBaCQpySwEr8SmA	SFX - Estática #7	wav	0.26	CinePRO Sound Design	SFX	
1Gx_dzCChjAcd3PK5KzEo1RUWrYCgXTh5	SFX - Estática #8	wav	1.84	CinePRO Sound Design	SFX	
1-ozCmxoaPrGj7ZL2pjRwtCP8jJzBv4PO	SFX - Estática #9	wav	0.98	CinePRO Sound Design	SFX	
1DRYpv1ES3dW2BFE1nvet3qf9kiwveVtp	SFX - Estrela Gélida (Agudo)	wav	5.15	CinePRO Sound Design	SFX	
1ORCA_wNzuBgTdv9jt7dciaJK96FHE4ah	SFX - Estrela Gélida (Grave)	wav	5.15	CinePRO Sound Design	SFX	
1DHROI2w-GBr4uVmbPQWigb1esqJ4xWar	SFX - Estrela Gélida (Médio)	wav	5.15	CinePRO Sound Design	SFX	
1P7JNlrJWHTpE97OrOBIJnWU4v1Ftpo2W	SFX - Faca	wav	0.88	CinePRO Sound Design	SFX	
1FDmPlu4qol9hRPjzIiIDB_yMMyO16gsi	SFX - Faca #1	wav	0.6	CinePRO Sound Design	SFX	
1LeEMg56761cg33XXyFPl6usPtIAzbLqX	SFX - Faca #2	wav	0.69	CinePRO Sound Design	SFX	
1yWyl6LmF1gp6w0tmct322i9EO78ZSCYb	SFX - Faca #3	wav	0.6	CinePRO Sound Design	SFX	
1Z259SDkBPPIMLVNyXxICEv9mPq46ODZ-	SFX - Faca #4	wav	1.03	CinePRO Sound Design	SFX	
1alq6wIQKzrFdX3KALKI0WDiOebpN9O_P	SFX - Faca #5	wav	0.74	CinePRO Sound Design	SFX	
1BIMrRQ5fuDQRK-8y128n_XEMRwYCufW0	SFX - Faca #6	wav	0.9	CinePRO Sound Design	SFX	
1R-I_LZ1sswH2IeM66E22I7HAQxTx3ZXD	SFX - Faca #7	wav	6.22	CinePRO Sound Design	SFX	
11gxxf2ZuxGVQOOJ37DSwYFCDgJ3fgeLp	SFX - Faca #8	wav	0.7	CinePRO Sound Design	SFX	
1jdzG8tSR-8Rgs9VV0lgHUUOijWWA-ib5	SFX - Facada #1	wav	1.74	CinePRO Sound Design	SFX	
1zUU95VdAlcHrrXUd5ksoa6u4XAUfemKo	SFX - Facada #2	wav	1.74	CinePRO Sound Design	SFX	
1_EBG121Yl9G4vaq-Cf44q0TZKp1mUeXk	SFX - Facada #3	wav	1.74	CinePRO Sound Design	SFX	
19fjjE5z0SBIDJ13kGxhyDGgqgPMrqrBp	SFX - Facada #4	wav	1.74	CinePRO Sound Design	SFX	
12wKTRdDcjKfxJZI4aX42kQ96GoBy8-Bf	SFX - Faíscas #1	wav	2.48	CinePRO Sound Design	SFX	
1d-v_n8SBZesfmUqxVoQBZw2xCTSg3wzt	SFX - Faíscas #10	wav	0.43	CinePRO Sound Design	SFX	
1z-Br5EZPYCBRg29r1bPT3lpxtXciVz6w	SFX - Faíscas #11	wav	0.28	CinePRO Sound Design	SFX	
1SXDkFrsjwIkRjF7G1JLj6dI26DyPsq4P	SFX - Faíscas #12	wav	2.49	CinePRO Sound Design	SFX	
1-W_zKNZDsk7WKprTT3LuJ0H8-T3jxoVf	SFX - Faíscas #13	wav	0.91	CinePRO Sound Design	SFX	
1qQLhkDJn1bofjg3yFK6eT9LiLtMGm8DP	SFX - Faíscas #14	wav	2.65	CinePRO Sound Design	SFX	
1NeRfhNSbUnqwQLKOZyKVkNLHxMa793vR	SFX - Faíscas #15	wav	0.18	CinePRO Sound Design	SFX	
1mdtEBsW0i7nJ3O9qi1TLKbFyzbQ9xET6	SFX - Faíscas #16	wav	0.76	CinePRO Sound Design	SFX	
1oZmfADwmJK-fMdbT2KJBH7fels5KspUY	SFX - Faíscas #17	wav	0.9	CinePRO Sound Design	SFX	
1SVMsb33Rax7cq4drTxiFyMWJW2ataoZT	SFX - Faíscas #18	wav	2.22	CinePRO Sound Design	SFX	
1o7lwHyjyXbFaD4OaF18g0RKyBu71FfSJ	SFX - Faíscas #19	wav	0.97	CinePRO Sound Design	SFX	
15mQyenaK6QgJj_EbsPrSyNmT_vkmwz5L	SFX - Faíscas #2	wav	6.01	CinePRO Sound Design	SFX	
1D9LiuVFcDwWpxRQwMR5fFGpCOEiGfv0T	SFX - Faíscas #3	wav	0.68	CinePRO Sound Design	SFX	
1tNDV_FERAOqPTjYaC2Xt2S3yS17X8Mwr	SFX - Faíscas #4	wav	1.1	CinePRO Sound Design	SFX	
1RPKjbEgvlhRruRVTDMHDsDX5NFkj-R_R	SFX - Faíscas #5	wav	1.28	CinePRO Sound Design	SFX	
173RZo71gyZQ8HutEc-zfDkIW25eC7tSF	SFX - Faíscas #6	wav	0.78	CinePRO Sound Design	SFX	
1U0H9ZbHVN-c05FLS7JknZCWJ0zEBgUK9	SFX - Faíscas #7	wav	1.1	CinePRO Sound Design	SFX	
1SqOTuETq4aDpdH0xyAgvpjxMf0jIWpet	SFX - Faíscas #8	wav	3.57	CinePRO Sound Design	SFX	
1D4OCQT27AG0HXM2rbICSsDmUr-RJB49y	SFX - Faíscas #9	wav	0.78	CinePRO Sound Design	SFX	
1RirXtPtXa32UDhmG41dhl7f1xDRBZ9I_	SFX - Fase #1	wav	2.44	CinePRO Sound Design	SFX	
1hzO3EiEKdYZMB9Femi2pB22QsdvUi-Qe	SFX - Fase #2	wav	1.84	CinePRO Sound Design	SFX	
1NJRckT9H4ARAdTAV3AOD5m3PB7dIpZbW	SFX - Fechadura #1	wav	0.95	CinePRO Sound Design	SFX	
1cQsmecUCdf2DPGirTDAHcTgoMot1F3bg	SFX - Fechadura #10	wav	1.04	CinePRO Sound Design	SFX	
1DOeOIKpyyg0Jp37_K6VAM9R5YhJhVkkk	SFX - Fechadura #11	wav	0.66	CinePRO Sound Design	SFX	
1h4m4Pmj1ugNpBiekslgdH8iM9Ooigx9h	SFX - Fechadura #12	wav	3.31	CinePRO Sound Design	SFX	
1BTA67rjTAEo0FfhNgOqZCmq8dy0DL5h1	SFX - Fechadura #13	wav	1.48	CinePRO Sound Design	SFX	
1Igx5urcnfKfpLfCiZxgQGnMlypyPDRIo	SFX - Fechadura #14	wav	1.13	CinePRO Sound Design	SFX	
184u3PVw1q-zPlYJ7Rvi4GUhVaoVknPcW	SFX - Fechadura #2	wav	0.94	CinePRO Sound Design	SFX	
1panWTlUOIAevfX9tdT2gCf_IVk0IVEy8	SFX - Fechadura #3	wav	0.7	CinePRO Sound Design	SFX	
1Upkjiaijy0CsChhJCVfSzyQzndDNhWq9	SFX - Fechadura #4	wav	0.55	CinePRO Sound Design	SFX	
11sbMZEYoEVhn5sEpJa8p3-PES9gubd5v	SFX - Fechadura #5	wav	1.47	CinePRO Sound Design	SFX	
1PXOUpe2gSERDLRi4h08xHQczxFFQjb8q	SFX - Fechadura #6	wav	0.81	CinePRO Sound Design	SFX	
13Unw7Uhhm41pmz6xaAaBRdcLE3ihQzYo	SFX - Fechadura #7	wav	1.47	CinePRO Sound Design	SFX	
102yt-gppxyBmwaqoBc0xFKrgYixVd-QF	SFX - Fechadura #8	wav	1.61	CinePRO Sound Design	SFX	
1vwBPDem8rCNFg-lQ8wTkRo24w_6AxZTt	SFX - Fechadura #9	wav	2.04	CinePRO Sound Design	SFX	
1mjPAuylRB2FeN7ZVlYjI28UwLig9tfsA	SFX - Fechadura Eletrônica	wav	0.92	CinePRO Sound Design	SFX	
1N5dkSWIDyllIuBTtn5ApmTif0K_wGcLr	SFX - Fechando a Porta #1	wav	0.57	CinePRO Sound Design	Essentials	
1_hYErcPhOzv6yucrBXDrYtTRnaB37LbJ	SFX - Fechando a Porta #2	wav	0.98	CinePRO Sound Design	Essentials	
1yV8GRvCkZCVZLH35Ezlqur5dzetSzqS-	SFX - Fechando a Porta #3	wav	0.78	CinePRO Sound Design	Essentials	
16-_QQVU9YsItQ_rDWhe8FKaSVS-ZA6fy	SFX - Ferramenta Caindo	wav	0.96	CinePRO Sound Design	SFX	
1pHoZsuCQoUH3FJLbLKPzPZWb9X3-AsuA	SFX - Flecha da Rocha	wav	4.82	CinePRO Sound Design	SFX	
1A8mCe4KijNW_iDFr7dIimBMwFkMLEhxC	SFX - Flecha da Rocha (Panorâmica)	wav	4.82	CinePRO Sound Design	SFX	
1pnBxtpFwoyuVB3tXnGZfM4WobtGuex48	SFX - Flecha de Gelo	wav	4.3	CinePRO Sound Design	SFX	
1_z9WTd202ypMFCrb_l6DvYDR1Z8zjfer	SFX - Flecha de Gelo (Panorâmica)	wav	5.15	CinePRO Sound Design	SFX	
100BCS0YVPtrFOMo4Ys4mfg_SL9hmEsjK	SFX - Floresta #1	wav	6.88	CinePRO Sound Design	SFX	
1_M1DgseBWoIphCh_qNA869-FPOZWAkFD	SFX - Floresta #2	wav	6.88	CinePRO Sound Design	SFX	
1T8_qWMHyKe2wQZpKwg8aaw3RZhWDLz3R	SFX - Fogos de Artifício #1	wav	3.43	CinePRO Sound Design	SFX	
14QGOCjwvorLIQLnXyCYJkK0CTFzIGVmJ	SFX - Fogos de Artifício #10	wav	2.47	CinePRO Sound Design	SFX	
1ixSyc3sl81QMD10ZpoIpjzGyVNHgXIcs	SFX - Fogos de Artifício #11	wav	1.06	CinePRO Sound Design	SFX	
1g7UVNbm1nljMl2l1hXUJ_NoxHs0XEjF2	SFX - Fogos de Artifício #12	wav	2.55	CinePRO Sound Design	SFX	
1u1wdk8H6zm_FL_5OMwxQN0vhhzHV6oW9	SFX - Fogos de Artifício #13	wav	4.67	CinePRO Sound Design	SFX	
1SbiDP7f5dMXl5TF3XTFZEIsaclMlA4ps	SFX - Fogos de Artifício #14	wav	1.93	CinePRO Sound Design	SFX	
1kafaUn0Gi-kkgzYvFyzIleyY5nPyxWTJ	SFX - Fogos de Artifício #15	wav	3.78	CinePRO Sound Design	SFX	
1LMSadsQILhWIlboI6FHI-BaW6IVlkv0j	SFX - Fogos de Artifício #16	wav	4.09	CinePRO Sound Design	SFX	
1oiPpPJl2JkUa3o0IYLA9Q9QLWClRpFiW	SFX - Fogos de Artifício #17	wav	4.39	CinePRO Sound Design	SFX	
1c9u_Bxu62WEjnsGKV3S5j5HwXEijnf9w	SFX - Fogos de Artifício #18	wav	2.25	CinePRO Sound Design	SFX	
1iYnpSNArpLOXp3MlJpPV7SIryIH_Xt0j	SFX - Fogos de Artifício #19	wav	2.25	CinePRO Sound Design	SFX	
1chOzUqh5L0DAp01jLQJI8NZpXZoP7qGL	SFX - Fogos de Artifício #2	wav	1.27	CinePRO Sound Design	SFX	
1AiLNtLnep1FjIzcqSRT_50VdDe6PSIzi	SFX - Fogos de Artifício #20	wav	4.03	CinePRO Sound Design	SFX	
1lgV1_wgDNLsP-mLDy_triABgFwfKLufG	SFX - Fogos de Artifício #21	wav	6.69	CinePRO Sound Design	SFX	
1gI3qk5EAMRQxeeddOUUYlh_IlZYCNFmo	SFX - Fogos de Artifício #22	wav	6.14	CinePRO Sound Design	SFX	
1T6C8MT1ko0Gjrt5GVN3OwONTRsIHG5q7	SFX - Fogos de Artifício #23	wav	5.99	CinePRO Sound Design	SFX	
1qXBLc0az1xZqc5nV-OevzBNole-RAIvk	SFX - Fogos de Artifício #24	wav	1.95	CinePRO Sound Design	SFX	
10P_9HN50r4cnO70jRC-gv9huq4uwCWF1	SFX - Fogos de Artifício #25	wav	6.74	CinePRO Sound Design	SFX	
1iweBh2Vd7mBBBqdYz2VUAzMI9DmdhKpd	SFX - Fogos de Artifício #26	wav	5.35	CinePRO Sound Design	SFX	
1E_TMDMLxV8mrSCQUafFXCpkTL30HotFJ	SFX - Fogos de Artifício #27	wav	2.05	CinePRO Sound Design	SFX	
1iM48lP1yqkxHsbnb6f7io7q4yBWBCCp9	SFX - Fogos de Artifício #28	wav	1.91	CinePRO Sound Design	SFX	
1ZANsxzA8qx81AN-Al01fBppAh8qDAtTy	SFX - Fogos de Artifício #29	wav	4.47	CinePRO Sound Design	SFX	
1VUJidjXCIKlbjonheQnHrtQ_6YQVg5St	SFX - Fogos de Artifício #3	wav	3.73	CinePRO Sound Design	SFX	
1gssFa59KUxVayn-Rqh_THy7jqATdPbOv	SFX - Fogos de Artifício #30	wav	5.25	CinePRO Sound Design	SFX	
1UdOCAk66-qGWbnQB7SW2wIgVktEVaNPw	SFX - Fogos de Artifício #31	wav	4.13	CinePRO Sound Design	SFX	
1Elnwp7o_OZ8F7mf2OMVu53qOJZilTafY	SFX - Fogos de Artifício #32	wav	1.32	CinePRO Sound Design	SFX	
1YrHGP5MFHqAkVSz94IWIzYQvRiwB1JKz	SFX - Fogos de Artifício #33	wav	6	CinePRO Sound Design	SFX	
14XI71Q9Wzt2pJ-tuT4CASNzTs8VCVMFX	SFX - Fogos de Artifício #34	wav	2.01	CinePRO Sound Design	SFX	
12BwUwETptlmIuFaomMptgJBxAu0AaVRW	SFX - Fogos de Artifício #35	wav	4.05	CinePRO Sound Design	SFX	
1NjGl1H40_9pcfI-sWyPheDIkyALZZANN	SFX - Fogos de Artifício #36	wav	6.88	CinePRO Sound Design	SFX	
1Iort1QJpIfmx8T9IlW_nm2PAbgK1kOPI	SFX - Fogos de Artifício #37	wav	2.6	CinePRO Sound Design	SFX	
13rGVf4JRp29fexU4UPp5Y2JT3l0xYQX_	SFX - Fogos de Artifício #38	wav	3.92	CinePRO Sound Design	SFX	
1UOz8ebV9GDMIGmW3r-f1-zKpfiHrCTLw	SFX - Fogos de Artifício #39	wav	2.79	CinePRO Sound Design	SFX	
1IcHkNfE5LIUGAcGwyK5b9Qskiaglzn4b	SFX - Fogos de Artifício #4	wav	6.12	CinePRO Sound Design	SFX	
18dSpHHQ_7N_eNwBwb1Ky0wux4A_dEs7C	SFX - Fogos de Artifício #40	wav	2.49	CinePRO Sound Design	SFX	
10xyno2WwR8NlUnAxIOmLej3vN4G3-ITV	SFX - Fogos de Artifício #41	wav	6.87	CinePRO Sound Design	SFX	
1w-ic2A44t-hNDgja5Fp-io3nryWaGjzG	SFX - Fogos de Artifício #42	wav	3.91	CinePRO Sound Design	SFX	
1DgHSxVuWkJW5rGCpKDN--rPDTF8_FF5d	SFX - Fogos de Artifício #43	wav	6.79	CinePRO Sound Design	SFX	
13Avd4xtvZ6CtElZGQfaW9gHSjm0O5tJn	SFX - Fogos de Artifício #44	wav	6.87	CinePRO Sound Design	SFX	
1Z0NKEDpzTShMc0prdzUchk_a0ANqUWDI	SFX - Fogos de Artifício #45	wav	6.87	CinePRO Sound Design	SFX	
10U7SdQ9fkLOIs0XHaDYxkWI8ex_bthka	SFX - Fogos de Artifício #46	wav	6.87	CinePRO Sound Design	SFX	
17NhZ4Oof8y22of0yBhGOnSojwQmfJeYQ	SFX - Fogos de Artifício #47	wav	6.87	CinePRO Sound Design	SFX	
1IXat28FpYLDWgrt8DbrRlavCQx68giFR	SFX - Fogos de Artifício #48	wav	6.87	CinePRO Sound Design	SFX	
1s54zmN5fBWmOH7bd1D8Z0IB9lhWoFuHP	SFX - Fogos de Artifício #49	wav	6.87	CinePRO Sound Design	SFX	
1_U_L_quXI2ILcw6bDsPFpS58PkkvDIgN	SFX - Fogos de Artifício #5	wav	6.18	CinePRO Sound Design	SFX	
1TPyzvVLG6DbeYkFC4oHqWxb2iEPb8o4v	SFX - Fogos de Artifício #50	wav	6.87	CinePRO Sound Design	SFX	
1LV7Bqc2OcUFrh7qg8QnSEAmFG7YIydLj	SFX - Fogos de Artifício #51	wav	6.87	CinePRO Sound Design	SFX	
1w0lY-j9zVhYg2Cj1AXhJxW7AHI1YQvng	SFX - Fogos de Artifício #52	wav	6.87	CinePRO Sound Design	SFX	
1_yLhN4f3D0_1G7r2mSbnlyDh8i2_InMr	SFX - Fogos de Artifício #53	wav	6.87	CinePRO Sound Design	SFX	
1DfqnjPbBdai_B74hklntGQj2uzX8hhGQ	SFX - Fogos de Artifício #54	wav	6.87	CinePRO Sound Design	SFX	
10TTjC8piUiPIKEAOJwnUqfCO3F0W3iZo	SFX - Fogos de Artifício #55	wav	2.83	CinePRO Sound Design	SFX	
1KcNb9UuE5bXEkq8esZL-mDs5JKNa3eNy	SFX - Fogos de Artifício #56	wav	6.87	CinePRO Sound Design	SFX	
1IMbu3dGoqC67eY8AwJxjGbepJblrGhfo	SFX - Fogos de Artifício #57	wav	4.63	CinePRO Sound Design	SFX	
1g1IX9NHlOSWtnqeX2tEavuRcvyb8l_kE	SFX - Fogos de Artifício #58	wav	2.3	CinePRO Sound Design	SFX	
19ENUrs5e1vZk2XP-Hn0zEaJzm88s3M4A	SFX - Fogos de Artifício #59	wav	5.57	CinePRO Sound Design	SFX	
15m8TB0IdbMXXqaQkOwLo307XEAi981_Q	SFX - Fogos de Artifício #6	wav	2.94	CinePRO Sound Design	SFX	
1YJS0s7xv2TxljkhfXxD26oXsGbP_65Np	SFX - Fogos de Artifício #60	wav	2.94	CinePRO Sound Design	SFX	
1ma8Hm54zlOy--UWr4bkSUHau_cvrWv-t	SFX - Fogos de Artifício #7	wav	3.23	CinePRO Sound Design	SFX	
1pfpx2YBbqwRJjuMqt-TX2Daql62CcZpo	SFX - Fogos de Artifício #8	wav	5.4	CinePRO Sound Design	SFX	
1U_es4wLLtVDL0Oyz4k8wWUvrfXerNGG3	SFX - Fogos de Artifício #9	wav	2.83	CinePRO Sound Design	SFX	
1i6HM53MzOZTCkc9pNJy76u-va0qEYHPb	SFX - Folhas #1	wav	6.88	CinePRO Sound Design	SFX	
197Z1TVrCAEQLWuCHiufiAs-VFyVVBY2b	SFX - Folhas #2	wav	6.88	CinePRO Sound Design	SFX	
10GGNg55LmsSpODL4-mbramEFbeyk2-44	SFX - Força #1	wav	1.27	CinePRO Sound Design	SFX	
13WBrEs33XQuUaxWuqUQ5KClHXjUlYVBa	SFX - Força #10	wav	0.68	CinePRO Sound Design	SFX	
1FxKn0WYctoSoGaIbWA9Tmi8s2KQyo07Z	SFX - Força #11	wav	3.57	CinePRO Sound Design	SFX	
1qoF34i5y94klPc3yKxTo0ElmU7WYzARx	SFX - Força #2	wav	3.44	CinePRO Sound Design	SFX	
1oW5Wg5ErTzVEPlk-ucq47GPxTKXjTMXe	SFX - Força #3	wav	0.49	CinePRO Sound Design	SFX	
12AQsiNLXtO5vAD4cM0KgxEpbj8PhaWCr	SFX - Força #4	wav	0.98	CinePRO Sound Design	SFX	
15myh4FxNtjfVXbbSOndr0mb4dlHePvqE	SFX - Força #5	wav	0.49	CinePRO Sound Design	SFX	
1kXKIRXqp4x7TFxDmpFiAh0iWmV4uocqJ	SFX - Força #6	wav	2.02	CinePRO Sound Design	SFX	
11Cr1mUnowN6blVZr5TojIyY5fcRIU2gP	SFX - Força #7	wav	0.55	CinePRO Sound Design	SFX	
1FQ-y91RYReKXs0aKHxdpqNbowY8M9dR8	SFX - Força #8	wav	0.48	CinePRO Sound Design	SFX	
1F1lbqXuo6okBRCLXskOL6CjTDVem8a1F	SFX - Força #9	wav	1.1	CinePRO Sound Design	SFX	
1oOWQrHimkseUVqzQHryjntT1Jb0s-G8U	SFX - Forçando a Porta	wav	5.01	CinePRO Sound Design	SFX	
13X8oL4om6oHDXihR9aGuNbcmGQ2BH16b	SFX - Forja	wav	3.01	CinePRO Sound Design	SFX	
1lN8LteQ6ctS8QLBtm4wCLxdIEGTij4A9	SFX - Forja (Panorâmica)	wav	3.01	CinePRO Sound Design	SFX	
1pEvnuVjGBYrqeF6C6qV7HJci__dkSH3M	SFX - Foto	wav	11.85	CinePRO Sound Design	SFX	
1O1SUj2vs0XqIxVknHSKhLH0ftnh7V9TE	SFX - Freio de Mão (Puxando) #1	wav	0.88	CinePRO Sound Design	Essentials	
1Qpl3iCVaz3UmzqT5TYqg-Ha0639sXLKo	SFX - Freio de Mão (Puxando) #2	wav	0.82	CinePRO Sound Design	Essentials	
1Ab2mo84215VNSWBjBKD9Py3c5hxqOVEa	SFX - Freio de Mão (Puxando) #3	wav	0.42	CinePRO Sound Design	Essentials	
1LOhTuTe2BunrjTIbSUC4b4XeRU8u4AG6	SFX - Freio de Mão (Soltando) #1	wav	0.63	CinePRO Sound Design	Essentials	
1d_gcgoq-t6lpzt-EmfUjAG4j1Gx2K2Vj	SFX - Freio de Mão (Soltando) #2	wav	1.24	CinePRO Sound Design	Essentials	
1RD9c1nZhR-PI3Dfqj_5dGrHBlGWIR5FK	SFX - Frequência Panorâmica	wav	2.74	CinePRO Sound Design	SFX	
1f2kipNrBtvbdgXvOd5d7xmqTh1mXONON	SFX - Fritando	wav	2.06	CinePRO Sound Design	SFX	
1aXPOXEnbdh-leHq1n5eowBgn1qCDMryR	SFX - Fritando #1	wav	9.6	CinePRO Sound Design	SFX	
1YkgZaWBxs-goPDdpVQrbXevMH1HKluVz	SFX - Fritando #10	wav	15.19	CinePRO Sound Design	SFX	
1A9ZQhTquwsupNuOuStqz-LLKMHgfkkRD	SFX - Fritando #11	wav	7.14	CinePRO Sound Design	SFX	
1EnlNspgK4B8bb52nJicWaWv79qCjKMvu	SFX - Fritando #12	wav	9.01	CinePRO Sound Design	SFX	
1MKtLE5JVLFLdQTaPmMsnnTIvvXsHflVk	SFX - Fritando #13	wav	2.18	CinePRO Sound Design	SFX	
14RXqHc_klsC45h8AbvHlvM_QGiXeFOri	SFX - Fritando #2	wav	10.87	CinePRO Sound Design	SFX	
1lj2MFg2U9JlQ7YBzEu3IeYUoKwfxBK7D	SFX - Fritando #3	wav	7.85	CinePRO Sound Design	SFX	
1vXsTKHDYgn1qcNB-Cf4mFafpvROs098l	SFX - Fritando #4	wav	8.01	CinePRO Sound Design	SFX	
1_G0ySIGbuMdHyWd4UrfMFyM2J783onIh	SFX - Fritando #5	wav	29.26	CinePRO Sound Design	SFX	
1RNK9angMBjOrPBZBr1pth231jVLQDPHT	SFX - Fritando #6	wav	5.44	CinePRO Sound Design	SFX	
1Z-jsbItUxlRVjsv6U0zXe8O_OVwjg4ns	SFX - Fritando #7	wav	11.89	CinePRO Sound Design	SFX	
15tnm9pdJwh_JqCslbCOSPo_jij-hi5Ok	SFX - Fritando #8	wav	11.34	CinePRO Sound Design	SFX	
1YOqKTM2PGXD73NC2ThQGxdlUCSvoJz4E	SFX - Fritando #9	wav	6.62	CinePRO Sound Design	SFX	
11Oj6Sad4l2U0rJLdopnHtTnYr6RHjgnG	SFX - Furacão Invasor (Curto-Panorâmica)	wav	10.29	CinePRO Sound Design	SFX	
1Msdn6Tmx5jBwwdZm9WUp2hg_2b9o3-V7	SFX - Furacão Invasor (Curto)	wav	10.29	CinePRO Sound Design	SFX	
1Pw-W4CyzTYIhkqK6_mSiDilTJAw564Od	SFX - Furacão Invasor (Longo-Panorâmica)	wav	10.3	CinePRO Sound Design	SFX	
1Z2uFcWDQM7WNYGZIke6C1UA8Pvb8hAMu	SFX - Furacão Invasor (Longo)	wav	10.3	CinePRO Sound Design	SFX	
19z2j8nVOZZwHMXlvKNcx8MHDRM9o1cbu	SFX - Furacão Invasor (Médio-Panorâmica)	wav	10.29	CinePRO Sound Design	SFX	
1aNlmSfLKlB3Ipd9ue0whsviSEVwSXxrU	SFX - Furacão Invasor (Médio)	wav	10.29	CinePRO Sound Design	SFX	
1RX8lXQzfe1r9tY0K2EraZJbkDKBygP6h	SFX - Furadeira #1	wav	6.88	CinePRO Sound Design	SFX	
1Z6WW8y665xA0RHFJ-0EbH4zp2Ye4xFOw	SFX - Furadeira #2	wav	6.88	CinePRO Sound Design	SFX	
1vbs48mjkWtn-uF0Wk8oakDKbk2IC3-6S	SFX - Furadeira #3	wav	3.51	CinePRO Sound Design	SFX	
1i2A7wzZm-YGqWzO9GVWGXYaeghNPr9kV	SFX - Fusão	wav	5.15	CinePRO Sound Design	SFX	
1aAsN0-PnBVDvhWPVezJOTkYO5mUoiHf1	SFX - Fusão (Panorânica)	wav	5.15	CinePRO Sound Design	SFX	
1iadYPrZFRI1C3GaujXJocZQYNbk-0vnC	SFX - Gás #1	wav	2.06	CinePRO Sound Design	SFX	
1s8r0FAiiRJcqRV4aISSLfnUIDtjqle9s	SFX - Gás #10	wav	1.36	CinePRO Sound Design	SFX	
1BO5A2rsuJQJQdJY2MRWKFpD5RPa8OHvj	SFX - Gás #11	wav	0.45	CinePRO Sound Design	SFX	
17-rDqeuwvdgGrgYUUizt-T6Y0O-1Jp8R	SFX - Gás #12	wav	0.5	CinePRO Sound Design	SFX	
1tHYpOrMpYckLdw3iKWxjiritlInvSkT7	SFX - Gás #13	wav	0.61	CinePRO Sound Design	SFX	
1g7WWrPwC0Yy3xnCmWuszqCH3MCnrkTzC	SFX - Gás #14	wav	0.7	CinePRO Sound Design	SFX	
1aIsxGZ6wlxOZD5NGz_oD6h3v7Fh45nD3	SFX - Gás #15	wav	0.44	CinePRO Sound Design	SFX	
1WuuPTsrW3F-HkCK9HciC2HjKobQ8Aar6	SFX - Gás #16	wav	0.59	CinePRO Sound Design	SFX	
1MxRhCa9MpyswCO5OW4MCuC8h7-oLaQPN	SFX - Gás #2	wav	2.03	CinePRO Sound Design	SFX	
1OjczyMlzpVQ0NKDZGZoLeieDscigEuU9	SFX - Gás #3	wav	2.11	CinePRO Sound Design	SFX	
1-GosPhvxHVGwKnPTHWp7_UKrQpk9mz4b	SFX - Gás #4	wav	1.95	CinePRO Sound Design	SFX	
1YhhoCA_gXe2zthwmgh4gqLMtPe1ZXiWc	SFX - Gás #5	wav	1.66	CinePRO Sound Design	SFX	
1JhucFkhbuLU4T_k-bJAeoT9KDlYdlKYb	SFX - Gás #6	wav	1.76	CinePRO Sound Design	SFX	
1WirJ-YnzUFyxVBclxAHqVgqtNfGVnhgG	SFX - Gás #7	wav	0.61	CinePRO Sound Design	SFX	
1vlDOij94JbUxuJ-z69eg4JfbSu3IKdND	SFX - Gás #8	wav	0.67	CinePRO Sound Design	SFX	
1x0-SKLmCDJVNLzsq2b8IkMqgSM_FNNCv	SFX - Gás #9	wav	0.5	CinePRO Sound Design	SFX	
1703lT0jZGi4GGVTIG4KKjYM1eXvnUuku	SFX - Gelo Instantâneo	wav	3.12	CinePRO Sound Design	SFX	
1g5DsC-v0PWVe7-c7ZpKT-Ahs2RfwENFX	SFX - Gelo Instantâneo (Panorâmica)	wav	3.12	CinePRO Sound Design	SFX	
1lRM_B8e_a0p-nwvlH8P3HxXZKiekvKEN	SFX - Gelo no copo (Cheio-Reverb) #1	wav	1.07	CinePRO Sound Design	SFX	
1N0sQzZs8cW84K4m1yhL6yLoqhWF8gHE4	SFX - Gelo no copo (Cheio-Reverb) #2	wav	1.07	CinePRO Sound Design	SFX	
1qKoIObuG5ErLv9nnXTfouwqmAU3SNdSN	SFX - Gelo no copo (Cheio) #1	wav	1.07	CinePRO Sound Design	SFX	
1EC6L7F58xk50Ht3UMaEHx1fanxzFJKrb	SFX - Gelo no copo (Cheio) #2	wav	0.67	CinePRO Sound Design	SFX	
1ePX_s1GvKulAGqz0fVccpClr_qsG5fnw	SFX - Gelo no copo (Vazio-Reverb) #1	wav	1.07	CinePRO Sound Design	SFX	
1yGaYYqVrsRIJmy07sxcN8kVBx0LL-geQ	SFX - Gelo no copo (Vazio-Reverb) #2	wav	1.07	CinePRO Sound Design	SFX	
1Ysn1L2uNkf_tiPMaWphSk5M6ZmAE2yne	SFX - Gelo no copo (Vazio) #1	wav	0.58	CinePRO Sound Design	SFX	
14oVhLTZLwI8FCwPtoIlpfpiJPoyiZaM0	SFX - Gelo no copo (Vazio) #2	wav	0.73	CinePRO Sound Design	SFX	
1brSYpcEpL-iV6WglOKGhpwlF1LmzhOnI	SFX - Glitch #1	wav	1.7	CinePRO Sound Design	SFX	
1VcS-pLuBwiWRsHs7DTXhuxzLG2zPsO3G	SFX - Glitch #2	wav	3.57	CinePRO Sound Design	SFX	
1We3eoV4F0zq4JMRIy1oMOK-F-fJn3Y6d	SFX - Glitch #3	wav	0.68	CinePRO Sound Design	SFX	
1Yp_a1pPrV7zuXOEXN9atXUz5bxxgpffZ	SFX - Glitch #4	wav	2.49	CinePRO Sound Design	SFX	
1DrfKfJh7DGi60k6vF5tpoIIxvNC0PXYo	SFX - Glitch #5	wav	0.48	CinePRO Sound Design	SFX	
1883Ugqpm9g0VUSwmcu_ODd9zceG48ZxG	SFX - Glitch #6	wav	1.84	CinePRO Sound Design	SFX	
1L3Sst8qMKHgTQjUbw4v-bGePNO2RRzGD	SFX - Glitch #7	wav	1.1	CinePRO Sound Design	SFX	
1B9WWATXUInb9BZtKeIc3p_LWrzH38iq1	SFX - Glitch #8	wav	1.27	CinePRO Sound Design	SFX	
13lI18IygmYjfz_7t9UFIPccgIwU7UoE3	SFX - Golpe & Pancada #1	wav	1.74	CinePRO Sound Design	SFX	
1ZzSOpgjD1VCIrGrU-tMoeSNgQWOZGzVK	SFX - Golpe & Pancada #10	wav	1.74	CinePRO Sound Design	SFX	
1Oq12TH6eRnN3DeIoYhvsuQnadv7a4qOz	SFX - Golpe & Pancada #11	wav	1.74	CinePRO Sound Design	SFX	
145GA4xJhvUTzUPM2JIV3h5HrkhlNAH95	SFX - Golpe & Pancada #12	wav	1.74	CinePRO Sound Design	SFX	
1RdU9lEYKs0ouCL8LpdAN5iZla7HwN3QU	SFX - Golpe & Pancada #13	wav	1.74	CinePRO Sound Design	SFX	
1xOuklHb_ONIie2PV2sc49GIGZT901h37	SFX - Golpe & Pancada #14	wav	1.74	CinePRO Sound Design	SFX	
1AVT3lgvee20ONJnqPQzzER1GvgOFQxlY	SFX - Golpe & Pancada #15	wav	1.74	CinePRO Sound Design	SFX	
1owBb2Y18dyWdjAQXI54_vExtfC1BIZ38	SFX - Golpe & Pancada #16	wav	1.74	CinePRO Sound Design	SFX	
1TZOSjnPsZoij4gVXXBS_q-FRym870_Hd	SFX - Golpe & Pancada #17	wav	1.74	CinePRO Sound Design	SFX	
1vF5one6GXUOGsWcDliwkL6bFCSRWM2kO	SFX - Golpe & Pancada #18	wav	1.74	CinePRO Sound Design	SFX	
1CWt-t6P5fX8q-XbhTRDIJaRxscXyNSpi	SFX - Golpe & Pancada #19	wav	1.74	CinePRO Sound Design	SFX	
1CA6suOfnnh7llCrrjCfJv49u8Q1dXzcw	SFX - Golpe & Pancada #2	wav	1.74	CinePRO Sound Design	SFX	
11860OGIHYOwepMFowXo-QvgQZOT0jGHZ	SFX - Golpe & Pancada #20	wav	1.74	CinePRO Sound Design	SFX	
1yxGJ3iH2_JsxgfN3nW8CMet001flm3Gj	SFX - Golpe & Pancada #21	wav	1.74	CinePRO Sound Design	SFX	
1lJG5-3rjXGRyE9OesjkJ42blEJUJGOJ2	SFX - Golpe & Pancada #22	wav	1.74	CinePRO Sound Design	SFX	
1T3opiZhvtWEHJgOlzN7MdbRdoP7Ak0XB	SFX - Golpe & Pancada #23	wav	1.74	CinePRO Sound Design	SFX	
1rxu3pkG9KWjTmCrpVBSx7L3EazaONILG	SFX - Golpe & Pancada #24	wav	1.74	CinePRO Sound Design	SFX	
1ndFKqUibu7XTmhXONI8nCJHjxGDTKedq	SFX - Golpe & Pancada #3	wav	1.74	CinePRO Sound Design	SFX	
1ph-U30I-beNFsXZr_REtqKAc_EjUxI5i	SFX - Golpe & Pancada #4	wav	1.74	CinePRO Sound Design	SFX	
1fpI3k-DUV-QS5khsYZi-ZfbJD_jKu-a2	SFX - Golpe & Pancada #5	wav	1.74	CinePRO Sound Design	SFX	
1xJoFyrWIGO21NWgzIqMm_YtRl8PGGJjB	SFX - Golpe & Pancada #6	wav	1.74	CinePRO Sound Design	SFX	
19z8Yt7bnGt3CSmbX7_HzSuyCJDbzUgFp	SFX - Golpe & Pancada #7	wav	1.74	CinePRO Sound Design	SFX	
1rw2sHYa7gvzZq_Th_u0lnZjxgcKsY6E6	SFX - Golpe & Pancada #8	wav	1.74	CinePRO Sound Design	SFX	
1LOrR5l-rTOh-Rp5Q1MmJC5lH7Zr5xU8r	SFX - Golpe & Pancada #9	wav	1.74	CinePRO Sound Design	SFX	
1szNwQlKDUIuxPRKL_D0FUH53nnMCLdEM	SFX - Gravação (Iniciando)	wav	11.85	CinePRO Sound Design	SFX	
1bP4bU_4aUqWRcYchz92eYMfJilhzho8-	SFX - Gravação (Parando)	wav	11.85	CinePRO Sound Design	SFX	
1Gj93_Tt6jLCUuBzFzv5jrcEZ45cZGnBd	SFX - Gravetos no Caminho	wav	6.88	CinePRO Sound Design	SFX	
1p5Y0acYgRFguClMmydHL1cg4zHQJ51ab	SFX - Gravetos no Parque	wav	6.88	CinePRO Sound Design	SFX	
1DPcpEHg3AHYRxXdVRFoM0dvMyTjYJNZc	SFX - Guitarra Elétrica	wav	2.73	CinePRO Sound Design	SFX	
1Wu0pOkTNwY73HdcrInC1E-nItaVhhP0J	SFX - Helicóptero #1	wav	20.83	CinePRO Sound Design	SFX	
1Xk_POsSnpaBVtb2CdEBUN2bSRCM3fPZy	SFX - Helicóptero #10	wav	17.15	CinePRO Sound Design	SFX	
1X7cCcHqnU93VaBhArKCAzmTfE16NlkQJ	SFX - Helicóptero #11	wav	12.82	CinePRO Sound Design	SFX	
1Znq349tPyG8djUPNQVEv52NAx9_oUpK2	SFX - Helicóptero #12	wav	11.34	CinePRO Sound Design	SFX	
1HWT0Rn0wsk_gS6Uqo_Mlw9D-io4qEXmF	SFX - Helicóptero #13	wav	20.96	CinePRO Sound Design	SFX	
1f2LxOzVG6xLA2aOABJoZzuc6J_ZNGfze	SFX - Helicóptero #14	wav	13	CinePRO Sound Design	SFX	
1dQ_OFB-Vy0lyHCI-xjzaa07zgpMDGSH4	SFX - Helicóptero #15	wav	20.22	CinePRO Sound Design	SFX	
1FOs-j7DGcN16Ieta3Cp-sXcR48JXR5Wt	SFX - Helicóptero #16	wav	20.92	CinePRO Sound Design	SFX	
1RzDX8Eir0M0SKGIV7eLn-rXJv5zMwqFm	SFX - Helicóptero #17	wav	20.95	CinePRO Sound Design	SFX	
1PkZTTkMmMimXrvb25ytqfuzIqZ654ifT	SFX - Helicóptero #18	wav	20.93	CinePRO Sound Design	SFX	
15sghzG5VIskP2dqqdYIX1v6tBLvPlvFU	SFX - Helicóptero #19	wav	20.95	CinePRO Sound Design	SFX	
1W0yWQ07pDCBjm2tqYTQkQtB3A2C5u2aT	SFX - Helicóptero #2	wav	19.31	CinePRO Sound Design	SFX	
1b-ayJuhrn_XUHPtJkx1ZgCFiY1dkbtv8	SFX - Helicóptero #20	wav	20.94	CinePRO Sound Design	SFX	
1fabV5nnxkYyPWeKFxeaf8-hIKD7jDxRX	SFX - Helicóptero #21	wav	41.85	CinePRO Sound Design	SFX	
1vZR9Eydyr3y6Mfd-YyHy0HQkQ-NEtxDc	SFX - Helicóptero #22	wav	20.29	CinePRO Sound Design	SFX	
1DQm_oeNDYuOpLcUQeXfpUgMp4lIeZL7V	SFX - Helicóptero #3	wav	21.08	CinePRO Sound Design	SFX	
1h3mQax827ufluBPB3_T2dOIOmwnBsJoV	SFX - Helicóptero #4	wav	20.58	CinePRO Sound Design	SFX	
1TAYPI_a_kKjT1GofGQWMOygtvyjjW0jE	SFX - Helicóptero #5	wav	19.73	CinePRO Sound Design	SFX	
1l6GZQ8O2N8x4RPDjLd7kERey3pBBRjgP	SFX - Helicóptero #6	wav	21.01	CinePRO Sound Design	SFX	
1BN87aZsof1zdZP_za--9RCR32_joOp4e	SFX - Helicóptero #7	wav	21.08	CinePRO Sound Design	SFX	
1nJIPcuhYP0ijkFZb4XwivLTg-Z9AjDox	SFX - Helicóptero #8	wav	18.88	CinePRO Sound Design	SFX	
1fk4Ky8b64eLAIBP5_McFCCnpUurdQ8CL	SFX - Helicóptero #9	wav	18.02	CinePRO Sound Design	SFX	
1bli5ebFaF9_TPRfQwBuVOvRfG4P2XluG	SFX - Impacto #1	wav	2.15	CinePRO Sound Design	SFX	
1LKZ5HFc3sEa4HbBpF2-FmL9qJlCaGj8W	SFX - Impacto #1	wav	0.81	CinePRO Sound Design	SFX	
12gIdYc-0_5hda5RN8yVLuRbBc8vg4lVv	SFX - Impacto #1	wav	1.66	CinePRO Sound Design	SFX	gaming
1KMdHUG4Ex7HHIuKhH2mFS5gRBz_REy7Y	SFX - Impacto #1	wav	0.93	CinePRO Sound Design	SFX	
1ZdqcvUrSqq-JG4UXSeQaqZh-BMl9p93I	SFX - Impacto #1	wav	6.94	CinePRO Sound Design	SFX	
1o-UJUDdmY99zuPy9Pg9R7ueqESIFhzJo	SFX - Impacto #1	wav	1.74	CinePRO Sound Design	SFX	
17lIoAMSfB-70-WWsVUiDD8xeGIbdT4pi	SFX - Impacto #10	wav	2.15	CinePRO Sound Design	SFX	
1W_BLooEoWxvtYqikanJx45G02MhFOYeo	SFX - Impacto #10	wav	1.17	CinePRO Sound Design	SFX	
1Lrz06HWHUdqKTYtE6TkFH55K42l_2rjT	SFX - Impacto #10	wav	0.56	CinePRO Sound Design	SFX	gaming
1BtFFd51bfqArR_EtGj_Hf1tLhM-yU8bJ	SFX - Impacto #10	wav	6.94	CinePRO Sound Design	SFX	
1pH7o-E7V6G33q2OtaFmSa0zzgziSgW_y	SFX - Impacto #100	wav	6.95	CinePRO Sound Design	SFX	gaming
1ay93G-qdctloWFndts3bLmOEoLbwKAUD	SFX - Impacto #101	wav	6.94	CinePRO Sound Design	SFX	gaming
1jsi45ghQXz1tRjoU8Bbz7CgQ8pe1C2zT	SFX - Impacto #102	wav	6.95	CinePRO Sound Design	SFX	gaming
1EQODnXxAmTfDeX0ymH9eJfRCa0ceEs4X	SFX - Impacto #103	wav	6.94	CinePRO Sound Design	SFX	gaming
1aZ59AZOiGbwyBG2P8MZcNkTROgAeHRct	SFX - Impacto #104	wav	6.95	CinePRO Sound Design	SFX	gaming
1PdWuCLKAwWc-GvWtMoTh05tdS7N0gwoE	SFX - Impacto #105	wav	6.94	CinePRO Sound Design	SFX	gaming
1cGSUIrdkdLD8faVZtV2rtbgJbs6aBB3l	SFX - Impacto #106	wav	6.95	CinePRO Sound Design	SFX	gaming
1sPW4xICEN8NRFtz1LsGyoNIpoj-rFnNC	SFX - Impacto #11	wav	3.38	CinePRO Sound Design	SFX	
1pT_p2iCegVejGFgRai3Gj3Xu_a6CKHsF	SFX - Impacto #11	wav	1.51	CinePRO Sound Design	SFX	gaming
1CNl2hLcZrbjXx45x1DSnvfHl7h8GVKqZ	SFX - Impacto #11	wav	6.95	CinePRO Sound Design	SFX	
1UwIR4sI1aoXbw-aAjTISAn-gURHr1Hyt	SFX - Impacto #12	wav	2.19	CinePRO Sound Design	SFX	
123cesKGKtF7rCLwEUz71g51IhUY4xFWy	SFX - Impacto #12	wav	1.31	CinePRO Sound Design	SFX	gaming
10Q7JqyvtjVthOtv_iwXcD_ed8-WHWQ0n	SFX - Impacto #12	wav	6.94	CinePRO Sound Design	SFX	
1Xc07YO2IKxMzjxntAtoxZPFABXOCNmyq	SFX - Impacto #13	wav	2.27	CinePRO Sound Design	SFX	
1ZP5m3Ggq3xZTA75VXNbVB1B_ZyLVEpV6	SFX - Impacto #13	wav	0.72	CinePRO Sound Design	SFX	gaming
1UYpXS6WxBUR0_zgdSiVxXOGgtZt5Dvo4	SFX - Impacto #13	wav	6.95	CinePRO Sound Design	SFX	
1HS96R7N7GcbWuIFuG3SVnq5gMMtJBXrt	SFX - Impacto #14	wav	2.66	CinePRO Sound Design	SFX	
1_ygZRnsjAWnD2SxSkDc999z4CDRcklIi	SFX - Impacto #14	wav	0.57	CinePRO Sound Design	SFX	gaming
1lAHCDyDHXu2QfHWziFYnJj_orVGlV-Sc	SFX - Impacto #14	wav	6.95	CinePRO Sound Design	SFX	
1wpjpc9j9VLwpy3AFcgLbSmfBXq46VgLl	SFX - Impacto #15	wav	3.98	CinePRO Sound Design	SFX	
1S0pl-kNokMwF3b1XQr8eudTnaW64zPj8	SFX - Impacto #15	wav	0.28	CinePRO Sound Design	SFX	gaming
1y3Rh-exzH4i5qUzxq-S5V96oRp103A9d	SFX - Impacto #15	wav	6.95	CinePRO Sound Design	SFX	
1ARdLzni63UasKHWLfQ53HDVDJWvmVQ5F	SFX - Impacto #16	wav	2.19	CinePRO Sound Design	SFX	
1_MtRbkgLf6tkJnQ4WQYkwumellrU1y7-	SFX - Impacto #16	wav	0.38	CinePRO Sound Design	SFX	gaming
1byLycOJUIaOYDBkmKjGFpKX7PR3aNxtE	SFX - Impacto #16	wav	6.94	CinePRO Sound Design	SFX	
1bySiqlfthStmJLJIyBDwkMXvB8bF5qdZ	SFX - Impacto #17	wav	1.68	CinePRO Sound Design	SFX	
1KIVLAuNBdkKrd4jsxTRtfySVuGilk2CF	SFX - Impacto #17	wav	6.94	CinePRO Sound Design	SFX	
1NTDHDnTefGlqaSVEDI96Kwfn9sFKTOad	SFX - Impacto #18	wav	2.09	CinePRO Sound Design	SFX	
1o2GY_c0lj3ybVOoWyDYe_sODtK13Ifi_	SFX - Impacto #18	wav	6.95	CinePRO Sound Design	SFX	
1IiYTrIdiZt0nTebu_MlakCvqS85tLYX6	SFX - Impacto #19	wav	2.76	CinePRO Sound Design	SFX	
1rgnmAjcd18KBg4lPGxZx20SzKlLKkTmc	SFX - Impacto #19	wav	6.94	CinePRO Sound Design	SFX	
1iq43sr6ciQoplWiwVncnR6KpBy1w-pEN	SFX - Impacto #2	wav	2	CinePRO Sound Design	SFX	
1cxOgbKQL6GOyNfE9FE5vTxLGc6sIJ_1y	SFX - Impacto #2	wav	1.02	CinePRO Sound Design	SFX	
1BiDUc7cuEKeF_sVjteeVNDTfBDowJYQj	SFX - Impacto #2	wav	0.91	CinePRO Sound Design	SFX	gaming
1oC3TSUXo5EWS2jS871o-3TgFb3dmeV_N	SFX - Impacto #2	wav	0.92	CinePRO Sound Design	SFX	
1LJ-hNGZZxfQOthMrwAGwRivwvE6lVW26	SFX - Impacto #2	wav	6.95	CinePRO Sound Design	SFX	
1TvHT5CNDsiyanSdZfFGVFedUocjbAvwI	SFX - Impacto #2	wav	1.74	CinePRO Sound Design	SFX	
1sCD6JKaxdGquWKOCsOTx6MRWuZn26efR	SFX - Impacto #20	wav	2.98	CinePRO Sound Design	SFX	
1lXtCcUT3vumY4Z4ZoPHyX9NgaBq3j8zV	SFX - Impacto #20	wav	6.95	CinePRO Sound Design	SFX	
1AaQPAPcSRFykFzu8tRP-VSmEsKLezbrd	SFX - Impacto #21	wav	3.38	CinePRO Sound Design	SFX	
1BtSTNDCET8bujgtWz48-E9Q_o5N_cW8Y	SFX - Impacto #21	wav	6.94	CinePRO Sound Design	SFX	
1_bGBciz2ro6ubNUkuW-hVHhwElMdJzt2	SFX - Impacto #22	wav	2.51	CinePRO Sound Design	SFX	
1eUAqc2Tjy1EqlUN-ewcLoWkbzQkK6aox	SFX - Impacto #22	wav	6.95	CinePRO Sound Design	SFX	
1at0Te3kvHdr79YHua4dfDIg6ddCmv_16	SFX - Impacto #23	wav	3.38	CinePRO Sound Design	SFX	
1c6kaU-moDHLm8Iis13IqatG5W8g4Gfgs	SFX - Impacto #23	wav	6.95	CinePRO Sound Design	SFX	
1KWS26iElt6OqDOM6w2Xa49UiH5tSy-cy	SFX - Impacto #24	wav	2.51	CinePRO Sound Design	SFX	
1FmYWxwIfzsHOq1ylaRo8Q2AZtQyxqV5b	SFX - Impacto #24	wav	6.95	CinePRO Sound Design	SFX	
1TTVbhp6kCG18AW-TZv64pkRiSHKsJjo6	SFX - Impacto #25	wav	1.73	CinePRO Sound Design	SFX	
1COk5EK3YXHOa1aDsT4nR3Ooo--SuR3q6	SFX - Impacto #25	wav	6.95	CinePRO Sound Design	SFX	
1LHR3t-RsAAt-eZfwQcJ83WCcwI94xIKL	SFX - Impacto #26	wav	2.15	CinePRO Sound Design	SFX	
1Rdf2RBObE2eTe7qWhy1rKnkgJ8SScFjq	SFX - Impacto #26	wav	6.95	CinePRO Sound Design	SFX	
12LWl907qQ1cBo4ZHaq4ce5pMT0a-LATo	SFX - Impacto #27	wav	2.15	CinePRO Sound Design	SFX	
10N6VDgmp0JEOFxdlMbsOlJZACcWea9C9	SFX - Impacto #27	wav	6.94	CinePRO Sound Design	SFX	
1YFc7gDJ3vBf0xqZ_OvMmp1kWPUn0BXu1	SFX - Impacto #28	wav	2.66	CinePRO Sound Design	SFX	
1w6G5LeQbHY5yIEgD6v7ZIqn7Rle_iHKn	SFX - Impacto #28	wav	6.94	CinePRO Sound Design	SFX	
1EUti3-3rdNe-RGY1HBkqdrlyodAlwbpX	SFX - Impacto #29	wav	2.66	CinePRO Sound Design	SFX	
1x_BJlMIa4PL4wPTrh-9PqMUBLJElkPq7	SFX - Impacto #29	wav	6.95	CinePRO Sound Design	SFX	
1k5k_ev08HCcC7zhRYwniYxkwZH5fynqA	SFX - Impacto #3	wav	2.15	CinePRO Sound Design	SFX	
1yryncszUbO4-spm7ixfsrudSHH9DPblu	SFX - Impacto #3	wav	1.22	CinePRO Sound Design	SFX	
1QeySKO4utVOhRL-I6pLTad1ES1IW_Wrp	SFX - Impacto #3	wav	1.35	CinePRO Sound Design	SFX	gaming
1CJaOytMff1ZedF0eOI0G2QdRM6hzAufG	SFX - Impacto #3	wav	0.96	CinePRO Sound Design	SFX	
15PZDU9UUTGSoesr3wQRkPrmAlJsDl-AQ	SFX - Impacto #3	wav	6.95	CinePRO Sound Design	SFX	
14ezq4EV-Le8UFXn_JBKqk1B5mncMULoD	SFX - Impacto #3	wav	1.74	CinePRO Sound Design	SFX	
1KyORx70kLt5nzuHhQu1HaQAAMYlmhWvo	SFX - Impacto #30	wav	2.33	CinePRO Sound Design	SFX	
1RGh9VsS6boS6ano2CHoxoVn3eQkZExCB	SFX - Impacto #30	wav	6.94	CinePRO Sound Design	SFX	
1qU9zFGdbCS70XzpzkPrMAFO4vAzzQdHg	SFX - Impacto #31	wav	2.66	CinePRO Sound Design	SFX	
1PQZOONNBIazAIHJJvYz_t84nF66tgNwy	SFX - Impacto #31	wav	6.94	CinePRO Sound Design	SFX	
15uwmZP98unpMee21EOOaDslYK7EXoZIr	SFX - Impacto #32	wav	2.33	CinePRO Sound Design	SFX	
19F6L9wSIBxmnNdfamAVyOFMuJuFfTGRH	SFX - Impacto #32	wav	6.94	CinePRO Sound Design	SFX	
1Qz_jMjASHyyeA4yqITvN5VZO_G0b9CMU	SFX - Impacto #33	wav	2.66	CinePRO Sound Design	SFX	
1jto3Vd3Agwms21JFrsNxBCAYjFWcXyES	SFX - Impacto #33	wav	6.94	CinePRO Sound Design	SFX	gaming
1sxLkkHWyHudOUQS4GgW3mQirHGGF80Oi	SFX - Impacto #34	wav	2.66	CinePRO Sound Design	SFX	
1aVOo8ZAjhm3kLsR2FbA-rlzdzGqSVsHf	SFX - Impacto #34	wav	6.94	CinePRO Sound Design	SFX	gaming
1bEQ1N4bPMunewFnsHh-dRIKuHxQo9-Gf	SFX - Impacto #35	wav	2.19	CinePRO Sound Design	SFX	
1Rq3EL98WMAazN7xV9F9wIkOegC6Q7MoP	SFX - Impacto #35	wav	6.94	CinePRO Sound Design	SFX	gaming
1ARI_EgTwdjzIvp2ma0xkCcpnmSaf1HcZ	SFX - Impacto #36	wav	3.03	CinePRO Sound Design	SFX	
1M1tYqBkYvwQLmg5TKdKDabRlnEZ-v5cU	SFX - Impacto #36	wav	6.94	CinePRO Sound Design	SFX	gaming
1lnrFcwLbCyfnMv4_oqdijUvLBLmwhZX9	SFX - Impacto #37	wav	2.46	CinePRO Sound Design	SFX	
14pJZx7c9UddXn0o6UBJJuBHNfB3vmuHh	SFX - Impacto #37	wav	6.94	CinePRO Sound Design	SFX	gaming
1UYePg8cUhLzYWNSstYU8m2mP0s2yv9T8	SFX - Impacto #38	wav	1.94	CinePRO Sound Design	SFX	
1wV5FoJE3lorY9CAZ8Obf-MHvi_1Gr2mY	SFX - Impacto #38	wav	6.94	CinePRO Sound Design	SFX	gaming
1jLenB_LROYdtXsWactNb3FUZ0wehHcpe	SFX - Impacto #39	wav	3.38	CinePRO Sound Design	SFX	
1ZG52bYtVXWjwhjSRzfn0R0tqNLq6Ki1x	SFX - Impacto #39	wav	6.95	CinePRO Sound Design	SFX	gaming
1hmRC5XPwwyhEUV-FH70nhhWTyv5Ybc7x	SFX - Impacto #4	wav	2.09	CinePRO Sound Design	SFX	
1F91i61OUzAdh1R0dvq4aqEa1fIw_-HYn	SFX - Impacto #4	wav	1.17	CinePRO Sound Design	SFX	
1vs98q0EyUWM0vJU2SDWbAPDZBhelF0OE	SFX - Impacto #4	wav	0.57	CinePRO Sound Design	SFX	gaming
1kUN4blKqhRXPTQSmORhvndbDFNwEDsla	SFX - Impacto #4	wav	1.46	CinePRO Sound Design	SFX	
1IaTIDYxlvLt5gY7y5Ea5fyhyhA2ZwQgW	SFX - Impacto #4	wav	6.95	CinePRO Sound Design	SFX	
1alX1zeESOvOsKZHjUD98Beeq2GOBawGG	SFX - Impacto #4	wav	1.74	CinePRO Sound Design	SFX	
1rMrKlvAeoEo5CEVRRJThDkr9yYz-H5Bb	SFX - Impacto #40	wav	4.89	CinePRO Sound Design	SFX	
1opMAKJb8-40wT4vyQNK-qBmPNbthZU7v	SFX - Impacto #40	wav	6.95	CinePRO Sound Design	SFX	gaming
1aUZ7KPiN_l6ST5KeHR0w86fJTLMDOeRm	SFX - Impacto #41	wav	6.95	CinePRO Sound Design	SFX	gaming
1gyojLdDZ0K0Z57phQociE84AngsajM7e	SFX - Impacto #42	wav	6.94	CinePRO Sound Design	SFX	gaming
1jeW5f1mi_k4rhtw0bFzUkWN0vJY04Xza	SFX - Impacto #43	wav	6.94	CinePRO Sound Design	SFX	gaming
15YwBS6N9jmIdmsEeEN-cTt4A76AFAfll	SFX - Impacto #44	wav	6.95	CinePRO Sound Design	SFX	gaming
13KZhxwAS6dO_y2NDKA3dFFxhiCEAYVOl	SFX - Impacto #45	wav	6.95	CinePRO Sound Design	SFX	gaming
15ii0E5Ab8QcbNkDEHmUH8HGBYUlhpf8o	SFX - Impacto #46	wav	6.94	CinePRO Sound Design	SFX	gaming
1vMEga8sNW11QAvmZsFxAPS3Jtpuerf-y	SFX - Impacto #47	wav	6.95	CinePRO Sound Design	SFX	gaming
1dG6bK2ED3cA605R5AcUF2-p1ss4ALkyZ	SFX - Impacto #48	wav	6.95	CinePRO Sound Design	SFX	gaming
1efKZN3Zg1E5NR92ZEO_W9SehshdsXc3R	SFX - Impacto #49	wav	6.95	CinePRO Sound Design	SFX	gaming
1tAkdCI05Amr0LNmVG45nQ1ZuOufXvyfW	SFX - Impacto #5	wav	3.38	CinePRO Sound Design	SFX	
1bETkhmiRucblY_OohgGMagc3qA8fIUEx	SFX - Impacto #5	wav	1.62	CinePRO Sound Design	SFX	
1W5NfpCFnCMXgPSkiDaqmF-gMSr1rCw8O	SFX - Impacto #5	wav	0.57	CinePRO Sound Design	SFX	gaming
10bED0vzC_nky7rG189Ta0do6RV7Ngcxf	SFX - Impacto #5	wav	1.42	CinePRO Sound Design	SFX	
10RQXVm3QyADcXUfTk5PGdQdGWbM2smZJ	SFX - Impacto #5	wav	6.95	CinePRO Sound Design	SFX	
1x8PJ3HYe00HedeQJZK9j8B7vJEPRKpci	SFX - Impacto #5	wav	1.74	CinePRO Sound Design	SFX	
1sCgFaGXmU0dUg1cNVVBYr4QAWRZlscJu	SFX - Impacto #50	wav	6.95	CinePRO Sound Design	SFX	gaming
1SqA-hvlxWFf571hvaGFQeSxBHWPE0rdx	SFX - Impacto #51	wav	6.95	CinePRO Sound Design	SFX	gaming
1s4bHh0AaRNqvDK-78zRFx64dYvj-Iqk7	SFX - Impacto #52	wav	6.95	CinePRO Sound Design	SFX	gaming
1Z67CopzMkxhy4zLRldlfP8iEpDouDAMC	SFX - Impacto #53	wav	6.94	CinePRO Sound Design	SFX	gaming
1zz_XPc_9K0jFWcDTkqYxls6lDgKzEK-f	SFX - Impacto #54	wav	6.95	CinePRO Sound Design	SFX	gaming
1WmB9YJU8Q34c-84NlLhSEuYlAOkby-3p	SFX - Impacto #55	wav	6.95	CinePRO Sound Design	SFX	gaming
1PHRKLg95BTq3KgwWVdFgi-9l4WKIKsQ8	SFX - Impacto #56	wav	6.94	CinePRO Sound Design	SFX	gaming
1d3IWWzQf1pRdTpvVOQ0mQaV1LDyghrsM	SFX - Impacto #57	wav	6.94	CinePRO Sound Design	SFX	gaming
1dPErm9w2S_T9eMsOgwQsAXWCd2ZZPdU1	SFX - Impacto #58	wav	6.95	CinePRO Sound Design	SFX	gaming
1aa2TZVNWZft0gDP47DP64ttSUqQR26xA	SFX - Impacto #59	wav	6.95	CinePRO Sound Design	SFX	gaming
1IzWEsC7YEXxfFIfi8nbH52NwL3v_aTFC	SFX - Impacto #6	wav	1.94	CinePRO Sound Design	SFX	
1vyRYhOL4LWgauwdI96OsJLnOFODB7wGA	SFX - Impacto #6	wav	1.22	CinePRO Sound Design	SFX	
1wIBklKGR4mYStSpBn1FxApNs6nB3WsAq	SFX - Impacto #6	wav	0.9	CinePRO Sound Design	SFX	gaming
1a7nsIKCPj_-Fy1V6z0gdBcpOLqSX2Sbc	SFX - Impacto #6	wav	1.47	CinePRO Sound Design	SFX	
11_vUtlMJj7ajaLX9OEukgP-AonkDkegJ	SFX - Impacto #6	wav	6.95	CinePRO Sound Design	SFX	
1V39TL57jRr40KydeRYLZ6bTaKQmfbjvx	SFX - Impacto #60	wav	6.95	CinePRO Sound Design	SFX	gaming
1UB-ELvYWAW4e_giNYJMP81_K_Ye4dEwb	SFX - Impacto #61	wav	6.95	CinePRO Sound Design	SFX	gaming
1Af0Ch4LivJFx-SoZksc8wUvVN9RFsk6L	SFX - Impacto #62	wav	6.95	CinePRO Sound Design	SFX	gaming
142k59TR9l59VwbhWMgOSANbVKzr3PHZ3	SFX - Impacto #63	wav	6.94	CinePRO Sound Design	SFX	gaming
1psl8D4WsjUog9iMYbFVGDtFDfubHR6Fb	SFX - Impacto #64	wav	6.95	CinePRO Sound Design	SFX	gaming
1XF_sAyGq0CHRXMuncDcxE2es9QgcCUsd	SFX - Impacto #65	wav	6.94	CinePRO Sound Design	SFX	gaming
1F594KsRoNEzWIaplfvKgCnwn838DG21q	SFX - Impacto #66	wav	6.94	CinePRO Sound Design	SFX	gaming
1WUdMT9eUvPR_6zAhDPi9D7w3MwCrsVUy	SFX - Impacto #67	wav	6.94	CinePRO Sound Design	SFX	gaming
107AWAdwxqLR_dpCutYeknUzMN6oRfNOZ	SFX - Impacto #68	wav	6.95	CinePRO Sound Design	SFX	gaming
1PWnmNhN7rNz70JmXHc9Du-Qj8AD382pW	SFX - Impacto #69	wav	6.95	CinePRO Sound Design	SFX	gaming
1A6nFweEp_NkNq93R3rp9Vj8nQQYSU95g	SFX - Impacto #7	wav	3.38	CinePRO Sound Design	SFX	
16DHZnxWMAWpihFtKMDDh8lWbCnQhNQC2	SFX - Impacto #7	wav	1.62	CinePRO Sound Design	SFX	
1xy5e5YE3rJNBzNTtiQmBKmumo7Ljzm9D	SFX - Impacto #7	wav	0.86	CinePRO Sound Design	SFX	gaming
1WuCEUSIJ2D7zkbksxVF65bI7k-T_q5a6	SFX - Impacto #7	wav	1.37	CinePRO Sound Design	SFX	
1Ig1T_bJ68pT7wf2oqEf4FUJJK_L-XrT8	SFX - Impacto #7	wav	6.94	CinePRO Sound Design	SFX	
14nFFzG4UFlHJu7XLRX9F2rJoNHYPGxJg	SFX - Impacto #70	wav	6.95	CinePRO Sound Design	SFX	gaming
1x88bmgam9wWF2dKMix7ADysRcvKAz52x	SFX - Impacto #71	wav	6.94	CinePRO Sound Design	SFX	gaming
1vayZyTBRxf8FJVfAc1J4FCHLS0oY7qJ6	SFX - Impacto #72	wav	6.95	CinePRO Sound Design	SFX	gaming
1J5wXmGrQDJvSFxG-mnBkTcUyJicf59QE	SFX - Impacto #73	wav	6.95	CinePRO Sound Design	SFX	gaming
10gr1R10qrdqCI0eXCk5W4WeUjiifph0m	SFX - Impacto #74	wav	6.94	CinePRO Sound Design	SFX	gaming
1G2hHcSQeP6gZLkUal2S2eJNMGmZY8rFQ	SFX - Impacto #75	wav	6.94	CinePRO Sound Design	SFX	gaming
1qaC6wW30trqlfS6vOx8HQPexESlnOgWD	SFX - Impacto #76	wav	6.95	CinePRO Sound Design	SFX	gaming
1-q7xV0ThVXc800qMsKZBtNtoQCKiHVUE	SFX - Impacto #77	wav	6.95	CinePRO Sound Design	SFX	gaming
1kj0wpXYAtsasM4lB6VIsjooImcw8wEfR	SFX - Impacto #78	wav	6.95	CinePRO Sound Design	SFX	gaming
13GfALMYedrPTL1QQp2ffteBHGfXUDis3	SFX - Impacto #79	wav	6.95	CinePRO Sound Design	SFX	gaming
1s3xks5sLYkf_ngW7kWqJ5e6W5tMwl7rB	SFX - Impacto #8	wav	3.38	CinePRO Sound Design	SFX	
14-g9_yjOvrt3dFr50DTc-t4gphWHhSTn	SFX - Impacto #8	wav	0.83	CinePRO Sound Design	SFX	
1ySG1o5FmStWgulTWuNT79m8r00Pye4rE	SFX - Impacto #8	wav	1.55	CinePRO Sound Design	SFX	gaming
1InHMsi2vjpjAZKzJool6xJ0eZLha95MP	SFX - Impacto #8	wav	1.77	CinePRO Sound Design	SFX	
1G7H-3RfzEY2tf0u0WVRzgxWbZMkUYyq8	SFX - Impacto #8	wav	6.95	CinePRO Sound Design	SFX	
16dzO7Vlfoy-EcVnorQwv2uEruwxm2E32	SFX - Impacto #80	wav	6.94	CinePRO Sound Design	SFX	gaming
1I1bwwS2AViV3w8pnvMwuwKklZokrgDwH	SFX - Impacto #81	wav	6.94	CinePRO Sound Design	SFX	gaming
1AcgHXWrwmnRKJz2GLxd-Hgh7_fbZbMrb	SFX - Impacto #82	wav	6.94	CinePRO Sound Design	SFX	gaming
14Bvfgn3yh9C3fcXTBRYM5l2IVayh9r6U	SFX - Impacto #83	wav	6.95	CinePRO Sound Design	SFX	gaming
1SSq7MV4cVv57ad8wTte8vx0e_f3HiFLR	SFX - Impacto #84	wav	6.94	CinePRO Sound Design	SFX	gaming
1iFeWUHwi2oF4lQKycbct0M1Re_dHMXzP	SFX - Impacto #85	wav	6.94	CinePRO Sound Design	SFX	gaming
1ZORwMwZS0-9ueXyPfRDeZQNNH6RwoEhA	SFX - Impacto #86	wav	6.95	CinePRO Sound Design	SFX	gaming
13WotoP6ibkOfpCYfEe1TU6csS781wfmb	SFX - Impacto #87	wav	6.94	CinePRO Sound Design	SFX	gaming
1W_MtMFM_ILfjWEgFOw6S4Rq1ODaSSAGH	SFX - Impacto #88	wav	6.94	CinePRO Sound Design	SFX	gaming
1SFaAeB-KRkzVbRx9RC3XOakwvJHWZ9ct	SFX - Impacto #89	wav	6.94	CinePRO Sound Design	SFX	gaming
1A7ltQ_xi4X_6MgyV1HsUVoBRSNCBgM5O	SFX - Impacto #9	wav	2.33	CinePRO Sound Design	SFX	
1pECp4dnku5LHp37dV2K2xUEwZkfcaeom	SFX - Impacto #9	wav	1.32	CinePRO Sound Design	SFX	
1UxveL6gt77W8dh_7et1ai1DDB9EvV7KL	SFX - Impacto #9	wav	0.34	CinePRO Sound Design	SFX	gaming
1sK4hcOAT-CELomnokwQCa6efcCjLgWQa	SFX - Impacto #9	wav	6.95	CinePRO Sound Design	SFX	
1IYFsnCnWzE4C_NyGm-HPrrnKO05J-dkh	SFX - Impacto #90	wav	6.94	CinePRO Sound Design	SFX	gaming
1ESTOX7uUwTPrfGTohZyrvtwjYCRIUZdn	SFX - Impacto #91	wav	6.95	CinePRO Sound Design	SFX	gaming
1U02f8lmE6KN9e28vyvtp5lTUUnh9Ak0f	SFX - Impacto #92	wav	6.94	CinePRO Sound Design	SFX	gaming
1LGrX560xYM0NOggcWoIy370nem_Pwnpw	SFX - Impacto #93	wav	6.94	CinePRO Sound Design	SFX	gaming
1U5goYj0nR5TTMfvrYHaoePCTzi-QJOsZ	SFX - Impacto #94	wav	6.94	CinePRO Sound Design	SFX	gaming
162Hcb_vJagQZfw9H6JobCWy37IuEak4S	SFX - Impacto #95	wav	6.94	CinePRO Sound Design	SFX	gaming
1AnKVfWxHloiFGto-wWu-h_w1J8ZTSri5	SFX - Impacto #96	wav	6.94	CinePRO Sound Design	SFX	gaming
1scSL7NDnQbUDFAKJyHyfa2_bD-YlqFK0	SFX - Impacto #97	wav	6.94	CinePRO Sound Design	SFX	gaming
1P1qen4Pmr5Vu14kvurrXPe-YMbqbji-P	SFX - Impacto #98	wav	6.94	CinePRO Sound Design	SFX	gaming
1HUsyHoT9DnBnH_4DnhDGLOzhyWkFmKd9	SFX - Impacto #99	wav	6.94	CinePRO Sound Design	SFX	gaming
1w4UoT5esyprUdXUw1NBkKxG_RpabLI-H	SFX - Impacto Cristalino	wav	5.15	CinePRO Sound Design	SFX	
1pfz5OMZ77AOomLBI-ZTq518DHDn-Ct1D	SFX - Impacto Cristalino (Panorâmica)	wav	5.15	CinePRO Sound Design	SFX	
1ioOEyzQF7zCCUYipfOW1tgckvcdcDrzL	SFX - Impacto Dark #1	wav	6.88	CinePRO Sound Design	SFX	
1zoSpnxw9r0xrFmEjrpWLtetakYbt-GoY	SFX - Impacto Dark #10	wav	6.87	CinePRO Sound Design	SFX	
1qjvjxcibJUj6x4pT7xrzug-lZ0hm_pdW	SFX - Impacto Dark #100	wav	6.87	CinePRO Sound Design	SFX	
1s3pgl0Gl81znBd3-t-MttNi4A5V0ftnM	SFX - Impacto Dark #101	wav	3.8	CinePRO Sound Design	SFX	
1u5lmu9pFQHFEDEmdekH3C8mVbQPl2pdI	SFX - Impacto Dark #102	wav	5.63	CinePRO Sound Design	SFX	
1HHRfCPxOlqcT3JozXfFCSich5b0NhfWQ	SFX - Impacto Dark #103	wav	4.21	CinePRO Sound Design	SFX	
16LMW2TzlwMvgzdDimuKlShfHXNSv7uw0	SFX - Impacto Dark #104	wav	4.54	CinePRO Sound Design	SFX	
1yCzgi33JY59IyiGmfnZwVaHrViwkrf6n	SFX - Impacto Dark #105	wav	6.25	CinePRO Sound Design	SFX	
17rFntj7ar4Ws_w6NmEjf18OtvkRr_Bvu	SFX - Impacto Dark #106	wav	4.53	CinePRO Sound Design	SFX	
15wBQrwN_swVge1KwnKu0OOyEgTq2AjT_	SFX - Impacto Dark #107	wav	6.87	CinePRO Sound Design	SFX	
1EMPKpEavcKaEXxhvC7tiIYkVtTkIpt3g	SFX - Impacto Dark #108	wav	6.87	CinePRO Sound Design	SFX	
1oh-X0BMaEWl_EnK_CJY574BxCZcTmtbu	SFX - Impacto Dark #109	wav	6.87	CinePRO Sound Design	SFX	
1KpUj3C4nfv7BEFqnJyw5UkEarPdZHr4m	SFX - Impacto Dark #11	wav	6.87	CinePRO Sound Design	SFX	
1RfE5XeQAPMFK_a_TAZigvPbXrKP07RhY	SFX - Impacto Dark #110	wav	6.87	CinePRO Sound Design	SFX	
1iDLL-vEslFtHwp1sqe1IF4TabSZls3rJ	SFX - Impacto Dark #111	wav	6.87	CinePRO Sound Design	SFX	
1U6GTEI7Ubsz1nRGWXV-xWqg3cVGO8yQZ	SFX - Impacto Dark #112	wav	6.87	CinePRO Sound Design	SFX	
1IcA3X2A1J-xn8hG2In4ZO_3o_Y1jg3sM	SFX - Impacto Dark #113	wav	6.87	CinePRO Sound Design	SFX	
1arwyi80w_a7XDIXSLb_JLxWerjiYl-hM	SFX - Impacto Dark #114	wav	6.87	CinePRO Sound Design	SFX	
1udQaYHUkS6L1jdYn9xjRuKG4fOqD1C2v	SFX - Impacto Dark #115	wav	6.87	CinePRO Sound Design	SFX	
1-a3S0hD3AwbQfnu7bKPtWbFI0OjOh4qE	SFX - Impacto Dark #116	wav	6.87	CinePRO Sound Design	SFX	
1xtUKJjDD6auTxC2q1y9bYw-jV-LJlD4w	SFX - Impacto Dark #117	wav	6.87	CinePRO Sound Design	SFX	
1M7-0AzPGmvtrKNpf9DeJYz5ECAYmOgCc	SFX - Impacto Dark #118	wav	6.87	CinePRO Sound Design	SFX	
1yoEgPEIvAY34Hwn3KopPIH6RdeglYNVq	SFX - Impacto Dark #119	wav	5.85	CinePRO Sound Design	SFX	
1Ah-5LAlmS4faVIbMThT2r9ZbNMhh6vRF	SFX - Impacto Dark #12	wav	1.05	CinePRO Sound Design	SFX	
1hQvhzcLohTltlW-c-RzFNWcfDQJTaqp7	SFX - Impacto Dark #120	wav	6.18	CinePRO Sound Design	SFX	
1PJ1cU0GqKOW2EmNxFLKP1oYc6oQFob8t	SFX - Impacto Dark #121	wav	6.87	CinePRO Sound Design	SFX	
1xU4Y7WEQrCCEiRMsXbfKdBcS0Xbx3Khg	SFX - Impacto Dark #122	wav	6.87	CinePRO Sound Design	SFX	
18BmVAv1Q9H4LwWseGH8WuyahyplBrjKH	SFX - Impacto Dark #13	wav	6.32	CinePRO Sound Design	SFX	
1Zd6m6HIXdYLH--QL8lDAblxpFXWqOMXI	SFX - Impacto Dark #14	wav	6.87	CinePRO Sound Design	SFX	
1D9Gib9awI_xEXLUnOqorX2PVgF_j0wdR	SFX - Impacto Dark #15	wav	6.85	CinePRO Sound Design	SFX	
1HkAIDQ4-EJuEG85TP132E2KPQctgg68y	SFX - Impacto Dark #16	wav	6.34	CinePRO Sound Design	SFX	
1HxhtFrVQB8y-mxl8M-rmSZAYx9MtkwSK	SFX - Impacto Dark #17	wav	6.87	CinePRO Sound Design	SFX	
1Pjm6-Qrf_iCMHzzTpJp20hH7f9rjCKYP	SFX - Impacto Dark #18	wav	6.02	CinePRO Sound Design	SFX	
1G3wg_j6FBLP94yBLBMylrESSiKwQnI_a	SFX - Impacto Dark #19	wav	6.45	CinePRO Sound Design	SFX	
19ENkXKHbELGo1m-7Yxy1GBPG82sPWpn9	SFX - Impacto Dark #2	wav	6.72	CinePRO Sound Design	SFX	
176eHJqlcY289HjV5_51e6ipMX0YK_fYr	SFX - Impacto Dark #20	wav	5.18	CinePRO Sound Design	SFX	
1HOqSH8hukvjcgpo5SgKx_C2BP49ihjLx	SFX - Impacto Dark #21	wav	1.32	CinePRO Sound Design	SFX	
1aFDus6vmc_mNHGQRDBOZaKOZ40z_wDIz	SFX - Impacto Dark #22	wav	4.94	CinePRO Sound Design	SFX	
1nyZunf0G2Xp4o5e1SryaVePg8ufmRQe5	SFX - Impacto Dark #23	wav	6.53	CinePRO Sound Design	SFX	
136KBr5BH_zCMRtj5KR8MCjVHId0ZWpck	SFX - Impacto Dark #24	wav	6.87	CinePRO Sound Design	SFX	
1qAh-eK_sh6Z-D6WkVnvJ7f8Y28ZGhz2J	SFX - Impacto Dark #25	wav	6.87	CinePRO Sound Design	SFX	
1l4IosYPcP7RfeX4bIPvk8gQJGEXmBbs4	SFX - Impacto Dark #26	wav	5.07	CinePRO Sound Design	SFX	
1U5Mh3NHeOiOxnBragf_hzTBHXixQryAK	SFX - Impacto Dark #27	wav	6.87	CinePRO Sound Design	SFX	
1mQMyx4-JBA_hSSjoByGmMQISDZbaW6hj	SFX - Impacto Dark #28	wav	5.23	CinePRO Sound Design	SFX	
1agrFW_hCInfsi374G-KUhK6l4h0R943i	SFX - Impacto Dark #29	wav	6.87	CinePRO Sound Design	SFX	
1GFFJOS8dW2NSNIMVQ5bp5nB-jmtwPSxk	SFX - Impacto Dark #3	wav	6.87	CinePRO Sound Design	SFX	
1Ab3VynYJSjFMQZ_k6BGujmqoblktnEh8	SFX - Impacto Dark #30	wav	5.02	CinePRO Sound Design	SFX	
1MGgCIbTWj86LkSu9uOUQiS_1rrgkiZ-P	SFX - Impacto Dark #31	wav	5.04	CinePRO Sound Design	SFX	
18DM0U313SRhZDJ97xkUvxFeVuJZMEMLb	SFX - Impacto Dark #32	wav	6.87	CinePRO Sound Design	SFX	
1onJpwZde7C6pdaG45NO35Mn5mFq2smaF	SFX - Impacto Dark #33	wav	5.9	CinePRO Sound Design	SFX	
1MqQqWLsy2RexXclacLHcGd-QTshCAuaR	SFX - Impacto Dark #34	wav	4.91	CinePRO Sound Design	SFX	
1K29YfHpo5sKS0ZzOI1NzkmDR3A8ch-fK	SFX - Impacto Dark #35	wav	5.36	CinePRO Sound Design	SFX	
1eE487ujzNXjrRK_m9Hq-CP-mvsG_wvKE	SFX - Impacto Dark #36	wav	5.09	CinePRO Sound Design	SFX	
1ZIAA8Pe61SPLK-0cR8z24EXUjEynSDSf	SFX - Impacto Dark #37	wav	6.87	CinePRO Sound Design	SFX	
13rO-UGtEP9WSgg0lKeLtl4b7AKr_8RmL	SFX - Impacto Dark #38	wav	6.87	CinePRO Sound Design	SFX	
1IADvI2qK4GLHbUFxSSBbJ4H3jibYpHy4	SFX - Impacto Dark #39	wav	6.32	CinePRO Sound Design	SFX	
1x82_1sn5eNQ5zsSP0hG85w4Bb18fhFfn	SFX - Impacto Dark #4	wav	6.87	CinePRO Sound Design	SFX	
1Lhp2j0c4sF5-krg8bxMcON_jy2FIzQ6b	SFX - Impacto Dark #40	wav	6.51	CinePRO Sound Design	SFX	
1IsrF-F0YS339ejb8wuMJnJ73XB9WBVBc	SFX - Impacto Dark #41	wav	6.87	CinePRO Sound Design	SFX	
1g7gYAu8-OLj6byTnHc_B0lyykceNBrsN	SFX - Impacto Dark #42	wav	6.87	CinePRO Sound Design	SFX	
1ci_sTxakqEaMUQlTHSIUcPF0YIqJvZWP	SFX - Impacto Dark #43	wav	6.87	CinePRO Sound Design	SFX	
1uqPui5TwE73H9qWZ4YUyWiUwv1kMRb27	SFX - Impacto Dark #44	wav	6.28	CinePRO Sound Design	SFX	
1Oz9pDP12ZLPS_hts_Qy4CWRDAndSAHyK	SFX - Impacto Dark #45	wav	6.35	CinePRO Sound Design	SFX	
1BHFQKUOVgzo5w3Y32GDDXd1Ek5UnIIsd	SFX - Impacto Dark #46	wav	5.47	CinePRO Sound Design	SFX	
15ZO05yu6_HHHIsi8L39R78u8bRzWGWhe	SFX - Impacto Dark #47	wav	6.87	CinePRO Sound Design	SFX	
1MNMdCQBvPZLPjPnGz5QPl3SM9fb7SvrW	SFX - Impacto Dark #48	wav	6.87	CinePRO Sound Design	SFX	
1ky8nFwqWyput4fp34YkRhfEnN8NfnqBI	SFX - Impacto Dark #49	wav	3.97	CinePRO Sound Design	SFX	
1UwCtz1O01Cj6kT59g7q4REMjXdKLDRJ_	SFX - Impacto Dark #5	wav	6.37	CinePRO Sound Design	SFX	
1PSK6ZGwE2diUh6ZK0h6yyOsGFaHuXCJm	SFX - Impacto Dark #50	wav	6.87	CinePRO Sound Design	SFX	
1ZV4Pa20EpWj0zggcOfAgWqPe3tCRR1Ps	SFX - Impacto Dark #51	wav	6.87	CinePRO Sound Design	SFX	
1x1TfraM-nydtovJXwPn19yr4jNpwqghy	SFX - Impacto Dark #52	wav	5.78	CinePRO Sound Design	SFX	
148iKcv9i2vH-s55-gbnUKsFtENOdTYwP	SFX - Impacto Dark #53	wav	5.22	CinePRO Sound Design	SFX	
1-Be7Ee5C1mF7b5_y2CwEiYjbHeRPcds7	SFX - Impacto Dark #54	wav	4.32	CinePRO Sound Design	SFX	
1r7RE05QhITkqsE9PwmSZ966LOo9KEXee	SFX - Impacto Dark #55	wav	5.09	CinePRO Sound Design	SFX	
14MYyddYmnqe7QBST7uq8T1bxOrJCe4pW	SFX - Impacto Dark #56	wav	3.66	CinePRO Sound Design	SFX	
127zbHBPkhFPi5epUi0pVvUVPb5W5ri6C	SFX - Impacto Dark #57	wav	6.21	CinePRO Sound Design	SFX	
1D2_72MHPnmJGk7nLNIrJv2O89783ULY9	SFX - Impacto Dark #58	wav	6.36	CinePRO Sound Design	SFX	
1qHinvvW185nCs2OtYTVbkpFpqyax1nM0	SFX - Impacto Dark #59	wav	4.07	CinePRO Sound Design	SFX	
1fDSEE4jcn2vC76wjF-2D7PIbIMNOM4co	SFX - Impacto Dark #6	wav	6.87	CinePRO Sound Design	SFX	
1HdVXJuiZanzqAN5y-OIVHoU_sF_eFTB4	SFX - Impacto Dark #60	wav	4.93	CinePRO Sound Design	SFX	
13SKabfOrGlCTTqW7D4UGjBcKxXafiymK	SFX - Impacto Dark #61	wav	6.87	CinePRO Sound Design	SFX	
1C2ZxIN8UJa3CKyIqCKSzDsDpouYp6f8z	SFX - Impacto Dark #62	wav	6.87	CinePRO Sound Design	SFX	
1OWOD6lT4HiJMFX1b_g1VNTO5m8kerwIA	SFX - Impacto Dark #63	wav	3.61	CinePRO Sound Design	SFX	
1_KiamgBtYjC_HgBhxmAJ0HVpOSbr7GTu	SFX - Impacto Dark #64	wav	6.87	CinePRO Sound Design	SFX	
1Y4OUYGYRUwIl2c_f3Djly9EcJDwe9QJs	SFX - Impacto Dark #65	wav	4.59	CinePRO Sound Design	SFX	
1Tr0Ub_MkAiJYD_TcQLQUwLMCFPDiBdXp	SFX - Impacto Dark #66	wav	4.52	CinePRO Sound Design	SFX	
13YGGP_x2TL9MJqEwKE2wYE97kt9Jyzjy	SFX - Impacto Dark #67	wav	4.38	CinePRO Sound Design	SFX	
1of4isla_xZ-TdwH1lEtto0yyDMFn8JMK	SFX - Impacto Dark #68	wav	6.87	CinePRO Sound Design	SFX	
1wv_eZzugAu_s6B-Ek56zfR2e2M8fId6r	SFX - Impacto Dark #69	wav	6.87	CinePRO Sound Design	SFX	
1Au_QYyV4Zrn743T8N1qqjDkxCnLgBnCx	SFX - Impacto Dark #7	wav	6.87	CinePRO Sound Design	SFX	
1PVihOd7EdX1fUV7gDwAzVsaiD3111YEu	SFX - Impacto Dark #70	wav	1.79	CinePRO Sound Design	SFX	
19ZRNQnFHrQflx1xeeOmU6Cr_OXQ1IEl1	SFX - Impacto Dark #71	wav	3.06	CinePRO Sound Design	SFX	
1Os0M3pc3QzgABcr3N1yFumlib53bimMA	SFX - Impacto Dark #72	wav	3.12	CinePRO Sound Design	SFX	
1rv8n4f_4URP00lTmzMum70g3nDUnCyUy	SFX - Impacto Dark #73	wav	3.09	CinePRO Sound Design	SFX	
1NJmIng0y4R0oczAhZjurn1pR6KDaVw7N	SFX - Impacto Dark #74	wav	3.7	CinePRO Sound Design	SFX	
1YXdLc8RcWod0UjR6Us-w3EONiJ7vx5ly	SFX - Impacto Dark #75	wav	6.87	CinePRO Sound Design	SFX	
1V2u1Ko_i6Pc4QLHntAxyKSj8HEJHgkj_	SFX - Impacto Dark #76	wav	5.31	CinePRO Sound Design	SFX	terror
1bPYwiwtuMXwcxpNkT48jBkOdgADYdh-A	SFX - Impacto Dark #77	wav	3.87	CinePRO Sound Design	SFX	terror
11NhsB1xo5Q32e3mb3vJuoedz1zo9EPzx	SFX - Impacto Dark #78	wav	6.18	CinePRO Sound Design	SFX	
1i0tnShLiwKe-Xrw5ZybS1PLUCEU8YuaQ	SFX - Impacto Dark #79	wav	6.87	CinePRO Sound Design	SFX	
1zfUO3X-nbJXLaeJzpcec1ueR6vmCU8Ic	SFX - Impacto Dark #8	wav	4.97	CinePRO Sound Design	SFX	terror
1bQAS_CLGfgjHDrbxvci_7LsurDR8dSbW	SFX - Impacto Dark #80	wav	3.74	CinePRO Sound Design	SFX	
1gIEylimLovJJQrUqvrJO4QAnECipR8m7	SFX - Impacto Dark #81	wav	4.71	CinePRO Sound Design	SFX	terror
1kVMEHizB1cM4CExmcEJ7dH8wOW-KbQpe	SFX - Impacto Dark #82	wav	6.87	CinePRO Sound Design	SFX	terror
1gapAlB62fDOW-5Gj_ROfY7J_Dj8fZhVO	SFX - Impacto Dark #83	wav	4.33	CinePRO Sound Design	SFX	terror
14NNrskM3LtWO-LjKLgguw4JutrsLeYng	SFX - Impacto Dark #84	wav	5.05	CinePRO Sound Design	SFX	terror
1HjIgaA4XhXIfY0EsOMRq27_B43Dpr58u	SFX - Impacto Dark #85	wav	3.75	CinePRO Sound Design	SFX	terror
1j-UAUT1D7yDOaX4KzgD0z8yfQzaoI7vj	SFX - Impacto Dark #86	wav	6.87	CinePRO Sound Design	SFX	terror
1rVfaEDmMNczdFBuZvXB3ZsUgb_mei_Mm	SFX - Impacto Dark #87	wav	3.48	CinePRO Sound Design	SFX	terror
1VWULDHowgPQ8Wb10IEm2JlEyxJUrJt8V	SFX - Impacto Dark #88	wav	5.15	CinePRO Sound Design	SFX	terror
1CmesEDe_PIfHWSbaqebfPLZsoWa-C_Dc	SFX - Impacto Dark #89	wav	4.5	CinePRO Sound Design	SFX	terror
1nsvrFjOIS3HSIXt0n4-sEXaydjzOfqWA	SFX - Impacto Dark #9	wav	1.4	CinePRO Sound Design	SFX	terror
1zHYlsYhzV2NEM_eiCysLLVc3HyHm_liB	SFX - Impacto Dark #90	wav	6.3	CinePRO Sound Design	SFX	terror
16xgGqBEl49SIzg7wUpC2RgPc3aFhmczQ	SFX - Impacto Dark #91	wav	3.6	CinePRO Sound Design	SFX	terror
1tE-TlKPF9otlRn0gQDfyIYNTOJpiu8EQ	SFX - Impacto Dark #92	wav	4.93	CinePRO Sound Design	SFX	terror
19nrpIh99k44GfjMT7xT_R9A1TajwdMfe	SFX - Impacto Dark #93	wav	5.62	CinePRO Sound Design	SFX	terror
1-19PDPtHElWUe5HQdDlS3eJuv8SbOWQ1	SFX - Impacto Dark #94	wav	3.21	CinePRO Sound Design	SFX	terror
1fdBn6Gtf4RAjHnu0LBw_CwlRRBo6dglL	SFX - Impacto Dark #95	wav	6.87	CinePRO Sound Design	SFX	terror
1NBQmmxH85emP7-8Kr6nP6JEb-Jb1DtLB	SFX - Impacto Dark #96	wav	3.97	CinePRO Sound Design	SFX	terror
1CBQpt5vfbAor-WygHEeIkIHaXI27wvFY	SFX - Impacto Dark #97	wav	1.13	CinePRO Sound Design	SFX	terror
1_JzsLaxs0kbpBjwq4gSjJ2LUVomwacvK	SFX - Impacto Dark #98	wav	6.87	CinePRO Sound Design	SFX	terror
1i0kNQJxcrVKFl0Cz9vT66Dk3KBagRkKc	SFX - Impacto Dark #99	wav	3.94	CinePRO Sound Design	SFX	terror
1CPdLkTBtjiJwn-QQ-TUWSWfIj3hi7dO9	SFX - Impacto Deep #1	wav	5.24	CinePRO Sound Design	SFX	
13MKxWd70eEh46TUcDi_EhL7OwB1UPe5U	SFX - Impacto Deep #10	wav	6.94	CinePRO Sound Design	SFX	
1PpLEXqQO_cKJhAMlTYTLau1MEEaC3XZz	SFX - Impacto Deep #100	wav	6.9	CinePRO Sound Design	SFX	
1uraMBjv7YFAHeUYe5VAFaqn955Wx5XSp	SFX - Impacto Deep #101	wav	6.9	CinePRO Sound Design	SFX	
15DEutxNqOgqhQVqe98aOkOPSTWpykTFE	SFX - Impacto Deep #102	wav	6.9	CinePRO Sound Design	SFX	
1lQwYIs9qGn51kDifx5cUfv9PvateKqMj	SFX - Impacto Deep #103	wav	3.23	CinePRO Sound Design	SFX	
10tMFsUeX7w714H6es5cu4oiqARawx1yD	SFX - Impacto Deep #104	wav	3.21	CinePRO Sound Design	SFX	
1H6xObb_obByygq9HyekpDLXz0cQ0NJ0d	SFX - Impacto Deep #105	wav	6.9	CinePRO Sound Design	SFX	
1QzUoWl2DsxeqmWilrUro8MHdeGuFYV4i	SFX - Impacto Deep #106	wav	6.9	CinePRO Sound Design	SFX	
1lKW8c3aICWGENMm-Y-sr5d9wwvUGZENL	SFX - Impacto Deep #107	wav	6.9	CinePRO Sound Design	SFX	
1oXlYdM3-nvu3cp-gswyrEG30LfvySDZI	SFX - Impacto Deep #108	wav	6.9	CinePRO Sound Design	SFX	
1nFB1qsPuO_3Nna-3a3bYfuJ32plPtgcV	SFX - Impacto Deep #109	wav	5.19	CinePRO Sound Design	SFX	
1YYzqSdXfhbf3zqVW9ns_1w7kyxWwDRBH	SFX - Impacto Deep #11	wav	6.95	CinePRO Sound Design	SFX	
1QuLZAQIf3LImnMrkR7KqWoaXz4Be3_4X	SFX - Impacto Deep #110	wav	6.9	CinePRO Sound Design	SFX	
1W12CgnSz48AJSKSRM6SQrtw-4YBoQe1W	SFX - Impacto Deep #111	wav	6.9	CinePRO Sound Design	SFX	
18cmDOiB_sQlXMXgcXV0oB1v9lsgXKv_Q	SFX - Impacto Deep #112	wav	6.9	CinePRO Sound Design	SFX	
1bCL3AyyqUwmMR8xOKPIG2kGLtFTL6FU9	SFX - Impacto Deep #113	wav	3.68	CinePRO Sound Design	SFX	
1vou88G_A_oq-4IiXs-a0PP8O_zBRngp2	SFX - Impacto Deep #114	wav	5.97	CinePRO Sound Design	SFX	
1Tyhrn2KxP-Yk0kiWS2zKDoIEwC95KdRb	SFX - Impacto Deep #115	wav	6.88	CinePRO Sound Design	SFX	
1l_d_cwvqYyxdQOhdOW3p8khAyA2cilTm	SFX - Impacto Deep #116	wav	6.9	CinePRO Sound Design	SFX	
1ntH-GMQMhSJb2W7bj1OkBoIQG43E4jtJ	SFX - Impacto Deep #117	wav	6.6	CinePRO Sound Design	SFX	
1KF3wSredm7rvPZyQ48tRX4VoLpFi3eIX	SFX - Impacto Deep #118	wav	6.63	CinePRO Sound Design	SFX	
1DI0ulzRQoRNOHBMbiP6U1FNEgIaB9sXu	SFX - Impacto Deep #119	wav	6.88	CinePRO Sound Design	SFX	
1cZab0MCclpnBLYa7NwgkJ1V8jvIWkMjJ	SFX - Impacto Deep #12	wav	6.94	CinePRO Sound Design	SFX	
1HU6cq3OyEZevx8oAS9VccsmGiPvieehc	SFX - Impacto Deep #120	wav	3.98	CinePRO Sound Design	SFX	
1n0N_Zp9OB3cn4IqyA_0sXq4GYTsn4O6L	SFX - Impacto Deep #121	wav	5.5	CinePRO Sound Design	SFX	
1rnsOdMOQiwjcaMX46QQMMU13LN3cafWP	SFX - Impacto Deep #122	wav	4.6	CinePRO Sound Design	SFX	
13ktmK30KKf8Nm9xpeAPaWF74MiL-u5md	SFX - Impacto Deep #13	wav	6.94	CinePRO Sound Design	SFX	
1A2_YfiAH4Jks9IDbRaj9yiCFFmRUtY2O	SFX - Impacto Deep #14	wav	6.94	CinePRO Sound Design	SFX	
12UgyRV7mwxYVdUPRwJFdrNGPbagt9DZx	SFX - Impacto Deep #15	wav	6.94	CinePRO Sound Design	SFX	
1xcUfSje5er8MMqF5VyW103fuF7h1-Agu	SFX - Impacto Deep #16	wav	6.94	CinePRO Sound Design	SFX	
1d-EaL4q3-WD1KzaaD3i7NShwrzW9_az3	SFX - Impacto Deep #17	wav	6.94	CinePRO Sound Design	SFX	
1duo8u_bqSAQHGtrmmxpTHRckgWApDNE1	SFX - Impacto Deep #18	wav	6.94	CinePRO Sound Design	SFX	
1DDXEDTSIBL3z00D9XZVKc7sG4P6SisJu	SFX - Impacto Deep #19	wav	6.94	CinePRO Sound Design	SFX	
1qtrD9mEcSyxHVLaqUZBi2eKv14957nZP	SFX - Impacto Deep #2	wav	5.69	CinePRO Sound Design	SFX	
1htVM3CjGg00lcZBP5c_5hlj5u3u_JkMn	SFX - Impacto Deep #20	wav	6.94	CinePRO Sound Design	SFX	
1Ax05jK_DvQZMWj4IWZgugTOJhkgDvd2W	SFX - Impacto Deep #21	wav	6.94	CinePRO Sound Design	SFX	
1Tp5bnfrnEhWVz4QP5CVdknhZ7A5D7Vqh	SFX - Impacto Deep #22	wav	6.94	CinePRO Sound Design	SFX	
1tZ5_VxRj0LHd5grztJna6JUZp14NR3dy	SFX - Impacto Deep #23	wav	6.94	CinePRO Sound Design	SFX	
1IbCmZzNVuqTEmCidIK7-TA_XXyJCz2M4	SFX - Impacto Deep #24	wav	6.94	CinePRO Sound Design	SFX	
10DqA4fcJwW8a0YDT3RlteqlD-bB4Eie6	SFX - Impacto Deep #25	wav	6.94	CinePRO Sound Design	SFX	
1yWbgbuaXcnYK1b6rwa4SKE0zWrRgcHpm	SFX - Impacto Deep #26	wav	6.94	CinePRO Sound Design	SFX	
12ejYxnVCjsFj6lqxFHiqVM9CEOgK_ogf	SFX - Impacto Deep #27	wav	6.94	CinePRO Sound Design	SFX	
1Br0KA6Weytl1L5zjyKOaEu9RzRiREH_w	SFX - Impacto Deep #28	wav	6.94	CinePRO Sound Design	SFX	
1w-QM8yXfuCskZluDE8f-RRBrXYOB6lKG	SFX - Impacto Deep #29	wav	6.94	CinePRO Sound Design	SFX	
1xOvgZMU8UcNS_Rw5GnW39dvaXhWsqwH9	SFX - Impacto Deep #3	wav	3.87	CinePRO Sound Design	SFX	
1Y8BcBidF5bnEmro9nYieosvYb1jfqtdY	SFX - Impacto Deep #30	wav	6.94	CinePRO Sound Design	SFX	
1HMqAKh_2MYSeJt7Ayh6T1MInxMQk6tWE	SFX - Impacto Deep #31	wav	6.94	CinePRO Sound Design	SFX	
1Enl12A4vygxjHPjMBnhIL8LmeKt0a6N_	SFX - Impacto Deep #32	wav	6.94	CinePRO Sound Design	SFX	
1mcWLHfoa0_bkslYHosWCHJM5O5ZeUWiM	SFX - Impacto Deep #33	wav	6.94	CinePRO Sound Design	SFX	
1ft9ho_-gVMMCvkK15l57hj9sDtWV2ity	SFX - Impacto Deep #34	wav	6.94	CinePRO Sound Design	SFX	
1kErnYGboEqu8K7KJfha2zDDzlN-wuzvm	SFX - Impacto Deep #35	wav	6.94	CinePRO Sound Design	SFX	
1m2zVcisUJapGWft12XaOHLFghBv5zOZK	SFX - Impacto Deep #36	wav	6.94	CinePRO Sound Design	SFX	
1PweVI8cAWnXr1I5LAZivz3uF72hivnuI	SFX - Impacto Deep #37	wav	6.94	CinePRO Sound Design	SFX	
1BfZTKPIC3icgNdzDnLJWHK1cfc4tFMOX	SFX - Impacto Deep #38	wav	6.95	CinePRO Sound Design	SFX	
1zWF5S2HarivT-7ql9m1ux7wjBeXnsZCE	SFX - Impacto Deep #39	wav	6.94	CinePRO Sound Design	SFX	
1jMbC6gmWS3F1-spoJpSGlcoMaQ26c1IF	SFX - Impacto Deep #4	wav	3.23	CinePRO Sound Design	SFX	
1Xu9l9Ok80tiTIe51CDtB5rQw6t3QrrKY	SFX - Impacto Deep #40	wav	6.94	CinePRO Sound Design	SFX	trailer
1MofMGb4YMTYZKAawkRlCJy3Oj_ybH441	SFX - Impacto Deep #41	wav	6.94	CinePRO Sound Design	SFX	trailer
1BE0G54Hq31yYRMueQzvObM2TQbxB4KU3	SFX - Impacto Deep #42	wav	6.94	CinePRO Sound Design	SFX	trailer
1IVcjc0AnAjMZ0OzoZL9M2MeVpoxJbJmF	SFX - Impacto Deep #43	wav	6.94	CinePRO Sound Design	SFX	trailer
1Q0cyVr4kSaWb87UBVILlW4yr4DMGZxA6	SFX - Impacto Deep #44	wav	6.94	CinePRO Sound Design	SFX	trailer
1Hwk97rFWqUbZVnH5gfdEfQOimsXYE21T	SFX - Impacto Deep #45	wav	6.94	CinePRO Sound Design	SFX	trailer
1lrZjBCSzQ-QZnnyVUBkE72yoalt-Lr0a	SFX - Impacto Deep #46	wav	6.94	CinePRO Sound Design	SFX	trailer
1QQ-IHFcQGXU7Zr4NMGE7S1vHwEIaHWTe	SFX - Impacto Deep #47	wav	6.94	CinePRO Sound Design	SFX	trailer
1rdPCzwmKgpnLzNFMiHUCjeKD1ds6biJ8	SFX - Impacto Deep #48	wav	6.94	CinePRO Sound Design	SFX	trailer
1Nj6JAoqZpSRoBOBLiN5T3VSp_68Xx7hb	SFX - Impacto Deep #49	wav	6.94	CinePRO Sound Design	SFX	trailer
1qRdjJJdhesUUHAhrz5U2msgNuDP0gHPU	SFX - Impacto Deep #5	wav	4.84	CinePRO Sound Design	SFX	trailer
1Y74fzwezQLBvU0MR3LS9pkBMt__E-_I5	SFX - Impacto Deep #50	wav	6.94	CinePRO Sound Design	SFX	trailer
18LR_6U5z2BO5wy66fsZ4yZ1-SREQp8np	SFX - Impacto Deep #51	wav	6.94	CinePRO Sound Design	SFX	trailer
1GsixeYNlhcR56U4h8TfmbmRIAjmeAmD0	SFX - Impacto Deep #52	wav	6.94	CinePRO Sound Design	SFX	trailer
1PR4ckVJOfEXHF4Q_zeoatZREFWFpoq3H	SFX - Impacto Deep #53	wav	6.94	CinePRO Sound Design	SFX	trailer
18jGhFzBbityz84Etwh6Wqmr_zzUc_B_Z	SFX - Impacto Deep #54	wav	6.94	CinePRO Sound Design	SFX	trailer
1gM1pmGmhO9tdaF6AMknQCh07C4z_I5TL	SFX - Impacto Deep #55	wav	6.94	CinePRO Sound Design	SFX	trailer
10jJ773QKGAdDhJIl8UlY_YKNsu5fDm-f	SFX - Impacto Deep #56	wav	6.94	CinePRO Sound Design	SFX	trailer
1covLCdRSXpquKQHI05cSy633QleXqVyw	SFX - Impacto Deep #57	wav	6.94	CinePRO Sound Design	SFX	trailer
1lr7S9bTEYC_yKIZOqr4IsnheMuKJuDr9	SFX - Impacto Deep #58	wav	6.94	CinePRO Sound Design	SFX	trailer
1NbL4Y6ckXCLBEru1rBV1ZFrLbmZoKv7D	SFX - Impacto Deep #59	wav	6.94	CinePRO Sound Design	SFX	trailer
1SnL4VZzKGxezAhwd0n8JmrHz29GfYQsi	SFX - Impacto Deep #6	wav	6.94	CinePRO Sound Design	SFX	
1WUq-NDu0MvzXtMiUhV_4iHX3C1yw8hZa	SFX - Impacto Deep #60	wav	6.94	CinePRO Sound Design	SFX	trailer
1SEviiFeB4AI9Q_G1Ef98LJc_Tmfdx2zd	SFX - Impacto Deep #61	wav	6.94	CinePRO Sound Design	SFX	trailer
1DLdI_GMBvTyKnEq2-tjxLicwpZVbsnvM	SFX - Impacto Deep #62	wav	6.94	CinePRO Sound Design	SFX	trailer
146xO9ETxZmNgaCkV9trGHJsw8_3NMjPN	SFX - Impacto Deep #63	wav	6.94	CinePRO Sound Design	SFX	trailer
1xWVpWytwuYejD13aOxZHQkwCcTgRo3ym	SFX - Impacto Deep #64	wav	6.94	CinePRO Sound Design	SFX	trailer
13pJ3jiALovQaCPyotrzmcRsWVHvWpYJn	SFX - Impacto Deep #65	wav	6.95	CinePRO Sound Design	SFX	trailer
1rheKK4t4b3tUvYYKMqowbhVY1yfhEFpc	SFX - Impacto Deep #66	wav	6.94	CinePRO Sound Design	SFX	trailer
1KMmYYCq2LT48_boFSo_a9TljpA6NOkRW	SFX - Impacto Deep #67	wav	6.94	CinePRO Sound Design	SFX	trailer
1VFK6l96P92oSra9FkaoLTBP8XNWQFVZ3	SFX - Impacto Deep #68	wav	6.95	CinePRO Sound Design	SFX	trailer
1rRi6sdK3xtSiuyzoDwf8xndlGwn8LA0O	SFX - Impacto Deep #69	wav	6.95	CinePRO Sound Design	SFX	trailer
1wYofLRWZxlOhRoE7Gn5848hcDlPFGw9w	SFX - Impacto Deep #7	wav	6.94	CinePRO Sound Design	SFX	trailer
1OdljI1pMvZzn59o4YpXx93zTqLXMbHqE	SFX - Impacto Deep #70	wav	6.94	CinePRO Sound Design	SFX	trailer
1cqcaTVpNyy5bhw9cRwWRxhAaYVy7hGxT	SFX - Impacto Deep #71	wav	6.94	CinePRO Sound Design	SFX	trailer
1qYUON3_8cggNaX6fZuPXqgosz4qUyi0v	SFX - Impacto Deep #72	wav	6.95	CinePRO Sound Design	SFX	trailer
1fXi9wO3V6Bf6V41AvRVB-BlRCV0e_nRx	SFX - Impacto Deep #73	wav	6.94	CinePRO Sound Design	SFX	trailer
1HNQ3_MYFyQpScnLsHhO6r7k16_ir4C7G	SFX - Impacto Deep #74	wav	6.94	CinePRO Sound Design	SFX	trailer
105QwIMP8rjaW6p887ijvmp_SgvuPlMgN	SFX - Impacto Deep #75	wav	4.8	CinePRO Sound Design	SFX	trailer
1ikmHj-7SlCaT1c-kPxQLIST3_TTEQsED	SFX - Impacto Deep #76	wav	6.95	CinePRO Sound Design	SFX	trailer
13hZsI0oc1EG055hUqDf-EWeo0vYeT79n	SFX - Impacto Deep #77	wav	6.9	CinePRO Sound Design	SFX	trailer
1TAQqk0w4CRkHwwHBGq-NU1kcYlo6xxp0	SFX - Impacto Deep #78	wav	5	CinePRO Sound Design	SFX	trailer
1fMW-pB-6nVoWkCjlyellUcIqfec7ynsF	SFX - Impacto Deep #79	wav	5.74	CinePRO Sound Design	SFX	trailer
1vJSa8bvHmXUxoCwV203ME9MHBzL60ugz	SFX - Impacto Deep #8	wav	6.94	CinePRO Sound Design	SFX	trailer
1AnnGb8aMu3bqy56WuLHB4c4XGgYHQ97p	SFX - Impacto Deep #80	wav	3.42	CinePRO Sound Design	SFX	trailer
190cMcsT6_8a0cXfrR3rpNYw3Rhk6qAPh	SFX - Impacto Deep #81	wav	6.9	CinePRO Sound Design	SFX	trailer
1tMt4zyX479CDY5_RaeJW5OnJ5W2NplXt	SFX - Impacto Deep #82	wav	6.9	CinePRO Sound Design	SFX	trailer
1EYNK_40kjFdhUUwAW1Xf-Qt4QFU6NcLC	SFX - Impacto Deep #83	wav	6.9	CinePRO Sound Design	SFX	trailer
1k6po8aL89ujT8CLXNZLSC9AKPt4t1Yqt	SFX - Impacto Deep #84	wav	6.88	CinePRO Sound Design	SFX	trailer
1kbiGPuhKwEhnL2k_JggwQknSCOrKmNCd	SFX - Impacto Deep #85	wav	6.9	CinePRO Sound Design	SFX	trailer
1CLcsYE9yZZ8I-C-V6FhA1WKzXopVVEZE	SFX - Impacto Deep #86	wav	6.9	CinePRO Sound Design	SFX	trailer
1u4lcQRSxCoWGlpDu58MITS3JipUP33P8	SFX - Impacto Deep #87	wav	6.9	CinePRO Sound Design	SFX	trailer
15v9_3ynSVXRtsV09DXPEiyJwszGYWQLb	SFX - Impacto Deep #88	wav	6.9	CinePRO Sound Design	SFX	trailer
1GWDaHZFHVUfag0sRM_ghgJW3ieNFXqz1	SFX - Impacto Deep #89	wav	6.9	CinePRO Sound Design	SFX	trailer
1WhfeVGPJ7glxai0NCht4Pwv3dJDooAK4	SFX - Impacto Deep #9	wav	6.94	CinePRO Sound Design	SFX	trailer
1W-bVKJs3eYPKZWjvPCMz7p6A5Wz_f8P9	SFX - Impacto Deep #90	wav	6.88	CinePRO Sound Design	SFX	trailer
19bRoBzV_ZleTco8SaTwpgJ_yrDi7q8AZ	SFX - Impacto Deep #91	wav	4.67	CinePRO Sound Design	SFX	trailer
1t5TxcieSY29XYAQzP5In5_79y27DNKlM	SFX - Impacto Deep #92	wav	6.87	CinePRO Sound Design	SFX	trailer
1NSeEWf5pGX1G-y3pRVOhZidL-XCVzyLW	SFX - Impacto Deep #93	wav	6.9	CinePRO Sound Design	SFX	trailer
1HqYtu_40Pj4jr_Ghn04g8ngqBpomT5iE	SFX - Impacto Deep #94	wav	6.9	CinePRO Sound Design	SFX	trailer
1yGCdW3WcVYTViqHrmhBnUnujOkaCJc4a	SFX - Impacto Deep #95	wav	6.9	CinePRO Sound Design	SFX	trailer
1OwbkhHRBiABCLFZdxU66GbaKOH8TkuES	SFX - Impacto Deep #96	wav	6.89	CinePRO Sound Design	SFX	trailer
1gBGGREBTF4zFUXGKhM-9rr6lhDKx72UW	SFX - Impacto Deep #97	wav	6.9	CinePRO Sound Design	SFX	trailer
16BCN4MRnLQdKno0d5MkoPc6qou4m8gBP	SFX - Impacto Deep #98	wav	6.19	CinePRO Sound Design	SFX	trailer
1KUFIgBPqtxUYeVrdT4sxWMXjfCVZEMV_	SFX - Impacto Deep #99	wav	4.46	CinePRO Sound Design	SFX	trailer
1H21Ku47GfUTOc19NhSqPDdTBnjjiU9Ay	SFX - Impacto Rochoso	wav	8.29	CinePRO Sound Design	SFX	gaming
15QxAv6qBuC8Z2dxOzOf9sZBch9aAHiYK	SFX - Impacto Rochoso (Panorâmica)	wav	8.28	CinePRO Sound Design	SFX	gaming
1pwmbLDehIBUxWXCIhLbmKwJaTFKKjxNw	SFX - Impacto Sci-Fi & Cyberpunk #1	wav	4.35	CinePRO Sound Design	SFX	
1GsD7p5rTp_6A_YxLTXuHYq2v7xJQq6oh	SFX - Impacto Sci-Fi & Cyberpunk #10	wav	6.87	CinePRO Sound Design	SFX	
1be4wO7imBnzrXEsKXaNLfHFweJ2iz6bW	SFX - Impacto Sci-Fi & Cyberpunk #11	wav	5.24	CinePRO Sound Design	SFX	
1hGtp_xulGmStOVpSm1fSXzip5UMmHcHu	SFX - Impacto Sci-Fi & Cyberpunk #12	wav	5.7	CinePRO Sound Design	SFX	
1Zzb1ZBaPhvYqLVTRZuPoNoHp4xYOjQAF	SFX - Impacto Sci-Fi & Cyberpunk #13	wav	4.66	CinePRO Sound Design	SFX	
1kjL8g2mlhBjBT9057vaUG_BLqRjYStu8	SFX - Impacto Sci-Fi & Cyberpunk #14	wav	6.87	CinePRO Sound Design	SFX	
1ZHNjsxFD34AWQVD7EB0LpGeOwcMd4K0o	SFX - Impacto Sci-Fi & Cyberpunk #15	wav	6.74	CinePRO Sound Design	SFX	
1w6wh_SbpU15AjBDa8MnKjeOG0opIL6jg	SFX - Impacto Sci-Fi & Cyberpunk #16	wav	6.65	CinePRO Sound Design	SFX	
1mkNPKLJ1PcLXJSVIHReFxe-Myu020Ir_	SFX - Impacto Sci-Fi & Cyberpunk #17	wav	6.84	CinePRO Sound Design	SFX	
14N6yzwMZGKefJ_7HQU4S8rWXU13_PXnA	SFX - Impacto Sci-Fi & Cyberpunk #18	wav	5.12	CinePRO Sound Design	SFX	
1Xr1t4Js_8ztXJerh5a0_FqzOGFP2BRDD	SFX - Impacto Sci-Fi & Cyberpunk #19	wav	6.87	CinePRO Sound Design	SFX	
18fUVFZ0tZ_IRuodMJ-DjQXnxdYwE1pFT	SFX - Impacto Sci-Fi & Cyberpunk #2	wav	6.87	CinePRO Sound Design	SFX	
1OHkr_-iyPzVKbl-RvPil9c7of3YJsn89	SFX - Impacto Sci-Fi & Cyberpunk #20	wav	6.87	CinePRO Sound Design	SFX	
1XV5nRCMtsStZxldbmJ059IpCTLmyHarc	SFX - Impacto Sci-Fi & Cyberpunk #21	wav	3.77	CinePRO Sound Design	SFX	
1sLZ2Zh8kUKcww83LHUqts1aTb8SbFVw3	SFX - Impacto Sci-Fi & Cyberpunk #22	wav	5.72	CinePRO Sound Design	SFX	
1mViXM6WU_beypS0mggVDW9xkH26PqtHf	SFX - Impacto Sci-Fi & Cyberpunk #23	wav	6.87	CinePRO Sound Design	SFX	
18wM_npJXKxfBMsN7_R-OTkDnsyG8fIAo	SFX - Impacto Sci-Fi & Cyberpunk #24	wav	6.37	CinePRO Sound Design	SFX	
1yg9-Z32vTRDULSW8FKukrvD7f8IAV3u1	SFX - Impacto Sci-Fi & Cyberpunk #25	wav	6.42	CinePRO Sound Design	SFX	
11PIVCeIHujkeyBV-JuwBpUQfO5MC84y2	SFX - Impacto Sci-Fi & Cyberpunk #26	wav	6.87	CinePRO Sound Design	SFX	
1YQBvVvyPd1v9DX2r2x99FocqNA6ZEcmf	SFX - Impacto Sci-Fi & Cyberpunk #27	wav	3.81	CinePRO Sound Design	SFX	
1CalQWLZ0nLinSKM7PvErn85HDmyKq4Pf	SFX - Impacto Sci-Fi & Cyberpunk #28	wav	6.87	CinePRO Sound Design	SFX	
1GFnjwT9V6VdutD2DBY991CKfyhHCYgua	SFX - Impacto Sci-Fi & Cyberpunk #29	wav	6.87	CinePRO Sound Design	SFX	
1TyWS43op57q9YKlN6x5Yf4svBBQKPCzF	SFX - Impacto Sci-Fi & Cyberpunk #3	wav	6.87	CinePRO Sound Design	SFX	
1REv0YotzohSZcrb-U-Wm1qu9diVF_X0u	SFX - Impacto Sci-Fi & Cyberpunk #30	wav	6.87	CinePRO Sound Design	SFX	
1Rhso-3GT_JCPCOTxo-XueWONXZoiMSOn	SFX - Impacto Sci-Fi & Cyberpunk #31	wav	5.98	CinePRO Sound Design	SFX	
1H7FJLbogMDmkCadgHLUsvy0mYQ4p6jxu	SFX - Impacto Sci-Fi & Cyberpunk #32	wav	3.53	CinePRO Sound Design	SFX	
1oJfEU6WzfGjSyC2L9K7uaGc6rUas-Sif	SFX - Impacto Sci-Fi & Cyberpunk #33	wav	5.74	CinePRO Sound Design	SFX	
1Xn2fRE0JiGn6ibIpe6Z4s0FbKq3fEwoC	SFX - Impacto Sci-Fi & Cyberpunk #34	wav	6.87	CinePRO Sound Design	SFX	
1Y_66NnRwWe7yMi_y2CBtwhFAZWy7_L9a	SFX - Impacto Sci-Fi & Cyberpunk #35	wav	6.81	CinePRO Sound Design	SFX	
1lPMsumTlsN46eHvp9zkyZMic-aRl4WsN	SFX - Impacto Sci-Fi & Cyberpunk #36	wav	6.87	CinePRO Sound Design	SFX	
1Ji4C2oE8eejvK_8ve5q4yOKOjDvRmChT	SFX - Impacto Sci-Fi & Cyberpunk #37	wav	6.01	CinePRO Sound Design	SFX	
1L2ImETysXAgDlkIAkSj59_pF4HODQQ36	SFX - Impacto Sci-Fi & Cyberpunk #38	wav	4.43	CinePRO Sound Design	SFX	
1sKEPawXVXRLdm6ls1heqZas10U8VT-57	SFX - Impacto Sci-Fi & Cyberpunk #39	wav	5.22	CinePRO Sound Design	SFX	
1oE3TaFkE-csPyAkj_0WkqFn6SBAtrTLO	SFX - Impacto Sci-Fi & Cyberpunk #4	wav	4.18	CinePRO Sound Design	SFX	
1VwmCY6NMDIWS31RBE0JepuGAcgZTOSR7	SFX - Impacto Sci-Fi & Cyberpunk #40	wav	6.28	CinePRO Sound Design	SFX	
1YubI68iroWBbnRIEj0CwUVh3yXa1qPny	SFX - Impacto Sci-Fi & Cyberpunk #41	wav	6.87	CinePRO Sound Design	SFX	
1A-1RDPhADYQtwt4hEsovtUAJW9oFL0w2	SFX - Impacto Sci-Fi & Cyberpunk #42	wav	5	CinePRO Sound Design	SFX	
1LSfirGPG4fobn0D4g38fzA5yb1L9Vl_x	SFX - Impacto Sci-Fi & Cyberpunk #43	wav	6.87	CinePRO Sound Design	SFX	
1w540QfaS4ItzYS4y67C9oVhepgTq6C2w	SFX - Impacto Sci-Fi & Cyberpunk #44	wav	3.41	CinePRO Sound Design	SFX	
1YKqSDuojqhwwVz9mfaNoBKxHm3w-bNrU	SFX - Impacto Sci-Fi & Cyberpunk #45	wav	6.88	CinePRO Sound Design	SFX	
1tohNM96ZZ1t0SuO-HkAGOnMO23enToSn	SFX - Impacto Sci-Fi & Cyberpunk #46	wav	6.63	CinePRO Sound Design	SFX	
1p9NPWdC_iSHbXU_ZPZPblPx8BhepYeyk	SFX - Impacto Sci-Fi & Cyberpunk #47	wav	4.56	CinePRO Sound Design	SFX	
1syoCqrWPvgDseRRz1yWHcmlFz9dpC5tJ	SFX - Impacto Sci-Fi & Cyberpunk #48	wav	6.87	CinePRO Sound Design	SFX	
1Htx6_22PzJP7rqhQwlJHLuIKLVWN535A	SFX - Impacto Sci-Fi & Cyberpunk #49	wav	6.87	CinePRO Sound Design	SFX	
1KbsohozRKyYMlxS4JVjkdxld81rWTOoh	SFX - Impacto Sci-Fi & Cyberpunk #5	wav	6.06	CinePRO Sound Design	SFX	
1xgtDN7HEoENwsR71t9eHcTckvLyHpMlT	SFX - Impacto Sci-Fi & Cyberpunk #50	wav	6.87	CinePRO Sound Design	SFX	
1eJ2-ieZ8n1YCaJbKLOM6DEqbh_KUJh_-	SFX - Impacto Sci-Fi & Cyberpunk #51	wav	6.87	CinePRO Sound Design	SFX	
126D3EZ08_L0q2LT3BaHrrQUxpkbVDrVX	SFX - Impacto Sci-Fi & Cyberpunk #52	wav	6.87	CinePRO Sound Design	SFX	
176-vL2nsHtsSQVFE7Or5-fOwe9QK6jmH	SFX - Impacto Sci-Fi & Cyberpunk #53	wav	4.3	CinePRO Sound Design	SFX	
13r_UJwN2EvJilG-q__GZUlNP_ZsrPbiN	SFX - Impacto Sci-Fi & Cyberpunk #54	wav	6.33	CinePRO Sound Design	SFX	
1mz6a-ZPxtkcNR0X20GBzlIgxwBHES1cR	SFX - Impacto Sci-Fi & Cyberpunk #55	wav	3.5	CinePRO Sound Design	SFX	
11b-pvMkTsUoIT99feXQiK0i0LAcit6fu	SFX - Impacto Sci-Fi & Cyberpunk #56	wav	6.87	CinePRO Sound Design	SFX	
1LTbA9KIbes_zCpRBOWIYqzPBlPw-l2TA	SFX - Impacto Sci-Fi & Cyberpunk #57	wav	6.87	CinePRO Sound Design	SFX	
1eZYBZT9AmHLP0j4zDtglNTCV0-MNwtoA	SFX - Impacto Sci-Fi & Cyberpunk #58	wav	6.87	CinePRO Sound Design	SFX	
1tqq3ERNfybwCtOxUVth0J_DGQgcef7Mi	SFX - Impacto Sci-Fi & Cyberpunk #59	wav	4.88	CinePRO Sound Design	SFX	
1BVv5nEBuiuxmvjVNgfhlGC-I04gCXqHS	SFX - Impacto Sci-Fi & Cyberpunk #6	wav	5.83	CinePRO Sound Design	SFX	
1ML2UNRjnkNh4oP38YRAAAeLSMpCWV-Va	SFX - Impacto Sci-Fi & Cyberpunk #60	wav	4.89	CinePRO Sound Design	SFX	
1Jj4XIJ0NLamqLbX5GpfMd5aTknronG9M	SFX - Impacto Sci-Fi & Cyberpunk #61	wav	5.54	CinePRO Sound Design	SFX	
1hmNmPlhosk4nbJr7Cud87fessPSmcbkg	SFX - Impacto Sci-Fi & Cyberpunk #7	wav	5.04	CinePRO Sound Design	SFX	
1uTpPtF6FvcwxeM0Zj-oSrOjEIK50FTCj	SFX - Impacto Sci-Fi & Cyberpunk #8	wav	6.71	CinePRO Sound Design	SFX	
1-uulGZtPGw2lChSVPp5qKY8BwBWPe2YU	SFX - Impacto Sci-Fi & Cyberpunk #9	wav	6.23	CinePRO Sound Design	SFX	
1478YkHK3EQVT4CsE0G5RL7uMAhVwP31J	SFX - Incineração (Curto-Agudo)	wav	4.91	CinePRO Sound Design	SFX	
1tUTZJPEFd3K9C7pL5bCPj-vN5omyMqes	SFX - Incineração (Curto-Grave)	wav	4.96	CinePRO Sound Design	SFX	
1ZNJafXznkt4E6zTVtb6EM5uDyG7zq1hl	SFX - Incineração (Curto-Médio)	wav	5.03	CinePRO Sound Design	SFX	
13FskP531juQULyvpChEPbvR7W5JxNF-f	SFX - Incineração (Longo-Agudo)	wav	4.98	CinePRO Sound Design	SFX	
1hdjBJZvHq_4iwLNR9xaHGZvzxaFFffNq	SFX - Incineração (Longo-Grave)	wav	4.98	CinePRO Sound Design	SFX	
1oKd8dUD6xX38xZQWxKJKqMN3E93KWHIK	SFX - Incineração (Longo-Médio)	wav	4.98	CinePRO Sound Design	SFX	
16AQRmGqt218tfBhEv5qdM2YPljrEBzPd	SFX - Interferência #1	wav	7.09	CinePRO Sound Design	SFX	
1iAD4ise7EV9hVfv9-2_gJ0r0Q-9_2D8y	SFX - Interferência #10	wav	1.79	CinePRO Sound Design	SFX	
1bRMS6V17jmwGp8e2heXLcff2NeJ-gI_r	SFX - Interferência #11	wav	1.93	CinePRO Sound Design	SFX	
1OkcGQeWwGpSR4aKiNrK9BvuFyuCsMYKJ	SFX - Interferência #12	wav	6.94	CinePRO Sound Design	SFX	
1e6h_J8oMeunbSG6x1i4Hg5eHOOJ-DGRi	SFX - Interferência #2	wav	1.5	CinePRO Sound Design	SFX	
11DjNOv9U0Cd-xOYVrH-hS7PhEQ1E6mxd	SFX - Interferência #3	wav	6.89	CinePRO Sound Design	SFX	
1uDt6dk2RzcwlQf0C0Syq_c7UDnaGtjFs	SFX - Interferência #4	wav	7.14	CinePRO Sound Design	SFX	
1BXRj5ypZYD4EO6cftc3XKP8ZAM_2pYaq	SFX - Interferência #5	wav	7.01	CinePRO Sound Design	SFX	
12sVvm2bES3g4AdcgKXZqZBu9HU0j3szK	SFX - Interferência #6	wav	6.89	CinePRO Sound Design	SFX	
1-_RWf17_YGf6oW_NQeiTA6Hi4aAhTjQj	SFX - Interferência #7	wav	1.68	CinePRO Sound Design	SFX	
1x6gScowqpbKha1FBJGleS3f0muhd-xTS	SFX - Interferência #8	wav	6.9	CinePRO Sound Design	SFX	
1wyPwb5OY5xSZ6_iM2r9BqACjl_8fcj4O	SFX - Interferência #9	wav	6.94	CinePRO Sound Design	SFX	
1qxGI-eNwtEvYxv2V0Xc0zoCfQIN5tZ9B	SFX - Interno	wav	17.8	CinePRO Sound Design	SFX	
1n97sK6MNaeeqtM7dDTJ9JCYrQNw_hQqb	SFX - Interno	wav	29.16	CinePRO Sound Design	SFX	
1pMxs3JAS0sfXL-7aqLMeZ0ip3jSFE3-i	SFX - Interno	wav	9.35	CinePRO Sound Design	SFX	
1F3LWIQARXh0m06l-CpnKxieCj62FClH7	SFX - Interno	wav	10.62	CinePRO Sound Design	SFX	
1RqBkHLsg_VqHGDZcEAp-JVIVh4rm-Oc0	SFX - Interno	wav	90.88	CinePRO Sound Design	SFX	
1geT_WVjXK873QD0mxs4oeBK7Lk5j_0U8	SFX - Interno	wav	49.76	CinePRO Sound Design	SFX	
1eLh9qoUQNrpQ7W5_dbQwXLx5v342mDLP	SFX - Interno	wav	16.3	CinePRO Sound Design	SFX	
1ex_ahienFZ6Mfaj-ygdoaoDs_gZE73Km	SFX - Interno	wav	43.46	CinePRO Sound Design	SFX	
15RGYR-_k--PJu718SX8Uer4jqXcimwyj	SFX - Interno	wav	31.17	CinePRO Sound Design	SFX	
1OulxVsQ_feuXYYrtPqMMKuZ6VbGDhTUR	SFX - Interno	wav	31.71	CinePRO Sound Design	SFX	
1p3dV5Amjetb8YPrN2RT0-JOusisVz1w4	SFX - Interno	wav	34.46	CinePRO Sound Design	SFX	
1YkLRnUovErzDM3eMeAVHSx6ujmeKEv_9	SFX - Interno #1	wav	10.3	CinePRO Sound Design	SFX	
1eDPSeDpoGuOS23ty8zAI_U5ag1TxqxEn	SFX - Interno #1	wav	10.3	CinePRO Sound Design	SFX	
1TgNfDZFKAQ0Qc7tLGevPft4QL-2iOE_p	SFX - Interno #1	wav	5.59	CinePRO Sound Design	SFX	
1imkRgxUQNUpX0Lnr0rW9RR-bTo9Q9APK	SFX - Interno #1	wav	16.52	CinePRO Sound Design	SFX	
1l1pgCromsxCQh40HrqXM-F_InA8D9xAh	SFX - Interno #1	wav	31.13	CinePRO Sound Design	SFX	
11es3iJO-BYkAhc9LMqxT_CRwvwvxprS1	SFX - Interno #1	wav	13.72	CinePRO Sound Design	SFX	
1jJaFDT_4X3bFQyRrheCZ3IYjY3liMDgQ	SFX - Interno #1	wav	15.22	CinePRO Sound Design	SFX	
15gCTEhf8mdqN0L1ntKltQAr1oSSDpW7o	SFX - Interno #1	wav	8.58	CinePRO Sound Design	SFX	
1JLYkG6mg7x4ti_kZJCPDT7zQYvTVnIof	SFX - Interno #1	wav	17.12	CinePRO Sound Design	SFX	
14dMgyHzQfdZKIIpyfY8KWi8OQinR6fo2	SFX - Interno #1	wav	18.88	CinePRO Sound Design	SFX	
1AfruRzZLhmzaTkdC2sP5b1vEm1bUnP_N	SFX - Interno #1	wav	16.3	CinePRO Sound Design	SFX	
15GSizPJNdd9hc6Eyr7nFOrEBlQM1PnOK	SFX - Interno #1	wav	25.72	CinePRO Sound Design	SFX	
1L6OIDu0zWcjuIAyey3fIqD_CV5UD_jEa	SFX - Interno #1	wav	8.57	CinePRO Sound Design	SFX	
1cbuKqd661UWxnyE2vJWqmUcHCZrp-1Uc	SFX - Interno #1	wav	23.76	CinePRO Sound Design	SFX	
1p-ouUovDCyDtXmz5uMKMk79ulgXhscjW	SFX - Interno #1	wav	31.51	CinePRO Sound Design	SFX	
14neK95mWExwNx8Qq4pSiFbxl5hXjrhDo	SFX - Interno #1	wav	14.8	CinePRO Sound Design	SFX	
1yt3daeKqiJzxq1m944sPRcLWk4Og7qFk	SFX - Interno #1	wav	12.22	CinePRO Sound Design	SFX	
1iLiH3OVwTXdWL-7MEMFt0SEy7nWawt2W	SFX - Interno #1	wav	13.3	CinePRO Sound Design	SFX	
1RIeeW_3f9u2myCR8ytlAvWdi_PMfyfns	SFX - Interno #1	wav	42.89	CinePRO Sound Design	SFX	
1sOgiwndkcGizR5Z9MvXZ5vJciK0mhB5E	SFX - Interno #1	wav	18.03	CinePRO Sound Design	SFX	
1P6ZS4iwL1btJdlPAx4eUtYcFXiGPEO-t	SFX - Interno #1	wav	9.67	CinePRO Sound Design	SFX	
1-UrgGUi9J_ncbAHFyineJvh1SFFkg2nF	SFX - Interno #1	wav	8.15	CinePRO Sound Design	SFX	
1Gg-6Sn7Enu9hEfyuRDJBbNq8E4xdKBL1	SFX - Interno #1	wav	15.87	CinePRO Sound Design	SFX	
1gM7Wyln0ym_vGAnOMj4BRNhUZhw7rgIO	SFX - Interno #1	wav	12.43	CinePRO Sound Design	SFX	
1CPYSlpAjPOi8IqFAQDuXyI357qggYq4h	SFX - Interno #1	wav	11.58	CinePRO Sound Design	SFX	
1YFcEmE8Ya-uzVl183DHk6BUxE9NVE_8R	SFX - Interno #1	wav	11.15	CinePRO Sound Design	SFX	
1FGTGu4ekUlpjHjom8JbjOUtLnHs93lA3	SFX - Interno #1	wav	9.65	CinePRO Sound Design	SFX	
11E7x0LjKZHnPofTJsMs3ekTEXt2cHG9E	SFX - Interno #1	wav	47.16	CinePRO Sound Design	SFX	
1yH5EOvWuKe2GK6wX-Oad_GQxmmUGZZ1i	SFX - Interno #1	wav	35.59	CinePRO Sound Design	SFX	
16YbnY6PYgIq3fmvjX3fmyIhdVwhrY4uS	SFX - Interno #1	wav	24.02	CinePRO Sound Design	SFX	
1c2-uJWMnn4FCOf2X4THek2HawPcEMUJH	SFX - Interno #1	wav	19.96	CinePRO Sound Design	SFX	
1LvVI6FBDa3lQerFqFygx3KwaQhwoXoty	SFX - Interno #1	wav	49.73	CinePRO Sound Design	SFX	
1D7hPxcVmMfaBC48siTyIWCBF3HXSuXSH	SFX - Interno #1	wav	33.65	CinePRO Sound Design	SFX	
1e3YlaQg9uZAJ7J1coYNTI38NwBDRfxVL	SFX - Interno #1	wav	39.98	CinePRO Sound Design	SFX	
1SaXCEYHjhQOq0QmsTjL4TlX4nAc1ASKD	SFX - Interno #1	wav	74.18	CinePRO Sound Design	SFX	
1aAkfbKoyb9gPA5pUo-v1c17ewT84wnYO	SFX - Interno #2	wav	9.01	CinePRO Sound Design	SFX	
16-qbblzY7TrhXEnGWWaH9Chr6Us_xsei	SFX - Interno #2	wav	28.92	CinePRO Sound Design	SFX	
1SW65Cr5uee4kNA7aVUYJAPyqriO1RVzV	SFX - Interno #2	wav	28.86	CinePRO Sound Design	SFX	
148Z6-Z9Ure_IiCnQzfrGeU5Zin_yuhbD	SFX - Interno #2	wav	24.93	CinePRO Sound Design	SFX	
1_BbpQf2pWVliqQbY1bWNxprUsSw5ecad	SFX - Interno #2	wav	27.44	CinePRO Sound Design	SFX	
1XdKFklAMju7q6Vncog7XAVs9szAraibM	SFX - Interno #2	wav	12.18	CinePRO Sound Design	SFX	
1i6KSLRowsDxSllX92f2MTnr3kPME5qvm	SFX - Interno #2	wav	20.59	CinePRO Sound Design	SFX	
1x8poO2JvQ6INL67Ou4aoGTL-dwsjhtrL	SFX - Interno #2	wav	17.14	CinePRO Sound Design	SFX	
1Z-WJPtmdM2Ihky1QQACvDJZf4DmWseKS	SFX - Interno #2	wav	12.01	CinePRO Sound Design	SFX	
1SucDxMIm5YP1d-Jrouijpcs5xow-mu4O	SFX - Interno #2	wav	10.3	CinePRO Sound Design	SFX	
1N6iUf5anizPCaNzbhdB4NnRAoZO2lLu9	SFX - Interno #2	wav	12.93	CinePRO Sound Design	SFX	
1x162DMPDifk1vJMcPQ38f-grGej5iAGm	SFX - Interno #2	wav	14.92	CinePRO Sound Design	SFX	
1HgDMQtFuwEAnr2rlGhgouTX3olcKG4DS	SFX - Interno #2	wav	18.53	CinePRO Sound Design	SFX	
1Cu5eZJNcZnA0AvNk7J5MAu3cIiQxoub9	SFX - Interno #2	wav	14.58	CinePRO Sound Design	SFX	
11PudwIU9h7KRBiq4reimFu5HAEDoDmSC	SFX - Interno #2	wav	28.57	CinePRO Sound Design	SFX	
1ntw3_z-Gr81-sKT1RAO7d7NEEyYJEIDN	SFX - Interno #2	wav	18.83	CinePRO Sound Design	SFX	
1Awb-IiMsN6B-1iMnL2_SNr7R2aJYXepj	SFX - Interno #2	wav	32.19	CinePRO Sound Design	SFX	
17BvTKwJHDD6KUJlxcJoNpRzlH2vhOR7s	SFX - Interno #2	wav	37.59	CinePRO Sound Design	SFX	
1trVr-mAS25huhbnzTgz-iaAjR7NkYi1J	SFX - Interno #2	wav	21.97	CinePRO Sound Design	SFX	
1i10k43OmpuwMhAir7bstPRPusa7sDPxa	SFX - Interno #2	wav	19.61	CinePRO Sound Design	SFX	
14IEKVsjyqT_WJN3vMHVCAxviVznsoU_z	SFX - Interno #2	wav	18.3	CinePRO Sound Design	SFX	
11ktcdEEvnEjuF22fB4iSz-oC-17CA2Uh	SFX - Interno #2	wav	19.3	CinePRO Sound Design	SFX	
13wiFLJ9hlCml0ongsOrXRI9stoKvAscc	SFX - Interno #2	wav	16.08	CinePRO Sound Design	SFX	
1cklw2kJUZqv3Zegl0WfbqLVs98oQzOji	SFX - Interno #2	wav	8.58	CinePRO Sound Design	SFX	
1jSyUnddQT4xWPLMReL0rW9TBhS-VT-Fq	SFX - Interno #2	wav	28.23	CinePRO Sound Design	SFX	
1ZY2ykD291hNsg4W1bhsztiM-gIqI1qP9	SFX - Interno #2	wav	9.01	CinePRO Sound Design	SFX	
16wlJDml_4XAAW2H4nnUtSdivXXhLO63f	SFX - Interno #2	wav	18.88	CinePRO Sound Design	SFX	
1cMH1S0ryIzn6ecFa6-j4j8LhcOgG1jao	SFX - Interno #2	wav	15.44	CinePRO Sound Design	SFX	
1XKT_5fk5njSUZtbK8AikLtUfovmk0Kgk	SFX - Interno #2	wav	13.72	CinePRO Sound Design	SFX	
1pOUw5-PaCk4FtdLfDCsBs4VHCUflnTcv	SFX - Interno #2	wav	14.15	CinePRO Sound Design	SFX	
1SO_0-8csCMEDE7yRyXoTjrHQhWUTDHQg	SFX - Interno #2	wav	18.87	CinePRO Sound Design	SFX	
1Bf8NztcIOOF5DPjUklOO_qJYR8Vff0o3	SFX - Interno #2	wav	29.37	CinePRO Sound Design	SFX	
1hSrjg8VzOER_xj6nDrVew1-XKUHYsoLw	SFX - Interno #2	wav	40.05	CinePRO Sound Design	SFX	
1Bkair4cE8ac5QnbiP3RkM3C9CnxsSTSv	SFX - Interno #2	wav	28.51	CinePRO Sound Design	SFX	
1ScH6A_PsHkmdPkZIlarVGOkYeJNYOhLJ	SFX - Interno #2	wav	16.82	CinePRO Sound Design	SFX	
1WzbkgCZXuka6ERUDjWhtSKOB7OBCR6Y8	SFX - Interno #3	wav	13.3	CinePRO Sound Design	SFX	
1hLIc6cdtuvLjOfySISQWcZH68au5PSpw	SFX - Interno #3	wav	23.57	CinePRO Sound Design	SFX	
1Zp4EGUjz7Pj5MN4yUIoKlLYILSK-gmGp	SFX - Interno #3	wav	25.69	CinePRO Sound Design	SFX	
1dqNPT2rWyL9cf10acp40nZuyxhGzLLSe	SFX - Interno #3	wav	8.58	CinePRO Sound Design	SFX	
1J78OKuTbiwyUtM4p3_Ns64W29IsGCREi	SFX - Interno #3	wav	42.23	CinePRO Sound Design	SFX	
1ttWIxpCh4P1Ysgz_Ueg8NyR9May1GcSE	SFX - Interno #3	wav	12.89	CinePRO Sound Design	SFX	
1YNo9I-MgGCoB_Hh3IzoRylcKLfMR90oc	SFX - Interno #3	wav	30.11	CinePRO Sound Design	SFX	
1RHP9WRG6MvNhz65USb2uoM4WKc1XdTA8	SFX - Interno #3	wav	10.3	CinePRO Sound Design	SFX	
1AN-4e4YdX9L35yllMKWn25MJgp4Wb-gP	SFX - Interno #3	wav	9.87	CinePRO Sound Design	SFX	
1NE_eNDVzsGvy2lCcDIXWuWFM2oAagrrB	SFX - Interno #3	wav	18.05	CinePRO Sound Design	SFX	
1IGg18H07F2U4xIrxqx1dilaZt4MAVTrN	SFX - Interno #4	wav	16.3	CinePRO Sound Design	SFX	
15oVPT5ntqp7aTpMJnYhSBikm7F2KAuWJ	SFX - Interno #4	wav	51.2	CinePRO Sound Design	SFX	
1OnFQ6WEo1xVE11x3rAYa0hqWAOfob_pN	SFX - Interno #4	wav	38.28	CinePRO Sound Design	SFX	
1X_ZZd9E7q0HgbHBUFxqxduhVVKqThNuH	SFX - Interno #4	wav	30.88	CinePRO Sound Design	SFX	
1zOTH-PfpiCPYeMyfqxCDAUd9t9jG04tR	SFX - Interno #4	wav	21.87	CinePRO Sound Design	SFX	
11ruWBFWUEYBzgLiR_0AiyF5s3kPBc-8k	SFX - Interrupção	wav	5.92	CinePRO Sound Design	SFX	
1tiL7tCiq4VNlUg4LDFi9WSbFHmZ22jG_	SFX - Interruptor #1	wav	1.71	CinePRO Sound Design	SFX	tutorial
12iQqZWIeit6Gz8fK2jllh3JPr3UCLoGK	SFX - Interruptor #10	wav	0.64	CinePRO Sound Design	SFX	tutorial
1BzkSTmFBUZZRRLqUhyoCa58b0ujFR9kR	SFX - Interruptor #11	wav	0.82	CinePRO Sound Design	SFX	tutorial
1IhB7o-H9ueOvH1950KEDF--bdrsRSDez	SFX - Interruptor #12	wav	1.65	CinePRO Sound Design	SFX	tutorial
1ZqsugxRFtuYXXHW9ag3f9cqBIbFawYp4	SFX - Interruptor #13	wav	0.8	CinePRO Sound Design	SFX	tutorial
1H-fY5X7xuM5awowSkMCIsuA-vlGnwjei	SFX - Interruptor #14	wav	0.68	CinePRO Sound Design	SFX	tutorial
1DfDJqBIJONnrvCCkeS7zIiKJ2WiaUb6R	SFX - Interruptor #15	wav	0.7	CinePRO Sound Design	SFX	tutorial
10gh2pBsz-n-YPQ8t71XBN-Aq3ksujtGP	SFX - Interruptor #16	wav	0.67	CinePRO Sound Design	SFX	tutorial
15KzYlOX4XR79G_o9PA1WU1ndT_JdD_9-	SFX - Interruptor #17	wav	1.02	CinePRO Sound Design	SFX	tutorial
14vwK9a2I5k_plKi3eFD59UztpjQSnKb3	SFX - Interruptor #18	wav	0.67	CinePRO Sound Design	SFX	tutorial
1UK95r5HmTb9RD-gHGw2qvzuetf1XVREx	SFX - Interruptor #19	wav	1.06	CinePRO Sound Design	SFX	tutorial
1uzU8LA3_4ZvXjeV9jiZGJKLL7Ev_XhtX	SFX - Interruptor #2	wav	0.87	CinePRO Sound Design	SFX	tutorial
1LxbhvFqqxdlRHrvOBACrTbI3XA0n-tvz	SFX - Interruptor #20	wav	0.65	CinePRO Sound Design	SFX	tutorial
1RzgT2VphfPKTLGENkMFM8JLIuvR0xQQf	SFX - Interruptor #21	wav	0.62	CinePRO Sound Design	SFX	tutorial
1JwHdgr0Nt6nqzM_aFYNn-rTlhCjDzxRV	SFX - Interruptor #22	wav	1.03	CinePRO Sound Design	SFX	tutorial
1u1IPyZSR_LmsV5yatf0b6hcpzT_7g_4t	SFX - Interruptor #23	wav	0.81	CinePRO Sound Design	SFX	tutorial
14wLDKfibmfIbZm3qp_5O9MtrLpWxDKvZ	SFX - Interruptor #24	wav	1.02	CinePRO Sound Design	SFX	tutorial
1-UdmnVnQc-31_OMkoNzxsI-n2S0fzQHE	SFX - Interruptor #25	wav	1.13	CinePRO Sound Design	SFX	tutorial
1q-l7KdQ4aJJvlJlg3Im3aRHEoA1VvqXj	SFX - Interruptor #26	wav	0.58	CinePRO Sound Design	SFX	tutorial
1D7_8bE_szejP_zeXBJ2EpQo3gwzXBr-1	SFX - Interruptor #27	wav	0.79	CinePRO Sound Design	SFX	tutorial
1HnIr7IsKYmIu8i7vJ1w0yCUi5Z5YSKpZ	SFX - Interruptor #28	wav	0.72	CinePRO Sound Design	SFX	tutorial
1mDmxjN3QH7J9VQCjSaoBwqr4VSOVdyLs	SFX - Interruptor #29	wav	0.9	CinePRO Sound Design	SFX	tutorial
1KcAJWhJCiZNF03epOG5-2vUGDAvsFiqb	SFX - Interruptor #3	wav	0.77	CinePRO Sound Design	SFX	tutorial
1Bj6HmVZ2pdB6UAddexfRczK8SFUMB036	SFX - Interruptor #30	wav	0.59	CinePRO Sound Design	SFX	tutorial
1I_ch2LnlmeOIG2h5lbbRKW7MwXvACEH2	SFX - Interruptor #31	wav	0.65	CinePRO Sound Design	SFX	tutorial
17N9BXrC0HJdhbOcvQPD1U15_pGV2DOC1	SFX - Interruptor #32	wav	0.68	CinePRO Sound Design	SFX	tutorial
1AniKk0qHrgG5bYXq4BUtZEJF1fWO1aag	SFX - Interruptor #33	wav	0.64	CinePRO Sound Design	SFX	tutorial
17rRlnJNXV5rahFKGQeBJv55vRLabApKa	SFX - Interruptor #34	wav	0.67	CinePRO Sound Design	SFX	tutorial
1UGeBV6W8uKcnuNAGPiEiAsiEkxt9Vw9S	SFX - Interruptor #35	wav	0.7	CinePRO Sound Design	SFX	tutorial
1YOqGx0VOCSyZpJJ1XWxbDC-dej_JWHFs	SFX - Interruptor #36	wav	0.75	CinePRO Sound Design	SFX	tutorial
18ocUZmq96nmp10Nc9wb1qX1yfG3W_Vvh	SFX - Interruptor #37	wav	0.66	CinePRO Sound Design	SFX	tutorial
1cMDPDQ9QB_BXdHHgWFrMJdbwJFZN8IRP	SFX - Interruptor #38	wav	0.68	CinePRO Sound Design	SFX	tutorial
1s1A7GYaRy2tcn716Ii_Hgq8MBA9tLO4v	SFX - Interruptor #39	wav	0.77	CinePRO Sound Design	SFX	tutorial
1z9YbiFwjquDDP_wz-wGQgjXNe6HysTVP	SFX - Interruptor #4	wav	0.71	CinePRO Sound Design	SFX	tutorial
1dJHT9_U9NdTElf7a01FMA5-66XTSY8pO	SFX - Interruptor #40	wav	0.7	CinePRO Sound Design	SFX	tutorial
1nynbwrygL1-f4biHHF-qO2FsPE72uOGU	SFX - Interruptor #41	wav	0.63	CinePRO Sound Design	SFX	tutorial
13xUGuHvzYdrGAEjPgmdgscCsreFUnOyD	SFX - Interruptor #42	wav	1.68	CinePRO Sound Design	SFX	tutorial
1BHb5NPm_Mbt2K2ufVMVRQsswHSzNqCzS	SFX - Interruptor #43	wav	0.69	CinePRO Sound Design	SFX	tutorial
100mxaUB8ristKxX7-X1dF1czhXLrQxaJ	SFX - Interruptor #44	wav	0.71	CinePRO Sound Design	SFX	tutorial
1IA0prXjKopyMN4rWvJJGKXp67rTVE61o	SFX - Interruptor #45	wav	0.8	CinePRO Sound Design	SFX	tutorial
1Ee-HTPgX1cpwCgeLbY3Fz6DH1ae0NaUn	SFX - Interruptor #46	wav	0.66	CinePRO Sound Design	SFX	tutorial
1lKU9kgMCSrOlAOWHEEeB3F2SbzM34QJd	SFX - Interruptor #47	wav	0.6	CinePRO Sound Design	SFX	tutorial
1hgr89na7S0uTks4QDTOmUcejBoY-ZQae	SFX - Interruptor #48	wav	1.13	CinePRO Sound Design	SFX	tutorial
1PGaf8XR5_tfJI9xonxAX1GCtfmEJCcVX	SFX - Interruptor #49	wav	0.64	CinePRO Sound Design	SFX	tutorial
1UjNuIf-iFT1f1bVR7wSfu6YVNa1XrFhf	SFX - Interruptor #5	wav	0.82	CinePRO Sound Design	SFX	tutorial
1L6KuFvUCUuUrngJ9rRR2JVWlbCR8Wp_8	SFX - Interruptor #50	wav	0.62	CinePRO Sound Design	SFX	tutorial
1IiY6x8JdCcaqpvOsRtxte4TI4pKU-YP3	SFX - Interruptor #51	wav	0.62	CinePRO Sound Design	SFX	tutorial
1aoPVvk3IzQ-AZwbbERO-Jy86KVIfnxTt	SFX - Interruptor #52	wav	0.6	CinePRO Sound Design	SFX	tutorial
1DZkYRDs07hR4bb_0nMwJtwOs85otDjFi	SFX - Interruptor #53	wav	0.7	CinePRO Sound Design	SFX	tutorial
1wBaGgCjqJ7Lm1D2UON_njhW4DfA6E5o_	SFX - Interruptor #54	wav	0.63	CinePRO Sound Design	SFX	tutorial
1W4RQpdiNOQoRSUJPiqZRH7sQt0H0f0uN	SFX - Interruptor #55	wav	0.84	CinePRO Sound Design	SFX	tutorial
1xFUR921cz-2dNyAYEjvwb-pVSTjpQ_Lr	SFX - Interruptor #56	wav	0.63	CinePRO Sound Design	SFX	tutorial
1BOeFzE-vDk8cEdCn9ZaVhWjaQewddOuE	SFX - Interruptor #57	wav	1.01	CinePRO Sound Design	SFX	tutorial
1iJzyEUUJyKgZ3EdyZWcSw0cUuFzEr3mt	SFX - Interruptor #58	wav	1.09	CinePRO Sound Design	SFX	tutorial
1l2Kbk2j4gFO8Qa6efB5Tp_IucyApEMv0	SFX - Interruptor #59	wav	0.73	CinePRO Sound Design	SFX	tutorial
1qNBa4SF18fgdpHAvXOj5Mjv8YgrrWbwF	SFX - Interruptor #6	wav	1.2	CinePRO Sound Design	SFX	tutorial
1hcf92jewRHpa1c-kEAiNxLC4QddNARiA	SFX - Interruptor #60	wav	0.61	CinePRO Sound Design	SFX	tutorial
1fCmJNKYrGcPfZdWnjH61v9z1ShcZ2xmB	SFX - Interruptor #61	wav	1.02	CinePRO Sound Design	SFX	tutorial
1dHKlGQE17rryNiMZ3l7qHlgWg1aaiKmD	SFX - Interruptor #7	wav	1.13	CinePRO Sound Design	SFX	tutorial
1tHuVxOFgB_jDJvmGlpPydXmjYvBSN8Jd	SFX - Interruptor #8	wav	0.93	CinePRO Sound Design	SFX	tutorial
1Veps-WgXIzMtXUXHCneZOu9DBHJgvT9e	SFX - Interruptor #9	wav	1.16	CinePRO Sound Design	SFX	tutorial
1mbfaMZ7enOUeHTEiZR12uUNcnWVsgOkz	SFX - Jogando	wav	11.67	CinePRO Sound Design	SFX	tutorial
1pTRr7aGv016vCjpZDjEUZyavMYlKirhO	SFX - Laminado	wav	3.44	CinePRO Sound Design	SFX	
16eZ26J6JZGbu5N2011ef_jycN7DLUnzy	SFX - Laminado (Panorâmica)	wav	3.44	CinePRO Sound Design	SFX	
1m3CnkILKQk7VywZT9wP418YAzyCBtWfR	SFX - Lança Chamas (Curto-Panorâmica)	wav	4.82	CinePRO Sound Design	SFX	
17KbbcgwviKqmGI0aOqu2LwzX9IxJ2Spd	SFX - Lança Chamas (Curto)	wav	4.82	CinePRO Sound Design	SFX	
1zQolNLtggJZ9E9e7FYPv9lOwjGTo_Wps	SFX - Lança Chamas (Longo-Panorâmica)	wav	6.75	CinePRO Sound Design	SFX	
1ndher0Iu4Rsmeg7YdUEJu4lKJ9dNpzNw	SFX - Lança Chamas (Longo)	wav	6.75	CinePRO Sound Design	SFX	
16DqvY-ghRaagmupRgdkEdovdsjKW3s8m	SFX - Lança Chamas (Médio-Panorâmica)	wav	6.54	CinePRO Sound Design	SFX	
1MypHJ7xxVnQJjFhYfMSDl4TPz-HagVyg	SFX - Lança Chamas (Médio)	wav	6.54	CinePRO Sound Design	SFX	
1YpWgI4b6_b8i5lC4ZHaBelwhYPvTD-WI	SFX - Lavando no Tanque #1	wav	2.6	CinePRO Sound Design	SFX	
1lmYM-65uOq1ZbGociL3oNr5dY_s9gFLx	SFX - Lavando no Tanque #2	wav	1.21	CinePRO Sound Design	SFX	
1Qo2ljSehV52iDr3cp0WcEiICWDrMZG3q	SFX - Ligação Iônica	wav	3.44	CinePRO Sound Design	SFX	
1BhZ7bvKZKVgZ6JWi8KgcSK3ERXG7qgMl	SFX - Ligação Iônica (Panorâmica)	wav	3.44	CinePRO Sound Design	SFX	
1gmUFpwnMdjr4qPPdbgaSI9MjBlHJRghy	SFX - Ligando	wav	5.16	CinePRO Sound Design	SFX	
1idWSMaw0ZAqBVHS8ahrAkiBdTYpnnsPs	SFX - Ligando	wav	3.87	CinePRO Sound Design	SFX	
1X34cLV8OLTN6StpwlXA73bjEtunL8HI2	SFX - Ligando	wav	3.44	CinePRO Sound Design	SFX	
1VsP4q9IUo3PpJBYCsO8Zc2at2CKSLQVA	SFX - Ligando	wav	5.58	CinePRO Sound Design	SFX	
1KbJ9ifxlg-u98cUUu2nLiv0HCH5FI5vi	SFX - Ligando	wav	17.12	CinePRO Sound Design	SFX	
16-hh1M1bxN2eht2V1-J8iiaUPDmaTU1D	SFX - Ligando	wav	2.15	CinePRO Sound Design	SFX	
131GS6LMIWFTr-5ijgjjH3X06zgwwFgVA	SFX - Ligando	wav	4.3	CinePRO Sound Design	SFX	
1bp0XC5fGjS2npdBIi1LJ5HIq-cBPjlFR	SFX - Ligando	wav	2.58	CinePRO Sound Design	SFX	
1FVrUSXWaBj2dQoD0A4mZNYKxPv1M10iR	SFX - Ligando	wav	2.54	CinePRO Sound Design	SFX	
1XgY7bhkUqVbsmwYiVCUWuloEqX0tqImJ	SFX - Ligando	wav	3.31	CinePRO Sound Design	SFX	
1bj0fmCg0mBw1Upy5vBfn2p1OxlYNudNu	SFX - Ligando	wav	1.72	CinePRO Sound Design	SFX	
1V5a-3_C7UTtVMfHzU8onARv0CU194lds	SFX - Ligando	wav	3.01	CinePRO Sound Design	SFX	
1uDzUtudl9iUIQd6PU3WEM5O6HvhDnQQ7	SFX - Ligando	wav	4.12	CinePRO Sound Design	SFX	
1CkPWxcZUWxpyLHKU-diWJE3mq387_G5N	SFX - Ligando	wav	3.04	CinePRO Sound Design	SFX	
1gWxT-NYav8lRklX35P3LzftK45okB43C	SFX - Ligando	wav	2.15	CinePRO Sound Design	SFX	
1VprAhFdtkEqHEGl3mmlVGuLfLrm6OB8t	SFX - Ligando	wav	3.44	CinePRO Sound Design	SFX	
1CKGOIDTyTWGH17qoKlg53PW1d52lTgyb	SFX - Ligando	wav	3.62	CinePRO Sound Design	SFX	
1FCoRpyH8sizWMkVKuQqcWq1cPbl_0Pad	SFX - Ligando	wav	2.37	CinePRO Sound Design	SFX	
1npE1tbFqSu74qe1_rPhTaZB_ITs8Qjrs	SFX - Ligando	wav	3.22	CinePRO Sound Design	SFX	
11XOVlctnPJFQXtcCCKCgkBeSCUWLaLu1	SFX - Ligando	wav	7.3	CinePRO Sound Design	SFX	
1QQ93ezvVfZHOPB01Tmc7qbwrqnzced0j	SFX - Ligando	wav	3.47	CinePRO Sound Design	SFX	
1iuxe9OSwM04ahov1Ez6F2tiX3VyL4wyE	SFX - Ligando	wav	2.89	CinePRO Sound Design	SFX	
1MZnVXfcza2YlG7CIblgkssI5iYlTorO7	SFX - Ligando	wav	5.15	CinePRO Sound Design	SFX	
1kDXm0F6_noN577mxBA_SkS5xqmuWpn7a	SFX - Ligando	wav	8.65	CinePRO Sound Design	SFX	
1LN10CL2QhjJbicDqcyLumQn1ggJlLgJs	SFX - Ligando	wav	4.72	CinePRO Sound Design	SFX	
10HJ3_9nOZBbgd5HPfYiHVRjvFeUj1j5w	SFX - Limbo (Agudo)	wav	13.75	CinePRO Sound Design	SFX	
1JrIXHbRt8xjmOcZ1IzGSK1Fi_KceVO1A	SFX - Limbo (Grave)	wav	13.75	CinePRO Sound Design	SFX	
1e9Ry4ScggDbQi_i3sPPzKiUwtviYcLCK	SFX - Limbo (Médio)	wav	13.75	CinePRO Sound Design	SFX	
1spqcDGQNPFp3iwJIe9_TgSefq4szNPRj	SFX - Limbo (Mod-Agudo)	wav	13.75	CinePRO Sound Design	SFX	
1F725UGARibyeIB_kiwEn24Ooyeg6teux	SFX - Limbo (Mod-Grave)	wav	13.75	CinePRO Sound Design	SFX	
1QcMJHQC4ACsTya9kv1zwYjmMCCgSTHMD	SFX - Limbo (Mod-Médio)	wav	13.75	CinePRO Sound Design	SFX	
1QcoQelI_NDTuF3PiyxcMhRMWpUy67S2J	SFX - Maçarico	wav	6.88	CinePRO Sound Design	SFX	
1M581on8bJhKnbtfoHFgfKH6j2PugvKYQ	SFX - Maçarico #1	wav	1.32	CinePRO Sound Design	SFX	
169AEeeEXk87mElaJkP-gWLtH3_f5h7Ye	SFX - Maçarico #2	wav	1.56	CinePRO Sound Design	SFX	
1Z5A7LxZ9Cs7-wQfaDFP9f59vN1J34ID5	SFX - Maçarico #3	wav	2.88	CinePRO Sound Design	SFX	
1ULpOteRhxLN6-Go9DiihbN7OSx_ubzRS	SFX - Maçarico #4	wav	1.21	CinePRO Sound Design	SFX	
1bAan6XhyFvVLoGsdO8gPIBnYHqM1Zrib	SFX - Maçarico #5	wav	0.72	CinePRO Sound Design	SFX	
1fXD6lDiMU5lSKkkaENRRziEjkatajgrR	SFX - Maçarico #6	wav	0.73	CinePRO Sound Design	SFX	
1S4ROUDErc4IYz_SJTmnoDOFeRDSJpINn	SFX - Maçarico #7	wav	0.66	CinePRO Sound Design	SFX	
1EyZDvG7o7C1Hg7ZBhAX6N-McMO8Vprqh	SFX - Madeira Oca	wav	6.88	CinePRO Sound Design	SFX	
1qFWo6BW41broaAExrM6hsZ0s1Dxzmavk	SFX - Mal Aterramento	wav	2.4	CinePRO Sound Design	SFX	
1hveuXvFZG7gAaWsg8SyjKfVV0doUFR2q	SFX - Manobra Congelada	wav	5.15	CinePRO Sound Design	SFX	
1dNvvxkf7b2IxDwe4O91C0vzYAiYuZxxl	SFX - Manobra Congelada (Panorâmica)	wav	5.15	CinePRO Sound Design	SFX	
1VKB2HU7wGl8tSkRgrPtZhdAoLBaMkv65	SFX - Máquina de Café	wav	6.88	CinePRO Sound Design	SFX	
1LknXQZOFXrutQ1N1_8jriqGT0p_MTTCk	SFX - Máquina de Café #1	wav	6.88	CinePRO Sound Design	SFX	
1PQKPB42HYa9Xj5U86mI2Nkzmlisbqcqp	SFX - Máquina de Café #2	wav	6.59	CinePRO Sound Design	SFX	
1J_yOz1gx_TUM8VjfkrD8nFXTW65kziOU	SFX - Martelada #1	wav	0.53	CinePRO Sound Design	SFX	
19aXX3FxGeFFb2O_QgHO8OXT5Eq1npd1j	SFX - Martelada #10	wav	0.57	CinePRO Sound Design	SFX	
1tzwbHz5zj006LaCEH7a0QwU_Xcin1We4	SFX - Martelada #11	wav	0.62	CinePRO Sound Design	SFX	
1BtT1P-JnxXD78zLkBhwJC37lyS156qOA	SFX - Martelada #12	wav	0.79	CinePRO Sound Design	SFX	
1FefTH7Cb4Dg7XQn_99P8iKdLqI-mfJs9	SFX - Martelada #13	wav	1.2	CinePRO Sound Design	SFX	
1bQJmSaHeJmilBqcSos2vmUL8jfCh-Sef	SFX - Martelada #2	wav	0.53	CinePRO Sound Design	SFX	
1ODRGZXNiBmEidHAQ8PkIQw1QnXmqgZvQ	SFX - Martelada #6	wav	0.91	CinePRO Sound Design	SFX	
1q0lJc7xX9pmfutG77RkU1wxdC3gkLyrg	SFX - Martelada #7	wav	0.55	CinePRO Sound Design	SFX	
1N1arhaSiNTzVVDgDckGWygcXQVC_IimU	SFX - Martelada #8	wav	0.57	CinePRO Sound Design	SFX	
1Nx23JHGmLAY8dwkx4b4WH4pTCmt5zvAr	SFX - Martelada #9	wav	0.56	CinePRO Sound Design	SFX	
1m-HuBbb-NwnY0KHUjP7MYLRo_4bXe9Xz	SFX - Martelo	wav	1.75	CinePRO Sound Design	SFX	
1Yj5Sx-BnsRrOBbE8LeT91gO18s4Q08rQ	SFX - Martelo de Fogo (Curto-Panorâmica)	wav	7.48	CinePRO Sound Design	SFX	
1oXlD6tvk_PU1Is3TUq4W3WJDdz4UKBOt	SFX - Martelo de Fogo (Curto)	wav	7.48	CinePRO Sound Design	SFX	
1pr4au4KI7-FqgsGlLRkaQO9Rm3R_aQGL	SFX - Martelo de Fogo (Longo-Panorâmica)	wav	5.75	CinePRO Sound Design	SFX	
1q1jcdj4WBbyqP--0T5xQm9B2eW-wxFus	SFX - Martelo de Fogo (Longo)	wav	5.75	CinePRO Sound Design	SFX	
1WGAD5XRBG2gzg1_SC_w2GH047IrPZzm4	SFX - Mato #1	wav	6.88	CinePRO Sound Design	SFX	
1ftby0N9AALZa5Sjni20nXVy1vEXoHMR7	SFX - Mato #2	wav	6.88	CinePRO Sound Design	SFX	
1sHlV8EXnzEEiHrwHfz1m0UBahmSy-9R1	SFX - Mergulho (Entrando)	wav	13.75	CinePRO Sound Design	SFX	
1_JSo0Pud0RjWmVuZVTTS3yUIpUBXM9vr	SFX - Mergulho (Saindo)	wav	13.75	CinePRO Sound Design	SFX	
1ylAX_SLLxSC3kjTIm95ozvSVe-oVAMFv	SFX - Mergulho Florestal (Curto-Panorâmica)	wav	4.82	CinePRO Sound Design	SFX	
1kfOYh7W2cR4dyypwPdLORO7rRVq-gwe_	SFX - Mergulho Florestal (Curto)	wav	4.82	CinePRO Sound Design	SFX	
1JLXdUnxWPfTqUbDbGOMj3DaUKddru8g_	SFX - Mergulho Florestal (Longo-Panorâmica)	wav	6.87	CinePRO Sound Design	SFX	
1fpE5PVWmYUYuI3lsR0iEJ4Cix4Ox2I5P	SFX - Mergulho Florestal (Longo)	wav	6.87	CinePRO Sound Design	SFX	
13lcc04h8WcDJndzB5PdwJdPuqd-79o_Q	SFX - Metal	wav	6.88	CinePRO Sound Design	SFX	
1FaY4mDrmmcBBn7Az8VJ44wmsFyG8Oaaj	SFX - Metal #1	wav	3.51	CinePRO Sound Design	SFX	
1pv7MBHV3tsD3jMAAcXRCfDGYuhe2M5v3	SFX - Metal #10	wav	3.51	CinePRO Sound Design	SFX	
1xXA-Fz-0HeRRKx-g3IjUZhoCnIZ88PKi	SFX - Metal #100	wav	1.22	CinePRO Sound Design	SFX	
1JzBBhnqXrZMolElg_Q0O8fSxDPpnPinn	SFX - Metal #101	wav	1.25	CinePRO Sound Design	SFX	
1I1FzCv2EkNBxRZvJkDnVmn-sftRAb3od	SFX - Metal #102	wav	1.45	CinePRO Sound Design	SFX	
1uqwflwmWaYoUeiGrBGAgYflLKCtFjlBl	SFX - Metal #103	wav	1.52	CinePRO Sound Design	SFX	
1pyf4QhtFVXeSa7Xk46D_P39vfeP1KLNJ	SFX - Metal #104	wav	1.62	CinePRO Sound Design	SFX	
1bQxXKpaoAziQsnaud5FW44YLxUkFouX5	SFX - Metal #105	wav	1.59	CinePRO Sound Design	SFX	
1ToTSmy98nis8k8gCtbWA0W4-nEtDFffg	SFX - Metal #106	wav	1.52	CinePRO Sound Design	SFX	
1o6SjfVnZK-2bhO_O0bBo7pw_4NVEUUYY	SFX - Metal #107	wav	1.72	CinePRO Sound Design	SFX	
1vxnJxr_V0B7PME9Y8AClfDcWxZ7nF5_d	SFX - Metal #108	wav	1.73	CinePRO Sound Design	SFX	
1OqY7MnV5oiPtiMeg97NOHh6FSi907YIU	SFX - Metal #109	wav	1.51	CinePRO Sound Design	SFX	
1z_IyFBq8rq8CQ3QNA7ASZmkgAnelK0SL	SFX - Metal #11	wav	3.51	CinePRO Sound Design	SFX	
1MhuKWGsqM1GakB9vgdVIPrm4f543IMsx	SFX - Metal #110	wav	1.33	CinePRO Sound Design	SFX	
1DkbvnAr4NwZisZ5F3LCXl1XraQZ3SxQP	SFX - Metal #111	wav	1.37	CinePRO Sound Design	SFX	
1Wz8td430ZDmEEcLqj2-ls4ChyzSxh_Vz	SFX - Metal #112	wav	1.5	CinePRO Sound Design	SFX	
1LNBUbC1Gy3bOWqWHyiAJUOy9M8qcPWIe	SFX - Metal #113	wav	1.73	CinePRO Sound Design	SFX	
1x5c_X0IzdKABZD2SotdPoav9K0AYRjCS	SFX - Metal #114	wav	1.55	CinePRO Sound Design	SFX	
1vthPJSZjz32rgiMeqSHi_g9SHwMwdSHj	SFX - Metal #115	wav	1.72	CinePRO Sound Design	SFX	
1Rb_QgmmCNv2P4zBm-H6ABo-2KDsrwTIX	SFX - Metal #116	wav	1.73	CinePRO Sound Design	SFX	
1uBfTaHcrkqD7i3HRpG9OEFm7L3BzpvQP	SFX - Metal #117	wav	1.39	CinePRO Sound Design	SFX	
1Lvtq8R8Eg9_7NAD1Lx0wcdUO0_yeewHh	SFX - Metal #118	wav	1.42	CinePRO Sound Design	SFX	
1iI7iC5Xdp6VuNfczzn0LpPTP-d0ULKsc	SFX - Metal #119	wav	1.59	CinePRO Sound Design	SFX	
18eUa9X4kg2wuO-_VY8HyODNiwkCZOu_A	SFX - Metal #12	wav	3.51	CinePRO Sound Design	SFX	
1hpZ7yylznMkB-IeSa-HYM4LzGwcNP17e	SFX - Metal #120	wav	1.73	CinePRO Sound Design	SFX	
19ZV6ZmCHDBf4XO4aI4SqFKYLSfSqiZVc	SFX - Metal #121	wav	1.72	CinePRO Sound Design	SFX	
1M4D_ibaT2Nw4nsyNpzhzBXO7mZO0-A6Q	SFX - Metal #122	wav	1.54	CinePRO Sound Design	SFX	
1j2PFNMiSPCmxVKx6BydIw8veaoBRqcEV	SFX - Metal #13	wav	3.51	CinePRO Sound Design	SFX	
1l0PFuFukYPXxvvw2LC499hfwhst5DfNI	SFX - Metal #14	wav	3.51	CinePRO Sound Design	SFX	
1YV0kouM6TTYkv-CGwTdt4Q0eeDZaPbiA	SFX - Metal #15	wav	3.51	CinePRO Sound Design	SFX	
1x-wRmGoTYZ11crgWkzyQmPAJ61TdaQSV	SFX - Metal #16	wav	3.51	CinePRO Sound Design	SFX	
1xUJp5_NNJKXGoYoYeDa4mmBtDZezgDcL	SFX - Metal #17	wav	3.51	CinePRO Sound Design	SFX	
1i5wkTAzVOBPVr9JwRIYrPdPjtpj7bV0k	SFX - Metal #18	wav	3.51	CinePRO Sound Design	SFX	
1FVPHBERtTwM7A-MOlvG_OdPOwOZ36D78	SFX - Metal #19	wav	3.51	CinePRO Sound Design	SFX	
159wBy86Sb0JkGIhQrxCw-MUV3PRmefDj	SFX - Metal #2	wav	3.51	CinePRO Sound Design	SFX	
1zckVChvZgyOwvJxMIuGJkxksHM57iLtf	SFX - Metal #20	wav	3.51	CinePRO Sound Design	SFX	
15tTLYCiCrZw-au6ArUHAtJxZKqmakqBa	SFX - Metal #21	wav	3.51	CinePRO Sound Design	SFX	
1_yvB3nzwRHWVJX5MeNWt4VsZs3jWUyJw	SFX - Metal #22	wav	3.51	CinePRO Sound Design	SFX	
10PFPLxnI6pV4KM0ecXORMVz23mlSUcJ_	SFX - Metal #23	wav	3.51	CinePRO Sound Design	SFX	
1W62NIRBzNCb87fFjTgg5zkuKMVtWcdGP	SFX - Metal #24	wav	3.51	CinePRO Sound Design	SFX	
1-okosgRL9_C1FQQvsmwOJv7zOgxChbhB	SFX - Metal #25	wav	3.51	CinePRO Sound Design	SFX	
18842rIbvVXeWTgLA1h8O2HhPflXkQ7v9	SFX - Metal #26	wav	3.51	CinePRO Sound Design	SFX	
1dfNfPQfjC6I-gnNirC-YiGU6aCbgkFDb	SFX - Metal #27	wav	3.51	CinePRO Sound Design	SFX	
1vRN5W_BTmJ_U17r0fEnkaHd7QxZrMRYy	SFX - Metal #28	wav	3.51	CinePRO Sound Design	SFX	
1AyAWU_7F4K5ZdDu1l_Bwz-CVP7vTm4p5	SFX - Metal #29	wav	3.51	CinePRO Sound Design	SFX	
1yr6193vclw9pZSQJii0hvUrME4k4O7R2	SFX - Metal #3	wav	3.51	CinePRO Sound Design	SFX	
185Jaus9RfXD-izgfYHZobMqKN9vdXIwq	SFX - Metal #30	wav	3.51	CinePRO Sound Design	SFX	
1apNzv0MHsD57hmHqUsiKqjXvMn30VSeb	SFX - Metal #31	wav	3.51	CinePRO Sound Design	SFX	
1ln6OgXhGK5yNGMrwfGu0L0-4fWOblugs	SFX - Metal #32	wav	3.51	CinePRO Sound Design	SFX	
1w6G8bZCntnjQpwylR49lO1sjwX4e__7T	SFX - Metal #33	wav	3.51	CinePRO Sound Design	SFX	
1pcJT8jw1dsM3KbiEOFahX7xP9gDyKuNn	SFX - Metal #34	wav	3.51	CinePRO Sound Design	SFX	
1ka7JupjXSVdPE74R4jivtZLGpYTf6Lxe	SFX - Metal #35	wav	3.51	CinePRO Sound Design	SFX	
11S_6LMQZBg3fRksjlyo4yatLIaPcOCUN	SFX - Metal #36	wav	3.51	CinePRO Sound Design	SFX	
1FJoNti1yjleInCDQ0KRTprm6liV6DPdf	SFX - Metal #37	wav	3.51	CinePRO Sound Design	SFX	
1oVDYeY3DxJT6dGgoyYlMSkWaLtIt7-wZ	SFX - Metal #38	wav	3.51	CinePRO Sound Design	SFX	
16Ok37t7KDMvNkk3ZYvjk51l8GXH7KFVW	SFX - Metal #39	wav	3.51	CinePRO Sound Design	SFX	
1Y_qo2aeQfDr0tO1R4FkN_W646xMqb2dX	SFX - Metal #4	wav	3.51	CinePRO Sound Design	SFX	
1hYU-P8NtDH0WmrGQvSQsM9mQUVRzCds2	SFX - Metal #40	wav	3.51	CinePRO Sound Design	SFX	
1Pi5xdCUKggwqL4OewGzbabxV5Ykx45SH	SFX - Metal #41	wav	3.51	CinePRO Sound Design	SFX	
1dgOosapfGiyk4ZcuLGfnPDkq_qoLy_9O	SFX - Metal #42	wav	3.51	CinePRO Sound Design	SFX	
1io4B-tMTqFJmmZqEXktsmjjW5FTr4y49	SFX - Metal #43	wav	3.51	CinePRO Sound Design	SFX	
1MehM4J_n20IhwVscsvrmIxx6eZ02QkgT	SFX - Metal #44	wav	3.51	CinePRO Sound Design	SFX	
1N9cwviJKbSYMcYdD0Wk-MqBbh8p9Szda	SFX - Metal #45	wav	3.51	CinePRO Sound Design	SFX	
1pAp4G-Hd5akpUZ2wyzJAaiw2YrbA4WUA	SFX - Metal #46	wav	3.51	CinePRO Sound Design	SFX	
1pOzJ7JDapBCGtIEzVSGDFYYSWSblIhyM	SFX - Metal #47	wav	3.51	CinePRO Sound Design	SFX	
1LmV1TW0HAYY3PPQ6u9EljLOepY9uoW0C	SFX - Metal #48	wav	3.51	CinePRO Sound Design	SFX	
1BBhTYIJ8re9HjASePYnIv5mK_wJqanI9	SFX - Metal #49	wav	3.51	CinePRO Sound Design	SFX	
1L24doodxBNSVb6GHe40X3wQ1XCKHP23G	SFX - Metal #5	wav	3.51	CinePRO Sound Design	SFX	
1GVjm76ze-VJxgK9Zh_vBaxBs5Z_vsdNT	SFX - Metal #50	wav	3.51	CinePRO Sound Design	SFX	
1AeGLl2Sjam4PxXtugDdV7woEje4V8rp-	SFX - Metal #51	wav	3.51	CinePRO Sound Design	SFX	
1JVbDv9oho8feFHPGxMA1X4aSkpTMjFxg	SFX - Metal #52	wav	3.51	CinePRO Sound Design	SFX	
1FpcfQVt8e9uOdROjNDFsQj5wXYTWyjAP	SFX - Metal #53	wav	3.51	CinePRO Sound Design	SFX	
1p-70dwLgBzFJ_eILwXOdymVdCfoBxyxC	SFX - Metal #54	wav	3.51	CinePRO Sound Design	SFX	
154qFxUntQka1tfTsqqLxwVby_tCpnAg1	SFX - Metal #55	wav	3.51	CinePRO Sound Design	SFX	
18c-u9NNo66QmeBvFsbbj4zvNQy9inwz7	SFX - Metal #56	wav	3.51	CinePRO Sound Design	SFX	
1EKrEnCMooCt85pc4Cr6TUOagw1_FIs0e	SFX - Metal #57	wav	3.51	CinePRO Sound Design	SFX	
18SMVKdBXZaXWT06ZdBDMX0EsB6Rprg0n	SFX - Metal #58	wav	3.51	CinePRO Sound Design	SFX	
1mpQaJuK2h5_KPe7P7njjt6QL0O9EjKje	SFX - Metal #59	wav	3.51	CinePRO Sound Design	SFX	
1EYt5jW4fi2XBG1f77bxYR07obXoso3_1	SFX - Metal #6	wav	3.51	CinePRO Sound Design	SFX	
1XhMrFlS0gCeg6uShkxT5_0GcKR7MBi8o	SFX - Metal #60	wav	3.51	CinePRO Sound Design	SFX	
17_iLZnVRRHhDxN9UetYbacD_k1ysAq4s	SFX - Metal #61	wav	3.51	CinePRO Sound Design	SFX	
1E_hKAvUxSlzXpD5ZVZGdtC5CmrRt7CQx	SFX - Metal #62	wav	1.24	CinePRO Sound Design	SFX	
1nI57GmaoGBkf3xsLjbFbLAd01YspnTJC	SFX - Metal #63	wav	1.24	CinePRO Sound Design	SFX	
1YM7NZ4-jo-rVuPP7wYCjLJNRIXVF9ubJ	SFX - Metal #64	wav	1.72	CinePRO Sound Design	SFX	
1Roia0HKk7S9tWv-7EXguzazf45fEXjIp	SFX - Metal #65	wav	1.72	CinePRO Sound Design	SFX	
16sldi9-r67k9p91e7AmAzKKIbWgwLVo5	SFX - Metal #66	wav	1.72	CinePRO Sound Design	SFX	
1gBA0tVwDfJUnJL6QQ9Zq0pmqBTJWzOfF	SFX - Metal #67	wav	1.25	CinePRO Sound Design	SFX	
1RCbZR3Zy11Tht0mCzgBHVBLAs5l5qRmp	SFX - Metal #68	wav	1.31	CinePRO Sound Design	SFX	
1wEdvzFXs1tqyZ-b56b0Wz5-O8tUBxgkh	SFX - Metal #69	wav	1.72	CinePRO Sound Design	SFX	
1YC8o-AJgqI2CrbOisPbnB_mYSRpZxnEI	SFX - Metal #7	wav	3.51	CinePRO Sound Design	SFX	
157UX4SrfXL_wP1CGmxKPcZEE1GoF94a2	SFX - Metal #70	wav	1.72	CinePRO Sound Design	SFX	
1pSxhDulxKmh3n3ErfRm0TTkV1FCdF9Wv	SFX - Metal #71	wav	1.72	CinePRO Sound Design	SFX	
10i4GVU3xjU9Qzt5gFBb-4sZxZnPw670z	SFX - Metal #72	wav	1.42	CinePRO Sound Design	SFX	
1gh_he_L15aP3LCcrucwG4Qkuf3b6Qrze	SFX - Metal #73	wav	1.4	CinePRO Sound Design	SFX	
14MfH2MvYznBM0RaGRhTcmOfACWC1NlpD	SFX - Metal #74	wav	1.36	CinePRO Sound Design	SFX	
1RD7-tMrFyJBOhYRz4fzmD03KZojNVFJP	SFX - Metal #75	wav	1.58	CinePRO Sound Design	SFX	
1OZoEh6EAtk5Za-pa5elK9eIDdx7NuLVe	SFX - Metal #76	wav	1.55	CinePRO Sound Design	SFX	
135CmfPmR4dvuzsMOj20FokMMyPxx19VG	SFX - Metal #77	wav	1.34	CinePRO Sound Design	SFX	
1vC1dOMobUZaXrbzT6p_EHpDnWGzAAhE9	SFX - Metal #78	wav	1.46	CinePRO Sound Design	SFX	
113CMP50SBvmNR2BEWcdnCSJlnMH5hgv-	SFX - Metal #79	wav	1.3	CinePRO Sound Design	SFX	
15zPsRIWFu0HnZnykgNU2elqtuZpITTed	SFX - Metal #8	wav	3.51	CinePRO Sound Design	SFX	
19jS-kI2kupb1-e_tznj7QFi2TEbnQLMj	SFX - Metal #80	wav	1.38	CinePRO Sound Design	SFX	
1o-h1IrN0W7MzLwnXBc0RDhGT1ApH5_Qe	SFX - Metal #81	wav	1.23	CinePRO Sound Design	SFX	
169VA026hHffFUy4IZ0FgXIeQc27F_rSF	SFX - Metal #82	wav	1.63	CinePRO Sound Design	SFX	
1CzAvLByfULA0niVGghQEPWyQCjxCUbco	SFX - Metal #83	wav	1.48	CinePRO Sound Design	SFX	
1krKApJzZ2t4SEpaYtE-XzeeyzNW12nCt	SFX - Metal #84	wav	1.72	CinePRO Sound Design	SFX	
1rOlpD0OH9L5eSS9O3fU48_CPfAhpaKfK	SFX - Metal #85	wav	1.72	CinePRO Sound Design	SFX	
1ru7w4uAis-0FPx3PzwxNilmCBfZCsamn	SFX - Metal #86	wav	1.72	CinePRO Sound Design	SFX	
1IaoCojLj1kBNlOQXqih_4y2H36km73rh	SFX - Metal #87	wav	1.72	CinePRO Sound Design	SFX	
14_KoowaVMS0oWXKdNI6VmLSM2T4vV1CH	SFX - Metal #88	wav	1.73	CinePRO Sound Design	SFX	
1XCxF0bkkXIauhjyJ7RFhkewguC3I-fWz	SFX - Metal #89	wav	1.72	CinePRO Sound Design	SFX	
1Wu-1p9Ir_oh8PXYJ6WJj3G-Nm-Xs-q7p	SFX - Metal #9	wav	3.51	CinePRO Sound Design	SFX	
1Hr9lePQh5n5vvHupC9yQCpwFhm0NiNHW	SFX - Metal #90	wav	1.72	CinePRO Sound Design	SFX	
11-5UenLVN2MPMgSu4_XolgjAdGu3NXtA	SFX - Metal #91	wav	1.71	CinePRO Sound Design	SFX	
1QL6SFPgCDXCrnV3SsRznP4ITK3j4DK9d	SFX - Metal #92	wav	1.44	CinePRO Sound Design	SFX	
1Piit6gfd6-0XuhjxE6oOOaQmMpJlwLjZ	SFX - Metal #93	wav	1.73	CinePRO Sound Design	SFX	
1hHU4obYjQZ1YV1IdLd9UCys_ffaGwMnS	SFX - Metal #94	wav	1.72	CinePRO Sound Design	SFX	
1gzyVMJs0akU5OFfPzCmer6tjhJa_RuLl	SFX - Metal #95	wav	1.14	CinePRO Sound Design	SFX	
1iLRbSjl34SRY8LKbjKdjxrEASFdPbHzD	SFX - Metal #96	wav	1.23	CinePRO Sound Design	SFX	
1rzZ2UFkTeXpN7T7G_eRw-K5xTKYO_sy5	SFX - Metal #97	wav	1.29	CinePRO Sound Design	SFX	
1GQJdfn-U8QzcB9lelZaBq8uxVAg4yaTW	SFX - Metal #98	wav	1.39	CinePRO Sound Design	SFX	
1idcwnqXyVp9KIAIOw_kqHMSjjovifxMq	SFX - Metal #99	wav	1.31	CinePRO Sound Design	SFX	
1Go82qOnW9a-4wfQsqdBgHjftF4RJBiaA	SFX - Metal Caindo	wav	1.15	CinePRO Sound Design	SFX	
1nYrfP3zllI8OMHhWsl6-TTwxoEkCU5N5	SFX - Metal Pesado	wav	3.44	CinePRO Sound Design	SFX	
1BlxUFsxdZc3LTtnFmK6GhF5pQ4BgkNBQ	SFX - Metal Pesado (Panning)	wav	3.44	CinePRO Sound Design	SFX	
1n0scJrkA_1V4xzdowqWxZu1PY3Z6-Lom	SFX - Metrô Chegando #1	wav	6.88	CinePRO Sound Design	Essentials	
1aGHETzEn0IMyxwxWWOGppnl26P8_F8Xz	SFX - Metrô Chegando #2	wav	6.88	CinePRO Sound Design	Essentials	
1F0i6gJiPP7uH6M5MAywEWqOKQFBRqBgw	SFX - Metrô Partindo	wav	6.88	CinePRO Sound Design	Essentials	
1QxwdseYTH2TqggqUfa-Z40UYvanfafwz	SFX - Metrô Partindo Túnel	wav	6.88	CinePRO Sound Design	Essentials	
1PoSMf9djwWMWCTuJpQ9Lvl8n5UxXdzTK	SFX - Mexendo #1	wav	3.45	CinePRO Sound Design	SFX	
1oDG8fKWxle38oY3FTNhOTJS1VHaoPhvW	SFX - Mexendo #2	wav	3.39	CinePRO Sound Design	SFX	
1pItG4n7k4gOm_bO969M4JrD7xE2iwwro	SFX - Mexendo #3	wav	3.45	CinePRO Sound Design	SFX	
1MmWBYIcle0K0Z7d-PywmbnhqPrA7oL2G	SFX - Mexendo #4	wav	0.8	CinePRO Sound Design	SFX	
146Omcc01Q4qTWX0wM71gqhG-0ST-JX3P	SFX - Mexendo #5	wav	0.74	CinePRO Sound Design	SFX	
1tnEMeqyhNaplzFhpvd3lRJ1P6a6osuk0	SFX - Mexendo #6	wav	3.41	CinePRO Sound Design	SFX	
1LCnOhCBum5oGcBVIvpcUzDLr_O0lgFvM	SFX - Mexendo #7	wav	2.34	CinePRO Sound Design	SFX	
1vF83KWPwUr_oV5GeSv5AbsSn59lHg-my	SFX - Mexendo #8	wav	1.06	CinePRO Sound Design	SFX	
1_9O_J6yNpZK6c4mOSrH2bkVTbTItSk5U	SFX - Mexendo #9	wav	1.73	CinePRO Sound Design	SFX	
1VVD6O3wpYdhgiVl2bN9ZoEcuKrfd36dc	SFX - Mexendo o Café	wav	6.88	CinePRO Sound Design	SFX	
1FZ6DecqTqPlvTrZXNIRA_RmvCmuVTamF	SFX - Monção Sonora (Curto-Panorâmica)	wav	10.29	CinePRO Sound Design	SFX	
1lov2Ttx1dC8C0fRhbommtbTyvvIlXh_K	SFX - Monção Sonora (Curto)	wav	10.29	CinePRO Sound Design	SFX	
1dxx8Iu4DAy7Z26wDiwH6TqcJM524AWch	SFX - Monção Sonora (Longo-Panorâmica)	wav	10.29	CinePRO Sound Design	SFX	
1-e_eyfYmARHTlStgxFnk3xl0VdKzpGUk	SFX - Monção Sonora (Longo)	wav	10.29	CinePRO Sound Design	SFX	
1E0dPYcMupL9Mo8H-q0q2J9bMnigj7oP6	SFX - Monção Sonora (Médio-Panorâmica)	wav	10.29	CinePRO Sound Design	SFX	
1OF8f49Qk0qTgpTb1-3ntlmlpSvTQlLRv	SFX - Monção Sonora (Médio)	wav	10.29	CinePRO Sound Design	SFX	
10_4_xigikZOCWCgef9zMj8-ChfzphCnV	SFX - Morse	wav	6.89	CinePRO Sound Design	SFX	
107dTq44_Fm76ZJHXOS0Utnn2ji56QUEU	SFX - Motor	wav	2.37	CinePRO Sound Design	SFX	
1wPczsxHzQaN9VBFD-75c_JzZd55SEKKc	SFX - Motor	wav	11.58	CinePRO Sound Design	SFX	
1-tC0tQ5ssjyUOSbZOWc7rPGq_WcX90Dg	SFX - Motor	wav	12.69	CinePRO Sound Design	SFX	
1VX3xmhI38DDtbewS3U36Bl2xYrzTZcEs	SFX - Motor	wav	5.15	CinePRO Sound Design	SFX	
1aDhp8lRfW8mWQbNrMLCvVzKV2Olgv6ED	SFX - Motor	wav	4.08	CinePRO Sound Design	SFX	
18M5w3EUGi4arMDZ3SL6Wcl75839kZMxF	SFX - Motor	wav	8.79	CinePRO Sound Design	SFX	
1m1jhihxK7_ilj6qpJvt-G6B6x_2hw7J7	SFX - Motor	wav	3.01	CinePRO Sound Design	SFX	
1pZVYs9usi-GSOjqnJaglP0lI9sCqOwo3	SFX - Motor	wav	3.13	CinePRO Sound Design	SFX	
1_lrqEz426s5MZUCQv8_Pt-t8Lv9TbXIm	SFX - Motor	wav	2.86	CinePRO Sound Design	SFX	
1gdymOPlxBGGG3Sp4pYNRtCWIyccXhf0n	SFX - Motor	wav	21.65	CinePRO Sound Design	SFX	
1QdvFaLI0W5uQhk4PoZlZr9iJIHIQFvr2	SFX - Motor	wav	2.53	CinePRO Sound Design	SFX	
1-9OLyfxU7XBVavBDFqr4AGthRlWm786L	SFX - Motor	wav	4.72	CinePRO Sound Design	SFX	
1gjsR9MNxOEeT8tiqrzSlLzrXKAiDz_1Z	SFX - Motor	wav	3.06	CinePRO Sound Design	SFX	
1dn1w8lIPUyzUZ1fEB_o2H4zcuR49RsNI	SFX - Motor	wav	4.3	CinePRO Sound Design	SFX	
1DRSCOBOSGDHDXqH1yX_GVwaS8vENz2Y0	SFX - Motor	wav	6.65	CinePRO Sound Design	SFX	
1M7Kw_6OvE5-Y0jiWemT-iPOggox3utry	SFX - Motor	wav	10.92	CinePRO Sound Design	SFX	
10UoP9ZKS8B2KL5slrvSkraV5Ka-NN-QI	SFX - Motor	wav	3.44	CinePRO Sound Design	SFX	
1R9zHKszKm9rAg6Y1kf2OJhvJSughY1Y1	SFX - Motor	wav	3.44	CinePRO Sound Design	SFX	
1fUgaEi_65XuLX3rwSAdqrsoLo1YrItdB	SFX - Motor	wav	5.59	CinePRO Sound Design	SFX	
1_NTQ6szkffdslwAuELiS0h93oi4d8U3M	SFX - Motor	wav	5.58	CinePRO Sound Design	SFX	
1tbvhFrI7oBiXpAqkFBm10jEx8e4q3BsK	SFX - Motor	wav	4.51	CinePRO Sound Design	SFX	
16izIUozN8nO-MJ38PQYOTJynfYOC1sOl	SFX - Motor	wav	8.25	CinePRO Sound Design	SFX	
1mmqBT8KLvx9yBTrOKKisV2ospG9cpjU9	SFX - Motor	wav	20.41	CinePRO Sound Design	SFX	
1uMEGYWAz4XyXpUmDTc8ffdLGgfE9uSe4	SFX - Motor & Gerador #1	wav	7.21	CinePRO Sound Design	SFX	
1NvOxt8brGFNbio41qr0YnQ1xaomPP0D7	SFX - Motor & Gerador #10	wav	7.3	CinePRO Sound Design	SFX	
1yDtlEUfpbCDMVpn6G2wynkDrZGRY2MFu	SFX - Motor & Gerador #11	wav	2.59	CinePRO Sound Design	SFX	
1VxrHl_5fS-2_fWbZVIwc2fta6fuCMqi2	SFX - Motor & Gerador #12	wav	2.38	CinePRO Sound Design	SFX	
1bqO0R4rkVKkioLDH5D5tKH3nObVAM7IN	SFX - Motor & Gerador #13	wav	7.32	CinePRO Sound Design	SFX	
1CeBvKQ1xovpR3nVtGbliHQR4Z2Nt2let	SFX - Motor & Gerador #14	wav	7.31	CinePRO Sound Design	SFX	
1e-ByJATgp_a-RIIIkYjrFhW2uLg62OJ8	SFX - Motor & Gerador #15	wav	7.32	CinePRO Sound Design	SFX	
1JzQHmXCaH8GbHFFRKYfViH2m0qK61UqW	SFX - Motor & Gerador #16	wav	7.33	CinePRO Sound Design	SFX	
17aGtZPMrTJ1aaJnLpFPYS8-av6QR2NG6	SFX - Motor & Gerador #17	wav	7.36	CinePRO Sound Design	SFX	
14zc-oiTcxxpop7D0a9mGecUyo3O5s7NN	SFX - Motor & Gerador #18	wav	7.34	CinePRO Sound Design	SFX	
1A1ufEfBunNK9sL1NateM9LqGFizn_F1E	SFX - Motor & Gerador #19	wav	7.26	CinePRO Sound Design	SFX	
18SxBnEGm07VVggndBzqvWfqTRMBMPCM0	SFX - Motor & Gerador #2	wav	7.2	CinePRO Sound Design	SFX	
1LiD4eyfnEUchVfj0Hap_x04ENi3ezx7k	SFX - Motor & Gerador #20	wav	7.3	CinePRO Sound Design	SFX	
1qIvzDJy-r2lWsGxIyl2v3trzh15Ff9Av	SFX - Motor & Gerador #21	wav	7.34	CinePRO Sound Design	SFX	
1jn3tJDXWkEXDrMIIG-HngK4G2PkokuZc	SFX - Motor & Gerador #22	wav	7.35	CinePRO Sound Design	SFX	
1T1tcV8CtadG9HnE-p2-DU4YTxBGwl7Y9	SFX - Motor & Gerador #23	wav	7.34	CinePRO Sound Design	SFX	
1xn-prl602vrGQJf2iL3RtoKE9EWPGEqL	SFX - Motor & Gerador #24	wav	7.29	CinePRO Sound Design	SFX	
1QRbrP8L2GcxDTEW5jleBE92HKuX8sUyx	SFX - Motor & Gerador #25	wav	7.13	CinePRO Sound Design	SFX	
1S-_0tzV3L4TntzPysEH-ta1UBtftEc42	SFX - Motor & Gerador #26	wav	7.33	CinePRO Sound Design	SFX	
1KgMaO4aZOsWg9Hnb_9wLi8-ifa3dUvlB	SFX - Motor & Gerador #27	wav	4.75	CinePRO Sound Design	SFX	
1QPdpXP8ix6NfEPmLDOy8WxEMT7A6oo2k	SFX - Motor & Gerador #28	wav	2.73	CinePRO Sound Design	SFX	
11w9AV_lSOh6m2J__lx3tpTLrA4UtI3yM	SFX - Motor & Gerador #29	wav	1.54	CinePRO Sound Design	SFX	
1w-fScRfMH_NA8zhNxLeL_lMDgitjcK4W	SFX - Motor & Gerador #3	wav	7.17	CinePRO Sound Design	SFX	
1fGYCfHWhitIwFhINr6ObVKmTW_zF2bFq	SFX - Motor & Gerador #30	wav	7.34	CinePRO Sound Design	SFX	
1UaUluvC3Jiz9_6knF7qBZJG2fMbgNn2t	SFX - Motor & Gerador #31	wav	3.74	CinePRO Sound Design	SFX	
1-rDpJouKiwaPhPAdWG45Y_Et3YKxldwP	SFX - Motor & Gerador #32	wav	6.92	CinePRO Sound Design	SFX	
19VdPbS_2sDZ01TBduIdxQ37c2_jIo7oA	SFX - Motor & Gerador #33	wav	0.68	CinePRO Sound Design	SFX	
1_aHDAjV1u_QOoBCtxHVMqALwQw9tmdhm	SFX - Motor & Gerador #34	wav	6.36	CinePRO Sound Design	SFX	
1z6CSUje3nEkKDTz0IkW27T4fLvycatAj	SFX - Motor & Gerador #35	wav	3.05	CinePRO Sound Design	SFX	
1NhUsxMtOMudAFirdxkqc6FPgecxhKGDe	SFX - Motor & Gerador #36	wav	7.27	CinePRO Sound Design	SFX	
1u26LSwNUA7n8KBMxPYmqpKrvkRgP8Hfc	SFX - Motor & Gerador #37	wav	7.19	CinePRO Sound Design	SFX	
1qhIcnMhCiS3K83JLArhH_qKa_Kb7Irvt	SFX - Motor & Gerador #38	wav	7.34	CinePRO Sound Design	SFX	
17D7DzkaAmVeCqgItcAXqz0ZeyaQGJg5n	SFX - Motor & Gerador #39	wav	7.12	CinePRO Sound Design	SFX	
17wN3TsevGwE5fkuBRK99qi5ObZVQwoFP	SFX - Motor & Gerador #4	wav	7.13	CinePRO Sound Design	SFX	
1Ugd5w0JFMoEi_qy1UwBP1UTk8Pvs9gN2	SFX - Motor & Gerador #40	wav	7.34	CinePRO Sound Design	SFX	
1uyigZ4ewTq72JfnGVvBSUZLLboX8cMBf	SFX - Motor & Gerador #41	wav	7.34	CinePRO Sound Design	SFX	
1uwMilhNJlpQLehTDYM4EfHeqTYrOPAMT	SFX - Motor & Gerador #42	wav	1.21	CinePRO Sound Design	SFX	
1a2XVY953z4zJnQc5i5yM7KuikrXdAIUg	SFX - Motor & Gerador #43	wav	7.25	CinePRO Sound Design	SFX	
1JeAah6FUkSE4h4s9Qhlp5MCvQs3LQ8By	SFX - Motor & Gerador #44	wav	7.27	CinePRO Sound Design	SFX	
1hzBNhZi6QepST83wpNV1nckbYdhbWzBT	SFX - Motor & Gerador #45	wav	7.28	CinePRO Sound Design	SFX	
1cMGW-L0NT32rEJBgFgvy2uRM25qZHrr0	SFX - Motor & Gerador #46	wav	7.25	CinePRO Sound Design	SFX	
1nNQ44wf0M_kGFGDCsMrGCFAAi8kSoV_h	SFX - Motor & Gerador #47	wav	6.64	CinePRO Sound Design	SFX	
1sVpfXQ8ZkH1US9N_CSOOr_JEebXf7nda	SFX - Motor & Gerador #48	wav	7.31	CinePRO Sound Design	SFX	
1bE7GA7Ow4P_peqlCoPgL1qFLtxBRy379	SFX - Motor & Gerador #49	wav	7.05	CinePRO Sound Design	SFX	
16r0n7ogHYFgb3YDErRtc7ED90oI_P417	SFX - Motor & Gerador #5	wav	7.2	CinePRO Sound Design	SFX	
1fidTH6ne5yGY5NFfjUISSJjLNF45Lsum	SFX - Motor & Gerador #50	wav	7.3	CinePRO Sound Design	SFX	
1HpaLGfaOwfIEOJwELUO-PcUtHCouZQCD	SFX - Motor & Gerador #51	wav	4.88	CinePRO Sound Design	SFX	
1nREqQzdIZgs3acbnOCojWonZ7BB95Zjl	SFX - Motor & Gerador #52	wav	7.31	CinePRO Sound Design	SFX	
1OEVACDnkiwOKE0YVc7BNSeAzFNzqOtx2	SFX - Motor & Gerador #53	wav	6.06	CinePRO Sound Design	SFX	
1BxXi35VZh_66qGaO-DTKUJQ1uao8Be2U	SFX - Motor & Gerador #54	wav	7.33	CinePRO Sound Design	SFX	
1cDa30npRlFOq8qYfan6oyNYx0-QliO5U	SFX - Motor & Gerador #55	wav	0.97	CinePRO Sound Design	SFX	
1ZhSv49tpqL-dLqrLMH3rjWTCJ4F_4tHk	SFX - Motor & Gerador #56	wav	1.65	CinePRO Sound Design	SFX	
17mloRyo7Oh_HcWW7J4NAVijAa0nCIb5r	SFX - Motor & Gerador #57	wav	7.25	CinePRO Sound Design	SFX	
1bXngcbHBULcCXI6teE39bbBPxhP6INBS	SFX - Motor & Gerador #58	wav	7.33	CinePRO Sound Design	SFX	
1-zrZbUKwUux7JnQFqfB8l4xkeTMu3Yb3	SFX - Motor & Gerador #59	wav	7.3	CinePRO Sound Design	SFX	
1kJQpDlyJHDIrFC9twagt7pqZttl8eg0Z	SFX - Motor & Gerador #6	wav	7.21	CinePRO Sound Design	SFX	
1p7a-bIbJNAjX8hrkLyNf6SEugxWa4O-J	SFX - Motor & Gerador #61	wav	7.09	CinePRO Sound Design	SFX	
1_owU-8l50T0JLJxE-Gmbk9uCqD3XhiMB	SFX - Motor & Gerador #62	wav	7.19	CinePRO Sound Design	SFX	
1yyczjm2TeCwQvnLibjMOIKfDK9P3XbJ2	SFX - Motor & Gerador #7	wav	7.28	CinePRO Sound Design	SFX	
1iPkMVn5F7J_SEAytvTge_8HVKQgZIyaf	SFX - Motor & Gerador #8	wav	7.24	CinePRO Sound Design	SFX	
12BeyylcsNhqDn4FshH9HDtYb9HbLIlXr	SFX - Motor & Gerador #9	wav	7.24	CinePRO Sound Design	SFX	
1Sl_jD2MuKp_qPDg0o5nCxxoQPEMqhPTu	SFX - Movimento #1	wav	1.68	CinePRO Sound Design	SFX	
14DFrRrbHlXjfEUsHYzAK9cmhjTaOacUw	SFX - Movimento #1	wav	8.68	CinePRO Sound Design	SFX	
130fnSJb4wLM_r7fDAmg9bDpOVHaAHlM_	SFX - Movimento #10	wav	1.68	CinePRO Sound Design	SFX	
1mDtJgBing6xcX6BtUKMEXHYn_FfWLNQJ	SFX - Movimento #11	wav	1.68	CinePRO Sound Design	SFX	
1mQk1zWTN7jU5hLEo-BQzmBvjPvtsQ8Bd	SFX - Movimento #12	wav	1.68	CinePRO Sound Design	SFX	
12YLCmNeEUtffUfFhX5ypR5l-JfagvHNi	SFX - Movimento #13	wav	1.68	CinePRO Sound Design	SFX	
1cHf5PMrp83Rf_4ZZLCFtWBoOl6ad_SFb	SFX - Movimento #14	wav	1.68	CinePRO Sound Design	SFX	
1HUYAQaYuxt_wMvmVm_-wATibQxh82-Zy	SFX - Movimento #15	wav	1.68	CinePRO Sound Design	SFX	
1upbyoDaI-ISf4wGwv045UB86LS8Ih14I	SFX - Movimento #16	wav	1.68	CinePRO Sound Design	SFX	
1Tj6u-Ybx_071bZVIys1RTY8_Z4VoPQGH	SFX - Movimento #17	wav	1.68	CinePRO Sound Design	SFX	
1ETc6G_4tdMkLqM2JCtZbWKXhw7i3ObUD	SFX - Movimento #18	wav	1.68	CinePRO Sound Design	SFX	
1eUmu2AIQK39bG8xA9MUbbh6WqMBaBrLd	SFX - Movimento #19	wav	1.68	CinePRO Sound Design	SFX	
1vs35RhJ23KDyuB289fqgvk8RbTg9Jkoe	SFX - Movimento #2	wav	1.68	CinePRO Sound Design	SFX	
1Zp4ZP-6Mlks45x2zZ5D8TN1uRIsJPc39	SFX - Movimento #2	wav	7	CinePRO Sound Design	SFX	
1-agX_7nJVAkUFvw9Z2R1t5Shg6yxElco	SFX - Movimento #20	wav	1.68	CinePRO Sound Design	SFX	
1kT2LVPhWwUlu_CM54Mi0eMb2vWzPj3z0	SFX - Movimento #21	wav	2.33	CinePRO Sound Design	SFX	
1mtI9uFnUd9GF_cs-MAdTNiErdAjthIwF	SFX - Movimento #22	wav	1.94	CinePRO Sound Design	SFX	
1FiB42GIETLh1I0ncjM-E95-0dUJvj6R4	SFX - Movimento #23	wav	2.38	CinePRO Sound Design	SFX	
1lGPbQoJVxW0xasQeBJ5X7veaEzz8ohwj	SFX - Movimento #24	wav	2.11	CinePRO Sound Design	SFX	
1HZkK8Ran5kqFQShcJTr2H4SvDDFuOOAr	SFX - Movimento #25	wav	2.94	CinePRO Sound Design	SFX	
1_bq-gPk9baaBf-OjEXRGML4dw_QDMKnD	SFX - Movimento #26	wav	2.08	CinePRO Sound Design	SFX	
147KmmOVqLaqWguTKEPHyKhEKKFnOEGKb	SFX - Movimento #27	wav	2.33	CinePRO Sound Design	SFX	
1ze_JFJyolhuQgHEsdRwPdMJYoaxGOMyj	SFX - Movimento #28	wav	3.38	CinePRO Sound Design	SFX	
10jPuyiP0Jrwx1WimeCMFyAEs00E0_jzO	SFX - Movimento #29	wav	3.38	CinePRO Sound Design	SFX	
19P8a-OVcJwzn91ll01FENssZnU03ulsV	SFX - Movimento #3	wav	1.59	CinePRO Sound Design	SFX	
1Ut8X2GUR-9KfUYiy51vRBVBfNgqRk1hF	SFX - Movimento #3	wav	9.9	CinePRO Sound Design	SFX	
1NGmNBKshSJrSFvOIJi_2nzWq1Wi2G4TC	SFX - Movimento #30	wav	3.38	CinePRO Sound Design	SFX	
1DPE2kVdkrJUGW8IuOdNCsyE6ckEqrUZb	SFX - Movimento #31	wav	3.38	CinePRO Sound Design	SFX	
185hAraxudmFU9zHpmf5Y0tCi6yKqdXSz	SFX - Movimento #32	wav	3.38	CinePRO Sound Design	SFX	
1ui0pmRc8kd6MmD2bncVAraQkH2fABPba	SFX - Movimento #33	wav	1.72	CinePRO Sound Design	SFX	
1AfBsC0a6vybCEImdTCaamWyEOPX7DoKr	SFX - Movimento #34	wav	1.64	CinePRO Sound Design	SFX	
1CcQ01RTjsBjVpOfKiHi862gK-qzcWq4b	SFX - Movimento #35	wav	1.5	CinePRO Sound Design	SFX	
1PFimijjINgDn2HrIIuf2gdQtRhN1NFA2	SFX - Movimento #36	wav	1.36	CinePRO Sound Design	SFX	
1Ir8jdSqM1YhQmyGre0oXg_QDL9d2h9Wv	SFX - Movimento #37	wav	2.36	CinePRO Sound Design	SFX	
1u6-gd-_ututd5YioE1-P8NnsXMdyoPkV	SFX - Movimento #38	wav	3.38	CinePRO Sound Design	SFX	
1h53NJ8CaAEQ128UG7Ks0QEtOnVQfMVMF	SFX - Movimento #39	wav	1.97	CinePRO Sound Design	SFX	
12ZHG-O9PI48r-Ig9mPo_wljuUTRygUiM	SFX - Movimento #4	wav	1.06	CinePRO Sound Design	SFX	
1_yC0qg667tDvPH6ySuNulJ8IVjCOBH2f	SFX - Movimento #4	wav	6.69	CinePRO Sound Design	SFX	
1Xr-0iYCUcNW1ohT7EIn3IAbscB8zthZ8	SFX - Movimento #40	wav	1.97	CinePRO Sound Design	SFX	
1ZMgl6wMN5Pr4pgOepqHwhLSERFaCIHt6	SFX - Movimento #41	wav	1.97	CinePRO Sound Design	SFX	
1dwJu8NanO7w5Uq6ZhVcIyhtVdKxIT63j	SFX - Movimento #42	wav	2.38	CinePRO Sound Design	SFX	
19XJz5Hbilk_rSyf6_Wgx2_x5WCAhYqeV	SFX - Movimento #43	wav	2.38	CinePRO Sound Design	SFX	
1wII5yVZszCfXieWm6_sNeHhIO0SEok5f	SFX - Movimento #44	wav	2.38	CinePRO Sound Design	SFX	
1rGsjtcOAdvK48FMJwiuLmB4HBJVMRwgB	SFX - Movimento #45	wav	2.35	CinePRO Sound Design	SFX	
1kUrGwlqZGTRe44Tx-dwwhr0sjOnRsI7H	SFX - Movimento #5	wav	2.06	CinePRO Sound Design	SFX	
1-CCCmDZZCAbpWwT3Mp1xVXUqHthrhLWO	SFX - Movimento #6	wav	0.86	CinePRO Sound Design	SFX	
1b3M4wwRUUZZJwQT8MpTuJG-NyMnvW8k4	SFX - Movimento #7	wav	2.27	CinePRO Sound Design	SFX	
1hHJQ9N0f27TRKZm99JLK0Z6V06gQbiql	SFX - Movimento #8	wav	1.5	CinePRO Sound Design	SFX	
1DyfQa_5gM47NdKVhdZ3Cwmb-1IRqNxMF	SFX - Movimento #9	wav	2.11	CinePRO Sound Design	SFX	
1lTAf2G60xrahX1X86rZLirlG7-tQHDbA	SFX - Mudança Climática (Curto-Panorâmica)	wav	4.82	CinePRO Sound Design	SFX	
1xoufYJM1n8r0Qz0OxIYQtP40S4ejcRyt	SFX - Mudança Climática (Curto)	wav	4.82	CinePRO Sound Design	SFX	
1AzNrXDD6Gcr8M203O1CEolpH_vtufRqa	SFX - Mudança Climática (Longo-Panorâmica)	wav	5.65	CinePRO Sound Design	SFX	
1JjuvrMnZSVqK6mHlQp8IL9i_INIFGk6r	SFX - Mudança Climática (Longo)	wav	5.77	CinePRO Sound Design	SFX	
18vzOEfTo5JEzUMs83yMA7559wTB3vA-O	SFX - Negação (Curto) #1	wav	0.54	CinePRO Sound Design	SFX	
1bdHfEYKraOKABhNHATmn1YRzPUbwZS44	SFX - Negação (Curto) #10	wav	0.93	CinePRO Sound Design	SFX	
1RzSVJKcQE0zxm3LTjQ3TXJoQMVUzQohz	SFX - Negação (Curto) #11	wav	0.94	CinePRO Sound Design	SFX	
1nqQSD3OiYKqHRno0-cJqwcyAvbzr89_a	SFX - Negação (Curto) #12	wav	1.08	CinePRO Sound Design	SFX	
1ptDnYqMgJ2_RGqJ8brUo0X8_2O4xH2tO	SFX - Negação (Curto) #13	wav	1.36	CinePRO Sound Design	SFX	
10pbmOQrABFSILcEmEaRucNnEyqfys33I	SFX - Negação (Curto) #14	wav	0.87	CinePRO Sound Design	SFX	
16h8wbbl8iR9_4ZE4xHmNtLU2z3f6vPgE	SFX - Negação (Curto) #15	wav	1.19	CinePRO Sound Design	SFX	
1jRujvGZPc6Jb-_E88Xn0hXdioMUDKIId	SFX - Negação (Curto) #16	wav	1.2	CinePRO Sound Design	SFX	
1QYge45ZvogLnA07AKu3abq6poQWciIte	SFX - Negação (Curto) #17	wav	0.85	CinePRO Sound Design	SFX	
1spLNJyle8q2KHQUzwEhuRV95kTeKsMjl	SFX - Negação (Curto) #18	wav	0.76	CinePRO Sound Design	SFX	
1zGqhi9K32BnDAuxZCTG9Ox94meKryGQa	SFX - Negação (Curto) #19	wav	0.75	CinePRO Sound Design	SFX	
1uglHg4gEfR-_t0Acc-bwSBHa4U1Noj-p	SFX - Negação (Curto) #2	wav	0.7	CinePRO Sound Design	SFX	
1gDGDqjlvXom10yj8Jo2nBZTQ9O9vo0wI	SFX - Negação (Curto) #20	wav	0.87	CinePRO Sound Design	SFX	
1u8d93gkTiBHV_0qxz375zUvHzyXMfZtG	SFX - Negação (Curto) #21	wav	0.98	CinePRO Sound Design	SFX	
1_bhdjiiKovxTqloKbunUKsl5sYrxnah1	SFX - Negação (Curto) #22	wav	0.67	CinePRO Sound Design	SFX	
1a6f00sNQMMTlcxmFvcfx2UCg4lGwYDIw	SFX - Negação (Curto) #23	wav	0.84	CinePRO Sound Design	SFX	
1hoOg51HIp6E9uyMONZCfKktS-WikxD72	SFX - Negação (Curto) #24	wav	0.67	CinePRO Sound Design	SFX	
13s-JeLjSSNI9o7KtC0dgkshSVKVj1bm6	SFX - Negação (Curto) #25	wav	0.94	CinePRO Sound Design	SFX	
1gfI1LC-dF1E9HcernqU4rduFhLLLnXPy	SFX - Negação (Curto) #26	wav	0.93	CinePRO Sound Design	SFX	
1O10EkXeG0waMtJmr2ZeIR6w9bO0zLFO5	SFX - Negação (Curto) #27	wav	0.66	CinePRO Sound Design	SFX	
1hz3sqJKIVbFMqF2gFhhMzS61O_ZXDPEM	SFX - Negação (Curto) #28	wav	0.89	CinePRO Sound Design	SFX	
1ej_TLaUl2zb7i8H7Y1Rrw7p-LAEh-P4o	SFX - Negação (Curto) #29	wav	0.94	CinePRO Sound Design	SFX	
1CHsyInUUo325exhBJ-ZZ8DE3geMiByH6	SFX - Negação (Curto) #3	wav	0.73	CinePRO Sound Design	SFX	
14IdJDkc35AqItPbVQPWIziHbHgsJUkgD	SFX - Negação (Curto) #4	wav	1.08	CinePRO Sound Design	SFX	
1G73O-aWbotRmTALilULk0zEWZMu1pk1T	SFX - Negação (Curto) #5	wav	0.97	CinePRO Sound Design	SFX	
1oOWpVNdi8D5BS9Q-mrmCXz0Ua-EKEq08	SFX - Negação (Curto) #6	wav	1.55	CinePRO Sound Design	SFX	
1jOJncfK1oiviRGOBFIem4b1-ejgFN8cd	SFX - Negação (Curto) #7	wav	1.55	CinePRO Sound Design	SFX	
1RSSww6Cfvjgp1xbibREaRef-s8tVvAEU	SFX - Negação (Curto) #8	wav	0.46	CinePRO Sound Design	SFX	
1Au3_0p0x2UAPTIM5dSj_XRjjFiQtPMMa	SFX - Negação (Curto) #9	wav	0.54	CinePRO Sound Design	SFX	
1ToYqnGARp7lP5QZg2Dh30GmicMBKjOJM	SFX - Negação (Médio) #1	wav	1.05	CinePRO Sound Design	SFX	
1YDqzO2ZwTP1pkLcbx4oDybu2HNZ-abdv	SFX - Negação (Médio) #10	wav	1.22	CinePRO Sound Design	SFX	
14pqfcwucBuTeJ7zUQQfqm8dmcQiTOEUj	SFX - Negação (Médio) #11	wav	1.55	CinePRO Sound Design	SFX	
1M3B5RD_fERgn3DMqbnB27XOY_Fcls5z2	SFX - Negação (Médio) #12	wav	1.55	CinePRO Sound Design	SFX	
1XqdRXAqjmtA32_UO4rtG951oOXEXCK2p	SFX - Negação (Médio) #13	wav	1.08	CinePRO Sound Design	SFX	
1sNI6ZyEDHsd9BRnBINH-h_a6ybuwAjLl	SFX - Negação (Médio) #14	wav	0.9	CinePRO Sound Design	SFX	
1BkkJ6lTuOvNxYEciMEA2z2kz8gws5k1G	SFX - Negação (Médio) #15	wav	1.37	CinePRO Sound Design	SFX	
1aeJwecyxQEqBbt2s3hdhd_CPC101vGFP	SFX - Negação (Médio) #16	wav	1.25	CinePRO Sound Design	SFX	
1AhEoq36mIATzcq6Fqr_uWpnwyHjZ3iPD	SFX - Negação (Médio) #17	wav	1.08	CinePRO Sound Design	SFX	
1ls2jkaQ8fAenrbpPgL3LO_0Swo507GSp	SFX - Negação (Médio) #18	wav	1.55	CinePRO Sound Design	SFX	
15A2_h8XCpxjE4CK7-y1BE2zEe22W-Kji	SFX - Negação (Médio) #19	wav	1.08	CinePRO Sound Design	SFX	
1negFrHH02XSqoUAaYotwYkAxqR0FNMaL	SFX - Negação (Médio) #2	wav	1.55	CinePRO Sound Design	SFX	
1llbJaHYj4f8Pjs57xFLbH0tDJgCHQzTa	SFX - Negação (Médio) #20	wav	0.79	CinePRO Sound Design	SFX	
1BL6Nyt0M0tbCqzlyhiSgqS80MQLqXTDQ	SFX - Negação (Médio) #21	wav	0.87	CinePRO Sound Design	SFX	
1N6eCsc0E5J6s2YdYEZo6f8DnbulyRRY5	SFX - Negação (Médio) #22	wav	0.9	CinePRO Sound Design	SFX	
17_i5UroLmtgqBNafPVQVnNMG95Ngs7IH	SFX - Negação (Médio) #23	wav	1.55	CinePRO Sound Design	SFX	
16mIzmj_bBqst1q6evba34oQrJMJaByS2	SFX - Negação (Médio) #24	wav	1.08	CinePRO Sound Design	SFX	
1lTSfXQltWdhSSqZLC9OFMEUUF6FC43Fd	SFX - Negação (Médio) #25	wav	0.64	CinePRO Sound Design	SFX	
1id3lNI1cdf52FVL4LnDKaT3v9SSES7Wn	SFX - Negação (Médio) #26	wav	0.9	CinePRO Sound Design	SFX	
1ZSyAOQ9uNqEV2cJ-MmLvIFBwMRpUHrov	SFX - Negação (Médio) #27	wav	1.05	CinePRO Sound Design	SFX	
1UBx3RCI82JSgXPZ_t-CbFPGIMqiJjuBx	SFX - Negação (Médio) #3	wav	1.25	CinePRO Sound Design	SFX	
1DPUOYOAcHJqG49Wok44UcBTaQsI_P5pK	SFX - Negação (Médio) #4	wav	1.41	CinePRO Sound Design	SFX	
1-gmztRdPTBGyZSMlsHZEwaEWDzbyp8iy	SFX - Negação (Médio) #5	wav	0.94	CinePRO Sound Design	SFX	
13kXrSNMvjr7gNQzeyIdX7iGrWaiIhajk	SFX - Negação (Médio) #6	wav	1.07	CinePRO Sound Design	SFX	
1vECvMJ7-wNphOSkrYJKgHif-iJpy_0rG	SFX - Negação (Médio) #7	wav	1.08	CinePRO Sound Design	SFX	
13DofZLJOuC6m8mPyMzyXRzmZILii5Y1w	SFX - Negação (Médio) #8	wav	1	CinePRO Sound Design	SFX	
1Vcyo-gKkZBywthqTaPZQcjCVNbC0nXMI	SFX - Negação (Médio) #9	wav	1.02	CinePRO Sound Design	SFX	
15ogqFNBG28WDfVFvZwLH4s45-QHyo3Ql	SFX - Nevasca Intensa (Curto-Panorâmica)	wav	10.29	CinePRO Sound Design	SFX	
1OAnskPBwoCq8Z08GVHK-_-yWjfdIDIkZ	SFX - Nevasca Intensa (Curto)	wav	10.29	CinePRO Sound Design	SFX	
1hOV9WelXYm7R7ZpH861ozMmE382pbKdY	SFX - Nevasca Intensa (Longo-Panorâmica)	wav	10.29	CinePRO Sound Design	SFX	
1VzCCoRj_ihY-En6MSsZi_9xxcyTIDdGs	SFX - Nevasca Intensa (Longo)	wav	10.29	CinePRO Sound Design	SFX	
1P6vxMxyjl13lfN1v6R5scqkB4amESnm9	SFX - Nevasca Intensa (Médio-Panorâmica)	wav	10.29	CinePRO Sound Design	SFX	
1if3LKHX9XvTy1RN2Zp8cwQwGb2aKdRpp	SFX - Nevasca Intensa (Médio)	wav	10.29	CinePRO Sound Design	SFX	
1ij39TeIRK4v1rBxg-5i5D3n6mRSW7Dvd	SFX - Noite em um Sopro	wav	10.12	CinePRO Sound Design	SFX	
1OiFbAuVq0mrEK5RUwcaBPH2ZIYNAA0Xf	SFX - Noite em um Sopro (Panorâmica)	wav	10.02	CinePRO Sound Design	SFX	
10Ir-Eph8AAUMXRcz0MxcWs1dwSmLNEqc	SFX - Notificação #1	wav	0.2	CinePRO Sound Design	SFX	tutorial
1v2PySReE175Ke7-sbscTJWAalowi6cvb	SFX - Notificação #1	wav	0.73	CinePRO Sound Design	SFX	tutorial
1rxzzHzQIHi-YTA2klW_MLflBuUZABqqD	SFX - Notificação #10	wav	2.23	CinePRO Sound Design	SFX	tutorial
1Rv27VD2mrG-phMby8cOfREIEOSjJyusu	SFX - Notificação #11	wav	0.92	CinePRO Sound Design	SFX	tutorial
1vchOgLZPkg-60dyZi0Sl7AkaEMB9Y9VM	SFX - Notificação #12	wav	1.17	CinePRO Sound Design	SFX	tutorial
1hFbIYWmuYFAGiynHXK-aVBSFgF60W5oY	SFX - Notificação #13	wav	0.75	CinePRO Sound Design	SFX	tutorial
11QezbL6xGFXj-JcYUbkFtZ-YG9ybq68d	SFX - Notificação #2	wav	0.55	CinePRO Sound Design	SFX	tutorial
1XpK8H-xSlvlmg4VnnGM06prcmiDi5kCV	SFX - Notificação #2	wav	0.8	CinePRO Sound Design	SFX	tutorial
1wRqh_7b0rK3lj4e6T9SeQHSdCY9EtRDi	SFX - Notificação #3	wav	1.87	CinePRO Sound Design	SFX	tutorial
1XadLLzyznjHj0qRAc2XcD6WOzBvpzgK6	SFX - Notificação #3	wav	0.86	CinePRO Sound Design	SFX	tutorial
1_LwBKzjLs03KClTnqoFFxxhrMQOu9aSn	SFX - Notificação #4	wav	0.15	CinePRO Sound Design	SFX	tutorial
1twnzs0z6kNkE8S7A8U9bQWBLdMP2Xnbn	SFX - Notificação #4	wav	0.78	CinePRO Sound Design	SFX	tutorial
1wCRmTmACt68DjDSB-CZozgH5SqOzsgPl	SFX - Notificação #5	wav	0.54	CinePRO Sound Design	SFX	tutorial
1VsxkEzAtCr5u9x7aAECXKfA7p6IX7Yaw	SFX - Notificação #5	wav	0.78	CinePRO Sound Design	SFX	tutorial
1pI4TPPrqrAV1V5UxiiByg-gc0qnrsoUN	SFX - Notificação #6	wav	0.2	CinePRO Sound Design	SFX	tutorial
1iEqN_0xc8XqUlYhwDhkPhN13XnjT_L6F	SFX - Notificação #6	wav	0.85	CinePRO Sound Design	SFX	tutorial
1rnWPCZ7Q1SuF6Evca0uomz1Bkj8yZdCO	SFX - Notificação #7	wav	1.08	CinePRO Sound Design	SFX	tutorial
1TUuQ1Xkucck46ECRPWQGJKOQp9o0lIs6	SFX - Notificação #8	wav	2.52	CinePRO Sound Design	SFX	tutorial
17li9QJByNcEY0zbd0qawBuCXcxuQSzDI	SFX - Notificação #9	wav	2.52	CinePRO Sound Design	SFX	tutorial
1cG4tNkljrdxN-NPuks9gILBdG_b2bi27	SFX - Óleo Borbulhando #1	wav	4.27	CinePRO Sound Design	SFX	
1DB5kIPMD0VFN9NycKGhHG52IN_O2XWgt	SFX - Óleo Borbulhando #2	wav	34.54	CinePRO Sound Design	SFX	
1s88pz6ZAqtbzxjR3VgMsyp5utoF9S7dE	SFX - Óleo Borbulhando #3	wav	2.57	CinePRO Sound Design	SFX	
1iGiqgNgI2s9llgfGilbFqejDaNdi5qwx	SFX - Óleo Borbulhando #4	wav	33.93	CinePRO Sound Design	SFX	
1dmdhUY_kWnR8DrdRtzUlPzr0D3aHhLTY	SFX - Óleo Borbulhando #5	wav	19.9	CinePRO Sound Design	SFX	
1wGPYd076WgSSnom59gYNiPPT7XINUyba	SFX - Óleo Borbulhando #6	wav	30.52	CinePRO Sound Design	SFX	
1_EsH1pNys84Phcj2PlWklTEianpET4Nu	SFX - Óleo Queimando #1	wav	19.8	CinePRO Sound Design	SFX	
1KuB5rQty3laa0ixVYKUa-ofxcATqon1i	SFX - Óleo Queimando #2	wav	2.47	CinePRO Sound Design	SFX	
10s7BP-i5dF9m-PuuUru8KJk7id2Cihub	SFX - Óleo Queimando #3	wav	6.37	CinePRO Sound Design	SFX	
106VFxUas9h5h4goiWM2u76kgf78jZRp4	SFX - Óleo Queimando #4	wav	3.54	CinePRO Sound Design	SFX	
1OK5PqlwEu5hVIRENBNcyZpJQXcrizzlQ	SFX - Óleo Queimando #5	wav	10.73	CinePRO Sound Design	SFX	
1e2wX3DXgcQe1U5t0X4H8U-s_fdxzbH6o	SFX - Óleo Queimando #6	wav	5.02	CinePRO Sound Design	SFX	
1lWNqL2vklcxIuEfYI-HowFkFhwcCe57X	SFX - Óleo Queimando #7	wav	19.31	CinePRO Sound Design	SFX	
1LarAwlxJpwriJcX_uOJ1FlKhS-i2t4Fm	SFX - Óleo Queimando #8	wav	7.21	CinePRO Sound Design	SFX	
1UwYHB2J2BfoiccB-peUImvb3eDZM0j9D	SFX - Oxidação Instantânea	wav	3.44	CinePRO Sound Design	SFX	
1PpEdP2UbXh1gdr0PcCTd1Ef2GBHTKZ40	SFX - Oxidação Instantânea (Panorâmica)	wav	3.44	CinePRO Sound Design	SFX	
170C0YRBtCMWSUN5IrOqMTdjnu5pYdG5z	SFX - Panela #1	wav	0.44	CinePRO Sound Design	SFX	
1dDfUVkNQkMAnBhpXd1fJ_n52mKx5cYcV	SFX - Panela #2	wav	0.75	CinePRO Sound Design	SFX	
1r9KJnYZA38cEgotg5ir_0AgdHU56gZAe	SFX - Panela #3	wav	0.52	CinePRO Sound Design	SFX	
1q5l7FRQ_dCQAugOcIxY31ot6d8x1ei8K	SFX - Panela #4	wav	0.79	CinePRO Sound Design	SFX	
1hDdGVkZnTshthMoHsAgC7V455NSvwWMl	SFX - Panela #5	wav	1.24	CinePRO Sound Design	SFX	
1ebn18rEbir9jswqNCqsN_-0RqRcKfJok	SFX - Panela #6	wav	1.31	CinePRO Sound Design	SFX	
18HOLaSjlXEjBEcApXo1FJxDI9cU8QH8T	SFX - Panela Batendo	wav	4.25	CinePRO Sound Design	SFX	
1ZN8ayYkPCU9CmQ7LfRj-ds-s2gWJOXk7	SFX - Para-Brisa #1	wav	6.88	CinePRO Sound Design	Essentials	
1KaIEQm-pewyYuwY_AbDqTIn5LTI9-BQg	SFX - Para-Brisa #2	wav	6.88	CinePRO Sound Design	Essentials	
12H39V-lesqTUqlostyjnqKEZYLq5o6bx	SFX - Para-Brisa #3	wav	6.88	CinePRO Sound Design	Essentials	
1TnTARHUTmPbxJjlvCqsLgwYpy4XqqVpq	SFX - Para-Brisa #4	wav	6.88	CinePRO Sound Design	Essentials	
1DRbB6bwfIacG8g_47k0_f_4Eom-i8L8K	SFX - Para-Brisa #5	wav	6.88	CinePRO Sound Design	Essentials	
1SelcxMbPHGqI1WamV99OH5GbtwJnGnpe	SFX - Parafusadeira #1	wav	1.43	CinePRO Sound Design	SFX	
1asWhm5AEir1kFRNf7ExzWHfyFAQz0GL8	SFX - Parafusadeira #2	wav	1.45	CinePRO Sound Design	SFX	
194E7AXKlEcwnXqF9hZ6x7Pg-lLZpcTBp	SFX - Parafusadeira #3	wav	1.37	CinePRO Sound Design	SFX	
1-OlCthDfHaORLhVPBRsMpb6CpaTx7q4C	SFX - Parque de Diversões #1	wav	1.81	CinePRO Sound Design	Essentials	
1TrUfNjIgMdZZrI1JQJ7H07rIEyiaQO-k	SFX - Parque de Diversões #10	wav	6.87	CinePRO Sound Design	Essentials	
12Cm0D5g7xbEOQ2VR9G9lcCsJeAtbeY-h	SFX - Parque de Diversões #11	wav	1.57	CinePRO Sound Design	Essentials	
1L1iu3YzSN-aNXuFT-oINl_stcCpC5LXO	SFX - Parque de Diversões #12	wav	6.87	CinePRO Sound Design	Essentials	
1XXCWPP8pg9sxqdORnm3ZsK2du3U0q4sQ	SFX - Parque de Diversões #13	wav	6.87	CinePRO Sound Design	Essentials	
1r1cShqMOEK7L-fiNLD1WtKtL2dAIvSvH	SFX - Parque de Diversões #14	wav	6.87	CinePRO Sound Design	Essentials	
1GDCZolniFF1lYpvoIsYXNxF6Vp2hiG8k	SFX - Parque de Diversões #15	wav	6.87	CinePRO Sound Design	Essentials	
1j68Sf13_PKCXTkR1RIiYVyyarMdxd_6R	SFX - Parque de Diversões #16	wav	6.87	CinePRO Sound Design	Essentials	
16eC3hhDimUsflyPip9AUAEDt3LVI1fc6	SFX - Parque de Diversões #17	wav	6.87	CinePRO Sound Design	Essentials	
1uvA9IjRZ8W6GvfNRrSXSdSZEcUiLZHYk	SFX - Parque de Diversões #18	wav	6.87	CinePRO Sound Design	Essentials	
1C8GlEiHYUMYiH65WskjqKne7sLK6tNim	SFX - Parque de Diversões #19	wav	6.87	CinePRO Sound Design	Essentials	
1lywWF2ZSWVq3JlwepTV9DoMzELYbZhHH	SFX - Parque de Diversões #2	wav	1.36	CinePRO Sound Design	Essentials	
1eusebfMI9q3vqd1QrT_UOWNbzsz_gOo_	SFX - Parque de Diversões #20	wav	6.87	CinePRO Sound Design	Essentials	
19L4F_D0UCIA0kDhE511XrqrmI5hgbnqZ	SFX - Parque de Diversões #21	wav	1.42	CinePRO Sound Design	Essentials	
1fchaIDeMZFhKcRaZsAX9PNKMYykHaYvT	SFX - Parque de Diversões #22	wav	6.87	CinePRO Sound Design	Essentials	
1_n6tD2zoyXiejFR9I-rGCTIsordQ9o0h	SFX - Parque de Diversões #23	wav	6.87	CinePRO Sound Design	Essentials	
1mPGDtGutnDjZ6qAV0TLm8s5WC-R02wes	SFX - Parque de Diversões #24	wav	6.87	CinePRO Sound Design	Essentials	
1_iIol7OSLnmA3Q-grFBZAzsQcloyF2YE	SFX - Parque de Diversões #25	wav	6.87	CinePRO Sound Design	Essentials	
1AB5lcpN08TfAMY1yvwof-5gN9hdjJwK_	SFX - Parque de Diversões #26	wav	6.87	CinePRO Sound Design	Essentials	
15lSBDUGIx1FMHz9h4CvORbQe3ZTHnhwm	SFX - Parque de Diversões #27	wav	6.87	CinePRO Sound Design	Essentials	
1NiUDgqeuf02rFbsI4ZJ9AB6Hf7iWBiID	SFX - Parque de Diversões #28	wav	6.87	CinePRO Sound Design	Essentials	
1y_MhkTLKNaGg9_svmxL5UbXmjT4f4Eop	SFX - Parque de Diversões #29	wav	6.87	CinePRO Sound Design	Essentials	
1TtiuXv3Q95tH37-I9iyEnh6ev2a3tThj	SFX - Parque de Diversões #3	wav	3.01	CinePRO Sound Design	Essentials	
1WMmelLXFXKubGWWeDfgp7GFDZIFyI2tA	SFX - Parque de Diversões #30	wav	6.87	CinePRO Sound Design	Essentials	
183A_Pt1fG4wMlvTVjDJw2bIVtTvHgrHy	SFX - Parque de Diversões #31	wav	1.3	CinePRO Sound Design	Essentials	
1uVTeNYnE0OH3Bcef1iudBdsNYaLwV6LO	SFX - Parque de Diversões #32	wav	6.87	CinePRO Sound Design	Essentials	
1Wl2F688FubcmJ5sZoqiNYQCgMdc2TLL2	SFX - Parque de Diversões #33	wav	6.87	CinePRO Sound Design	Essentials	
1Sv-ApQUMmBxb6BK0UFzhknR_S9Gq3gSp	SFX - Parque de Diversões #34	wav	6.87	CinePRO Sound Design	Essentials	
1PPrHelPfareI0YSFyQq5zkAsgEL-nbBS	SFX - Parque de Diversões #35	wav	6.87	CinePRO Sound Design	Essentials	
1fVKjEoGJd_DM_0pBNJC3Z1u2jiVchXAF	SFX - Parque de Diversões #36	wav	6.87	CinePRO Sound Design	Essentials	
12hcxzhwjJofHWJo4ncB23paGeEONeghO	SFX - Parque de Diversões #37	wav	6.87	CinePRO Sound Design	Essentials	
1gb_p6PaWGOrnucgrcpIPGxdDHmbzlhdX	SFX - Parque de Diversões #38	wav	6.87	CinePRO Sound Design	Essentials	
11R8Pn0aJ1Uufde_8SOKj2XrLuF_a25YK	SFX - Parque de Diversões #39	wav	1.87	CinePRO Sound Design	Essentials	
1Vh-ZUkzAo9RXS3hZjfWZVgqVyUnaaq-a	SFX - Parque de Diversões #4	wav	2.08	CinePRO Sound Design	Essentials	
1uwbPHvSBO5Vimz1rAqaJW0tD0-ngsKe0	SFX - Parque de Diversões #40	wav	6.87	CinePRO Sound Design	Essentials	
1WA5KByT2zk-LyGX38j38Dc6oyL45Z-MY	SFX - Parque de Diversões #41	wav	6.87	CinePRO Sound Design	Essentials	
132OgZ2A7eXoNwiJbSC939EsXLOnPP5IM	SFX - Parque de Diversões #42	wav	6.87	CinePRO Sound Design	Essentials	
1JymcAX1myWDofSm1HMZmHI7TQd0kwv1X	SFX - Parque de Diversões #43	wav	6.87	CinePRO Sound Design	Essentials	
1afCrSrl0PMWJb_Acg7RbZ-DKecNBYVId	SFX - Parque de Diversões #44	wav	6.87	CinePRO Sound Design	Essentials	
19U9ntEIacKL_uTcYSWkoJcSyN79PKsww	SFX - Parque de Diversões #45	wav	6.87	CinePRO Sound Design	Essentials	
1dHFF2DUy75paZ8AzX7G1wYREJ5QOAJL9	SFX - Parque de Diversões #46	wav	6.87	CinePRO Sound Design	Essentials	
1zHYG2Sut3keJLb8AtN18iKbvgsGXirPU	SFX - Parque de Diversões #47	wav	6.87	CinePRO Sound Design	Essentials	
1UP6QugJQ6QABgtHPq6Y1Vyuog_CdQpOM	SFX - Parque de Diversões #48	wav	6.87	CinePRO Sound Design	Essentials	
1-Qw0krtPMbC63g0DjqEpULl6fUa_Uh_S	SFX - Parque de Diversões #49	wav	5.8	CinePRO Sound Design	Essentials	
19MpDA7fGuytlhKb4I041SbgYjQYjCCaf	SFX - Parque de Diversões #5	wav	2.04	CinePRO Sound Design	Essentials	
1zCRGqnqw_DAsgUzxdfvbM0EoOttgLJ4T	SFX - Parque de Diversões #50	wav	1.72	CinePRO Sound Design	Essentials	
1P6HkI-J9ca48kvJiTJ6Tss5HizD6UC1o	SFX - Parque de Diversões #51	wav	4.88	CinePRO Sound Design	Essentials	
1eT3ANXJZXc6YHWqb5x8bnnxH4kpQPjuA	SFX - Parque de Diversões #52	wav	6.87	CinePRO Sound Design	Essentials	
1oTgvpUfsPnqEpGemoDALD6-aSbPKnRu8	SFX - Parque de Diversões #53	wav	0.82	CinePRO Sound Design	Essentials	
1DDCW4skUZ0IB5dQiAhzYroE3i-vuPs3S	SFX - Parque de Diversões #54	wav	6.87	CinePRO Sound Design	Essentials	
1sXKTqXN_F-qkYYkBKvRxQb3hlNvR1Qvp	SFX - Parque de Diversões #55	wav	6.87	CinePRO Sound Design	Essentials	
1NtULmjqtbpY9zdWB8Q0Eo8T2v0DWC89J	SFX - Parque de Diversões #56	wav	6.87	CinePRO Sound Design	Essentials	
1GNpWABg4pA4xR9JtqguFG_diYSxBUf-Q	SFX - Parque de Diversões #57	wav	6.87	CinePRO Sound Design	Essentials	
1p83lUrxraVrjuvU43_iocxyVtAylGEHW	SFX - Parque de Diversões #58	wav	6.87	CinePRO Sound Design	Essentials	
1Gv0TrT-LeOaM3uUK-01IOVfoY2ONAsBD	SFX - Parque de Diversões #59	wav	6.87	CinePRO Sound Design	Essentials	
1FPrBZrNzMR6XUOBYglZin6zPW-Xkce0C	SFX - Parque de Diversões #6	wav	6.87	CinePRO Sound Design	Essentials	
1m0GDia4l5rxsxtOIfXDLO1dGBxnC8fsE	SFX - Parque de Diversões #60	wav	6.87	CinePRO Sound Design	Essentials	
1hrL5kMwqYfqZq9feeobcmYQUPnuCAu6D	SFX - Parque de Diversões #61	wav	6.87	CinePRO Sound Design	Essentials	
1YvZ4NREnkB8R1q4GV5uGZNiubMI3MNHu	SFX - Parque de Diversões #7	wav	3.81	CinePRO Sound Design	Essentials	
1z-_6foDz2Lm759JXJl_FE64MN2wJE5Tl	SFX - Parque de Diversões #8	wav	5.08	CinePRO Sound Design	Essentials	
1J0C92RUGiD6JK83LJj-9sb6WA-SaVpv3	SFX - Parque de Diversões #9	wav	6.87	CinePRO Sound Design	Essentials	
1E51__jc6rYbjoC4hqLFADqXStKBI4HHc	SFX - Partida #1	wav	6.88	CinePRO Sound Design	Essentials	
1p7iffxpwvpvPd7IOwMcNKn8kWILS-byz	SFX - Partida #2	wav	6.88	CinePRO Sound Design	Essentials	
1QFVLlMDmpokevOUn345ark5QON6zQYy6	SFX - Partida #3	wav	6.88	CinePRO Sound Design	Essentials	
18GOq-10Jgdv9_WKvIjNq1dlGQ2lXM8rG	SFX - Partida Caminhão	wav	6.88	CinePRO Sound Design	Essentials	
135zsAdl74E2PjoFrV0Bq4TTL0DL0qurI	SFX - Partida Caminhonete	wav	6.88	CinePRO Sound Design	Essentials	
1_gpNPpweAMG03p-QmLKYdJVNyug1M0qp	SFX - Passagem	wav	10.3	CinePRO Sound Design	SFX	
14ejsMPMn_hF7uZp3tOIhw9UvG7MUEj8e	SFX - Passagem	wav	6.87	CinePRO Sound Design	SFX	
1B0B2_tglM6Hl8VGdQBEgEYusQV9aWc0a	SFX - Passagem	wav	7.81	CinePRO Sound Design	SFX	
1n-8Z62aO31YZexu1qSYj9fTVxxbCcggI	SFX - Passagem	wav	4.29	CinePRO Sound Design	SFX	
1pGMpBdhWrO7k8zrcNIU45_Xl0OPZ6EDo	SFX - Passagem	wav	10.3	CinePRO Sound Design	SFX	
1HACRFhnaq71DTxlQC2ZSBf-R0YlzAEOD	SFX - Passagem	wav	5.58	CinePRO Sound Design	SFX	
1RhfEy0S0b9xmQ4b8TU0HbFXf37rahp1D	SFX - Passagem	wav	7.08	CinePRO Sound Design	SFX	
1Xe28tYdWPM_UHCT7zAymomkXoOufA7rN	SFX - Passagem	wav	6.01	CinePRO Sound Design	SFX	
1BxjqRJ1OLcxHA1jl7aO-inWhcKTI7PJW	SFX - Passagem	wav	12.48	CinePRO Sound Design	SFX	
1jf2fLrQ4_JcgakaKRve_EUjo40Ztnt8E	SFX - Passagem	wav	7.72	CinePRO Sound Design	SFX	
1SmRjocFGfPsaJaLXr65kgczinpZQBRc1	SFX - Passagem	wav	18.22	CinePRO Sound Design	SFX	
1mYnC0_DhjZJ7Ao1FjD2sZcANgidFydle	SFX - Passagem #1	wav	9.87	CinePRO Sound Design	SFX	
18PyB1ZJdKi270cwpNGt3_uhXF2k8N_Gh	SFX - Passagem #1	wav	4.51	CinePRO Sound Design	SFX	
16WhOMOyqNBpQxkIoSEREq_vBeeZjW6k9	SFX - Passagem #1	wav	5.01	CinePRO Sound Design	SFX	
1hA-cebtzSgaULMzCaxLRMUAWh5Kdc-Ix	SFX - Passagem #1	wav	5.47	CinePRO Sound Design	SFX	
1EWeZ7I3uXS5XOCPI-OPmLq21Iz0t1gMV	SFX - Passagem #1	wav	17.12	CinePRO Sound Design	SFX	
1Vhe_3rV76eMsWjLP4MfTXwpoWBlaYw4h	SFX - Passagem #1	wav	8.58	CinePRO Sound Design	SFX	
1nCAYPQ-oku-q6XxidAXNk20JRd7KyugK	SFX - Passagem #1	wav	7.94	CinePRO Sound Design	SFX	
1qZIiD4gEJ3NJPWwgeeg28ChaHOGUsvht	SFX - Passagem #1	wav	6.38	CinePRO Sound Design	SFX	
1o50NdObKtNw0oNbC9omyXAQeXBch1p7i	SFX - Passagem #1	wav	2.88	CinePRO Sound Design	SFX	
1iqzQSSV0sto3cRDp-tD1Ky8N_Ld2tAhb	SFX - Passagem #1	wav	6.44	CinePRO Sound Design	SFX	
1dhXW2tN_zJTgPrtCNNLHX8B7m2NYNcf_	SFX - Passagem #1	wav	10.72	CinePRO Sound Design	SFX	
1bxE40_OnxJxUvviOpCfExTgMoyNiW1pa	SFX - Passagem #1	wav	19.6	CinePRO Sound Design	SFX	
1TqTqdc2tCYtuLkv7hviuMqsJi8oE4d-7	SFX - Passagem #1	wav	18.53	CinePRO Sound Design	SFX	
1V8wMEdQmY7ijsUhKTbyUr4AvLdiI9w8J	SFX - Passagem #1	wav	5.79	CinePRO Sound Design	SFX	
1IP_GTKhDDvcNdGOieBtPtaKt5Pa9xne-	SFX - Passagem #1	wav	6.01	CinePRO Sound Design	SFX	
1U7cSQ2YJGFRqINybLE_U25yimPO2wJCP	SFX - Passagem #1	wav	6.87	CinePRO Sound Design	SFX	
13P9RVHK4hbVe1c-aLO9qWj6V0LTA4Cj5	SFX - Passagem #1	wav	7.08	CinePRO Sound Design	SFX	
1R6TcRnxT69WKB__qfLB7EpoiW4h9gPHY	SFX - Passagem #1	wav	9.22	CinePRO Sound Design	SFX	
18XaUCzRLOTJvKvtvtCxcwLRoE_v9HPII	SFX - Passagem #1	wav	4.3	CinePRO Sound Design	SFX	
1HvONzohs4SAVUud8mCK2T4mT5sr38ATe	SFX - Passagem #1	wav	5.8	CinePRO Sound Design	SFX	
1ux6ZKxMsV32jBQt9gwlvFD8Tn15-tPzn	SFX - Passagem #1	wav	5.54	CinePRO Sound Design	SFX	
1yo7oYC5WnKTOI-UzAJgoX_iyL8MkWwDD	SFX - Passagem #1	wav	8.15	CinePRO Sound Design	SFX	
1sKlJAOQUmp5eRmMiYvL7aYf9BqN0TL30	SFX - Passagem #1	wav	5.8	CinePRO Sound Design	SFX	
1dVZyFehg6HDb-yO6R7sfXXOZ-nEIXWXH	SFX - Passagem #1	wav	8.24	CinePRO Sound Design	SFX	
109hSk5KSr_MAbsL9P3nPK-5wpMWvCN5h	SFX - Passagem #1	wav	6.99	CinePRO Sound Design	SFX	
15hHpyxoHE7MRjEDkdv-V3wWU3Ln1_8mM	SFX - Passagem #1	wav	4.88	CinePRO Sound Design	SFX	
1Yuo7hmb68_5Q5ywOsF2tiZ3lUT8-2nig	SFX - Passagem #1	wav	8.52	CinePRO Sound Design	SFX	
1lCB3bK_dRkb6uRNv8uR50chbp787Aczu	SFX - Passagem #2	wav	6.44	CinePRO Sound Design	SFX	
1Lt-2fG_uZoHMbv6K8HtF4VPBJsKoSQol	SFX - Passagem #2	wav	4.72	CinePRO Sound Design	SFX	
1LYMZkftyiUPXjLQ2UI83WUBGbmraB7aV	SFX - Passagem #2	wav	4.38	CinePRO Sound Design	SFX	
1L0r2lsLHIONEmBPDq6dcUMQL8ZpPMbsE	SFX - Passagem #2	wav	5.15	CinePRO Sound Design	SFX	
14cC2IkWSYI9XH5dzaT9ZfL98rXIBx6oI	SFX - Passagem #2	wav	17.12	CinePRO Sound Design	SFX	
1MU3QHWuiQYQ2m8K9i3l-oUDwNj6LOG3S	SFX - Passagem #2	wav	8.58	CinePRO Sound Design	SFX	
1Dovm4r3emc3KOc7Z2Qos8P_txQM4E3No	SFX - Passagem #2	wav	8.58	CinePRO Sound Design	SFX	
1co9ju24CPL0BAzW2bP1OFQd5_SQbUpFB	SFX - Passagem #2	wav	10.68	CinePRO Sound Design	SFX	
1yv3vC9Q3kvIV5THlWlzR23G8glQ9JMee	SFX - Passagem #2	wav	9.79	CinePRO Sound Design	SFX	
18YTU3aDdk65DBZf3GRYr62GhxsiSWYXQ	SFX - Passagem #2	wav	10.3	CinePRO Sound Design	SFX	
1XbGyoarJmyJG6uB5efY4UzjOkyuF3JZw	SFX - Passagem #2	wav	8.15	CinePRO Sound Design	SFX	
1oaVxukMtUIDEpq-5WlSwFnu9czAqH6Tg	SFX - Passagem #2	wav	7.85	CinePRO Sound Design	SFX	
16R0VrLm2wLfI44Lt8MW3yjJICP_fPlJX	SFX - Passagem #2	wav	9.87	CinePRO Sound Design	SFX	
1IawkKDrNvqdSPev5IXtXlWSEOcNiHEw5	SFX - Passagem #2	wav	9.22	CinePRO Sound Design	SFX	
1YTudZlcICqEFBkAhbX58XxxK0DkOz95o	SFX - Passagem #2	wav	6.87	CinePRO Sound Design	SFX	
1WRYCM6KV_ZhL_501VOUMGm1rQD8kTLmG	SFX - Passagem #2	wav	7.72	CinePRO Sound Design	SFX	
1x5xEvtDtl2ioZpPlClZqKdtwn48IAECC	SFX - Passagem #2	wav	9.44	CinePRO Sound Design	SFX	
1Mnj5yjgtzs2yMhLOPatwCdZJJBVtHtCs	SFX - Passagem #2	wav	3.51	CinePRO Sound Design	SFX	
1HbrKfSZ7LIr1Vq6pq-IxFFpUEIZQOnkT	SFX - Passagem #2	wav	6.87	CinePRO Sound Design	SFX	
1nObZagh8Q6ppITx5e6C5fkMGsncqZ9Uc	SFX - Passagem #2	wav	10.94	CinePRO Sound Design	SFX	
1yX8yuEa8VUmOsD5VNC5a0JI1VWaqknNR	SFX - Passagem #2	wav	11.15	CinePRO Sound Design	SFX	
1lVCbwzLYMrdiGmzpHwvbL092SWHJMvy2	SFX - Passagem #2	wav	7.51	CinePRO Sound Design	SFX	
1584Gjv3_djDKZiiHkY6hDUsAofEbG9Co	SFX - Passagem #2	wav	7.88	CinePRO Sound Design	SFX	
1ZhC1XT1m44hQrpCWOlLGJFC4URwW67AN	SFX - Passagem #2	wav	9.01	CinePRO Sound Design	SFX	
1KG9xA4o0wsg47yCXPRWqG6NRkuyatbxv	SFX - Passagem #2	wav	13.72	CinePRO Sound Design	SFX	
1SimTGdfjWGv-gra06UYUWinC5tg_Mbjc	SFX - Passagem #2	wav	11.25	CinePRO Sound Design	SFX	
1Acy7QK76lAD_9jpzoMWOBnE5OOH2NlDP	SFX - Passagem #2	wav	7.68	CinePRO Sound Design	SFX	
1uGIhLIMnxNRnk8GwOJ2EWfK4dzdX_hFh	SFX - Passagem #2	wav	6.29	CinePRO Sound Design	SFX	
15gIFTNFbgaMBYWnZFEWwbGSjZhpPwCGe	SFX - Passagem #2	wav	9.08	CinePRO Sound Design	SFX	
155GvLbEzT5eqAzpujwHqC1hNQlX1CxQB	SFX - Passagem #2	wav	9.49	CinePRO Sound Design	SFX	
1GKtfV5t9ksI4YixInjP_9hYtEnAzqPQm	SFX - Passagem #3	wav	5.58	CinePRO Sound Design	SFX	
1R1gB89CP1OXkTQKF8_D7n9IFTVsn1KsI	SFX - Passagem #3	wav	3.87	CinePRO Sound Design	SFX	
1iswCsxH0mCMFJQIE40YQmgFWwrFEs6ap	SFX - Passagem #3	wav	4.79	CinePRO Sound Design	SFX	
1NKCaYPG45Ss3Z-pgQzCvu3i0Wqu8vbgc	SFX - Passagem #3	wav	17.12	CinePRO Sound Design	SFX	
1CGePvmMzC8PUFH_HJYtgkQMno2iEFIGs	SFX - Passagem #3	wav	8.59	CinePRO Sound Design	SFX	
1frrieVkgqROGo3BKLfWsSmJ_xIrrn7sB	SFX - Passagem #3	wav	7.51	CinePRO Sound Design	SFX	
1So4AOdRPHUyD1ujLWcZmPH97vgno-B-h	SFX - Passagem #3	wav	7.99	CinePRO Sound Design	SFX	
11_mX3I-yrgmP4TpRgVhNeaaxMlKBE50R	SFX - Passagem #3	wav	12.22	CinePRO Sound Design	SFX	
1v7laOpJ2H7_DqArFj9X2VgTB_AgVwL6C	SFX - Passagem #3	wav	5.37	CinePRO Sound Design	SFX	
1r-m2BCHxgGmiEsx7B_b1Z_CUIUyDcInD	SFX - Passagem #3	wav	12.41	CinePRO Sound Design	SFX	
1JMIvB2_BhIOc3n1738PquHKBtdJjwEO0	SFX - Passagem #3	wav	15.44	CinePRO Sound Design	SFX	
1DK_J2qG-DMm69Yf-0ZNtNlsYYFd_-7jE	SFX - Passagem #3	wav	8.13	CinePRO Sound Design	SFX	
1C3Ok8ljfO0mwfTGOlyaUxOpB_f_R_fDT	SFX - Passagem #3	wav	6.3	CinePRO Sound Design	SFX	
1TXXglsVkO2BrpWI3T81Pg3px4R5XWfFv	SFX - Passagem #3	wav	4.4	CinePRO Sound Design	SFX	
1jQgM6BoAz7B0a2A0gOQR-MxaKUdefvyf	SFX - Passagem #3	wav	4.6	CinePRO Sound Design	SFX	
17K8T87j0FnBi3hLj4C-SbVL-cmoKIQtP	SFX - Passagem #4	wav	12.01	CinePRO Sound Design	SFX	
1a5mVX0K6M-9xmwvPvWGdOGHrFBukz89D	SFX - Passagem #4	wav	3.69	CinePRO Sound Design	SFX	
12h3ynxfnPrKhlhe-L4gYef5UOIdcsij2	SFX - Passagem #4	wav	17.12	CinePRO Sound Design	SFX	
1abXhk1TwEiuXS6GHZrfLxzbKmf1WE-eT	SFX - Passagem #4	wav	8.58	CinePRO Sound Design	SFX	
1mU39QjZggbhjirJ_7Hj5PSzXEfz1LxmT	SFX - Passagem #4	wav	10.22	CinePRO Sound Design	SFX	
1FyMHG6Tm8RfcAACsFZktIkysJZ3rD4am	SFX - Passagem #4	wav	4.35	CinePRO Sound Design	SFX	
1XheNC8yThdYHkbmTNU4abYx7CfjOw5AX	SFX - Passagem #4	wav	14.58	CinePRO Sound Design	SFX	
1nOtTwajLJ0Yli4PT7Y1j3tCpZwYzLwA_	SFX - Passagem #4	wav	11.91	CinePRO Sound Design	SFX	
1BbqcQeOO1uQrQWXEthMe8dKf-5OF8KZ4	SFX - Passagem #4	wav	7.07	CinePRO Sound Design	SFX	
1rfZMMmjtjvVFvz7HYbnGM8FGh8MsfsXk	SFX - Passagem #4	wav	13.04	CinePRO Sound Design	SFX	
1ziY4DEOfwQSBeMof2cAuNzoIcKYY98nr	SFX - Passagem #5	wav	10.94	CinePRO Sound Design	SFX	
1ovPW7BzjOXvob5B3RuNsSK9BvjMndxu8	SFX - Passagem #5	wav	15.01	CinePRO Sound Design	SFX	
1x2g7IQs4I7z4Lp4rSpWGvokhVIKmQHPq	SFX - Passagem #5	wav	17.12	CinePRO Sound Design	SFX	
1PkSjXE9qS0m4N6RdnQw2TPZFtnwspUjQ	SFX - Passagem #5	wav	6.44	CinePRO Sound Design	SFX	
1Y2JoCggTFA4cP8yRikjCq8ZuM3Um34nq	SFX - Passagem #5	wav	9.01	CinePRO Sound Design	SFX	
1c_-GPKdpnL1dSAmSQCTWBSTVUAVr0JAR	SFX - Passagem #5	wav	9	CinePRO Sound Design	SFX	
1sBVTqtJsfcbL-rqbBLCaHnXYZCHTb-Jv	SFX - Passagem #6	wav	5.15	CinePRO Sound Design	SFX	
12qTs69WJLHqQhASrHZeB9_jdZcz5ELpj	SFX - Passagem #6	wav	15.1	CinePRO Sound Design	SFX	
1NvGCt51RjOmxaU4kthVeigd_-ok1BhhZ	SFX - Passagem #6	wav	17.12	CinePRO Sound Design	SFX	
1F8Fj43exV68w4cbQqcfe3qv_cHndydoK	SFX - Passagem #6	wav	3.68	CinePRO Sound Design	SFX	
1UodSRm7oA64mWGb3FKHaJHyWi9dEELqw	SFX - Passagem #6	wav	7.14	CinePRO Sound Design	SFX	
1tOSC7pqFQTf5A64yqgJS7ATxj6NEPy8u	SFX - Passagem #6	wav	10.09	CinePRO Sound Design	SFX	
1w1y0OiPZR-UaybeOWXz9KMYh4I-MX-Tf	SFX - Passagem Aquática (Curto-Panorâmica)	wav	4.82	CinePRO Sound Design	SFX	
1C-Uhe5ZNpZEM_6PxZzgx0nW5Y2x2bPne	SFX - Passagem Aquática (Curto)	wav	4.82	CinePRO Sound Design	SFX	
1g1Yqu7aG-xstGc_RDWzh55y-5q1WTzYK	SFX - Passagem Aquática (Longo-Panorâmica)	wav	5.05	CinePRO Sound Design	SFX	
1l4ce6o7L3YvS9KFc270nvMMwkEXSdFvD	SFX - Passagem Aquática (Longo)	wav	5.06	CinePRO Sound Design	SFX	
1ai4gGwEltqryn71h3JyKk3W6dRByPCqe	SFX - Passagem Aquática (Médio-Panorâmica)	wav	4.82	CinePRO Sound Design	SFX	
19sQO7AkTodo2cSRQv_IQPrMONygLp1WA	SFX - Passagem Aquática (Médio)	wav	4.82	CinePRO Sound Design	SFX	
1nSK9rJQQuKAQfV_T7jU1lBDImSiZg6fD	SFX - Passagem Arenosa (Curto-Panorâmica)	wav	10.29	CinePRO Sound Design	SFX	
1aJdXzOpCRM26iJW4i4tI7Fo_EKL88mvk	SFX - Passagem Arenosa (Curto)	wav	10.29	CinePRO Sound Design	SFX	
1EqEBTTd_gzzJKLDVM4QZrGn3DFupAFC4	SFX - Passagem Arenosa (Longo-Panorâmica)	wav	10.29	CinePRO Sound Design	SFX	
1TLQVSOdya0hLJ9sFMDqVBj84gkINC6O3	SFX - Passagem Arenosa (Longo)	wav	10.29	CinePRO Sound Design	SFX	
1tGu9N3iu2w0aviWm5DL953hm6L6awKZd	SFX - Passagem Arenosa (Médio-Panorâmica)	wav	10.29	CinePRO Sound Design	SFX	
15vgDRKbMT7ukmMu46t3wco17fLwA-tYK	SFX - Passagem Arenosa (Médio)	wav	10.29	CinePRO Sound Design	SFX	
1MlT6Owlun3A6NRM3GLJ0B0ru1fQ2g-gB	SFX - Passagem Magnética	wav	5.16	CinePRO Sound Design	SFX	
1ywpfdZfZyt5fkoF01mEN_Y42wMkg2iUq	SFX - Passagem Magnética (Panorâmica)	wav	5.16	CinePRO Sound Design	SFX	
18kFbU0x1DteAODJ1QXO_ZRgmqUgq4xJt	SFX - Passagem Resfriada (Curto-Panorâmica)	wav	5.15	CinePRO Sound Design	SFX	
1fkdXQw317SDO6ACIovXc9nXuzEk8isAv	SFX - Passagem Resfriada (Curto)	wav	5.15	CinePRO Sound Design	SFX	
1Kzal2nIMxO9xRAO16a5A-5ztleutPx_q	SFX - Passagem Resfriada (Longo-Panorâmica)	wav	5.15	CinePRO Sound Design	SFX	
1jzuUO_Fn8n-Rmbt0p3fGSE4eH38ega9H	SFX - Passagem Resfriada (Longo)	wav	5.15	CinePRO Sound Design	SFX	
1O4kJ-zcdtmrGQU7DXSleeJiob8ZJGSnF	SFX - Passagem Sci-Fi & Cyberpunk (1)	wav	6.88	CinePRO Sound Design	SFX	
1NOn19idTb1tKDRJBgyq30skk9-Es19Mm	SFX - Passagem Sci-Fi & Cyberpunk (10)	wav	5.15	CinePRO Sound Design	SFX	
1e9goV6AYU73z0CL_C2EsEzayCC4snaq7	SFX - Passagem Sci-Fi & Cyberpunk (11)	wav	6.88	CinePRO Sound Design	SFX	
1xlTDFIxc8089DDp_Ril972qt7dZBj9zF	SFX - Passagem Sci-Fi & Cyberpunk (12)	wav	6.88	CinePRO Sound Design	SFX	
1T6lvXSUZ-nofUMNTbNzhrf7aV0auVJ6_	SFX - Passagem Sci-Fi & Cyberpunk (13)	wav	6.88	CinePRO Sound Design	SFX	
1fdoWdof2RQC7h_Z0210tNBfAH6PQ-czu	SFX - Passagem Sci-Fi & Cyberpunk (14)	wav	6.88	CinePRO Sound Design	SFX	
1y419XuSsfDJ7_MoZ9hh9tRncYkPipHir	SFX - Passagem Sci-Fi & Cyberpunk (15)	wav	6.88	CinePRO Sound Design	SFX	
1MgUHvebehFWNmTb4IxJtqG2sJJEnrWpE	SFX - Passagem Sci-Fi & Cyberpunk (16)	wav	6.88	CinePRO Sound Design	SFX	
10r83vKltTiiNLiChCPdBzKbjN1mN9uPt	SFX - Passagem Sci-Fi & Cyberpunk (17)	wav	6.88	CinePRO Sound Design	SFX	
1SgLAS6GGDdyW0VMD1FvJZCuKOxdRCtjH	SFX - Passagem Sci-Fi & Cyberpunk (18)	wav	6.88	CinePRO Sound Design	SFX	
1xWcMgIj0Azi3mCukCKtck6hWfo-KcRvd	SFX - Passagem Sci-Fi & Cyberpunk (19)	wav	6.88	CinePRO Sound Design	SFX	
1gzwMb0Feh2-WB-IZlQFppVZV3XAO0aPU	SFX - Passagem Sci-Fi & Cyberpunk (2)	wav	6.88	CinePRO Sound Design	SFX	
1a7fwiazPB0JBaH20nPC8dMfFNPbIsp0K	SFX - Passagem Sci-Fi & Cyberpunk (20)	wav	3.44	CinePRO Sound Design	SFX	
1TaoueF1dzJpoLKUcrEEL-FkAq2J9lNHl	SFX - Passagem Sci-Fi & Cyberpunk (21)	wav	6.88	CinePRO Sound Design	SFX	
1E7A0VSKKy8oDI97-KO8_FKE2QVNd_kRN	SFX - Passagem Sci-Fi & Cyberpunk (22)	wav	6.88	CinePRO Sound Design	SFX	
1yd_Dtwi8Rx8bPFE5RfKlFt6UTbi4esvd	SFX - Passagem Sci-Fi & Cyberpunk (23)	wav	6.88	CinePRO Sound Design	SFX	
1aUg5Rkb6eOHVynljtnhAvY-JDZLGj3e5	SFX - Passagem Sci-Fi & Cyberpunk (24)	wav	3.44	CinePRO Sound Design	SFX	
155BHqUHclWodgdIaS4kteHqVs7dokyRM	SFX - Passagem Sci-Fi & Cyberpunk (25)	wav	6.88	CinePRO Sound Design	SFX	
161aT67S-PhBNY-PuNB5CwPfyDP9Zxsgt	SFX - Passagem Sci-Fi & Cyberpunk (26)	wav	6.88	CinePRO Sound Design	SFX	
12XPaggHaNg0h3-V1kIo8mNCrvJZn25NB	SFX - Passagem Sci-Fi & Cyberpunk (27)	wav	6.88	CinePRO Sound Design	SFX	
1oBei5Xd6RsocGZKtielO9umOe73xNnQ1	SFX - Passagem Sci-Fi & Cyberpunk (28)	wav	3.44	CinePRO Sound Design	SFX	
1fqqW85iQgxCCYFpLW8obAFibPNf2swVq	SFX - Passagem Sci-Fi & Cyberpunk (29)	wav	1.72	CinePRO Sound Design	SFX	
1bnaj9dJDx3UbMxEJZQl1QD1-cld8vzlh	SFX - Passagem Sci-Fi & Cyberpunk (3)	wav	6.88	CinePRO Sound Design	SFX	
1VHhFxVqWIv5HJ5rVmIhZ-ABRI-SSUaNG	SFX - Passagem Sci-Fi & Cyberpunk (30)	wav	6.88	CinePRO Sound Design	SFX	
1CK0D9dkwFNmSRT28FINcRHC3otAt3c_p	SFX - Passagem Sci-Fi & Cyberpunk (31)	wav	6.88	CinePRO Sound Design	SFX	
1RVdvS_27wITThqtJRE_AVNSO3KOEL1lx	SFX - Passagem Sci-Fi & Cyberpunk (32)	wav	6.88	CinePRO Sound Design	SFX	
1-ytQWUFpker_9zuQIveWVjI8dRBEAQFI	SFX - Passagem Sci-Fi & Cyberpunk (33)	wav	5.16	CinePRO Sound Design	SFX	
1Cc3swi8DFu_jrYfxnCqRHwfeJX6pH3xp	SFX - Passagem Sci-Fi & Cyberpunk (34)	wav	6.88	CinePRO Sound Design	SFX	
11WoqEocoDGXb8VMtROM65vpSIGdAq-pA	SFX - Passagem Sci-Fi & Cyberpunk (35)	wav	6.88	CinePRO Sound Design	SFX	
1EwJvokPyg3_nsfdyz-yTXX7pW6jclPMe	SFX - Passagem Sci-Fi & Cyberpunk (36)	wav	6.88	CinePRO Sound Design	SFX	
1PP795up2IcsKMz1KGarRV05-bmVvxumx	SFX - Passagem Sci-Fi & Cyberpunk (37)	wav	6.88	CinePRO Sound Design	SFX	
13pCPvhf5fCeWVejTGma75Aowt1JZmFtI	SFX - Passagem Sci-Fi & Cyberpunk (38)	wav	4.13	CinePRO Sound Design	SFX	
1EECROPKgqMrvV_zkeOz8L08Y4UT-x5HK	SFX - Passagem Sci-Fi & Cyberpunk (39)	wav	6.88	CinePRO Sound Design	SFX	
1qTcwo8HqN0PGC-kYAH0abETFVYLm6NcZ	SFX - Passagem Sci-Fi & Cyberpunk (4)	wav	6.88	CinePRO Sound Design	SFX	
1DFvpMwZpHhNbHjUOEWzepkf5GJTCJwDS	SFX - Passagem Sci-Fi & Cyberpunk (40)	wav	6.88	CinePRO Sound Design	SFX	
13-CD6jkN4vICFLei5b2vcyRlisB-oyQa	SFX - Passagem Sci-Fi & Cyberpunk (41)	wav	6.88	CinePRO Sound Design	SFX	
1x2TbKQkIlY24jTXwdXSYz0Sihx-jT1Wl	SFX - Passagem Sci-Fi & Cyberpunk (42)	wav	5.36	CinePRO Sound Design	SFX	
1CFs88L8fYFwSdKXeMOn2D7ERqV5Kkd4a	SFX - Passagem Sci-Fi & Cyberpunk (43)	wav	6.88	CinePRO Sound Design	SFX	
16txz9TjCNhWyAn_gq8GU3MDMldrccFYG	SFX - Passagem Sci-Fi & Cyberpunk (44)	wav	6.88	CinePRO Sound Design	SFX	
1-kegxwvg1JpClWRoBaeoSi3cpKTiHXZD	SFX - Passagem Sci-Fi & Cyberpunk (45)	wav	6.88	CinePRO Sound Design	SFX	
1bEciqg-LTCq3VR_QI7b2hNHbo5AlkD56	SFX - Passagem Sci-Fi & Cyberpunk (46)	wav	6.88	CinePRO Sound Design	SFX	
1YgCFiwomkPJvfsOhOnc8cKBMZFLGVvf0	SFX - Passagem Sci-Fi & Cyberpunk (47)	wav	6.88	CinePRO Sound Design	SFX	
1AeH1G7OjTDvHtrWdKbMZyholG5_8fvo2	SFX - Passagem Sci-Fi & Cyberpunk (48)	wav	6.88	CinePRO Sound Design	SFX	
17b3n0dadSAOfOxRjWqoUjAPGF187f8Y1	SFX - Passagem Sci-Fi & Cyberpunk (49)	wav	6.88	CinePRO Sound Design	SFX	
1cLbBQSEt0wnajSN4gwBcr5rpg7-Nd8PR	SFX - Passagem Sci-Fi & Cyberpunk (5)	wav	6.88	CinePRO Sound Design	SFX	
19Qud0PIbiy95GUfWCXzNHOHTFepuyQ5_	SFX - Passagem Sci-Fi & Cyberpunk (50)	wav	6.88	CinePRO Sound Design	SFX	
1XYvkUoGLlX_ktmb4iK3cWhHB7_TAFTkn	SFX - Passagem Sci-Fi & Cyberpunk (51)	wav	6.88	CinePRO Sound Design	SFX	
1KSVH-fwGuwdSijGI45DRUprwCuSuvZz3	SFX - Passagem Sci-Fi & Cyberpunk (52)	wav	6.88	CinePRO Sound Design	SFX	
1-c0tT5B8q-tAyWak_4wZ5y6LN-YwSNhM	SFX - Passagem Sci-Fi & Cyberpunk (53)	wav	6.88	CinePRO Sound Design	SFX	
1K8NE-8qJUsgrlcDOaM7iq_A3mJdjob6f	SFX - Passagem Sci-Fi & Cyberpunk (54)	wav	6.88	CinePRO Sound Design	SFX	
1pIowXVHnd8hwJA45yQ3kRj1x4aRz5u-H	SFX - Passagem Sci-Fi & Cyberpunk (55)	wav	6.88	CinePRO Sound Design	SFX	
1vC0lrRftjB301PnjVHZA_4UAKY2_l1J4	SFX - Passagem Sci-Fi & Cyberpunk (56)	wav	6.88	CinePRO Sound Design	SFX	
1TJ7YQodQU-hljcjYUJRtYui_vAXHxeeJ	SFX - Passagem Sci-Fi & Cyberpunk (57)	wav	6.88	CinePRO Sound Design	SFX	
18IKXKoRF_A0IoWDiDH7tkneYIdho0w1o	SFX - Passagem Sci-Fi & Cyberpunk (58)	wav	6.88	CinePRO Sound Design	SFX	
1uZcYCqkwqFjEzK0wvBk017hdjVtX5NVz	SFX - Passagem Sci-Fi & Cyberpunk (59)	wav	6.88	CinePRO Sound Design	SFX	
1jDrn7MQQPbh4oGOQyhiW5SZnZsKo6pwj	SFX - Passagem Sci-Fi & Cyberpunk (6)	wav	6.88	CinePRO Sound Design	SFX	
1XuCn1JTZlVLzoaZcw4pJerrwaq3cq-HQ	SFX - Passagem Sci-Fi & Cyberpunk (60)	wav	6.11	CinePRO Sound Design	SFX	
1EzYc8NDxicWqpiJ1qs-M0nrYZGUxYfzk	SFX - Passagem Sci-Fi & Cyberpunk (61)	wav	6.88	CinePRO Sound Design	SFX	
17CyeEmmsAqzTnG4h2MW_Nt3FxvX0Y3L_	SFX - Passagem Sci-Fi & Cyberpunk (7)	wav	6.66	CinePRO Sound Design	SFX	
1ZryATy83k1fOXPjaAKxwh3ajzeF6Bn9-	SFX - Passagem Sci-Fi & Cyberpunk (8)	wav	6.88	CinePRO Sound Design	SFX	
1CnhovO6GT76MkxZ211ZUcKxRb4g6n6PS	SFX - Passagem Sci-Fi & Cyberpunk (9)	wav	6.88	CinePRO Sound Design	SFX	
1sZcqsOvNETK-SJft2bPCTREVZQwrzWWf	SFX - Pássaros & Natureza #1	wav	6.94	CinePRO Sound Design	Essentials	
1EvG_-kNCS9jwhqJNgavVdSVnuvZk40J_	SFX - Pássaros & Natureza #10	wav	6.94	CinePRO Sound Design	Essentials	
1FilYxMBa8BFNILqmcxenEK4a80rJFe9m	SFX - Pássaros & Natureza #11	wav	6.94	CinePRO Sound Design	Essentials	
1IsLWw0Cds_80X-zj9Pr36gWBkaDBFhaY	SFX - Pássaros & Natureza #12	wav	6.94	CinePRO Sound Design	Essentials	
1E-Kqg3jo-sU5Clqm8HoOS-qoC4cj7wzN	SFX - Pássaros & Natureza #13	wav	6.95	CinePRO Sound Design	Essentials	
1Jmnud8smPeR3bT3PS8ILoO2oNYUMbdOu	SFX - Pássaros & Natureza #14	wav	6.94	CinePRO Sound Design	Essentials	
1sYN3nrWwfNqvZseSOl7sOoEb2gUsT1mi	SFX - Pássaros & Natureza #15	wav	6.94	CinePRO Sound Design	Essentials	
1fqDsugql9ZplC0FfvIhNtZtVRZlK7XHQ	SFX - Pássaros & Natureza #16	wav	6.94	CinePRO Sound Design	Essentials	
17sT9HP4W7a9St3CeGu3F0YyzOXBvggrj	SFX - Pássaros & Natureza #17	wav	6.94	CinePRO Sound Design	Essentials	
1i493UWodOLFp1C1YpGvvvU1dDfNvG_Q3	SFX - Pássaros & Natureza #18	wav	6.94	CinePRO Sound Design	Essentials	
17HjuC_R0qF4nBOixieO7TyoilmVsL_Ki	SFX - Pássaros & Natureza #19	wav	6.94	CinePRO Sound Design	Essentials	
1G8R3gI0WmoCrHVYsEo3mI7_amdQbFt7r	SFX - Pássaros & Natureza #2	wav	6.94	CinePRO Sound Design	Essentials	
18SBysklODASWCTHelkFB4k6DqVSwUYGh	SFX - Pássaros & Natureza #20	wav	6.94	CinePRO Sound Design	Essentials	
1np0gQseXd9tdMRPzpa77YqOEQI6mZFGq	SFX - Pássaros & Natureza #21	wav	6.94	CinePRO Sound Design	Essentials	
1i4V93VbGXuE3I1efS_DJc0YleHPcsse_	SFX - Pássaros & Natureza #22	wav	6.94	CinePRO Sound Design	Essentials	
1bzT7q2cd3sIlvp554B6erEgrqd_ZfXqm	SFX - Pássaros & Natureza #23	wav	6.94	CinePRO Sound Design	Essentials	
1m49n2X7jcbQTLoqjCC2ZUWxzwPjXIjFl	SFX - Pássaros & Natureza #24	wav	6.94	CinePRO Sound Design	Essentials	
1gS5392XaUd5XsAhVY6_CrEVUiMtNK3eO	SFX - Pássaros & Natureza #25	wav	6.94	CinePRO Sound Design	Essentials	
1OUle9wpVsw4Q5f_McK_PNmelrKGV5kOh	SFX - Pássaros & Natureza #26	wav	6.94	CinePRO Sound Design	Essentials	
1hLpzt37Rb8sseczaoQHUaFYwwaf_n81B	SFX - Pássaros & Natureza #27	wav	6.94	CinePRO Sound Design	Essentials	
11ILrz3lZh7UNEWi35Xdi35fotC0Kqed5	SFX - Pássaros & Natureza #28	wav	6.94	CinePRO Sound Design	Essentials	
1RspnNUSqlCGc9D-ddrhLHlxPPJ7k2oyL	SFX - Pássaros & Natureza #29	wav	6.94	CinePRO Sound Design	Essentials	
1Kofl-ra9_xywUx-Y_8f_G6E7hIq73N23	SFX - Pássaros & Natureza #3	wav	6.94	CinePRO Sound Design	Essentials	
1yHyMK33GOgWRnEUdFYx6uH08M4dKbaam	SFX - Pássaros & Natureza #30	wav	6.95	CinePRO Sound Design	Essentials	
1NN6756ztcuBP3AYvldZWwSbwn5xoMXgK	SFX - Pássaros & Natureza #31	wav	6.94	CinePRO Sound Design	Essentials	
1rHrLJcuZHAir-Vzu_HARQpS6zS_DwTy_	SFX - Pássaros & Natureza #32	wav	6.95	CinePRO Sound Design	Essentials	
17JjUDSE_zL0WNP8qHKTW82VgFr8213uQ	SFX - Pássaros & Natureza #33	wav	6.95	CinePRO Sound Design	Essentials	
1TvqPXBa-lcbbiH5f-gFYzKYFxi4-8QSl	SFX - Pássaros & Natureza #34	wav	6.94	CinePRO Sound Design	Essentials	
1V4yeLQ82yektHzQnxQV5arMnPmJjRLDw	SFX - Pássaros & Natureza #35	wav	6.95	CinePRO Sound Design	Essentials	
1RDndShRHUcOgkyfL1KaUpOCuo9z5UjpC	SFX - Pássaros & Natureza #36	wav	6.94	CinePRO Sound Design	Essentials	
1p_7BD5jqTHyyc9Ro_dr2FqutDdLwSBMl	SFX - Pássaros & Natureza #37	wav	6.94	CinePRO Sound Design	Essentials	
1_lyT6dLLIp_-kP_kVhw4RoiDU5ghYASS	SFX - Pássaros & Natureza #38	wav	6.94	CinePRO Sound Design	Essentials	
1sVoraCgmasAvMRESYwnlv7BTOwL8GM72	SFX - Pássaros & Natureza #39	wav	6.94	CinePRO Sound Design	Essentials	
1NkgONnWil61J6XG5zJnLo2jtT9d3NyZS	SFX - Pássaros & Natureza #4	wav	6.94	CinePRO Sound Design	Essentials	
1ZspTGdpI7qmXuf7gtyWE5OEA8naZyXe5	SFX - Pássaros & Natureza #40	wav	6.94	CinePRO Sound Design	Essentials	
1jDonwuOeNYuf_1AkByHf1wmg4oGgE_pe	SFX - Pássaros & Natureza #41	wav	6.94	CinePRO Sound Design	Essentials	
14j2_rA1BkxO1fleVMXHf6HtNK4BIYYZ4	SFX - Pássaros & Natureza #42	wav	6.94	CinePRO Sound Design	Essentials	
1XqPLNyGd9aH38MnYNuFkU4faYLi2GBnY	SFX - Pássaros & Natureza #43	wav	6.94	CinePRO Sound Design	Essentials	
19aXpk5oZCD8JyB2i7SdCrTKQR5UJ3dci	SFX - Pássaros & Natureza #44	wav	6.94	CinePRO Sound Design	Essentials	
1KkHh3egfwXABtwrp9Poyitv03dbnY3ul	SFX - Pássaros & Natureza #45	wav	6.94	CinePRO Sound Design	Essentials	
1eoJDItq1j_0SyoLVlVd7Qi07PqZhy5vq	SFX - Pássaros & Natureza #46	wav	6.94	CinePRO Sound Design	Essentials	
1hpvsj8dFQbHc8SSXj0u4JRriTILIGjgE	SFX - Pássaros & Natureza #47	wav	6.94	CinePRO Sound Design	Essentials	
1NL4LLktDw-X8ivbIMW-vYGidIGmx3yZr	SFX - Pássaros & Natureza #48	wav	6.95	CinePRO Sound Design	Essentials	
1mb3EGLwQL2PCUKTcYHiFb4uprSuN7TMR	SFX - Pássaros & Natureza #49	wav	6.94	CinePRO Sound Design	Essentials	
1YTdVNCAELqa0JWrQGEMzukgX5YkPuImE	SFX - Pássaros & Natureza #5	wav	6.94	CinePRO Sound Design	Essentials	
1u-CpoQVvSJQO38e2CtsttyLdFKQ5UatO	SFX - Pássaros & Natureza #50	wav	6.95	CinePRO Sound Design	Essentials	
17ySG_MpEofyTVoCDt2ZNBemRuoPUPNlj	SFX - Pássaros & Natureza #51	wav	6.95	CinePRO Sound Design	Essentials	
13VQA1TRe1Tx0FxfqqGR564B_zAGJOa1R	SFX - Pássaros & Natureza #52	wav	6.94	CinePRO Sound Design	Essentials	
1dkMX2q4Af6zGmZQ-7Elu6vVMM-ly_DYS	SFX - Pássaros & Natureza #53	wav	6.94	CinePRO Sound Design	Essentials	
1T9WCnvxAUaRlf7Tf7ir7NypR193j9-Hi	SFX - Pássaros & Natureza #54	wav	6.94	CinePRO Sound Design	Essentials	
1_2_r4wIL5Q7-cgAQ_nEVn3kiy6b0X5GB	SFX - Pássaros & Natureza #55	wav	6.94	CinePRO Sound Design	Essentials	
1AZK7cS0qVbWDrlw7zIUGPllwhotwebb7	SFX - Pássaros & Natureza #56	wav	6.94	CinePRO Sound Design	Essentials	
10UYDOTOmrhQS2QW7kD0XBCz2jooy5Yc5	SFX - Pássaros & Natureza #57	wav	6.94	CinePRO Sound Design	Essentials	
1NzDl1bGnAeamW__ZM5y7rv6jVTzl7wJe	SFX - Pássaros & Natureza #58	wav	6.94	CinePRO Sound Design	Essentials	
15wSTjf9Wgt-VVhvDUJYzCfxJDl_urBVo	SFX - Pássaros & Natureza #59	wav	6.94	CinePRO Sound Design	Essentials	
1i_kcMrkjuYOmV9gL2fz3nBuOiF868EIQ	SFX - Pássaros & Natureza #6	wav	6.94	CinePRO Sound Design	Essentials	
1DpQh1tIX_RTEKv1aJyBc_QtmwQ4K0SxF	SFX - Pássaros & Natureza #60	wav	6.94	CinePRO Sound Design	Essentials	
1o7e8EzqLfHzupCJlUAx-SGqMuaDnTQ1-	SFX - Pássaros & Natureza #61	wav	6.94	CinePRO Sound Design	Essentials	
1wEKAX5d8adsdGKNEfrgkMZJ5VswP4Zo1	SFX - Pássaros & Natureza #7	wav	6.94	CinePRO Sound Design	Essentials	
1z66m8N6YtpuxaL_x6MEG_Pzr11s9m2f0	SFX - Pássaros & Natureza #8	wav	6.94	CinePRO Sound Design	Essentials	
1Z7HaRLc-EUK11TrVz70jCiaJL3N8J5PF	SFX - Pássaros & Natureza #9	wav	6.94	CinePRO Sound Design	Essentials	
1uVDoJGuzbkDkyPwyNWvjwPguY1TdxYrX	SFX - Passo Pesado	wav	6.88	CinePRO Sound Design	SFX	
17XmK7V9XzboPpMVBZtGvACViPpADifOM	SFX - Passos de Borracha	wav	6.88	CinePRO Sound Design	SFX	
1b67xS9XdIyP0A75MmdlEuVH6SKpoljw4	SFX - Passos Indo	wav	6.88	CinePRO Sound Design	SFX	
1mPqmVRHRwXW6tyBlxnzrUrJlkjVc_7jN	SFX - Passos Passando #1	wav	6.88	CinePRO Sound Design	SFX	
1_QM3vf0ecHccX14BhUV0UYUzEJ_QSJwk	SFX - Passos Passando #2	wav	6.88	CinePRO Sound Design	SFX	
1253qplPwHDsVWl_-C43PDR6alOePJvFk	SFX - Passos Vindo #1	wav	6.88	CinePRO Sound Design	SFX	
1TyKaj1vclJwuydABPJ_Kqp69sprgd98F	SFX - Passos Vindo #2	wav	6.88	CinePRO Sound Design	SFX	
1nYPLUFGaKGMg4IApm9KcCh26PtY3KqEh	SFX - Pedras	wav	6.88	CinePRO Sound Design	SFX	
1g3r-ptS6Ga_dlqcPGiXj8v5JDczFWXoe	SFX - Pedras com Vento	wav	6.88	CinePRO Sound Design	SFX	
1nzbf2dNlmVfVdyvJ_2xuzgJkaVnISJII	SFX - Pedras no Parque #1	wav	6.88	CinePRO Sound Design	SFX	
1W56nDttmjECg4ws9R1-shtvEJLYn5Rs6	SFX - Pedras no Parque #2	wav	6.88	CinePRO Sound Design	SFX	
1T7ZRc4IVbFHmYQZn8rGBaz7EzJQ3EDMu	SFX - Pedrinhas	wav	6.88	CinePRO Sound Design	SFX	
1u8mVr3rPU0uIbbibzosX9kx9bF1f4lg9	SFX - Pedrinhas Molhadas	wav	6.88	CinePRO Sound Design	SFX	
1IlUyHShB1EcMOHYZ3OLHPt1DKDCLeCLC	SFX - Pegando Telefone	wav	1.3	CinePRO Sound Design	SFX	
1uiwPxAVxAojSbmsxHYtQ6hzgKfV_5SVK	SFX - Pingo #1	wav	2.21	CinePRO Sound Design	SFX	
18TsrVkEKRMdHvmB2F7T_FrK_vQxONAyy	SFX - Pingo #10	wav	2.03	CinePRO Sound Design	SFX	
1NdGQ-M1Uy7JZHziv8UkRbw_ctzQqPRoe	SFX - Pingo #11	wav	0.97	CinePRO Sound Design	SFX	
1VcmLHWIePEyCfw52tT0hsb7_LbmBpp7E	SFX - Pingo #12	wav	1.36	CinePRO Sound Design	SFX	
1FKu5JWioODoN0rG1LYxUQXgI8U28EMCK	SFX - Pingo #13	wav	1.31	CinePRO Sound Design	SFX	
1DNG8nRhBDzbLYWLmbchFhdydOtced86b	SFX - Pingo #14	wav	2.87	CinePRO Sound Design	SFX	
1EGPCg604f0TbpH0suLtzo0vIgeo7wBYx	SFX - Pingo #2	wav	2.8	CinePRO Sound Design	SFX	
1OLaCjBeYO_ptQA1UPNnvGoFfrC-SeRDP	SFX - Pingo #3	wav	2.47	CinePRO Sound Design	SFX	
1d41QD6GdW21aPJFZLFMTHRd1RZ5e9DeA	SFX - Pingo #4	wav	1.59	CinePRO Sound Design	SFX	
1mMyQ9j3rksAfxL8H6FHSroH0tLX6YWzD	SFX - Pingo #5	wav	4.07	CinePRO Sound Design	SFX	
1NL8fMXJlX6e-ZQElOvzI-HCoGoEhmEDr	SFX - Pingo #6	wav	1.47	CinePRO Sound Design	SFX	
1ClAcAMNSY6c1o-bOjg7UOfx4I3-S-WC_	SFX - Pingo #7	wav	1.34	CinePRO Sound Design	SFX	
1zUR2g9dhgzpb4bczvvIVkF0SiZmct2un	SFX - Pingo #8	wav	0.51	CinePRO Sound Design	SFX	
1kjw1PYfwkZBxUyh4U3qkJg0J5BKdlNfK	SFX - Pingo #9	wav	0.84	CinePRO Sound Design	SFX	
1byuoWiZwd0376QE09abTLU9B-HjgRiPk	SFX - Pingos de Caverna #1	wav	6.88	CinePRO Sound Design	SFX	
1lFMf7ymJkZBAtVsEd3_IVgff-UcDuURA	SFX - Pingos de Caverna #2	wav	6.88	CinePRO Sound Design	SFX	
1loZN6e8WJzJAZcQMauq_tjkqnxTrXNZU	SFX - Poliéster	wav	6.88	CinePRO Sound Design	SFX	
12uFXeXqDMYggByRj--K6Zu481RxDmfUV	SFX - Pólvora #1	wav	2.53	CinePRO Sound Design	SFX	
1XPbvuUhg5gRa7KMz34R8tHNHLUrmvaph	SFX - Pólvora #10	wav	16.01	CinePRO Sound Design	SFX	
1V0G4AEP1-4XenLUzDfgnzBIQ2XbTNw0G	SFX - Pólvora #11	wav	1.5	CinePRO Sound Design	SFX	
1ZlyKYGTjh6lFIocbWQ0S_PgvrZspkTAJ	SFX - Pólvora #12	wav	1.51	CinePRO Sound Design	SFX	
1MpoYDwQA1WRAK6vnfAPLd79FSMdKPf0R	SFX - Pólvora #13	wav	2.28	CinePRO Sound Design	SFX	
1zKbKiLqfdcrT6a0PQBZVT5j2-yKomnbG	SFX - Pólvora #14	wav	2.28	CinePRO Sound Design	SFX	
1VYaoSFgSnXDibJvS0mXDG1O5oLv6vDew	SFX - Pólvora #15	wav	1.51	CinePRO Sound Design	SFX	
1hvmyOP6mCYbqCSc_ElSKYrP5ewcdSFWR	SFX - Pólvora #16	wav	1.87	CinePRO Sound Design	SFX	
1cVmfBSOzbOl39hCcFzFC5DLroo-yiR1j	SFX - Pólvora #17	wav	2.08	CinePRO Sound Design	SFX	
1hW8zM3wspFxydyo2R7po0esF7QRqnZEw	SFX - Pólvora #18	wav	1	CinePRO Sound Design	SFX	
19I8U_4ZG-R1D6yUKmCXvHHjWoO2s1EVR	SFX - Pólvora #19	wav	2.11	CinePRO Sound Design	SFX	
1R-BHSMZ8IIZQu2_dX6fMRwVna04cwdJQ	SFX - Pólvora #2	wav	2.03	CinePRO Sound Design	SFX	
1IlhiJZiAIoBpEjKq0x3f1NCE2nsL8lm_	SFX - Pólvora #20	wav	1.93	CinePRO Sound Design	SFX	
1uOVufMRgvH-vmJFPU2SOguhf8yfg9vY0	SFX - Pólvora #3	wav	1.98	CinePRO Sound Design	SFX	
1xM63W06DQkphgr25KDxrcM2t3up_eF0i	SFX - Pólvora #4	wav	2.38	CinePRO Sound Design	SFX	
1g-mD1rFF_5iIYJB4LfAyB2Ec1p536lYD	SFX - Pólvora #5	wav	4	CinePRO Sound Design	SFX	
1g0xHedqU3hLO0hlyB6w5Bf_DtOEcQzhZ	SFX - Pólvora #6	wav	4	CinePRO Sound Design	SFX	
1kBt3AppW77MSBTfTHVeVrX2j-0avR4zA	SFX - Pólvora #7	wav	4.5	CinePRO Sound Design	SFX	
1eCP6i8AVbZ03Fk-FWx_Qg3EwrOn5hXAD	SFX - Pólvora #8	wav	4.51	CinePRO Sound Design	SFX	
1M2rhQ95H3aSSnOZZ__-x8qbZ9F-o_GJ2	SFX - Pólvora #9	wav	16	CinePRO Sound Design	SFX	
1qJtbCTKdUPdLLps_sBn3SaZoQuCMofR1	SFX - Pop Up #1	wav	1.92	CinePRO Sound Design	SFX	
1GDEO9tH2QC2wTgCrHIW6LgmIc2Sxtc9E	SFX - Pop Up #10	wav	1.69	CinePRO Sound Design	SFX	
1F0yxRkLuT5ni0TOiNjoLuIwCk07tnCXb	SFX - Pop Up #11	wav	1.57	CinePRO Sound Design	SFX	
1jOHnZvxgoKrf_3DM00JK5BHJw-rBnl8P	SFX - Pop Up #12	wav	1.42	CinePRO Sound Design	SFX	
10cFkNnThj4PekhAGIWuLu1MyG1SHtB1H	SFX - Pop Up #13	wav	0.8	CinePRO Sound Design	SFX	
1q8soYXW64_mT2KKph0aqwPoUVfjTDVGi	SFX - Pop Up #14	wav	2.41	CinePRO Sound Design	SFX	
1KSkQjtNZAMoMuvrkgb1dFB0Az3lmGEbe	SFX - Pop Up #15	wav	2.41	CinePRO Sound Design	SFX	
1eSCsVgWfVUBaadGSAFbJCYJLgH771CCi	SFX - Pop Up #16	wav	1.97	CinePRO Sound Design	SFX	
1pDBl3GJOiOwbrQWUxJxHgwi6FWhM3Hcy	SFX - Pop Up #17	wav	1.7	CinePRO Sound Design	SFX	
1w_bckxhTa8Gm_ny3Pjn5aYKAT-FcdpPv	SFX - Pop Up #18	wav	1.49	CinePRO Sound Design	SFX	
1Tzk3Yr6MOgblEH-LDKAfswfpAUbdGoMw	SFX - Pop Up #19	wav	1.63	CinePRO Sound Design	SFX	
14vrBELKFai77Gv8M76ySk9Pm6OY1DEiH	SFX - Pop Up #2	wav	1.62	CinePRO Sound Design	SFX	
1eKvvxLwRhsrv3ZUJshFxGJ2st46NJt69	SFX - Pop Up #20	wav	1.77	CinePRO Sound Design	SFX	
1hWHxoeiBZZxgtZbQ913ImGCsHWyTQK1a	SFX - Pop Up #21	wav	1.77	CinePRO Sound Design	SFX	
1LFskOMi6MC9YSd8i-xerj7-X28-muaKd	SFX - Pop Up #22	wav	1.94	CinePRO Sound Design	SFX	
1oL7nnBYBPSsFPU4JCEifQhvQeWwT0g9Z	SFX - Pop Up #3	wav	1.12	CinePRO Sound Design	SFX	
1Y3rNUpEkBhLTP4LCApatWGRudJxDRb3F	SFX - Pop Up #4	wav	1.93	CinePRO Sound Design	SFX	
1D2MZl_Mr7t1BH-wN21GrMAWUGwf6N_kk	SFX - Pop Up #5	wav	2.32	CinePRO Sound Design	SFX	
14Ye8_hthYJVZjJLsXSXruivpXyCEcBnU	SFX - Pop Up #6	wav	1.49	CinePRO Sound Design	SFX	
10-J19sa9Ic3w35GWU5RXGmGito5d4gPk	SFX - Pop Up #7	wav	2.28	CinePRO Sound Design	SFX	
1tZrZflLxsQ0TEH3kNN-tGhHNWEYPyTff	SFX - Pop Up #8	wav	1.59	CinePRO Sound Design	SFX	
1UITVauU_8ePoMpoVYMR3_0j71JxDztpG	SFX - Pop Up #9	wav	2.2	CinePRO Sound Design	SFX	
11PBDy77QwoCltmRdh98UDGynqCihxNr2	SFX - Porta (Abrindo) #1	wav	2.69	CinePRO Sound Design	SFX	
1C9NkranR_hvu3wRS9dZTZ6iTkofqVNgf	SFX - Porta (Abrindo) #2	wav	0.79	CinePRO Sound Design	SFX	
1rN-BE146983B6ike-CnitzLdu4hDvFC9	SFX - Porta (Abrindo) #3	wav	1.88	CinePRO Sound Design	SFX	
1McxciIJtOJYGyX-INRHHAeE_hZyLAJgc	SFX - Porta (Batendo) #1	wav	1.19	CinePRO Sound Design	SFX	
17BuzGSZkDNFOKuLs4q4BgthE-heTdFxy	SFX - Porta (Batendo) #2	wav	2.02	CinePRO Sound Design	SFX	
1FV-6VNRfNjQb_uHHThTxR-SkJMIzEoVR	SFX - Porta (Batendo) #3	wav	1.67	CinePRO Sound Design	SFX	
18JfYmiUt92xSSmxQfdaETfu-sR-zKR3f	SFX - Porta (Batendo) #4	wav	2.04	CinePRO Sound Design	SFX	
16VREfNX1TSVMwT-98YzusqbgNZl9ifPg	SFX - Porta (Batendo) #5	wav	2.44	CinePRO Sound Design	SFX	
1BkJO6nWO0kgu3Sllc1t3jl1YSpv8v5hD	SFX - Porta (Destrancando e Abrindo)	wav	3.06	CinePRO Sound Design	SFX	
1zqU0V7HOpF7yHNeY7Yvf_SqvWvUdn4Zo	SFX - Porta (Fechando) #1	wav	1.78	CinePRO Sound Design	SFX	
1s5V4RTFfNyBZDSeWbXilewoCd7ABzNev	SFX - Porta (Fechando) #2	wav	1.36	CinePRO Sound Design	SFX	
1Ola4XS0bytUd9af7R-i2UP2UNkjLCItT	SFX - Porta (Fechando) #3	wav	1.48	CinePRO Sound Design	SFX	
1igdpgaJOVRPKJEuJkCyIupAhY1QmAXKG	SFX - Porta (Fechando) #4	wav	1.3	CinePRO Sound Design	SFX	
1dGIt4xTR9nky9wjyQ1xHJFvdqPhdgepc	SFX - Porta (Fechando) #5	wav	1.32	CinePRO Sound Design	SFX	
1PBz-AFC65VKdxi37G9851YYb8qxcFj8g	SFX - Porta (Fechando) #6	wav	0.73	CinePRO Sound Design	SFX	
1PnJFnLBd78RPXwRl7SHFta3gmvhhOKwL	SFX - Porta Abrindo	wav	6.88	CinePRO Sound Design	Essentials	
1HnE5bpTqq4InsdeYN1kO-bFbXxejGwZ2	SFX - Porta de Pressão (Abrindo) #1	wav	1.61	CinePRO Sound Design	SFX	
1F2MnQI2zvAt6rmD68POvaJDHqVxZyFAb	SFX - Porta de Pressão (Abrindo) #2	wav	2.94	CinePRO Sound Design	SFX	
1KIr33v7BVBCH9aCFpOwGwKBbtrzaZpvs	SFX - Porta de Pressão (Fechando)	wav	3.18	CinePRO Sound Design	SFX	
1T80x52LKbgmxL0CgSDp4Ho8sRYKUsr0V	SFX - Porta Elétrica (Abrindo)	wav	6.93	CinePRO Sound Design	SFX	
15YsdDUaOZKNOsXs-SckcuNS-71eu0cqD	SFX - Porta Elétrica (Fechando)	wav	3.83	CinePRO Sound Design	SFX	
1MUYvbnhrwSkleV2QQzqFq61Z3jpDb_xt	SFX - Porta Fechando #1	wav	6.88	CinePRO Sound Design	Essentials	
1xc-slfr1-rN7JmFLfDPE40bpSBP-yslw	SFX - Porta Fechando #2	wav	6.88	CinePRO Sound Design	Essentials	
11_D1vSWNdZkLkLSGn6e6rwRdjagiZIZI	SFX - Porta Luvas	wav	1.39	CinePRO Sound Design	Essentials	
1FtFHDecQHGaoUH6cEGDUNTH29LDFxnpp	SFX - Porta Rangendo	wav	0.9	CinePRO Sound Design	SFX	
1p8ljV0aPhN8LP3t-aDbbgB2DsHesx3YU	SFX - Porta Rangendo (Abrindo) #1	wav	1.77	CinePRO Sound Design	SFX	
1KHJEX5s-ck5ZdFkruYxvRwFD85KL-iIv	SFX - Porta Rangendo (Abrindo) #2	wav	1.38	CinePRO Sound Design	SFX	
1Eh6OG6Ag5ZyRUqgojkLzosknzBYSSpdu	SFX - Porta Rangendo (Fechando) #1	wav	1.49	CinePRO Sound Design	SFX	
1VLae94ZNDPrTXWzycBGefR5qyNE-wcnS	SFX - Porta Rangendo (Fechando) #2	wav	3.95	CinePRO Sound Design	SFX	
1ToXffrfUN-FjGWpIB6-GVGJtNFyyfJYL	SFX - Porta Velha (Abrindo)	wav	6.63	CinePRO Sound Design	SFX	
1d9Z3ijkx1UxzRiJJPYTxaQcTXkTOlQdH	SFX - Porta Velha (Fechando e Trancando)	wav	6.45	CinePRO Sound Design	SFX	
1u4Ld5mF-_dRJdjwwgrleNqg8SNNqW666	SFX - Portão (Abrindo)	wav	2.59	CinePRO Sound Design	SFX	
1U1glsDtnkvxG7ID3BvCSr3_WMPtmcodF	SFX - Portão (Batendo) #1	wav	1.53	CinePRO Sound Design	SFX	
1mm0k3qfDLeGMrc93tZf3s4yyejC9ZZPU	SFX - Portão (Batendo) #2	wav	2.23	CinePRO Sound Design	SFX	
1LcB_mTWBUyTND-ObUZGgIr6amz6tKI2t	SFX - Portão (Batendo) #3	wav	1.81	CinePRO Sound Design	SFX	
1TMaV7LsDuqozv-mEF-Pk2pL-spxNp-bg	SFX - Portão (Batendo) #4	wav	3.12	CinePRO Sound Design	SFX	
1uQOkmamf8xe5HrRysroNM9QcIBjJE7uH	SFX - Portão (Fechando)	wav	2.15	CinePRO Sound Design	SFX	
1UTTp8KkJiFeefTvS_BPRDey3FyNWNvgW	SFX - Praia & Mar #1	wav	6.95	CinePRO Sound Design	Essentials	
1bipzQSImZpiGJlRg_nk261AMJrN46NI5	SFX - Praia & Mar #10	wav	6.95	CinePRO Sound Design	Essentials	
12rHRObsFEwMIdlNp90KEdcNjeoadA7Y1	SFX - Praia & Mar #11	wav	6.95	CinePRO Sound Design	Essentials	
1TKbQCDfVllo6fQYtGmLBA2HNbDkZpxKn	SFX - Praia & Mar #12	wav	6.94	CinePRO Sound Design	Essentials	
1n4Efmn0F2qS06H09L11rr6l15ki1Txz5	SFX - Praia & Mar #13	wav	6.94	CinePRO Sound Design	Essentials	
1WvzQ4agMEO5aLHX7oAMF5WpwU7vYSd0e	SFX - Praia & Mar #14	wav	6.94	CinePRO Sound Design	Essentials	
1CqEy5PXNHltOPSUlrfK0B4iqvjK6Wx7T	SFX - Praia & Mar #15	wav	6.94	CinePRO Sound Design	Essentials	
1dmy-3NB3tCqWeStnKPkVibdCNPbEhHvY	SFX - Praia & Mar #16	wav	6.94	CinePRO Sound Design	Essentials	
19Ppi_x0EpX85Oy0EMpV05QlSLY4tOXku	SFX - Praia & Mar #17	wav	6.95	CinePRO Sound Design	Essentials	
1XBKrvLLVcbFGHdFRCfe3LnkgubtAM-ks	SFX - Praia & Mar #18	wav	6.94	CinePRO Sound Design	Essentials	
11hjfuLBTTQXWgde1g2SU6Z1V_9Q_mK6n	SFX - Praia & Mar #19	wav	6.94	CinePRO Sound Design	Essentials	
1nN9tWwKX6s0vHpKDlllVyeYuD6aiqUMT	SFX - Praia & Mar #2	wav	6.94	CinePRO Sound Design	Essentials	
16NehxGbFYj9xvi37nfG7E1WBW2wnYAum	SFX - Praia & Mar #20	wav	6.94	CinePRO Sound Design	Essentials	
1zVc9OOkOeoN3h7LgnWniXL7FaVvt2hak	SFX - Praia & Mar #21	wav	6.94	CinePRO Sound Design	Essentials	
1mcCvGQ7HhPV06mgwjA_IiaeR_vBu0nER	SFX - Praia & Mar #22	wav	6.94	CinePRO Sound Design	Essentials	
11PQ1-PWFOaRsCDDSgOq122al2zSKSmRd	SFX - Praia & Mar #23	wav	6.94	CinePRO Sound Design	Essentials	
10EvTduEghxvsHFqaSwqVBVKxAeN0dvRo	SFX - Praia & Mar #24	wav	6.94	CinePRO Sound Design	Essentials	
1pr1LSY2bySTC3r1q1toJNbhkg0SNq-JO	SFX - Praia & Mar #25	wav	6.94	CinePRO Sound Design	Essentials	
1XoHFtRw4cdd0aKf3ad9bKSX6Vq52kKAY	SFX - Praia & Mar #26	wav	6.94	CinePRO Sound Design	Essentials	
1mLn5MK_sl_x7VCuVNH4Bq7LyKPSzA9Af	SFX - Praia & Mar #27	wav	6.94	CinePRO Sound Design	Essentials	
14BsMQyUIz2T2i_FilPSmfJHAIb8ZVmmo	SFX - Praia & Mar #28	wav	6.94	CinePRO Sound Design	Essentials	
1a-womEB7iKOmeE0X7lYmRfenAQgkD1s0	SFX - Praia & Mar #29	wav	6.94	CinePRO Sound Design	Essentials	
1_26SMsflj9RYlXvGZydFm2tOaiH049E1	SFX - Praia & Mar #3	wav	6.94	CinePRO Sound Design	Essentials	
1xTLvM2QO8XBpq_Lpbpr-W8e6kCLqrXq9	SFX - Praia & Mar #30	wav	6.94	CinePRO Sound Design	Essentials	
1AKS391Wr12drw03Zfp5OTbZ4U1WLhmxB	SFX - Praia & Mar #31	wav	6.94	CinePRO Sound Design	Essentials	
1dcwhSY8Avu44uPQpKTYK4ulvXmwvgolY	SFX - Praia & Mar #32	wav	6.94	CinePRO Sound Design	Essentials	
1Ups5eXwxW-joViJlXr23q0iNhMi4VVtf	SFX - Praia & Mar #33	wav	6.94	CinePRO Sound Design	Essentials	
1hLSoRgz7o3-2btIpZu9u5xuJ1vNI1LL2	SFX - Praia & Mar #34	wav	6.94	CinePRO Sound Design	Essentials	
135WcLgwTDGNFQzoxg3HLEr8ZeS748SqJ	SFX - Praia & Mar #35	wav	6.94	CinePRO Sound Design	Essentials	
1WeFnGLouLj3Bc0OyavS2KvKccFQLmWnl	SFX - Praia & Mar #36	wav	6.94	CinePRO Sound Design	Essentials	
1qfAqaDHa0PTS2GB5dsV10BTxrq-ZR1JA	SFX - Praia & Mar #37	wav	6.94	CinePRO Sound Design	Essentials	
15kZ50w6J2DxS2-KbqbpCsq9YQU-6TqKw	SFX - Praia & Mar #38	wav	6.95	CinePRO Sound Design	Essentials	
1aaWhPlzLumPccrUOYkKAQgZML2t3NxBC	SFX - Praia & Mar #39	wav	6.94	CinePRO Sound Design	Essentials	
1hGz2FdKH9__uGRljfl0_07TkcfYV_4Dv	SFX - Praia & Mar #4	wav	6.94	CinePRO Sound Design	Essentials	
1I9y-PCEhW5tVW_btYESlKfSfXtMVmtn3	SFX - Praia & Mar #40	wav	6.94	CinePRO Sound Design	Essentials	
1MCChR5P0PAoZwI6LLFN95udr3pji0zv6	SFX - Praia & Mar #41	wav	6.94	CinePRO Sound Design	Essentials	
14qc4BREdP1IJEi-VAAhliqFkxkBx1M_L	SFX - Praia & Mar #42	wav	6.95	CinePRO Sound Design	Essentials	
12HuLMN-bD6fkYiEqsoAIhEDTOd3pTa3Z	SFX - Praia & Mar #43	wav	6.94	CinePRO Sound Design	Essentials	
1cBfcBbq2dBBFEImyzd6gzPrUjDLU4Wu5	SFX - Praia & Mar #44	wav	6.95	CinePRO Sound Design	Essentials	
1VTYMrSQZL2Bc_Rtj0LwRB0QdRmCWhMHh	SFX - Praia & Mar #45	wav	6.94	CinePRO Sound Design	Essentials	
1egf8-gSHNya9o1m_-80I6y8ElBBJp2wf	SFX - Praia & Mar #46	wav	6.95	CinePRO Sound Design	Essentials	
1Tn6y8MJzOgB82VQlRiacNDpkVb5Y3PuV	SFX - Praia & Mar #47	wav	6.94	CinePRO Sound Design	Essentials	
1mx8PKxjj8pUjcB04ab7n6AB97ADAtwm2	SFX - Praia & Mar #48	wav	6.94	CinePRO Sound Design	Essentials	
1nF4Elxk60jRljLXC35t_01woIp1NN0rY	SFX - Praia & Mar #49	wav	6.95	CinePRO Sound Design	Essentials	
1PVbkn6EO65wt0xmoTUSJ8pp-7TDexv98	SFX - Praia & Mar #5	wav	6.94	CinePRO Sound Design	Essentials	
11E5Vg7IoNoaoSQIHJRzFyBDR3iRHszsV	SFX - Praia & Mar #50	wav	6.94	CinePRO Sound Design	Essentials	
1l7OCiReqnSfz2MoF2Bc9KgyqgIusra3j	SFX - Praia & Mar #51	wav	6.95	CinePRO Sound Design	Essentials	
1z6AYeIOFju4x6qr-eCeqJp5alPr9q2Vo	SFX - Praia & Mar #52	wav	6.94	CinePRO Sound Design	Essentials	
1hXooyjxIjHzI8OuF4Y55ltyUw3b5M0e2	SFX - Praia & Mar #53	wav	6.94	CinePRO Sound Design	Essentials	
1dp4fc2N0JMCyEOe9GIcjV9CeDpP2eX9Y	SFX - Praia & Mar #54	wav	6.95	CinePRO Sound Design	Essentials	
1Ww4hW12-HQCugtfiK5HufLMGCWYszUw4	SFX - Praia & Mar #55	wav	6.94	CinePRO Sound Design	Essentials	
1Eta8TnOtZmgwQQeoWs9iEH_qBoiW9RfJ	SFX - Praia & Mar #56	wav	6.95	CinePRO Sound Design	Essentials	
1b2veH7xHzLdpI9n1nIy_Ztd1Qxu12n_R	SFX - Praia & Mar #57	wav	6.94	CinePRO Sound Design	Essentials	
1g2RDQNexJ0PAf0-lxSE1KhWgFcdsX_4P	SFX - Praia & Mar #58	wav	6.94	CinePRO Sound Design	Essentials	
1blmZ0uqixijLXXAjg2F85e2mZJl-X1gs	SFX - Praia & Mar #59	wav	6.95	CinePRO Sound Design	Essentials	
1Lm9moLGXBVsztPwWvqslcCZoYr98u3Tl	SFX - Praia & Mar #6	wav	6.94	CinePRO Sound Design	Essentials	
1DbFhP3mUjtgL2uykOr_Yn-y3IZ3i9hiJ	SFX - Praia & Mar #60	wav	6.95	CinePRO Sound Design	Essentials	
1YOJbT0dFP5VHw1-oseWEm1Aby6z0SeYg	SFX - Praia & Mar #61	wav	6.95	CinePRO Sound Design	Essentials	
1rEHHY4VCR9GHl2hfPUdD8Uv_6mnKYDrU	SFX - Praia & Mar #7	wav	6.94	CinePRO Sound Design	Essentials	
18VQLqq-XukA8nN4ra22G2DTJ_8cREAAk	SFX - Praia & Mar #8	wav	6.94	CinePRO Sound Design	Essentials	
1IsVsBuFlbxcN9Nok3T3V9cqISvQbfKeX	SFX - Praia & Mar #9	wav	6.95	CinePRO Sound Design	Essentials	
14xFetRquxvisTx5Q3UCmgMQCq2_O39kn	SFX - Prato #1	wav	1.17	CinePRO Sound Design	SFX	
1LVj4eeRvyd9C93H7RRsKhTXkw_xugBqi	SFX - Prato #2	wav	1.51	CinePRO Sound Design	SFX	
1i62Sxq4mvKO1d5tT2I6KulxIR-w1kEee	SFX - Prato #3	wav	2.2	CinePRO Sound Design	SFX	
12ifwzckVpv0WhaSXdnzRlOqeaadtENjT	SFX - Prato #4	wav	1	CinePRO Sound Design	SFX	
16HNVlwE_UuaJDNBRs9PX8FIVZdMVbriD	SFX - Prato #5	wav	1.06	CinePRO Sound Design	SFX	
1VabIGv7k-VXvCPwvyJJ6AMuoG7RIYQj2	SFX - Pressão Marinha	wav	6.38	CinePRO Sound Design	SFX	
1HDDkpf3cPgNQoCsobWP7Lobjrxeq9cFL	SFX - Pressão Marinha (Curto-Panorâmica)	wav	4.82	CinePRO Sound Design	SFX	
1gk7gvJ8px0axS7W6_EvPXzJ3dUJUUVIC	SFX - Pressão Marinha (Curto)	wav	4.87	CinePRO Sound Design	SFX	
13CN-UbnuRf8zyRqEPvPPxj0TRVjU-gaS	SFX - Pressão Marinha (Médio-Panorâmica)	wav	5.19	CinePRO Sound Design	SFX	
1HKz8oYYSWdoqx_VvpYjr3BiDShIik5qZ	SFX - Pressão Marinha (Médio)	wav	5.5	CinePRO Sound Design	SFX	
1ql2vAuNBnZujT3IRW6etOAfxgKwSq6P6	SFX - Pressão Marinha (Panorâmica)	wav	6.86	CinePRO Sound Design	SFX	
1_GGuZU1s1lPTcN2eL0gnrCzYuMNA21ag	SFX - Profundeza Instantânea	wav	6.2	CinePRO Sound Design	SFX	
1z-JNGauZwSuKm6swLiGCFHH8sXbLrNBq	SFX - Profundeza Instantânea (Curto-Panorâmica)	wav	5.89	CinePRO Sound Design	SFX	
1ze2bHwn8JZKlchQ92bAe-JUByrP5Yvp_	SFX - Profundeza Instantânea (Curto)	wav	5.94	CinePRO Sound Design	SFX	
1QQTyOpjxqKawUe_wDn3Y63mFGe-3JQXv	SFX - Profundeza Instantânea (Panorâmica)	wav	6.2	CinePRO Sound Design	SFX	
1iySRNPkXiMVDxkcVaSkL2Fn82YquZ38J	SFX - Progresso #1	wav	24.86	CinePRO Sound Design	SFX	
1UqRKTLOEGbPP1dEfKqf7_sSxods511uh	SFX - Progresso #15	wav	24.86	CinePRO Sound Design	SFX	
1WbzZ6P67O76kjPcQMk5CYxKVLiK_r_wv	SFX - Progresso #17	wav	24.86	CinePRO Sound Design	SFX	
13qOuyvCqNQI9SO2QNRFHYOUGlN0pJ6Wd	SFX - Progresso #19	wav	24.86	CinePRO Sound Design	SFX	
1COb6nlJubzWw7KbNKQHi40nFsWTCEGIH	SFX - Progresso #2	wav	24.86	CinePRO Sound Design	SFX	
1OPHQMi3EPF5xCyKYKYDT-S6aimd2yXlg	SFX - Progresso #20	wav	24.86	CinePRO Sound Design	SFX	
1fuUSKomliPu3M6zK2zEE1yFCzuOsAKoD	SFX - Progresso #3	wav	24.86	CinePRO Sound Design	SFX	
1XFiNpJQnKZWXeE7vMXtIaebpBVjMmMeC	SFX - Progresso #5	wav	24.86	CinePRO Sound Design	SFX	
1CcKPQNoz-eSFA1pujhUhktgjBSC71I_z	SFX - Progresso #6	wav	24.86	CinePRO Sound Design	SFX	
1ALJ0ZJEV0uBAS2QbZJdu2dG0QoiknFxq	SFX - Progresso #7	wav	24.86	CinePRO Sound Design	SFX	
1HwaCocGOH6HKJJ4fi3JbFYk--GUpkvjP	SFX - Quebrando #1	wav	0.71	CinePRO Sound Design	SFX	documentario
1dudxYZGLJH-YCN5BfBR79Uz9k0cwOW5a	SFX - Quebrando #1	wav	1.74	CinePRO Sound Design	SFX	
18PQjqOrQAIO4qdkY-zGp1QKJqv1B4DlH	SFX - Quebrando #2	wav	1.06	CinePRO Sound Design	SFX	documentario
1LXOJM_cD39-OreKxW2BYxj8LLSG7NRKr	SFX - Quebrando #2	wav	1.74	CinePRO Sound Design	SFX	
1Nh-7FbzB4WOGneNo1w43v0SHVOSCgnIW	SFX - Quebrando #3	wav	0.76	CinePRO Sound Design	SFX	documentario
1fq9hlX8vdmnn5nAmkDA0HMLPMeV3ZcEy	SFX - Quebrando #3	wav	1.74	CinePRO Sound Design	SFX	
1BGAv6wjAxEPvqddDUCnP33jITTM0J6Ok	SFX - Quebrando #4	wav	1.01	CinePRO Sound Design	SFX	documentario
1ZMcUu0gUABL1EURkWhMK96RxZbbIFrVj	SFX - Quebrando #4	wav	1.74	CinePRO Sound Design	SFX	
1Vk_TL4qM3ww3XZjyQMAjkud53aqVSVBr	SFX - Queda & Batida #1	wav	1.74	CinePRO Sound Design	SFX	
1064QDOIm84deCETlPWlG5NthBh2dr3-h	SFX - Queda & Batida #10	wav	1.74	CinePRO Sound Design	SFX	
1RvcSrU-BdIv2p81CztZO_dw80N9dLXLx	SFX - Queda & Batida #11	wav	1.74	CinePRO Sound Design	SFX	
1XOYxoSk6Rlu05gWpM_XrD8RXZcvDoYrk	SFX - Queda & Batida #12	wav	1.74	CinePRO Sound Design	SFX	
1m27wYAgmJGxmbiLO6uhu0JFw1vegsuld	SFX - Queda & Batida #2	wav	1.74	CinePRO Sound Design	SFX	
1IkQcqEjOE3DHsdgY9wbTmF_TvoqNXuFC	SFX - Queda & Batida #3	wav	1.74	CinePRO Sound Design	SFX	
1fH-K7YmyMrkTBLKs_xGSNkCZbQGAMxo8	SFX - Queda & Batida #4	wav	1.74	CinePRO Sound Design	SFX	
13g0bwOB9yHnqBdOkqNqbu8pXus_o6Vyt	SFX - Queda & Batida #5	wav	1.74	CinePRO Sound Design	SFX	
1aR5EFRaVrHgEPhawt0FWQ4UQMvW4EJ9R	SFX - Queda & Batida #6	wav	1.74	CinePRO Sound Design	SFX	
1nlbR-HfcIE3W_Jt1bZ0MEUvNbmLpxy2J	SFX - Queda & Batida #7	wav	1.74	CinePRO Sound Design	SFX	
1c_BeY3OL7n2XdJf3fWhsUmIv_9nZOx23	SFX - Queda & Batida #8	wav	1.74	CinePRO Sound Design	SFX	
1OIS_uK3lgsIPi3nfgRmUWCaXupI3sPYq	SFX - Queda & Batida #9	wav	1.74	CinePRO Sound Design	SFX	
1viH3Iz9Jy-i-pVfKm43blxrv6D1mCwfT	SFX - Queda & Quebra #1	wav	4.11	CinePRO Sound Design	SFX	
1U8DGvLCljWpXlxe8ug8BX93b0SWCwxZ6	SFX - Queda & Quebra #10	wav	0.93	CinePRO Sound Design	SFX	
1HwliafnGrPMQUtO9zcK2RLfZ0RpKG_FU	SFX - Queda & Quebra #11	wav	2.94	CinePRO Sound Design	SFX	
1Maet3v0-2ZEvrCanGJrUZgWXLpDAxHvN	SFX - Queda & Quebra #12	wav	1.36	CinePRO Sound Design	SFX	
1wSkQbz2qWE7lOaYQcP2R5IB-1_VRGW_Y	SFX - Queda & Quebra #13	wav	1.66	CinePRO Sound Design	SFX	
1oV-2hmle454LHi7bcApQe4OgBsNoyAc5	SFX - Queda & Quebra #14	wav	1.66	CinePRO Sound Design	SFX	
12dQ9SGHxFKiWX8FPQKQLJ8upaYa4a2p3	SFX - Queda & Quebra #15	wav	1.07	CinePRO Sound Design	SFX	
1o3DWY6pXNV_3_Kg2CbwKNy7s92AgBRZ_	SFX - Queda & Quebra #16	wav	3.85	CinePRO Sound Design	SFX	
1HG397uq-cg5i78ySqZLTklMuy0InGFVz	SFX - Queda & Quebra #17	wav	0.81	CinePRO Sound Design	SFX	
1pu9_j4y8SHCZBQYJmhqJ59Qkpad-shMN	SFX - Queda & Quebra #18	wav	1.68	CinePRO Sound Design	SFX	
1KOe0Asms85VbjdE6l9xe3TxKNlF2LkCg	SFX - Queda & Quebra #19	wav	1.87	CinePRO Sound Design	SFX	
1y69-kW9VSK2dHwNUTWeFsUZEqKLTWRBP	SFX - Queda & Quebra #2	wav	3.35	CinePRO Sound Design	SFX	
1P5XMRVtwcOQ2H8kHZ9WOelF-fJd2e2al	SFX - Queda & Quebra #20	wav	1.45	CinePRO Sound Design	SFX	
1Sto4ccgK9f1zQEq6cmHZQ0IQkEoksBDU	SFX - Queda & Quebra #21	wav	1.07	CinePRO Sound Design	SFX	
1LjZBbh3rtRLBLWyCzYYTnq2ggy1J8DdK	SFX - Queda & Quebra #22	wav	2.02	CinePRO Sound Design	SFX	
1PZ9lf6XW8zKmqhbQhtdzV50RkloyvO9W	SFX - Queda & Quebra #23	wav	1.76	CinePRO Sound Design	SFX	
1-jF6Cu3EM_h80s9pe1keWNrmd1LioO0j	SFX - Queda & Quebra #24	wav	2.88	CinePRO Sound Design	SFX	
1NPgBy-qhVC6lYO26xA563n5oBe1Dk9t5	SFX - Queda & Quebra #25	wav	4.55	CinePRO Sound Design	SFX	
1o7Ao3Q2n6iNNIg_1acVv5KKTe3nEmvyC	SFX - Queda & Quebra #26	wav	1.64	CinePRO Sound Design	SFX	
19MfV3F3_uylpNVncUTKIYFpKn3zYsOAQ	SFX - Queda & Quebra #27	wav	1.38	CinePRO Sound Design	SFX	
1Xe1bgphXCMJoI18ufAa99VsIItPDQmhQ	SFX - Queda & Quebra #28	wav	3.34	CinePRO Sound Design	SFX	
1F4HkQLitGDeKC7xqPWmpTXHMBSf4MxPe	SFX - Queda & Quebra #29	wav	2.99	CinePRO Sound Design	SFX	
1xcKk_3iPqz4iJ_1V5_r454wXLlZULJ-i	SFX - Queda & Quebra #3	wav	0.8	CinePRO Sound Design	SFX	
1jcwST5F6Xh9YAZNZXaDxGsjJ5HT-dXjC	SFX - Queda & Quebra #30	wav	1.94	CinePRO Sound Design	SFX	
1vSfZhkIw3crafzzDyRhdw2JjZ7MYdTHj	SFX - Queda & Quebra #31	wav	2.11	CinePRO Sound Design	SFX	
1TkYRX_1NN7oOfjC8VwBDUfz327rHsPjv	SFX - Queda & Quebra #32	wav	1.12	CinePRO Sound Design	SFX	
1AHD24fwCGwUIJ5Rxr1H6LuG7CVb4OVb7	SFX - Queda & Quebra #33	wav	1	CinePRO Sound Design	SFX	
1_y4Z27eamSNtGbxuoaoodzU8r_0oh9Qc	SFX - Queda & Quebra #34	wav	5.15	CinePRO Sound Design	SFX	
1Y2HHiPyKNyciwbBonHdHW7RrhQfNx57L	SFX - Queda & Quebra #35	wav	1.28	CinePRO Sound Design	SFX	
1FrC8IpZoEAdvfEmiz4gqXRPTKioLCrie	SFX - Queda & Quebra #36	wav	2.72	CinePRO Sound Design	SFX	
1ACRmXvGE_fD-X_pD1d12ci3pEkUcrry0	SFX - Queda & Quebra #37	wav	2.75	CinePRO Sound Design	SFX	
1N8LmE2OkDf2o_LOuXfjTa_H0p50olTuK	SFX - Queda & Quebra #38	wav	2.69	CinePRO Sound Design	SFX	
1Pvdvf8QCJEDhHkMGr6Ax24QDWazVjr8S	SFX - Queda & Quebra #39	wav	2.01	CinePRO Sound Design	SFX	
1XYSG45VG8HLdVT-mWXnfE6HdUpSC0vgU	SFX - Queda & Quebra #4	wav	3.07	CinePRO Sound Design	SFX	
1HE0Dg2V6h24Ox3IzmABbJIqTtQI2TMMt	SFX - Queda & Quebra #40	wav	5.16	CinePRO Sound Design	SFX	
1oXN0FdHlYSfS5sghXFDyITIxFdfFVL-b	SFX - Queda & Quebra #41	wav	5.16	CinePRO Sound Design	SFX	
1FRLvBPIjiIaix1QrqdZJaNWYa7G9XN5z	SFX - Queda & Quebra #42	wav	2.44	CinePRO Sound Design	SFX	
1KCJo2OhRfyI7ZMeJTFnxchdbjY43DJ0Z	SFX - Queda & Quebra #43	wav	3.67	CinePRO Sound Design	SFX	
1QOAZ2CIQGFcmo8Gy_vOWBNSn4fp5k6_n	SFX - Queda & Quebra #44	wav	5.17	CinePRO Sound Design	SFX	
1dRvs1RVSfLvoCEa5CEzks1zga0vE3OPt	SFX - Queda & Quebra #45	wav	3.87	CinePRO Sound Design	SFX	
1ABipNt_xyeRIjfK-IavSEKa_xOd64vND	SFX - Queda & Quebra #46	wav	2.92	CinePRO Sound Design	SFX	
1QyJd5uEHI522JH8hN9W0q89uHqzNUKjR	SFX - Queda & Quebra #47	wav	5.13	CinePRO Sound Design	SFX	
1zNJdG3-UI0QhZoyapJSJF78VoUxARN03	SFX - Queda & Quebra #48	wav	5.14	CinePRO Sound Design	SFX	
1MggzDsz8nSHepW-2Va9pMFtlZ_xv2nxH	SFX - Queda & Quebra #49	wav	5.16	CinePRO Sound Design	SFX	
1xntxGmREctUUc8_L1VaE9bRSTW8Sgxwa	SFX - Queda & Quebra #5	wav	1.76	CinePRO Sound Design	SFX	
1UPriqL2Fpqlj436VMBAKwwlA4NzBW7l6	SFX - Queda & Quebra #50	wav	5.16	CinePRO Sound Design	SFX	
1n47SyCfB7uRrQBLr0WnD1KUn1WbidmxI	SFX - Queda & Quebra #51	wav	1.18	CinePRO Sound Design	SFX	
1TOvQVmfGQyX6GGgquYosgX_GjaQgv7j_	SFX - Queda & Quebra #52	wav	2.47	CinePRO Sound Design	SFX	
1X265hlPe9oQnZXroxtvmq_OOBSNH4GK4	SFX - Queda & Quebra #53	wav	0.82	CinePRO Sound Design	SFX	
1O0dISkzrkd9JNZBS2MXo5bgrteMyVXb6	SFX - Queda & Quebra #54	wav	1.26	CinePRO Sound Design	SFX	
1f36iQyxGOHFKloy1q88ke-XKS2esRsJS	SFX - Queda & Quebra #55	wav	1.53	CinePRO Sound Design	SFX	
1RziE29lS_JiX6cb2stJGbq62bUccfoOS	SFX - Queda & Quebra #56	wav	2.21	CinePRO Sound Design	SFX	
1AK2-pXGPLzgGkGkwcjuO7kowaXfFb9Qg	SFX - Queda & Quebra #57	wav	3	CinePRO Sound Design	SFX	
1rmWFVxOVp4LN3OBLrnYKkGDu6obKftlS	SFX - Queda & Quebra #58	wav	1.88	CinePRO Sound Design	SFX	
1B3RvD0HODn8THqlMrKaGJyt9gsfuFXc0	SFX - Queda & Quebra #59	wav	2	CinePRO Sound Design	SFX	
1q346PVBqBLuiGdvrNZMO2QF_-OIk8ClX	SFX - Queda & Quebra #6	wav	0.89	CinePRO Sound Design	SFX	
1v98pZpXYYzdy_dzKKNdwO6otHmKF2nBK	SFX - Queda & Quebra #60	wav	1.07	CinePRO Sound Design	SFX	
19ye95apqRkcgTrJhqNbPaeDRjkqvhmco	SFX - Queda & Quebra #7	wav	2.96	CinePRO Sound Design	SFX	
1qLtENKD1WlkLqPcbRFjTVy-890H4Soi0	SFX - Queda & Quebra #8	wav	3.76	CinePRO Sound Design	SFX	
172AiczKeZ0HQN2I58FiMBOUeI5NAbavq	SFX - Queda & Quebra #9	wav	3.02	CinePRO Sound Design	SFX	
1sLrjGBEKSPtSWE4oxb-OkMhFhhR5vhIE	SFX - Rachadura Desastrosa	wav	10.34	CinePRO Sound Design	SFX	
1aNWR6tnVI5JAK7pxcJrSOcyyt2zW5wCB	SFX - Rachadura Desastrosa (Panorâmica)	wav	15.47	CinePRO Sound Design	SFX	
1fToWnqH0czH31jIIMDY2ErOv1OdFUrhB	SFX - Rachando #1	wav	7.76	CinePRO Sound Design	SFX	documentario
1qwYyAIcrnaY_EHnQuPjKeH3_Mcwmww2S	SFX - Rachando #10	wav	4.01	CinePRO Sound Design	SFX	documentario
1QYdK5PzM7tNtx282dZrYI6-h0XSVYs0A	SFX - Rachando #11	wav	2.01	CinePRO Sound Design	SFX	documentario
1YgwAguobxRlFBopZlfnSXbvZOt9M94Fq	SFX - Rachando #12	wav	2.76	CinePRO Sound Design	SFX	documentario
1levhlYZZqMRHlZxtCMNsmW4_m9lPr0hK	SFX - Rachando #13	wav	4.26	CinePRO Sound Design	SFX	documentario
1RjST6I4DRGfriJrSKtkUyDVbUCPm4rFd	SFX - Rachando #14	wav	2.67	CinePRO Sound Design	SFX	documentario
1LupRBRvV-z1bg2zL59RfDk3VvQNcgZje	SFX - Rachando #15	wav	4.96	CinePRO Sound Design	SFX	documentario
1e-eY21DDnVtKWJd1E-l1IQEq_ln2qKCI	SFX - Rachando #16	wav	7.01	CinePRO Sound Design	SFX	documentario
1HYUW2UB5mLJ2_EurFL_ay3eJxLcAl0OP	SFX - Rachando #17	wav	4.89	CinePRO Sound Design	SFX	documentario
1O_hf5Z9iwAe8M5aLIN4yJw2BmFai-ezi	SFX - Rachando #18	wav	1.63	CinePRO Sound Design	SFX	documentario
1f1zaMk6syEQdPSY_zQG-M_wQLsWCFYnU	SFX - Rachando #19	wav	3.51	CinePRO Sound Design	SFX	documentario
165YIdirHVEkuRQIfjodwJP43UFIsnlvX	SFX - Rachando #2	wav	7.1	CinePRO Sound Design	SFX	documentario
1xc8iBIX6n94jqHkXsPIH5_QHQsA5GV0_	SFX - Rachando #20	wav	2.51	CinePRO Sound Design	SFX	documentario
1_p3EUv6WhG9v4XD9-QOwfpbqiEiTIlFv	SFX - Rachando #21	wav	3.51	CinePRO Sound Design	SFX	documentario
1oDc4jdWLDv2HadEimKZWr97QNvWjZlm3	SFX - Rachando #22	wav	6.42	CinePRO Sound Design	SFX	documentario
1eVhiS8jOPJPCGQiHZ6Y5h_CeNNcQWRG1	SFX - Rachando #3	wav	9.69	CinePRO Sound Design	SFX	documentario
1BXR1WSvAnICuVvl_nPf5BsVQb-ko9oPj	SFX - Rachando #4	wav	6.67	CinePRO Sound Design	SFX	documentario
1YJleiy0AG40MDv58MVVxVdL6kRoCr2CJ	SFX - Rachando #5	wav	13.2	CinePRO Sound Design	SFX	documentario
1XoyS4MxYYBWPmcbHIciaB7ykmj_8dXYx	SFX - Rachando #6	wav	8.89	CinePRO Sound Design	SFX	documentario
1wiExwttit0SnvFkpORFF-3mcSy9Od5Qr	SFX - Rachando #7	wav	7.26	CinePRO Sound Design	SFX	documentario
12F_wiXfM0aekSBzaMOWZBprG-9vonKVF	SFX - Rachando #8	wav	4.72	CinePRO Sound Design	SFX	documentario
1iVjrbw2KSmjFBt60SrqXaYMuY0I2g20P	SFX - Rachando #9	wav	2.93	CinePRO Sound Design	SFX	documentario
1T-ezw9pdXgBF1hpi13aPeHz6QPvyeANC	SFX - Rádio Ruim #1	wav	6.96	CinePRO Sound Design	SFX	
1Y6205DVauWQnfjYE6gFKXMwo0WQovN8K	SFX - Rádio Ruim #2	wav	6.9	CinePRO Sound Design	SFX	
1CNRKu8cRno-xYrV201xiPw2gjP5RIdCX	SFX - Rádio Ruim #3	wav	6.9	CinePRO Sound Design	SFX	
1XpSLtAXS6Hz0GPSpxuP1cqPJ-9dKfTZ2	SFX - Rádio Ruim #4	wav	6.9	CinePRO Sound Design	SFX	
1CWv59iDoY-iIZL8kBH5lWg5FgWLqD4mf	SFX - Rádio Ruim #5	wav	6.95	CinePRO Sound Design	SFX	
1dT9rq2zPvLWVMi7kW9IU6jMq7-Ppu0rA	SFX - Rádio Ruim #6	wav	6.9	CinePRO Sound Design	SFX	
1WwWn-WHd-9NuykIHNjMmdTWx6zyQTQz1	SFX - Rádio Ruim #7	wav	7.07	CinePRO Sound Design	SFX	
1BVW3CiZ-9NxxEgaeS1X2W0IgmEm7vlBk	SFX - Rádio Ruim #8	wav	6.89	CinePRO Sound Design	SFX	
1kZr75_bHm9NoEvhQFbLzPns8ejtXovgZ	SFX - Rádio Ruim #9	wav	6.9	CinePRO Sound Design	SFX	
1BSWuz0aU4NaTI4XNfxHsl1z7BGUgqETe	SFX - Rajada #1	wav	1.54	CinePRO Sound Design	SFX	
1aQyJaEZCE5TuPl72rritDUKXy7fnjrPH	SFX - Rajada #2	wav	1.53	CinePRO Sound Design	SFX	
1smYtUe8u30eICRLBuW4jTkZ109mCgaUd	SFX - Rajada #3	wav	1.54	CinePRO Sound Design	SFX	
1dJhEkdThhXaqRWkAbu6G-dkERJzSe65k	SFX - Rajada #4	wav	1.55	CinePRO Sound Design	SFX	
1KgaayIM4OvHM-y12wJYbIzP3RvnSwegA	SFX - Rajada #5	wav	1.53	CinePRO Sound Design	SFX	
1uqSrHiW0eFFRJDcq7j9u2zPlYqU9fVhH	SFX - Rajada #6	wav	1.52	CinePRO Sound Design	SFX	
1nL1w0fbsivv1GatPZ2fgJXLY9vEQSbdc	SFX - Raspando #1	wav	2.07	CinePRO Sound Design	SFX	
1zWT7Jk6msKJy-Y-3QWRXrVh3aNco7f9T	SFX - Raspando #2	wav	1.2	CinePRO Sound Design	SFX	
1MXtWv5bjt3SHKZ52fcObNwqpy5QJyrRr	SFX - Raspando #3	wav	1.75	CinePRO Sound Design	SFX	
1u2tsi1TJi4uO9Eg5oJLY9Wgbg-XIKim9	SFX - Raspando #4	wav	1.35	CinePRO Sound Design	SFX	
1pjOUArUNoJVjsqGW0qTnxyb3KaFrma_G	SFX - Raspando #5	wav	2.68	CinePRO Sound Design	SFX	
10ces6je0nijcmqiT2PKJxRX1-heRSBmU	SFX - Raspando #6	wav	1.64	CinePRO Sound Design	SFX	
1WzWxHG4yYKo1ZYoSqOgIq4zjUnuqG_7N	SFX - Raspando #7	wav	1.35	CinePRO Sound Design	SFX	
1M5UKH9qNZ14QA3B1v5Il_jjd8gsLQMuC	SFX - Raspando #8	wav	1.22	CinePRO Sound Design	SFX	
1Ls45WE-Yv2LN2smF7AH7DzT9dn1lY7_B	SFX - Recebendo ligação #1	wav	9.05	CinePRO Sound Design	SFX	
1Zm3bDCoN3aBHINH5vK3mtVcFkzWcfMoW	SFX - Recebendo ligação #2	wav	6.53	CinePRO Sound Design	SFX	
14S6umM3P93hgzSxosaN_WRSmWRYA5a3K	SFX - Recebendo ligação #3	wav	5.71	CinePRO Sound Design	SFX	
1VJog1wKRNYOBqcUPH0cLRTV381HMolcb	SFX - Recebendo ligação #4	wav	5.8	CinePRO Sound Design	SFX	
17RntA7fFQ0ZnzhB6LQn_qnLAG4EUdeiA	SFX - Recebendo ligação #5	wav	11.84	CinePRO Sound Design	SFX	
1uyAfTYb-y4OWB1J6NQzakwlF-eDEeZXJ	SFX - Restaurante & Praça de Alimentação #1	wav	6.95	CinePRO Sound Design	Essentials	
1jJW0zjq2niBuZeHJY81LIt4J27Uu-X-a	SFX - Restaurante & Praça de Alimentação #10	wav	6.95	CinePRO Sound Design	Essentials	
15PEWtFbLdi9rnXvLkWOa4CIKI5VSRFjM	SFX - Restaurante & Praça de Alimentação #11	wav	6.95	CinePRO Sound Design	Essentials	
12WS0c8c7YzHNxQ80ha9VfeYY8E73BLgQ	SFX - Restaurante & Praça de Alimentação #12	wav	6.95	CinePRO Sound Design	Essentials	
1uFZ738an8rRB1QLs-nG6aaTS2D8tK5gH	SFX - Restaurante & Praça de Alimentação #13	wav	6.95	CinePRO Sound Design	Essentials	
1v26rHTrNAAoSoAAu03b5oCbK9SjYzAnL	SFX - Restaurante & Praça de Alimentação #14	wav	6.95	CinePRO Sound Design	Essentials	
1oI06R6QE5P_B2QcirAC7iCsQA14Uf1qp	SFX - Restaurante & Praça de Alimentação #15	wav	6.95	CinePRO Sound Design	Essentials	
1KIBec-N92KseUAHz211mnGicLFErYZxV	SFX - Restaurante & Praça de Alimentação #16	wav	6.95	CinePRO Sound Design	Essentials	
1LrAfdCp4IcmGYqvWZ_Ic-coAaNihT4bk	SFX - Restaurante & Praça de Alimentação #17	wav	6.95	CinePRO Sound Design	Essentials	
15opc95LS6j-oG4gBHQJnmkijo1DzjVtW	SFX - Restaurante & Praça de Alimentação #2	wav	6.95	CinePRO Sound Design	Essentials	
1d_5gPKrpIdJv5T-VrFZydxXCU7IFOdxk	SFX - Restaurante & Praça de Alimentação #3	wav	6.95	CinePRO Sound Design	Essentials	
1il_d3GWmq0Vq3DtZcoBihmQP8tr3lnph	SFX - Restaurante & Praça de Alimentação #4	wav	6.95	CinePRO Sound Design	Essentials	
1ncegiiYajQFaPLirts1gm4rh_CKaXtyX	SFX - Restaurante & Praça de Alimentação #5	wav	6.95	CinePRO Sound Design	Essentials	
19c-IUxwYc3-Y_NYEPCyVT85EmlI1dTd-	SFX - Restaurante & Praça de Alimentação #6	wav	6.95	CinePRO Sound Design	Essentials	
1iXLyabiN4f8sNjoTrGz8IH9qBpmSz-Pz	SFX - Restaurante & Praça de Alimentação #7	wav	6.95	CinePRO Sound Design	Essentials	
1Lmd2q46UIdi9Pt5LmV8-WEDL6AqhK989	SFX - Restaurante & Praça de Alimentação #8	wav	6.95	CinePRO Sound Design	Essentials	
1IpnwVX4J1Ov_lez9EOku-lTJIljiA_hH	SFX - Restaurante & Praça de Alimentação #9	wav	6.95	CinePRO Sound Design	Essentials	
1uekYQg6CmlaFwbvROopxV3pTZJ5dRhxX	SFX - Rios, Riachos & Fontes #1	wav	6.95	CinePRO Sound Design	Essentials	
1wmz6BGTzQ4BAWVtKBMUH8uh3kIDN3PYr	SFX - Rios, Riachos & Fontes #10	wav	6.95	CinePRO Sound Design	Essentials	
181SOgvsU1BnFodglmDplQXiJOOtcVr7V	SFX - Rios, Riachos & Fontes #11	wav	6.95	CinePRO Sound Design	Essentials	
177fqf_p-dSEoLXBUmdUAUjrvFgNI1HpF	SFX - Rios, Riachos & Fontes #12	wav	6.95	CinePRO Sound Design	Essentials	
1kyjJe6B1myinWA1y5vX_fUWQLoNVquf2	SFX - Rios, Riachos & Fontes #13	wav	6.95	CinePRO Sound Design	Essentials	
1prcikb5oNRuwWwLQmvPUn32_ENQUMrZ4	SFX - Rios, Riachos & Fontes #14	wav	6.95	CinePRO Sound Design	Essentials	
1lj7ACeRD5fPdBKn66WvjIlKvABi14n-7	SFX - Rios, Riachos & Fontes #15	wav	6.95	CinePRO Sound Design	Essentials	
1CKX3L8LOnxalSZUwv65Vqpgu_3ES8Y_D	SFX - Rios, Riachos & Fontes #16	wav	6.95	CinePRO Sound Design	Essentials	
1KfWsDxpfVRHQV9eCQ6KQZifi9gAiki8E	SFX - Rios, Riachos & Fontes #17	wav	6.95	CinePRO Sound Design	Essentials	
1zxZT6lPziLyRF_C40E7b2A0T2qjnN569	SFX - Rios, Riachos & Fontes #18	wav	6.95	CinePRO Sound Design	Essentials	
1dnwHeLQG8EwRyzqL9gN24N5Wa7v7Rwho	SFX - Rios, Riachos & Fontes #19	wav	6.95	CinePRO Sound Design	Essentials	
1_FH9-TiU2C8Dmggf9voGO_0HbMJpk9Vr	SFX - Rios, Riachos & Fontes #2	wav	6.95	CinePRO Sound Design	Essentials	
1Mdftw9lNihR4AjyNfoCX-AN27vXv9d1w	SFX - Rios, Riachos & Fontes #20	wav	6.95	CinePRO Sound Design	Essentials	
1FVxcVQr_7Y2rvrJ2sCHp29M49ve-lijc	SFX - Rios, Riachos & Fontes #21	wav	6.95	CinePRO Sound Design	Essentials	
1IDC8r2_vwZWFuXVjzV5w-PuIux_JCrov	SFX - Rios, Riachos & Fontes #22	wav	6.95	CinePRO Sound Design	Essentials	
1LR4J7zN6UvZ2jyZzErqkrKyt8Jpw1fa0	SFX - Rios, Riachos & Fontes #23	wav	6.95	CinePRO Sound Design	Essentials	
1Tdbrv0fFJD9UWBTSncfA3u4yRKDwNy7v	SFX - Rios, Riachos & Fontes #24	wav	6.95	CinePRO Sound Design	Essentials	
1z7g_OgQZzQCPqKpzWS8ylt1IDLsPqi8X	SFX - Rios, Riachos & Fontes #25	wav	6.95	CinePRO Sound Design	Essentials	
1W_M3I9NkAFItdPvf7yjDj2SxguIp6KkT	SFX - Rios, Riachos & Fontes #26	wav	6.95	CinePRO Sound Design	Essentials	
1zlxz2MdmDqoorTRjRnap_3bt-ioQrtIx	SFX - Rios, Riachos & Fontes #27	wav	6.95	CinePRO Sound Design	Essentials	
1SIc8G3Ld2Fc22gl7NOmwJIf3_kRwWDR1	SFX - Rios, Riachos & Fontes #28	wav	6.95	CinePRO Sound Design	Essentials	
12JaJK-OkmV0viBYRBOUTNB-US6gwxrh0	SFX - Rios, Riachos & Fontes #29	wav	6.95	CinePRO Sound Design	Essentials	
1YyBFYmGSRnMLn6WCJbmOQscvlv3HfA0V	SFX - Rios, Riachos & Fontes #3	wav	6.95	CinePRO Sound Design	Essentials	
171DIFAjLkE1JX3lexOh8Sp2NXGJ5Fvni	SFX - Rios, Riachos & Fontes #30	wav	6.95	CinePRO Sound Design	Essentials	
1WaH0CDiSsUVGBEmnx6nxP5xTN-zTXvCD	SFX - Rios, Riachos & Fontes #31	wav	6.95	CinePRO Sound Design	Essentials	
195cRl-QCquQTSqzBaDGBP5RdSDdYaMrH	SFX - Rios, Riachos & Fontes #32	wav	6.95	CinePRO Sound Design	Essentials	
1uaZNbKF_N7vwOBQmkoOkZO-MBh9ZG8Cg	SFX - Rios, Riachos & Fontes #33	wav	6.95	CinePRO Sound Design	Essentials	
1voBWF3I5zKuJix0ATC3ZI5rUplftfr6x	SFX - Rios, Riachos & Fontes #34	wav	6.95	CinePRO Sound Design	Essentials	
1EiQ2_3Zvqqap9JnoUzAj4lmLCs0EubvG	SFX - Rios, Riachos & Fontes #35	wav	6.95	CinePRO Sound Design	Essentials	
1tKxO80kL-U35u1QYGSPuWel1mngxO6nu	SFX - Rios, Riachos & Fontes #36	wav	6.95	CinePRO Sound Design	Essentials	
1_eIbBwICD0N2KFMgeVZvcV4H0z7LnkFv	SFX - Rios, Riachos & Fontes #37	wav	6.95	CinePRO Sound Design	Essentials	
1X0E-J1JBWRwbHwdA4EiWJKd0-rdiNGzP	SFX - Rios, Riachos & Fontes #38	wav	6.95	CinePRO Sound Design	Essentials	
1EzmPVQHMkiezVMNIJm-dfJ4WKwJCgjg6	SFX - Rios, Riachos & Fontes #39	wav	6.95	CinePRO Sound Design	Essentials	
1CclQMfj3Ok0GhBzS9nQotJR24D0yD_OB	SFX - Rios, Riachos & Fontes #4	wav	6.95	CinePRO Sound Design	Essentials	
10SSN-fRIl5OZCAJCeOQjaQZXaQkT-Rxs	SFX - Rios, Riachos & Fontes #40	wav	6.95	CinePRO Sound Design	Essentials	
1EGC1uF1k8CQ4qdn_S38Uwnl9JREB1n14	SFX - Rios, Riachos & Fontes #41	wav	6.95	CinePRO Sound Design	Essentials	
1-bZpgoSAMca6IAGbuDK_COLSFOrEZ8fm	SFX - Rios, Riachos & Fontes #42	wav	6.95	CinePRO Sound Design	Essentials	
1A4q3E1MSYRzyK3fhBCIb6QmwipPK2f2d	SFX - Rios, Riachos & Fontes #43	wav	6.95	CinePRO Sound Design	Essentials	
1Nkb9CFzAkEYfXc2WneWpFTXIo50iWVTe	SFX - Rios, Riachos & Fontes #44	wav	6.95	CinePRO Sound Design	Essentials	
1TFiESzcth1BGf9fYXGBYlgXsPcCx7xUO	SFX - Rios, Riachos & Fontes #45	wav	6.95	CinePRO Sound Design	Essentials	
1R38CRIy0AeDIUt9C7hv0DSv8abx6VkXn	SFX - Rios, Riachos & Fontes #46	wav	6.95	CinePRO Sound Design	Essentials	
1r6rL02Kaadh5Lm6e0p6sy26x99vq_nqi	SFX - Rios, Riachos & Fontes #47	wav	6.95	CinePRO Sound Design	Essentials	
1lw8UMUynEinMAmesE0yB4tZDuVajaZHr	SFX - Rios, Riachos & Fontes #48	wav	6.95	CinePRO Sound Design	Essentials	
1ZDSonij-LVEaca3-lESqfoJSlyf_rsLy	SFX - Rios, Riachos & Fontes #49	wav	6.95	CinePRO Sound Design	Essentials	
1L5Nh4Iyw91hljwSwH0RJwUSIyPA3rEmj	SFX - Rios, Riachos & Fontes #5	wav	6.95	CinePRO Sound Design	Essentials	
1wzYHsofOXWCraG7JpIhY_pplDO5v__p0	SFX - Rios, Riachos & Fontes #50	wav	6.95	CinePRO Sound Design	Essentials	
1nWxcUgLK_ixwpJ1bv0Se0zeX7Wd9sIlP	SFX - Rios, Riachos & Fontes #51	wav	6.95	CinePRO Sound Design	Essentials	
1R1eEuf6-yTW0rdcc0KpzoO56FSoaC-AR	SFX - Rios, Riachos & Fontes #52	wav	6.95	CinePRO Sound Design	Essentials	
1RyXB6of3Dp8PSjPAUYXlShlItK5MSDP-	SFX - Rios, Riachos & Fontes #53	wav	6.95	CinePRO Sound Design	Essentials	
1J3mexbDBBtNuuVJ2MgiodEqBUrnzgF0p	SFX - Rios, Riachos & Fontes #54	wav	6.95	CinePRO Sound Design	Essentials	
1dsEBG1IQUA8sEbIy_Pew1RVWI3qWkaeP	SFX - Rios, Riachos & Fontes #55	wav	6.95	CinePRO Sound Design	Essentials	
1kNZ3Mntl9i-_SuJeoYu94ZGXPgKRchpI	SFX - Rios, Riachos & Fontes #56	wav	6.95	CinePRO Sound Design	Essentials	
1OIbFUpAxI1xbHnFvsfB_PbTOSMfRTXB1	SFX - Rios, Riachos & Fontes #57	wav	6.95	CinePRO Sound Design	Essentials	
14JrERwCRKj_Lr2_WTaBveX-WsZ9X7GrR	SFX - Rios, Riachos & Fontes #58	wav	6.95	CinePRO Sound Design	Essentials	
1R5vpzcQDANJIk-NCQBmrSxJhx8zBibb1	SFX - Rios, Riachos & Fontes #59	wav	6.95	CinePRO Sound Design	Essentials	
1MvemAT8d0v3SI1TRz9tDByrowV-hMfwD	SFX - Rios, Riachos & Fontes #6	wav	6.95	CinePRO Sound Design	Essentials	
1NeagkrV1mYhnoUjXds4XSrhkZ2V4qxEk	SFX - Rios, Riachos & Fontes #60	wav	6.95	CinePRO Sound Design	Essentials	
1d8cKQ19kwlg7BUglR45yqfaKE1zwIh7J	SFX - Rios, Riachos & Fontes #61	wav	6.95	CinePRO Sound Design	Essentials	
1sxvqVnXu5AikfAPPBTbe7FeAdWYsr10n	SFX - Rios, Riachos & Fontes #7	wav	6.95	CinePRO Sound Design	Essentials	
1sYevcl6QFWlB4wY6AVnqzRK_FmGLMREY	SFX - Rios, Riachos & Fontes #8	wav	6.95	CinePRO Sound Design	Essentials	
12c9C97tLSvBFQxR5zOKGrovRmEeMtcY6	SFX - Rios, Riachos & Fontes #9	wav	6.95	CinePRO Sound Design	Essentials	
1IJ7r_syySXc3kGGS1jOlN2by490PU-CZ	SFX - Riser #1 (Agudo)	wav	7.26	CinePRO Sound Design	Essentials	
1RnqD8xyupCCFPkHAFlCXYj-NaWPLXSxH	SFX - Riser #1 (Grave)	wav	7.26	CinePRO Sound Design	Essentials	
1UUmZIrOmeB7F_BrWkkF8v4dMAVefW8nn	SFX - Riser #1 (Médio)	wav	7.26	CinePRO Sound Design	Essentials	
1vfkthMOwW9dRjeyu1lrx8ZhdnNON6I0R	SFX - Riser #2 (Agudo)	wav	7.26	CinePRO Sound Design	Essentials	
1rLlaax8aCkGlZeWq7WnAowXbInfiUHJw	SFX - Riser #2 (Grave)	wav	7.26	CinePRO Sound Design	Essentials	
1It7vds5vA31MkkcEFIary7RoUvLB5g5O	SFX - Riser #2 (Médio)	wav	7.26	CinePRO Sound Design	Essentials	
1hutKZp86VIX2nLKnF-ltxz1QmpyfVt21	SFX - Riser #3 (Agudo-Curto)	wav	7.26	CinePRO Sound Design	Essentials	
1JPnzEImgRPjVmbvB1XWdtwaVogREqEuq	SFX - Riser #3 (Grave-Longo)	wav	7.26	CinePRO Sound Design	Essentials	
1oVhCagFd0B8hpIogrhji7JOInRHxhzPO	SFX - Riser #3 (Médio-Médio)	wav	7.26	CinePRO Sound Design	Essentials	
1jvIM4Mts8bWFh5sUtl3dzYsF_fkFNuKB	SFX - Riser #4 (Agudo)	wav	7.26	CinePRO Sound Design	Essentials	
1MswqWxm7TyZmRyV2XdlAhN9HKrUcfojM	SFX - Riser #4 (Grave)	wav	7.26	CinePRO Sound Design	Essentials	
1nuGnBwN4iZeq8MLWQfOInsAEAAaz-cfT	SFX - Riser #4 (Médio)	wav	7.26	CinePRO Sound Design	Essentials	
1PPDh7eE59TTMotogibVjhBQt8r2apXdr	SFX - Riser #5 (Agudo-Curto)	wav	7.26	CinePRO Sound Design	Essentials	
1wRtIHZKbGuca2hedSrQOAzIG5506Mb_1	SFX - Riser #5 (Agudo-Longo)	wav	10.37	CinePRO Sound Design	Essentials	
1W04ap2e_LukjEnmDeknl7mhjONOpehtO	SFX - Riser #5 (Grave-Curto)	wav	7.26	CinePRO Sound Design	Essentials	
1mEbc4p_5AELEsleDXeJYViWJPnBkDRoB	SFX - Riser #5 (Grave-Longo)	wav	10.37	CinePRO Sound Design	Essentials	
1IsrDVVSkpBF7T9jrOfUuWzfvu7D0tDSu	SFX - Riser #5 (Médio-Curto)	wav	7.26	CinePRO Sound Design	Essentials	reels
1A3bKEuSNl4b_aheXsab7kpUBilvyDbmk	SFX - Riser #5 (Médio-Longo)	wav	10.37	CinePRO Sound Design	Essentials	
1sscOdcgP38vwDQbKvvDx5hCSMrDorXRs	SFX - Riser #6 (Agudo-Mod)	wav	10.37	CinePRO Sound Design	Essentials	
1HNhrKbmawdnSPVbJH-YA3JDeWGY5Bdm-	SFX - Riser #6 (Agudo)	wav	10.37	CinePRO Sound Design	Essentials	
1cWBYkPmx8nkMODsVyCGq4ar2Ys0tFtwI	SFX - Riser #6 (Grave-Mod)	wav	10.37	CinePRO Sound Design	Essentials	
1ONUHC-VPbtQrRdKTnGfhbFWPaDOkBMhA	SFX - Riser #6 (Grave)	wav	10.37	CinePRO Sound Design	Essentials	
1FXVFDugo3jJ2eySDhdGTGwjAV_o9Kli0	SFX - Riser #6 (Médio-Mod)	wav	10.37	CinePRO Sound Design	Essentials	
1Nf81UCmoB9xP49QmCWJWRmur6lX5Egqp	SFX - Riser #6 (Médio)	wav	10.37	CinePRO Sound Design	Essentials	
1SCDMgpnhd3Oyw_SDLce2MvjAEh2qDMDf	SFX - Riser #7 (Agudo)	wav	10.37	CinePRO Sound Design	Essentials	
1jDKifCy-HP-yMEx8J7Iq26kjw3WWTNSh	SFX - Riser #7 (Grave)	wav	10.37	CinePRO Sound Design	Essentials	
1YvTI-F-eNfdd_y2xem_yhUrbDs5G9ay8	SFX - Riser #7 (Médio)	wav	10.37	CinePRO Sound Design	Essentials	
1mdBG9NoFpWkPezsl9FhOs0cgjh9viBxc	SFX - Riser Longo (1)	wav	19.07	CinePRO Sound Design	Essentials	
12CqjHxkCh6Sz53XATSpn3R0m6JyPLjO3	SFX - Riser Longo (10)	wav	17.92	CinePRO Sound Design	Essentials	
1XvHqnIRHYn_-gFvDDQr8wOGhgxNXR9Bl	SFX - Riser Longo (11)	wav	18.51	CinePRO Sound Design	Essentials	
1z_Cbbrf7F8JvzRdzNhgIPycuPe0NhtWx	SFX - Riser Longo (12)	wav	18.63	CinePRO Sound Design	Essentials	
1cS2PmLRf4q4oEP5cEHTMvvrFZzkxdglw	SFX - Riser Longo (13)	wav	18.4	CinePRO Sound Design	Essentials	
13eGC9pQp_86gG8Gnm0eZ2vWukTAvRd8l	SFX - Riser Longo (14)	wav	18.67	CinePRO Sound Design	Essentials	
1C-pOaIbKA2hLV2oL8-AuWHvQ0m4nXRfa	SFX - Riser Longo (15)	wav	18.19	CinePRO Sound Design	Essentials	
1ACbeAICIth5p6cayuPM5JDhbqbjsIikq	SFX - Riser Longo (16)	wav	18.04	CinePRO Sound Design	Essentials	
1WSqu-HMAr5ucxEbBDFVB1Myg8OJGMW2l	SFX - Riser Longo (17)	wav	18.51	CinePRO Sound Design	Essentials	
1rtiky1upXN7eSiM6o8KL88hwDxAX51F4	SFX - Riser Longo (18)	wav	18.75	CinePRO Sound Design	Essentials	
1gTqxC7xR8jZYqNHqBOGYxGcQr1ggXGVv	SFX - Riser Longo (19)	wav	18.62	CinePRO Sound Design	Essentials	
1eVWDHAs3_BXxX-foCIlvm1A-A6maDJFm	SFX - Riser Longo (2)	wav	18.1	CinePRO Sound Design	Essentials	
1rayAUgQfBVIBTELDYv1lLShQ2W5vb6bI	SFX - Riser Longo (20)	wav	19.27	CinePRO Sound Design	Essentials	
10972FjFgABUJIlpC3lDE74OCF9NaOUFI	SFX - Riser Longo (21)	wav	18.36	CinePRO Sound Design	Essentials	
1GWmvooleohRzqBujRWiXfWEwWm7KmVNx	SFX - Riser Longo (22)	wav	18.61	CinePRO Sound Design	Essentials	
1VImenWJ79pxZJpwYBjemVfdK2LPemU5h	SFX - Riser Longo (23)	wav	17.13	CinePRO Sound Design	Essentials	
18CWqihzUs3RJsvoSgeCZBEsZvrTNTvcS	SFX - Riser Longo (24)	wav	17.91	CinePRO Sound Design	Essentials	
1dybemGQTbPgIMxjyC40trokglNiZmmk8	SFX - Riser Longo (25)	wav	17.68	CinePRO Sound Design	Essentials	
1hKCgKWRYBcNvHonePvboo6Qft8Vjh3bu	SFX - Riser Longo (26)	wav	18.69	CinePRO Sound Design	Essentials	
1B7dZKKJXa-qF7ToQm9qncwmrld-JO4IG	SFX - Riser Longo (27)	wav	18.54	CinePRO Sound Design	Essentials	
1xJE8I8ntxzXyCCBnszmZsz54LplyA_lu	SFX - Riser Longo (28)	wav	18.01	CinePRO Sound Design	Essentials	
13O9gwi14B_enPBftZ7ukk-PmZPDWQodc	SFX - Riser Longo (29)	wav	18.18	CinePRO Sound Design	Essentials	
1ycsENOk8S_rsIZ3F9NQ8Evh6yABqHggb	SFX - Riser Longo (3)	wav	18.94	CinePRO Sound Design	Essentials	
1TN0Uvh5D5dUWSPc5WNxxtXDBEZGGI389	SFX - Riser Longo (30)	wav	19.1	CinePRO Sound Design	Essentials	
1YhrdMEoddU8ivneSilGRjli8ScC4qvdV	SFX - Riser Longo (31)	wav	18.98	CinePRO Sound Design	Essentials	
1jaxc9T5aaUBatm92YTlX4lkO6mYAo2RR	SFX - Riser Longo (32)	wav	18.92	CinePRO Sound Design	Essentials	
1Q5-i3slGZjykL67HMCSS7CNzHCwc49H7	SFX - Riser Longo (33)	wav	19.2	CinePRO Sound Design	Essentials	
1Gz3eGKS9GkNhnWJy0kO45wxc9PJl1bZ9	SFX - Riser Longo (34)	wav	18.15	CinePRO Sound Design	Essentials	
11FWaOrKYEOXdVk2ziPThIi_PlLA1M4fK	SFX - Riser Longo (35)	wav	18.7	CinePRO Sound Design	Essentials	
1TrMOFdbbtQc6pEhOJnXsNFxk-GLs-DmO	SFX - Riser Longo (36)	wav	18.65	CinePRO Sound Design	Essentials	
12QpzZBhWlYjTGNUlxkyBRyH4pFeoy26T	SFX - Riser Longo (37)	wav	18.25	CinePRO Sound Design	Essentials	
19NwiPaafjvs8HCraNslFXlYOHM7Ukn9R	SFX - Riser Longo (38)	wav	18.96	CinePRO Sound Design	Essentials	
1FVHW3J73sPbkwHZy8oCOFDaNAd6jT2Ks	SFX - Riser Longo (39)	wav	18.01	CinePRO Sound Design	Essentials	
1eC1lOvuLdOeYTXTk_UuAS287avMPytPs	SFX - Riser Longo (4)	wav	17.53	CinePRO Sound Design	Essentials	
1liAP6kJNNHf08hlBUgPSB0hyEhDPbxLT	SFX - Riser Longo (40)	wav	17.87	CinePRO Sound Design	Essentials	
1X9oGUHn_roTOTjax7pJH_xc4WFTfIZ-g	SFX - Riser Longo (41)	wav	19.48	CinePRO Sound Design	Essentials	
1LdlQ3NOsEhkdP8qF1OVPH2zl5LUnBnul	SFX - Riser Longo (42)	wav	17.94	CinePRO Sound Design	Essentials	
1XZY5TXsgMKijYJZ408Hs5ClSrkrwaQdn	SFX - Riser Longo (43)	wav	19.03	CinePRO Sound Design	Essentials	
1bb6lVjd0NFz5c0u6ohh41OKvhb9LCzvX	SFX - Riser Longo (44)	wav	18.29	CinePRO Sound Design	Essentials	
1bNafGZzkB__OJE1fO2nUNBAgdyYcCgGA	SFX - Riser Longo (45)	wav	19.4	CinePRO Sound Design	Essentials	
1tGdFvWJWyeQsY3LramU8t7P43S7pzvEi	SFX - Riser Longo (46)	wav	17.96	CinePRO Sound Design	Essentials	
1dQcb7Ap6jC4qcFanaKfY00ibNf5lIIqV	SFX - Riser Longo (47)	wav	18.4	CinePRO Sound Design	Essentials	
1yutwA1z6u3w_fr8zKmLxk_wxcD4lfNLd	SFX - Riser Longo (48)	wav	17.55	CinePRO Sound Design	Essentials	
15h8M3PCZjIV0UA4T1ooxVBqLldHSxEpu	SFX - Riser Longo (49)	wav	18.89	CinePRO Sound Design	Essentials	
10i5eH7cRbVL6LHEfMPL8Zq6rLduPDM98	SFX - Riser Longo (5)	wav	19.33	CinePRO Sound Design	Essentials	
113hqk1jEg9JazK7eYvY_QkjesqFWejrl	SFX - Riser Longo (50)	wav	17.81	CinePRO Sound Design	Essentials	
1mUFKBImt_06iV-AntR12GUcB7L6lGzJV	SFX - Riser Longo (51)	wav	17.79	CinePRO Sound Design	Essentials	
16p8wfgnjpQPhRYhDOzeWljgD9GfR_Oqh	SFX - Riser Longo (52)	wav	18.35	CinePRO Sound Design	Essentials	
1FFGHQzTdLpuVrftntgbwXfisAGzCq5lM	SFX - Riser Longo (53)	wav	18.99	CinePRO Sound Design	Essentials	
14X0Ua8-HNLhoCUmKoSLCHmIcwglqbVm_	SFX - Riser Longo (54)	wav	19.13	CinePRO Sound Design	Essentials	
1a1s8eDlo4lgOOHvKzVaFvsUilyBSAsk4	SFX - Riser Longo (55)	wav	18.63	CinePRO Sound Design	Essentials	
1UqyfEbyukxrtlodsbEyVILM_1bk6tVQR	SFX - Riser Longo (56)	wav	17.94	CinePRO Sound Design	Essentials	
1mQjpc85ZMbbHpURSV4THm-TL6Ys2eFUo	SFX - Riser Longo (57)	wav	15.87	CinePRO Sound Design	Essentials	
16nhQCw52GFSN8n5hxLhvV3JJTOzNI1fU	SFX - Riser Longo (58)	wav	18.81	CinePRO Sound Design	Essentials	
18YHYQGHHkiqAGuQnB0V_jQdjbFIHGA3s	SFX - Riser Longo (59)	wav	17.42	CinePRO Sound Design	Essentials	
1aKwGpbk-fn8t7vwC9TO0PFPeB5Tbjr_3	SFX - Riser Longo (6)	wav	18.65	CinePRO Sound Design	Essentials	
1rLDbsxcuPRJyDKJQUMrM6HO9uYg2iNXo	SFX - Riser Longo (60)	wav	18.12	CinePRO Sound Design	Essentials	
15IFvVqwEa1jEJziutwUe81CvC64opt6Q	SFX - Riser Longo (61)	wav	17.86	CinePRO Sound Design	Essentials	
120G5uD9Act2hAl5omYA55CwOMZFj9kxs	SFX - Riser Longo (7)	wav	18.83	CinePRO Sound Design	Essentials	
1w-qee79cocLGOP9QhrtcayB53Tug6Eyi	SFX - Riser Longo (8)	wav	17.7	CinePRO Sound Design	Essentials	
12U957VrTvfK6DcYwIDThHAXn0NBYtYGX	SFX - Riser Longo (9)	wav	17.93	CinePRO Sound Design	Essentials	
1oswddWb1Cr-94EpFFGIeOctYcjcp23wn	SFX - Riser Sci-Fi & Cyberpunk #1	wav	6.88	CinePRO Sound Design	Essentials	
1OE7OUD3i337iUc7Fa_GX8sUbuOnqzv_3	SFX - Riser Sci-Fi & Cyberpunk #10	wav	6.88	CinePRO Sound Design	Essentials	
1s-r-O4KXOC3AQitVOJcn8P6yIZ9glUA7	SFX - Riser Sci-Fi & Cyberpunk #11	wav	6.88	CinePRO Sound Design	Essentials	
1EuqJnerm-P_KPeg0TyEnWV4gnsfDk7XE	SFX - Riser Sci-Fi & Cyberpunk #12	wav	6.88	CinePRO Sound Design	Essentials	
1rDRThwlKRb7sLgXXNA-lqwCWNbzzrxbC	SFX - Riser Sci-Fi & Cyberpunk #13	wav	6.88	CinePRO Sound Design	Essentials	
1eBe9GpQPd4m057qvVoHbyD81f735PHxw	SFX - Riser Sci-Fi & Cyberpunk #14	wav	6.88	CinePRO Sound Design	Essentials	
11xTeZA68cb4_FeLitNdSEh1WTY4Z4wOX	SFX - Riser Sci-Fi & Cyberpunk #15	wav	6.88	CinePRO Sound Design	Essentials	
1IxuGTBGszR1k-fyjV9ueLcgVLlOEjQQ9	SFX - Riser Sci-Fi & Cyberpunk #16	wav	6.55	CinePRO Sound Design	Essentials	
1Gu-BbAD-Bc_dzz4jVp0JmywyYVyCRVHs	SFX - Riser Sci-Fi & Cyberpunk #17	wav	6.88	CinePRO Sound Design	Essentials	
1WsWCnW5hxLHNXIEnGE1NZs_TBgbmrpU7	SFX - Riser Sci-Fi & Cyberpunk #18	wav	6.88	CinePRO Sound Design	Essentials	
1U3J-TF5LxQRb1aIEpDxmXY5nFnfHXYtJ	SFX - Riser Sci-Fi & Cyberpunk #19	wav	6.88	CinePRO Sound Design	Essentials	
1RixRBV1M9l-PpDKvQK-p9rbZXecHmDb2	SFX - Riser Sci-Fi & Cyberpunk #2	wav	6.88	CinePRO Sound Design	Essentials	
1sVOFBJSHCiVAdAiQOtY82zM6i6txghV9	SFX - Riser Sci-Fi & Cyberpunk #20	wav	6.88	CinePRO Sound Design	Essentials	
14YyvDGDsmQxKNgxstZDpCkhk6i0BIbcU	SFX - Riser Sci-Fi & Cyberpunk #21	wav	6.88	CinePRO Sound Design	Essentials	
1mTb2FQJlzI90WnZAnM7P2gbglZo7HKue	SFX - Riser Sci-Fi & Cyberpunk #22	wav	6.88	CinePRO Sound Design	Essentials	
19fw017ZCf8xJNgU5LTcSRkbWQKJ0NkDj	SFX - Riser Sci-Fi & Cyberpunk #23	wav	6.88	CinePRO Sound Design	Essentials	
1rmeDF4g4wk8_vWWkhmGik3tuSKeEVQFN	SFX - Riser Sci-Fi & Cyberpunk #24	wav	6.88	CinePRO Sound Design	Essentials	
1lPmdBv8nViEYTjbujTjlnvqs5LH18Jso	SFX - Riser Sci-Fi & Cyberpunk #25	wav	6.88	CinePRO Sound Design	Essentials	
1MxTpU2OQOYDEZpPXNJ1DaWx_-S6St8vY	SFX - Riser Sci-Fi & Cyberpunk #26	wav	6.88	CinePRO Sound Design	Essentials	
1lhsJnRcC-0Sv13aFzSzspdtWMS_okkrw	SFX - Riser Sci-Fi & Cyberpunk #27	wav	3.01	CinePRO Sound Design	Essentials	
1RYF0SS1P6vHPsJEpOHzjEKMjfVqTPABq	SFX - Riser Sci-Fi & Cyberpunk #28	wav	5.41	CinePRO Sound Design	Essentials	
1Se14F-LwCPFCy92smnBn22PJxGl3pDyq	SFX - Riser Sci-Fi & Cyberpunk #29	wav	6.68	CinePRO Sound Design	Essentials	
1rjB-3gwrPDNx-hW3WHE8dHDU6JSN0YXI	SFX - Riser Sci-Fi & Cyberpunk #3	wav	6.88	CinePRO Sound Design	Essentials	
1m90xIMbkjxan6ntJYgSEQ-ZniMujWA2B	SFX - Riser Sci-Fi & Cyberpunk #30	wav	6.88	CinePRO Sound Design	Essentials	
1U_2BZsnHLF1QPJlicAKPBRXVgZUFCxyy	SFX - Riser Sci-Fi & Cyberpunk #31	wav	6.88	CinePRO Sound Design	Essentials	
1E4NDlMamuBlUSDzQ5F3qNFxdTF8AhGsw	SFX - Riser Sci-Fi & Cyberpunk #32	wav	6.88	CinePRO Sound Design	Essentials	
1eharPFLVe3euct937_p8stuEXufAivA6	SFX - Riser Sci-Fi & Cyberpunk #33	wav	6.88	CinePRO Sound Design	Essentials	
1azTht75RBKnzYb8DcH7o5tUowMQP1LAc	SFX - Riser Sci-Fi & Cyberpunk #34	wav	6.88	CinePRO Sound Design	Essentials	
1KgbOSRYAICUb2gmtepoYWu9svl6qE1Dk	SFX - Riser Sci-Fi & Cyberpunk #35	wav	6.88	CinePRO Sound Design	Essentials	
1pOQOzjP-GbPIhyo0AJjWHHufAuUWKJHC	SFX - Riser Sci-Fi & Cyberpunk #36	wav	6.88	CinePRO Sound Design	Essentials	
1k_1Hvaa8fDraTOxuEzDkx3PZZ_7MinXC	SFX - Riser Sci-Fi & Cyberpunk #37	wav	6.88	CinePRO Sound Design	Essentials	
1iwfCWr-c-NqvXDesWZumPsUJXangzTk6	SFX - Riser Sci-Fi & Cyberpunk #38	wav	6.88	CinePRO Sound Design	Essentials	
1ddJ_ZKfyLm3yMYrmxweVUQCGN9ikI2Pn	SFX - Riser Sci-Fi & Cyberpunk #39	wav	6.88	CinePRO Sound Design	Essentials	
1kjLHLnyUHkx0fNMQkEBwmwoLpqKyNTab	SFX - Riser Sci-Fi & Cyberpunk #4	wav	6.88	CinePRO Sound Design	Essentials	
1ImYyKaU4909oD1dASOkjmHt8Jf3963OP	SFX - Riser Sci-Fi & Cyberpunk #40	wav	6.88	CinePRO Sound Design	Essentials	
1mtpyEXt3oe3mgVInJkSFQ-XeQOteZoqe	SFX - Riser Sci-Fi & Cyberpunk #41	wav	6.88	CinePRO Sound Design	Essentials	
1OBo-EqB7HIdHQ6CLHrGV7mkhnxKFdapp	SFX - Riser Sci-Fi & Cyberpunk #42	wav	6.88	CinePRO Sound Design	Essentials	
1MZIzIrNoB0-98qcL7RxfsEYfD0nGJVRV	SFX - Riser Sci-Fi & Cyberpunk #43	wav	6.88	CinePRO Sound Design	Essentials	
1EC5VnnozVTL681UcyBapqABRj-RJkElH	SFX - Riser Sci-Fi & Cyberpunk #44	wav	6.88	CinePRO Sound Design	Essentials	
1Zfc2KzA8ZMj22wPm7CMPUqNRgA2cGjP1	SFX - Riser Sci-Fi & Cyberpunk #45	wav	6.88	CinePRO Sound Design	Essentials	
1TSu9Bgz01scjM0M6UhE_UMIEivG_4uJD	SFX - Riser Sci-Fi & Cyberpunk #46	wav	6.88	CinePRO Sound Design	Essentials	
1_-ANCE-E5x2N52a7s-NoEb-eVpuWfZdU	SFX - Riser Sci-Fi & Cyberpunk #47	wav	6.57	CinePRO Sound Design	Essentials	
1yE83uiOuoYdHvKIqfX-AgQ5GjaGQSd4T	SFX - Riser Sci-Fi & Cyberpunk #48	wav	6.88	CinePRO Sound Design	Essentials	
1xTZbRU5YXuP9GDvq33R_mIebOrLlY3wp	SFX - Riser Sci-Fi & Cyberpunk #49	wav	6.88	CinePRO Sound Design	Essentials	
1ftbxj__e7dhvBjtED1Xo9AbWYo0Ye5Gv	SFX - Riser Sci-Fi & Cyberpunk #5	wav	6.88	CinePRO Sound Design	Essentials	
1fUt9gj31y7KKZ_anfxg3yq70ArNPCvS3	SFX - Riser Sci-Fi & Cyberpunk #50	wav	6.88	CinePRO Sound Design	Essentials	
1oOaGAvrZlkZL83UHS90_p58qpY3kTuEz	SFX - Riser Sci-Fi & Cyberpunk #51	wav	6.88	CinePRO Sound Design	Essentials	
17pET1QUxp3w2YZexi-Adoh6dID5qLDPq	SFX - Riser Sci-Fi & Cyberpunk #52	wav	6.88	CinePRO Sound Design	Essentials	
1mZp-Ev-pz-2AMzqgZHrHqhaHO-1E9-UD	SFX - Riser Sci-Fi & Cyberpunk #53	wav	6.88	CinePRO Sound Design	Essentials	
12TmMg_u8kJqwzgF-cTsK5uICvSBLI5tj	SFX - Riser Sci-Fi & Cyberpunk #54	wav	6.88	CinePRO Sound Design	Essentials	
12TeiU-KREwxibdMIgGLICnafWpKFULIq	SFX - Riser Sci-Fi & Cyberpunk #55	wav	6.88	CinePRO Sound Design	Essentials	
1XqaOMJzjH2-y8bKZUhAYRec9rhpbkkuZ	SFX - Riser Sci-Fi & Cyberpunk #56	wav	6.88	CinePRO Sound Design	Essentials	
1xw9MCLMHAC5g4LIpEBOBCeQC1K_SAa38	SFX - Riser Sci-Fi & Cyberpunk #57	wav	6.88	CinePRO Sound Design	Essentials	
1IaNLXofyLFmzcE-kYU3eM_pD1Ulravx9	SFX - Riser Sci-Fi & Cyberpunk #58	wav	6.88	CinePRO Sound Design	Essentials	
1pX-fx_4g88jOmjFSHEgxwdLPFtblP5Ok	SFX - Riser Sci-Fi & Cyberpunk #59	wav	6.88	CinePRO Sound Design	Essentials	
1vpiVUYnlUeFg8QVp2drpWP1uNEsa5zoB	SFX - Riser Sci-Fi & Cyberpunk #6	wav	6.88	CinePRO Sound Design	Essentials	
1eRimfdAx-C8pJCHmxvNbUiS23oQ9hi74	SFX - Riser Sci-Fi & Cyberpunk #60	wav	6.88	CinePRO Sound Design	Essentials	
1Qqt7RlQCFuZGWH3SLZ4-FG0IbHStDyfB	SFX - Riser Sci-Fi & Cyberpunk #61	wav	6.88	CinePRO Sound Design	Essentials	
1ZN_0GsyDShx3BBIALebPbHUSX4gWDwNN	SFX - Riser Sci-Fi & Cyberpunk #7	wav	6.88	CinePRO Sound Design	Essentials	
1FzovjGm5oLhflR3CTssy3ixuTjgE3KMp	SFX - Riser Sci-Fi & Cyberpunk #8	wav	6	CinePRO Sound Design	Essentials	
1QtYspEbvPGIXnOajck7g2cd7TWAZUF2E	SFX - Riser Sci-Fi & Cyberpunk #9	wav	6.88	CinePRO Sound Design	Essentials	
10balq09BpfzUVXMs_IYv9H9NsoI7c-uo	SFX - Riser Stereo	wav	5.08	CinePRO Sound Design	SFX	
1fwp7fr7vJ1j0BbCDV2EcQFccHL_WF8MM	SFX - Rolando #1	wav	1.58	CinePRO Sound Design	SFX	
1EAyv9NnxP9c3XO9k7GxzsnLRCXr3Wo0J	SFX - Rolando #10	wav	1.84	CinePRO Sound Design	SFX	
1YkuNq8nWR4NjrSkAZlbb_DZ2Ulj2PCS-	SFX - Rolando #11	wav	3.42	CinePRO Sound Design	SFX	
1xWso1qXhRnDdHjtxL7x9H6Q7nSECWp1B	SFX - Rolando #12	wav	1.26	CinePRO Sound Design	SFX	
1jNmvBHQsB8P7KoalPkuMWGE32k9jRaBG	SFX - Rolando #13	wav	1.26	CinePRO Sound Design	SFX	
1jevmkGmH7AfLEnYJEXfrifRIH38QAbnq	SFX - Rolando #2	wav	6.21	CinePRO Sound Design	SFX	
1ChH8PdJPsQU_hO3K2e4G9y-GRJ2XBtqJ	SFX - Rolando #3	wav	1.43	CinePRO Sound Design	SFX	
1ttR4IrseWhaz_--VOVLl8PKQnQl2BXO3	SFX - Rolando #4	wav	1.51	CinePRO Sound Design	SFX	
1SISxqCW6BYcqPwrkMBX7y-TUiuY_BdHU	SFX - Rolando #5	wav	1.16	CinePRO Sound Design	SFX	
1y23a6PvA2cGqkhgsXlkjOKqJsLCtsz4U	SFX - Rolando #6	wav	4.46	CinePRO Sound Design	SFX	
1X9WNDzC0rUjCMW_wmHn0X35jxCQKNIOy	SFX - Rolando #7	wav	1.51	CinePRO Sound Design	SFX	
1lcnZtvkSbZu5EREXrUxw0q3Wqypy2nAS	SFX - Rolando #8	wav	2.26	CinePRO Sound Design	SFX	
15PnMnyTqEiibrgWMlMzO_iH81U0M9WeD	SFX - Rolando #9	wav	1.28	CinePRO Sound Design	SFX	
1xMu0OmzN_JC1u_IoFQ2RoqzFA85cBOJA	SFX - Roupas	wav	5.05	CinePRO Sound Design	SFX	
1eSI3nsCrbU8L7h9oZVZOarc0Rw-G8UJQ	SFX - Ruído #1	wav	0.57	CinePRO Sound Design	SFX	
1KsSJpdaZ3hXa0q6QOYn_WPPTFZA2OLPN	SFX - Ruído #2	wav	3.44	CinePRO Sound Design	SFX	
1nFsNhGLblJXSSuHSLrZXd3543hUsyDiK	SFX - Ruído #3	wav	0.26	CinePRO Sound Design	SFX	
1ffeFO30DrdNJb0RWpVWT-cVX0wI99V14	SFX - Ruído #4	wav	0.84	CinePRO Sound Design	SFX	
1wKA3z0aYmZnC20rww8c3jFvZdIDyfIps	SFX - Ruído #5	wav	0.55	CinePRO Sound Design	SFX	
1VIPVEKEX1jO-RroQvqKp6zNanpFtZ256	SFX - Sabre de Gelo	wav	5.15	CinePRO Sound Design	SFX	
1enDwXfWjIdpv5rF_WGGN2ZmURoEB1JMZ	SFX - Sacola	wav	3.91	CinePRO Sound Design	SFX	
1MfgUU4db-CklS67d0AHDtEdeurY539W7	SFX - Salto	wav	6.88	CinePRO Sound Design	SFX	
1IwOkFCbKop2Ci5cDgTeEMHpSfM00Tcjv	SFX - Salto Ambiente	wav	6.88	CinePRO Sound Design	SFX	
1x_-flY9roEn9x2wus4y3QHTtviEGAV9h	SFX - Sapato	wav	6.88	CinePRO Sound Design	SFX	
1bTA8ZZmwFM1DrSH_DWCaId0p7q0gtb0z	SFX - Sapato Pesado	wav	6.88	CinePRO Sound Design	SFX	
1Ejw94mJx7_H0Wm94H_VBr1_qNo8rteza	SFX - Scan (Curto) #1	wav	9.31	CinePRO Sound Design	SFX	
1Y8LiSedHT8IYKfzhPETtxuZzoJJc-lmm	SFX - Scan (Curto) #2	wav	9.31	CinePRO Sound Design	SFX	
1HHiJljcyNzH9zbvS5vPV2z7sLYm_CghY	SFX - Scan (Curto) #3	wav	9.31	CinePRO Sound Design	SFX	
12EkjWBEDxWbURjCjEIDTL1zKH0J4izW7	SFX - Scan (Curto) #4	wav	9.31	CinePRO Sound Design	SFX	
11TdOogLFLNolkntpbacAlSNoxCK0F4E0	SFX - Scan (Longo) #1	wav	9.31	CinePRO Sound Design	SFX	
1UmVxWQko0t0GEpUctfBTgar9cm5eplhP	SFX - Scan (Longo) #2	wav	9.31	CinePRO Sound Design	SFX	
1nXgseQ8-Ots692l5-vmAL81zkDqaEMVA	SFX - Scan (Longo) #3	wav	9.31	CinePRO Sound Design	SFX	
1P-as3Zka0MeqdVnf7geUQGx-bPsZUT0r	SFX - Scan (Longo) #4	wav	9.31	CinePRO Sound Design	SFX	
1e6Ut-atPLfls5wsUzwGFHPfq-6l2XRU3	SFX - Scan (Longo) #5	wav	9.31	CinePRO Sound Design	SFX	
1e7wPj3jmQdWa6qyw8peQSnZX5tKH_yDK	SFX - Scan (Longo) #6	wav	9.31	CinePRO Sound Design	SFX	
17u7UuaQeqz_pqtsku-Mlrl-e8WnI_Obs	SFX - Scan (Longo) #7	wav	9.31	CinePRO Sound Design	SFX	
16ZnPwDYbYyIVcyY2veUdv3Q-2PrAlq6M	SFX - Scan (Médio) #1	wav	9.31	CinePRO Sound Design	SFX	
1KiQD9F1kLL6IuXjM_5d3IJdt0HSHIOh7	SFX - Scan (Médio) #2	wav	9.31	CinePRO Sound Design	SFX	
13A0Vl9SGjL_EbDmioqKV5fIgLq6OnzPH	SFX - Scan (Médio) #3	wav	9.31	CinePRO Sound Design	SFX	
1A7gdQ26g_esS1jUSsZ-5uqbUUaSEXWL2	SFX - Scan (Médio) #4	wav	9.31	CinePRO Sound Design	SFX	
1fReR2HgAb1SwNKHnPOBlQSqF8TTLoyvr	SFX - Scanner Sci-Fi & Cyberpunk #1	wav	2.99	CinePRO Sound Design	SFX	
1Yu37JkuCAWlOL8ss5qW5VvWRO2zDis3R	SFX - Scanner Sci-Fi & Cyberpunk #10	wav	5.21	CinePRO Sound Design	SFX	
1KLWZ4Rljx2o-aLR0gVQmzjjoByyokCtq	SFX - Scanner Sci-Fi & Cyberpunk #11	wav	3.87	CinePRO Sound Design	SFX	
1mJXeHScHTP54Xf8QZxMYMnmkmEYoTM80	SFX - Scanner Sci-Fi & Cyberpunk #12	wav	3.04	CinePRO Sound Design	SFX	
1W8_BP2N_JE8d8uQlixNnvnw5eX6epmCG	SFX - Scanner Sci-Fi & Cyberpunk #13	wav	3.74	CinePRO Sound Design	SFX	
1FWNZSZESUEshuvd20R-Pj3V8KIS4aDoL	SFX - Scanner Sci-Fi & Cyberpunk #14	wav	3.53	CinePRO Sound Design	SFX	
1Gd746QTXFoyGZQMCWTF5Oawx3i1u_YYZ	SFX - Scanner Sci-Fi & Cyberpunk #15	wav	6.88	CinePRO Sound Design	SFX	
1eK81UyenJaJFiYXgDCV-S1j1tGvjdobK	SFX - Scanner Sci-Fi & Cyberpunk #16	wav	6.56	CinePRO Sound Design	SFX	
1CTAVzzXCr8EUCyUu2R_dftzgGWYilf2t	SFX - Scanner Sci-Fi & Cyberpunk #17	wav	6.88	CinePRO Sound Design	SFX	
1AzaisSUC0G0DvUDOMqALwP7awnsX7Eps	SFX - Scanner Sci-Fi & Cyberpunk #18	wav	6.88	CinePRO Sound Design	SFX	
16nAnJsx4jg8MZ1XQzMQ_HHee3HgxlFIQ	SFX - Scanner Sci-Fi & Cyberpunk #19	wav	4.22	CinePRO Sound Design	SFX	
1hoWTs7YBtn_xocgEdK_f3fQ_4X8on3Tf	SFX - Scanner Sci-Fi & Cyberpunk #2	wav	3.01	CinePRO Sound Design	SFX	
1R4YsUsGc3O5yFeZsISUl3xYFoJjLBMCS	SFX - Scanner Sci-Fi & Cyberpunk #20	wav	5.18	CinePRO Sound Design	SFX	
1Kq8Ub5ctKKrIwbIYheludAtLud8rbMwS	SFX - Scanner Sci-Fi & Cyberpunk #21	wav	6.5	CinePRO Sound Design	SFX	
1b8oodJe_iTZFtRAS2gnUJL5dQXdpJ-xI	SFX - Scanner Sci-Fi & Cyberpunk #22	wav	5.77	CinePRO Sound Design	SFX	
1ZXjv-rzvF88RYnBzFqpOzKb_Si2QgPsm	SFX - Scanner Sci-Fi & Cyberpunk #23	wav	5.97	CinePRO Sound Design	SFX	
13qhQPO7kr6G3zqGHzBw7Z8bj5Ip-NxMX	SFX - Scanner Sci-Fi & Cyberpunk #24	wav	6.1	CinePRO Sound Design	SFX	
1Wny877rOsRMgwWyl8pRvhH3f9UR4Cqrq	SFX - Scanner Sci-Fi & Cyberpunk #25	wav	4.96	CinePRO Sound Design	SFX	
18S1EzNQ8GfAazwtLy1wIZ5-02U8ZqHZ7	SFX - Scanner Sci-Fi & Cyberpunk #26	wav	3.14	CinePRO Sound Design	SFX	
1xSce8nLjRL-pqWhfdw_V4t1Nu6pHI5my	SFX - Scanner Sci-Fi & Cyberpunk #27	wav	2.18	CinePRO Sound Design	SFX	
10P9Mm_Cw5N5DJ-EeXID6OoSS36CWTVZd	SFX - Scanner Sci-Fi & Cyberpunk #28	wav	3.39	CinePRO Sound Design	SFX	
16M4RtTDHJZPFS2gMGOXt00wVscn8Jy44	SFX - Scanner Sci-Fi & Cyberpunk #29	wav	6.37	CinePRO Sound Design	SFX	
1nuzK5eGFsGhJS6kf2P98QeblgKVEnIzm	SFX - Scanner Sci-Fi & Cyberpunk #3	wav	5.65	CinePRO Sound Design	SFX	
1V3ErM9M3hNYE52GqrHlgdhoMAmhxjf1b	SFX - Scanner Sci-Fi & Cyberpunk #30	wav	6.88	CinePRO Sound Design	SFX	
1iF2D9gLYGOiJvLgeH7nDwMdZpit-NaAq	SFX - Scanner Sci-Fi & Cyberpunk #31	wav	5.84	CinePRO Sound Design	SFX	
12w3_p29oPmX7dplSnkyJRwe6xzSwBXlk	SFX - Scanner Sci-Fi & Cyberpunk #32	wav	6.51	CinePRO Sound Design	SFX	
1CD-ZlbzxIYQrCdRJTgXXyqltQSMs1aEz	SFX - Scanner Sci-Fi & Cyberpunk #33	wav	6.54	CinePRO Sound Design	SFX	
1W1O1Or5rvapgPeOLwWkt-CsKsi2uGJ0R	SFX - Scanner Sci-Fi & Cyberpunk #34	wav	6.88	CinePRO Sound Design	SFX	
1_oqsassrMN6erLcBLVkpRCXI7-M1DNIe	SFX - Scanner Sci-Fi & Cyberpunk #35	wav	6.44	CinePRO Sound Design	SFX	
1pF532lMjtHKCNsX1D6ZJyX1_zn9DWhbq	SFX - Scanner Sci-Fi & Cyberpunk #36	wav	5.7	CinePRO Sound Design	SFX	
1UolI6xIORm--yfjkwhJLydjgA-6hj5b4	SFX - Scanner Sci-Fi & Cyberpunk #37	wav	4.7	CinePRO Sound Design	SFX	
1TjRei8e-QD_bUvOKd8PiC3FhcOXp3qJg	SFX - Scanner Sci-Fi & Cyberpunk #38	wav	2.99	CinePRO Sound Design	SFX	
1lZNOc_5DFIuWTtxLE_lL3jD3WDJD4p3A	SFX - Scanner Sci-Fi & Cyberpunk #39	wav	4.88	CinePRO Sound Design	SFX	
1pXN_n37Fw9DipgV4cRfahnlkWv_hqhgX	SFX - Scanner Sci-Fi & Cyberpunk #4	wav	3.97	CinePRO Sound Design	SFX	
1_NepdGGkBi2iAZWd1B3JZ1QG9GxlGR38	SFX - Scanner Sci-Fi & Cyberpunk #40	wav	6.88	CinePRO Sound Design	SFX	
1Zb35Lvyylp61ptc-7H7ckWIIFM0grbkU	SFX - Scanner Sci-Fi & Cyberpunk #41	wav	6.88	CinePRO Sound Design	SFX	
1OMLo-yOnNS01EPtZXPLwYIN8mwqPHCha	SFX - Scanner Sci-Fi & Cyberpunk #42	wav	5.97	CinePRO Sound Design	SFX	
1xI94cIrYYpMDAVmHjlAzqd4g-fiK98Tc	SFX - Scanner Sci-Fi & Cyberpunk #43	wav	4.89	CinePRO Sound Design	SFX	
1p6wvA23VtOa35pDCDA_OyrHj_jtiSiTo	SFX - Scanner Sci-Fi & Cyberpunk #44	wav	4.95	CinePRO Sound Design	SFX	
1v9jHTx70pi5WhyyT2m9Or3SeTrmsgA7g	SFX - Scanner Sci-Fi & Cyberpunk #45	wav	5.34	CinePRO Sound Design	SFX	
1FxOBef7UaiNq38EpQjCkKi3NhCexRsd9	SFX - Scanner Sci-Fi & Cyberpunk #46	wav	2.85	CinePRO Sound Design	SFX	
1UtxOxiF-jP6KnKJusdUj7e5MBhYtpI7C	SFX - Scanner Sci-Fi & Cyberpunk #47	wav	3.61	CinePRO Sound Design	SFX	
1dOUVWwT3Q39iYI-1H6WoiCy-UCo09aZA	SFX - Scanner Sci-Fi & Cyberpunk #48	wav	2.01	CinePRO Sound Design	SFX	
1Dp413MXaHRVlCD037e4vkwxZlwZ_tJ-w	SFX - Scanner Sci-Fi & Cyberpunk #49	wav	6.88	CinePRO Sound Design	SFX	
1zVCtplBgm5kGYJ4ebjqdU4BUFV2CEYeJ	SFX - Scanner Sci-Fi & Cyberpunk #5	wav	6.88	CinePRO Sound Design	SFX	
1nmdrWuS1pJeWuH573cBWJTIC6Wv5t3ia	SFX - Scanner Sci-Fi & Cyberpunk #50	wav	4.8	CinePRO Sound Design	SFX	
1dVIK-u2RxsM2WhFvQuVQGmN_fWyL1t0V	SFX - Scanner Sci-Fi & Cyberpunk #51	wav	5.01	CinePRO Sound Design	SFX	
1yxY0E1_9gRSF0s-ocRHfkEeXArDN0gAW	SFX - Scanner Sci-Fi & Cyberpunk #52	wav	6.88	CinePRO Sound Design	SFX	
1Ts7rey0_Orum4gItlxsxIB3HqVO1e-t4	SFX - Scanner Sci-Fi & Cyberpunk #53	wav	4.42	CinePRO Sound Design	SFX	
1UeMbjos0yiSicGce4C0OcVDh3xcfHwLa	SFX - Scanner Sci-Fi & Cyberpunk #54	wav	6.02	CinePRO Sound Design	SFX	
1fFWdu634Sjbfo8F2uDhh1Gb-lcQ7iZMx	SFX - Scanner Sci-Fi & Cyberpunk #55	wav	3.42	CinePRO Sound Design	SFX	
1Z4VeY7H7HdxgZ7H7pDiR1-znuyOC2W5H	SFX - Scanner Sci-Fi & Cyberpunk #56	wav	3.58	CinePRO Sound Design	SFX	
1tpLc3PuoD_42cm5jCcWZLx0yPc1NcPTV	SFX - Scanner Sci-Fi & Cyberpunk #57	wav	6.31	CinePRO Sound Design	SFX	
1iy5HBUQ6FG_lIOj9gyXxa9vL7f7rv01t	SFX - Scanner Sci-Fi & Cyberpunk #58	wav	3.38	CinePRO Sound Design	SFX	
1jeAZeo5WY_lyu6d1BihnmzmPtz8lk2LM	SFX - Scanner Sci-Fi & Cyberpunk #59	wav	4.16	CinePRO Sound Design	SFX	
16aUdG_oQFxUwb7vTaaF0s_J6HjE9houc	SFX - Scanner Sci-Fi & Cyberpunk #6	wav	6.88	CinePRO Sound Design	SFX	
1zcubqBRKd4ohHti_jF680op4Khl7Uqp9	SFX - Scanner Sci-Fi & Cyberpunk #60	wav	5.39	CinePRO Sound Design	SFX	
1s3_hnr915BQcS7JKkniEtV9lS5bGBlyC	SFX - Scanner Sci-Fi & Cyberpunk #7	wav	6.88	CinePRO Sound Design	SFX	
15lLREeo7awLDRpvwAgAbEL6HlPhWBy1n	SFX - Scanner Sci-Fi & Cyberpunk #8	wav	6.51	CinePRO Sound Design	SFX	
1n2h-5kUQvwEctXyyz_coxce-ZKtHmpNc	SFX - Scanner Sci-Fi & Cyberpunk #9	wav	6.44	CinePRO Sound Design	SFX	
1Qdu7ALU60M57aAgHFHIN1l5rtuHaqlqX	SFX - Secador de Cabelo (Desligando)	wav	2.44	CinePRO Sound Design	SFX	
1rx3_qwVonKcaUPeXDHRk2IEFIMO36i-N	SFX - Secador de Cabelo (Ligando)	wav	6.88	CinePRO Sound Design	SFX	
1K7DXqsSNV0JJ3BuKJP7DATh2OnmDIhbu	SFX - Seleção #1	wav	0.57	CinePRO Sound Design	SFX	
1BQkzsPQz5m8lifWsD_wtKwny5WXwb3rz	SFX - Seleção #10	wav	1.03	CinePRO Sound Design	SFX	
1TI1Cs3vWG7NpcJxoIU5RavgVZmUDjFki	SFX - Seleção #11	wav	1.03	CinePRO Sound Design	SFX	
1SDISbmI-J5VZZPoDEtqS5cuHruy2UaGc	SFX - Seleção #12	wav	1.03	CinePRO Sound Design	SFX	
1HNDDKJzagsc8yKFuDa-q_VHnfBbTYnYF	SFX - Seleção #13	wav	1.03	CinePRO Sound Design	SFX	
1gZJcpKRzxtHk8WgOjnVf88ffg7IX0CIK	SFX - Seleção #14	wav	1.03	CinePRO Sound Design	SFX	
1DKuVk_Bm-2-TDP9XuSeH34hu11RMWJD2	SFX - Seleção #15	wav	0.57	CinePRO Sound Design	SFX	
1aw_GBJou1KNGZvDKSgu5tMJ2KrQI1pdH	SFX - Seleção #16	wav	1.03	CinePRO Sound Design	SFX	
1vmaFm0sZTMGFgxTcjUZJLW4ztYIL0itM	SFX - Seleção #17	wav	0.63	CinePRO Sound Design	SFX	
1KBPymMfacB8rUG4DYaNO3-o5UToCF4Xc	SFX - Seleção #18	wav	1.03	CinePRO Sound Design	SFX	
1mpGWIbUVrgU4NuvDlUiGbpR4AvGZYHMI	SFX - Seleção #19	wav	0.54	CinePRO Sound Design	SFX	
18fb0Qcr_jUQzD8ORixvOB3ilF2PVcXib	SFX - Seleção #2	wav	0.78	CinePRO Sound Design	SFX	
1b-YCSiz0Y-rO1I4xXRWOTfscCc_nlWz8	SFX - Seleção #20	wav	1.03	CinePRO Sound Design	SFX	
1S9PXO7JTQ95bWOfkkMHBVb4g9VOsPnCj	SFX - Seleção #21	wav	1.03	CinePRO Sound Design	SFX	
1HfEz-afkQKBpxySCfLeYdlUW8DMd_Y6L	SFX - Seleção #22	wav	1.03	CinePRO Sound Design	SFX	
1YbymF7lY0NZrFab2F-s_U7eXDaEWzm0a	SFX - Seleção #23	wav	0.49	CinePRO Sound Design	SFX	
1fHkcnhVqtf_Wv2dHeEmF11IJlh90DenL	SFX - Seleção #24	wav	1.03	CinePRO Sound Design	SFX	
1kkbXIWhoSnuZfn3GYlCJYGVQRK5qhlAQ	SFX - Seleção #25	wav	1.03	CinePRO Sound Design	SFX	
1GFcHT-rGCsM6nYIxodFTaRZurZs1jJ0v	SFX - Seleção #26	wav	1.03	CinePRO Sound Design	SFX	
1GEJfSoHDzKQT9UA4LCQtf7BL2RxXlpVP	SFX - Seleção #27	wav	1.03	CinePRO Sound Design	SFX	
1GV-j3_6x0iBFmRP6OdO81-XrsnB1bSDP	SFX - Seleção #28	wav	0.92	CinePRO Sound Design	SFX	
1R-YTyKzUw5d8wIQ9BedFbUNDD3CPF2Gm	SFX - Seleção #29	wav	1.03	CinePRO Sound Design	SFX	
1uL-eCw6Yplxg9QrhsMoznOGBXCRilSlH	SFX - Seleção #3	wav	1.03	CinePRO Sound Design	SFX	
1h4qPBEsn9ZxIH2yhEgeEkZBRCAq5duA5	SFX - Seleção #30	wav	1.03	CinePRO Sound Design	SFX	
1EO2-FoARfQ8lJRMQ-z7w16tnZ_QRl7qY	SFX - Seleção #31	wav	1.03	CinePRO Sound Design	SFX	
1s2KZAmjrANoWwFa5WZKHovOhcRneUawx	SFX - Seleção #32	wav	0.97	CinePRO Sound Design	SFX	
1yi7AXtVdz83r4JWA4lbRpSVKr0WKTE9B	SFX - Seleção #33	wav	0.49	CinePRO Sound Design	SFX	
199Z1_Cx1mSBuAeYDyru3Cdt1VlkLaXfU	SFX - Seleção #34	wav	1.03	CinePRO Sound Design	SFX	
1JX1Gjsl1CPjHt7onIZoJZ70G06Kf7ciY	SFX - Seleção #35	wav	0.58	CinePRO Sound Design	SFX	
1N9D8gLLaOaQ-GWOmcnXkkt49khEbx2_K	SFX - Seleção #36	wav	0.49	CinePRO Sound Design	SFX	
1SrlEBGlgWRClNxA5J9ZK0vl5HYJa6cb4	SFX - Seleção #37	wav	0.39	CinePRO Sound Design	SFX	
1IWEJVVMqdvmpwn4EnxjrVA3b3h8nNp1V	SFX - Seleção #38	wav	0.71	CinePRO Sound Design	SFX	
1FJLq6vCW51u8mWqWPmYy83BDaYBAtPX9	SFX - Seleção #39	wav	0.45	CinePRO Sound Design	SFX	
1UVDWEewoG_eMEFlMJaRn2BXWLu6pzmpz	SFX - Seleção #4	wav	1.03	CinePRO Sound Design	SFX	
1HN1yDaEdJogqs2-kcTNVH30rX2n9oQFV	SFX - Seleção #40	wav	1.03	CinePRO Sound Design	SFX	
1dqn0cYEQgYVBLNI7QFDo2GtigtbQrlDD	SFX - Seleção #41	wav	1.03	CinePRO Sound Design	SFX	
10vRG3La25V8ZqEb0HV0NjdAVVOKADsQM	SFX - Seleção #42	wav	0.64	CinePRO Sound Design	SFX	
1VL3cTYeX-pq7O0Ke-HdJYCYWgnqw19cW	SFX - Seleção #43	wav	0.62	CinePRO Sound Design	SFX	
1F9S2M6Y8qDxqetq74tKGz2NAo7m3uoBf	SFX - Seleção #44	wav	0.95	CinePRO Sound Design	SFX	
15WL924MdevsUnG2xs3kcPSeoZaOoWxEo	SFX - Seleção #45	wav	1.03	CinePRO Sound Design	SFX	
1WK6caBHwA7fpGiq9o1hoaLtDpHgsF2_v	SFX - Seleção #46	wav	1.03	CinePRO Sound Design	SFX	
1OL5EfXv2BXC8xR2yAZM-jShxifPHwKig	SFX - Seleção #47	wav	0.5	CinePRO Sound Design	SFX	
1-0ocj6SDIrcKldggNnR5CnPaAytsPyN3	SFX - Seleção #48	wav	1.03	CinePRO Sound Design	SFX	
12ENt5qdqY157R0h-a7owmzrVlBOoLrC1	SFX - Seleção #49	wav	0.52	CinePRO Sound Design	SFX	
1wTb_O8AtEY9z8jTJvTQD1SZfKNfbTHcP	SFX - Seleção #5	wav	0.59	CinePRO Sound Design	SFX	
1wsekQAhHfQ9jGAjrE2mXJny2vpOA-yDz	SFX - Seleção #50	wav	1.03	CinePRO Sound Design	SFX	
16wQuHQDmyDY6ecTg467W71uFkGn0AN-z	SFX - Seleção #51	wav	1.03	CinePRO Sound Design	SFX	
1XFvoCLs24BPhObuA64w0SAuzgto58cVZ	SFX - Seleção #52	wav	1.03	CinePRO Sound Design	SFX	
1NjBU0ZAdgaFcmCYv4JvMSKpvIx3Db8zA	SFX - Seleção #53	wav	1.03	CinePRO Sound Design	SFX	
1R_DZcRccq2joaG42GXdYiQVTmrjL_IVv	SFX - Seleção #54	wav	1.03	CinePRO Sound Design	SFX	
1yM0cfyTQe8Xe0cqStiqv_gicxADHb11C	SFX - Seleção #6	wav	1.03	CinePRO Sound Design	SFX	
1iPrzSqaE9-7MqE4uxTlnvnIRZyIiQK7y	SFX - Seleção #7	wav	0.55	CinePRO Sound Design	SFX	
14mZtPoDRTi4b-Ek6fxS6y0s3nvVNP1Z0	SFX - Seleção #8	wav	1.03	CinePRO Sound Design	SFX	
1XbJYnrd9pdewWJoKIcFBlEcBvbzm0xP_	SFX - Seleção #9	wav	1.03	CinePRO Sound Design	SFX	
1mA5P-QLQxj3E5jhm64tz3Y92zPWxs-ei	SFX - Serra de Construção #1	wav	6.88	CinePRO Sound Design	SFX	
13ByWmg6ASPsSf9SecMju29A8KGjU2ccL	SFX - Serra de Construção #2	wav	6.88	CinePRO Sound Design	SFX	
1IhHm26Skg-bACgk_VMPlYZHYHkDpraq_	SFX - Serra de Metal #1	wav	6.88	CinePRO Sound Design	SFX	
1_AqUZCPU31SKMJRouAkIVeyoe2_r8hyN	SFX - Serra de Metal #2	wav	5.75	CinePRO Sound Design	SFX	
1-F3l0Ir8U45jTuS4FZ4evHcZ46Luovod	SFX - Serra Elétrica	wav	2.67	CinePRO Sound Design	SFX	
10A0Pyo1_9mAKvhoHMvrN5dcyN1TrAkez	SFX - Serra Elétrica #1	wav	6.26	CinePRO Sound Design	SFX	
1FZqz-4JoIaQhKWfVBWC9Gcznu15YGraj	SFX - Serra Elétrica #2	wav	4.14	CinePRO Sound Design	SFX	
1TfYysX7sj9HNHzXcv3DATiinGvxJg5DP	SFX - Serra Elétrica #3	wav	6.88	CinePRO Sound Design	SFX	
1ig4mtQxCROb-XUETOGcHyDNFsMjkUOAx	SFX - Serra Elétrica #4	wav	3.25	CinePRO Sound Design	SFX	
10whj5lC8Epcr0e0rutyAMj4XblbQzYLi	SFX - Serra Elétrica #5	wav	6.88	CinePRO Sound Design	SFX	
1XlFkk2vuGIIB3CEzaAqjeBaGZ6_ARWfq	SFX - Serra Elétrica #6	wav	3.83	CinePRO Sound Design	SFX	
1mXqla4qD6jaJZC4p5_pDP740CZFXEqg8	SFX - Serra Elétrica #7	wav	6.88	CinePRO Sound Design	SFX	
1RjRK8xMxlIzylkaTzyuw-h8ppPMBTiI3	SFX - Serra Elétrica #8	wav	6.88	CinePRO Sound Design	SFX	
1Fl9qyo-JwHYEndbUL9F8q6xhT-fefLhj	SFX - Serra Elétrica #9	wav	6.88	CinePRO Sound Design	SFX	
1pvyhEW5wiJq5YF2YAiiSsaXFAxiTZC7l	SFX - Seta #1	wav	6.88	CinePRO Sound Design	Essentials	
1VDA6jTcgfrZsN_Q4gk9ld0lFINr7IHnD	SFX - Seta #2	wav	6.88	CinePRO Sound Design	Essentials	
17xPOKtKr3DJ_OtAXKfMplUkrIXVHCl3X	SFX - Sinal Ruim #1	wav	3.07	CinePRO Sound Design	SFX	
1LkNH5K8yP5IOGM-A-aK5zrBxRS0Tpfcy	SFX - Sinal Ruim #2	wav	4.46	CinePRO Sound Design	SFX	
1uYqqWieYMUViKdmn2CE8XKgDejckvRgk	SFX - Sinal Sonoro #1	wav	0.44	CinePRO Sound Design	SFX	
1UE_B6_Ayu5jopmHmoUXLLCpTGBOssHLF	SFX - Sinal Sonoro #10	wav	0.44	CinePRO Sound Design	SFX	
1QKtr-w9yn5aqDtyNNCagYbmO7S0eNkoI	SFX - Sinal Sonoro #11	wav	0.36	CinePRO Sound Design	SFX	
17ZVUrMdgNO5qO7WiWxpTTWfvP06I2dLE	SFX - Sinal Sonoro #12	wav	0.44	CinePRO Sound Design	SFX	
1E9bG_72nKVVvQqR5giTen-o4vK7ObVh2	SFX - Sinal Sonoro #13	wav	0.44	CinePRO Sound Design	SFX	
1D5hpn7uqt6jHdBLgChK5-LRL_tY450pK	SFX - Sinal Sonoro #14	wav	0.67	CinePRO Sound Design	SFX	
1JDzy9Eyn1Vv5j7N1wb7VRVz-MjBxtxyk	SFX - Sinal Sonoro #15	wav	0.46	CinePRO Sound Design	SFX	
1PMu2iLJqiFEUHgFCtE7BZVjJqxm0oS3j	SFX - Sinal Sonoro #16	wav	0.61	CinePRO Sound Design	SFX	
1YF8FJiUPm35ff0UqJgR1ish9E7KV4Q95	SFX - Sinal Sonoro #17	wav	0.39	CinePRO Sound Design	SFX	
1tX0xBi4QYwrBlsie13voAjFjxfMwAxiy	SFX - Sinal Sonoro #18	wav	0.36	CinePRO Sound Design	SFX	
1GjUwnwRx5JtNk1UY3qCLBWFeafmIOYc_	SFX - Sinal Sonoro #19	wav	0.37	CinePRO Sound Design	SFX	
1U5ioRm1uGX4vKzOdwm_kfYDDpRze6nh6	SFX - Sinal Sonoro #2	wav	0.44	CinePRO Sound Design	SFX	
1U-UymZba8vQV3tRHX55GWN7-7yXcQg4u	SFX - Sinal Sonoro #20	wav	0.5	CinePRO Sound Design	SFX	
1RKScymt_uqmEVu7TqPr5ID_PYbYo4Y4e	SFX - Sinal Sonoro #21	wav	0.42	CinePRO Sound Design	SFX	
1933M6-1qmFWa6Y6ytFD0k_ieykwlQkTI	SFX - Sinal Sonoro #22	wav	0.87	CinePRO Sound Design	SFX	
1ICI4P6SIkFSeCzQaDQO3Bx_AswMHXb4k	SFX - Sinal Sonoro #23	wav	0.4	CinePRO Sound Design	SFX	
1cqkFHdHH-rXGLlzlrGWNVi-Dqa8NfvHx	SFX - Sinal Sonoro #24	wav	0.79	CinePRO Sound Design	SFX	
10CgTo1m9F9E_rIfEjL_Hmxez7QbqudTz	SFX - Sinal Sonoro #25	wav	0.41	CinePRO Sound Design	SFX	
1BH2XdKkESiK5AIz-s57PUy0dl9WtDEqQ	SFX - Sinal Sonoro #26	wav	0.38	CinePRO Sound Design	SFX	
1-HVyRaiyh0788A1NFMKxCNH8cHktzbAi	SFX - Sinal Sonoro #27	wav	0.38	CinePRO Sound Design	SFX	
1uzQXSkD73Tt2FIpHjhXjR9V-0KjX0Yc7	SFX - Sinal Sonoro #28	wav	0.78	CinePRO Sound Design	SFX	
18CEDJbBQjrelL80ZmvdoLAivJmXVaIWm	SFX - Sinal Sonoro #29	wav	0.78	CinePRO Sound Design	SFX	
114c8cxk7D6XbF_cIpBXCH2s2cuzZo1k-	SFX - Sinal Sonoro #3	wav	0.44	CinePRO Sound Design	SFX	
1GhcOM3dOk6XFPRTj9JrqkB53LH0HpH16	SFX - Sinal Sonoro #30	wav	0.64	CinePRO Sound Design	SFX	
1nVRssuhKfj8kUqUDlsoNchJBgm6Y8Aku	SFX - Sinal Sonoro #31	wav	0.82	CinePRO Sound Design	SFX	
1nSjoxFRJaOumga2ihw4Aqyj2YjzVOwIA	SFX - Sinal Sonoro #32	wav	0.93	CinePRO Sound Design	SFX	
1UK1AUK68KVmWZOdNqxMZGUDKBSnrXlu_	SFX - Sinal Sonoro #33	wav	0.77	CinePRO Sound Design	SFX	
1b9_gwY4Upim1WzbpHksZ5K9Y1qO4hQRo	SFX - Sinal Sonoro #34	wav	0.41	CinePRO Sound Design	SFX	
1niQjc_MBrzUzLgxYy3wFnT-fhXA0cBAS	SFX - Sinal Sonoro #35	wav	0.45	CinePRO Sound Design	SFX	
19wFRPb5a3as48syzPr9xyjRc6EsfMwA8	SFX - Sinal Sonoro #36	wav	0.44	CinePRO Sound Design	SFX	
1FaSK77ahXRsFMvWyK5t3mqvXRZY26jC7	SFX - Sinal Sonoro #37	wav	0.44	CinePRO Sound Design	SFX	
1aiqT_d-nrvJYkuqw1FVV8jQ0XNSX0Pas	SFX - Sinal Sonoro #38	wav	0.44	CinePRO Sound Design	SFX	
1BOeIoZSIn2NGXJqFjPROwmQtOpclY5VM	SFX - Sinal Sonoro #39	wav	0.44	CinePRO Sound Design	SFX	
1SiumMSJF0aLVtbA5aSPru2gXgBHP6-oq	SFX - Sinal Sonoro #4	wav	0.44	CinePRO Sound Design	SFX	
1azhq5m1h3XqyAOkhePVA7l-h9ypmaOp6	SFX - Sinal Sonoro #40	wav	0.41	CinePRO Sound Design	SFX	
1r0svBuBmaxaxvbpXqeKNR9TjI-4Di7mX	SFX - Sinal Sonoro #41	wav	0.41	CinePRO Sound Design	SFX	
1OhEaY-051lI_-LIIQGCuC0JvKuHqYJPg	SFX - Sinal Sonoro #42	wav	0.43	CinePRO Sound Design	SFX	
1F85PYTKShjXmeYTJn1aajFewP_h1Ac1b	SFX - Sinal Sonoro #43	wav	0.44	CinePRO Sound Design	SFX	
1xMJAn9eTS_-3WRYLqOxJNbN-N5E9dXSh	SFX - Sinal Sonoro #44	wav	0.44	CinePRO Sound Design	SFX	
1TVE3r6MTvHTkJMUoPx1_c6bnH36ur7Hr	SFX - Sinal Sonoro #45	wav	0.44	CinePRO Sound Design	SFX	
1tbJsKvQUFmQvu2cMHBbHBGrJkugILpBG	SFX - Sinal Sonoro #46	wav	0.44	CinePRO Sound Design	SFX	
1a_b5H81-r0X4CN0JPjKE7ilaDUHicf2m	SFX - Sinal Sonoro #47	wav	0.44	CinePRO Sound Design	SFX	
1myw0wpolaxJmVcrQH22RRRX6lSbDBOob	SFX - Sinal Sonoro #48	wav	0.44	CinePRO Sound Design	SFX	
1kesB-NLMMerQ_iq9-AAh-TT1MwbI56iQ	SFX - Sinal Sonoro #49	wav	0.44	CinePRO Sound Design	SFX	
1g6uUkTDGq7a6yIGbk5XcSmxwxNOCduNe	SFX - Sinal Sonoro #5	wav	0.38	CinePRO Sound Design	SFX	
1rr_bxa0wLlvlwLuFiU44Ce-EWozTnMoV	SFX - Sinal Sonoro #50	wav	0.44	CinePRO Sound Design	SFX	
1OZZ6_IAQ0KCSxJ_hAqkawA79hzrWsUFG	SFX - Sinal Sonoro #51	wav	0.44	CinePRO Sound Design	SFX	
1K-2ULC2tkkX8AlN1Sguskr5TMOJGG3pU	SFX - Sinal Sonoro #52	wav	0.44	CinePRO Sound Design	SFX	
1BvojhGCoG1D2TdIn6qNFUDeXxG9t4gBG	SFX - Sinal Sonoro #53	wav	0.46	CinePRO Sound Design	SFX	
1QVJPEr7g5k89We2DuRsxmJ65dO-fR3zd	SFX - Sinal Sonoro #54	wav	0.43	CinePRO Sound Design	SFX	
1rpokmDZd0Suqd9WZr8bNE7SmThGs5-tp	SFX - Sinal Sonoro #55	wav	0.39	CinePRO Sound Design	SFX	
1cAC02BkJeH5sf95_XbPK5ZyiGwzFrcKx	SFX - Sinal Sonoro #6	wav	0.35	CinePRO Sound Design	SFX	
1oUvjrf19m2rq--wPkmkZFyJnwZsnJcMG	SFX - Sinal Sonoro #7	wav	0.43	CinePRO Sound Design	SFX	
1L1idrl0x0abA-N-8kAYnxu8wwPqBzsqm	SFX - Sinal Sonoro #8	wav	0.44	CinePRO Sound Design	SFX	
1uZF4-MLdX6ieHg9HVm5SHa8QmRMd211O	SFX - Sinal Sonoro #9	wav	0.44	CinePRO Sound Design	SFX	
1tiBN7-LMVlX5-1NDCerPdLHg9VVR3_Gx	SFX - Slide #1	wav	3.51	CinePRO Sound Design	SFX	
1pdE_qGpwLjoRPasbNJQV5MdVrTYAaVX7	SFX - Slide #10	wav	3.51	CinePRO Sound Design	SFX	
1A8pL62ytTR1vNWiFZyPtX4ofEbLX8MlW	SFX - Slide #11	wav	3.51	CinePRO Sound Design	SFX	
1gBjmeD9PnP3cVYrGEjxqntp2Vih-SdEm	SFX - Slide #12	wav	3.52	CinePRO Sound Design	SFX	
1qWCNzx3JQt1jjaszKFgwYX3qGIBVknsu	SFX - Slide #13	wav	3.51	CinePRO Sound Design	SFX	
1WLBzUaUJHYmYz_r9TJON4JmAo8IzP_so	SFX - Slide #14	wav	3.51	CinePRO Sound Design	SFX	
1f_K4gr_bTVTy2mnzkfBxzVzeuuUbU4Kx	SFX - Slide #15	wav	3.51	CinePRO Sound Design	SFX	
10lWF8Z9bI8y1tCnS8fCJbaRg-Fv24l3L	SFX - Slide #16	wav	3.51	CinePRO Sound Design	SFX	
1G985I3WaLqGZDzQTTe6oe8izRG0ov7x_	SFX - Slide #17	wav	3.55	CinePRO Sound Design	SFX	
1tQLNiBBWA2rLEPZFnc6bKyyylIeKrj_Y	SFX - Slide #18	wav	3.51	CinePRO Sound Design	SFX	
1T5OC0Fm9fcMpuC0-k4kkFPMmqBnzWbJk	SFX - Slide #19	wav	3.51	CinePRO Sound Design	SFX	
1s4WmT-tCJsOE0gne9okL2RdPdg3hb0P0	SFX - Slide #2	wav	3.51	CinePRO Sound Design	SFX	
1lQG0UO82PkI42BJYx78xZ9VX9b5XXQ7b	SFX - Slide #20	wav	5.07	CinePRO Sound Design	SFX	
1adfwr8fuq7drul9vOlldk4cJB7v12Zvz	SFX - Slide #21	wav	3.51	CinePRO Sound Design	SFX	
132Am6hKXX091W8NmK8yMlEzHlxACgW6y	SFX - Slide #22	wav	3.52	CinePRO Sound Design	SFX	
1IX2ML6TmgvlerzTsWnfN4H09eNjIdjMi	SFX - Slide #23	wav	5.24	CinePRO Sound Design	SFX	
1P1-g1f2IndywGmDXVxUY1cWhYzNhCwI4	SFX - Slide #24	wav	5.15	CinePRO Sound Design	SFX	
1UT3CvhRbaOJIILsQXziX379qaHmA6lua	SFX - Slide #25	wav	3.51	CinePRO Sound Design	SFX	
1zgEjTPXOdiQZs6CGEu9WJ1oh7otCeV11	SFX - Slide #26	wav	3.53	CinePRO Sound Design	SFX	
1bah_cxNp3BtNsRIS-x9Qe4hKss_rr293	SFX - Slide #27	wav	3.51	CinePRO Sound Design	SFX	
1XRYZljT-E-wInI95Oz8oNnm2R7k5f0gq	SFX - Slide #28	wav	3.51	CinePRO Sound Design	SFX	
1WxNcqTb52gvjYyeIxN3QTAEnHSo_130l	SFX - Slide #29	wav	3.51	CinePRO Sound Design	SFX	
1LcUDM0s5dB_39Eg3l5dsyGYba02DkGZ2	SFX - Slide #3	wav	3.51	CinePRO Sound Design	SFX	
1uUaqvjVEF1rgnOoqa2cfVxKL4zq_mQ9E	SFX - Slide #30	wav	3.51	CinePRO Sound Design	SFX	
1OxCfhu1J3rG89Aq8JR6NxzDtrACu5BLA	SFX - Slide #31	wav	3.51	CinePRO Sound Design	SFX	
10lNsuiI82kRmyGdcR6_2NzRwKG470-Jm	SFX - Slide #32	wav	3.51	CinePRO Sound Design	SFX	
1qqGKQO-8Yszw2KeghLIeUmHevW3VdA-E	SFX - Slide #33	wav	3.51	CinePRO Sound Design	SFX	
1QY--lsjM490sfIexRWSOJV9IzzNVK6m-	SFX - Slide #34	wav	3.51	CinePRO Sound Design	SFX	
15qxS-SSkTNPB94udmugA7WRkUumkY_RI	SFX - Slide #35	wav	3.51	CinePRO Sound Design	SFX	
1mNKJdk1DE-Ew_NGFA9NfpoS4PFZ-Mg1m	SFX - Slide #36	wav	3.51	CinePRO Sound Design	SFX	
1l2-57A9L9uLN-SMY7wraCtXXVqK6R33E	SFX - Slide #37	wav	3.51	CinePRO Sound Design	SFX	
16232rdr2Knieq0BE8WfqbbHYT66I331D	SFX - Slide #38	wav	3.51	CinePRO Sound Design	SFX	
1noWHOXHbtbs5zN37w8PVGXWgvW5tqNd4	SFX - Slide #39	wav	3.51	CinePRO Sound Design	SFX	
15CrzrbK_9Jz-3qlUdxPUm-7zYX9-qAXD	SFX - Slide #4	wav	3.51	CinePRO Sound Design	SFX	
1gtPrZMwUzNwpxMYfLdoZVnLgw189m3pl	SFX - Slide #40	wav	3.51	CinePRO Sound Design	SFX	
1ll8cu8Tv1FNf0GLgB0F2RJOqDxNa1dj-	SFX - Slide #41	wav	3.51	CinePRO Sound Design	SFX	
1WmNwK_LwUG3-DM2omvH_6WdLxRs7HVeF	SFX - Slide #42	wav	3.51	CinePRO Sound Design	SFX	
10ON5-QKXjDcpFQzfmHX0WG3uxUwE3rWy	SFX - Slide #43	wav	3.51	CinePRO Sound Design	SFX	
18kVpufTZqVPxCTdOULW375EgRQ3odXtN	SFX - Slide #44	wav	3.51	CinePRO Sound Design	SFX	
113pSjxsWmT552ZQBpj0IO2u13Zd5b_Fk	SFX - Slide #45	wav	3.51	CinePRO Sound Design	SFX	
1D6LGVzuxc-Q2DVIfJEj-v5AHUv3_r9ng	SFX - Slide #46	wav	3.51	CinePRO Sound Design	SFX	
1GGnS4pqm8sjGJl827bZXQANNr01FphFy	SFX - Slide #5	wav	3.51	CinePRO Sound Design	SFX	
1wjlUCPEFaiLH_KHTLpJ0mv7-64NIqqYW	SFX - Slide #6	wav	3.51	CinePRO Sound Design	SFX	
1rtxlbFBh8-RZzB8yTsV8Rb9VfYuny_xm	SFX - Slide #7	wav	3.51	CinePRO Sound Design	SFX	
1PLcvdESuJcU4PiyClnrIZyfQaYS8y3yN	SFX - Slide #8	wav	3.53	CinePRO Sound Design	SFX	
1vSCLB95G23TVk4pYmVL3hkvkcuexAkvW	SFX - Slide #9	wav	3.61	CinePRO Sound Design	SFX	
1TRbEsQt3xCIpjhtYYi0bBB1RXNBIrpAl	SFX - Soco Congelado	wav	3.6	CinePRO Sound Design	SFX	gaming
1y8_pP3xsoXl-6DjoQLKJEiF8kB-Zw_fT	SFX - Soco Congelado (Panorâmica)	wav	3.49	CinePRO Sound Design	SFX	gaming
1xUb7SZnHTeEH8JcxbTOf6PUqWYq5p-pm	SFX - Soco de Folhas	wav	4.95	CinePRO Sound Design	SFX	
1C_qU4Kw3w26ningr8gXEYYxuUEkKJ9n_	SFX - Soco de Folhas (Panorâmica)	wav	4.88	CinePRO Sound Design	SFX	
1VHkvaKFzUcMf-puIQY5znL59JZnKADu4	SFX - Soco Metálico	wav	3.44	CinePRO Sound Design	SFX	
1jvmWsCRCRvQk1LQYX8zWzEYciz-sbEUF	SFX - Soco Metálico (Panorâmica)	wav	3.44	CinePRO Sound Design	SFX	
1W_4IoDCh3egjYS32UvHCXZb7k_q-kUL9	SFX - Soco Naval (Curto-Panorâmica)	wav	4.82	CinePRO Sound Design	SFX	
1wfa4vt9Z5AhajBneRiSs3L1AcVNeyb0J	SFX - Soco Naval (Curto)	wav	4.82	CinePRO Sound Design	SFX	
1Ev79e2T5ifH7nJis_pMEpYukNVaPaSDd	SFX - Soco Naval (Longo-Panorâmica)	wav	5.22	CinePRO Sound Design	SFX	
1l7Uyg4wOkT82uYe39a3lNGtXP2BqLSc9	SFX - Soco Naval (Longo)	wav	5.22	CinePRO Sound Design	SFX	
13_-t31NAyfh1Gu1-x0Y4s4TI2fqiT0Am	SFX - Soco Naval (Médio-Panorâmica)	wav	4.82	CinePRO Sound Design	SFX	
1D7YzJG7xBpczpxPa4i21Q2nkjy7wm5Ff	SFX - Soco Naval (Médio)	wav	4.82	CinePRO Sound Design	SFX	
1m7dgVh-NOVOewvAfX6mxkXpbTsZMjU2S	SFX - Soldagem #1	wav	0.77	CinePRO Sound Design	SFX	
1P0A4YfbbClzvFClWXDrgYkYrk4EXI7ld	SFX - Soldagem #10	wav	1.76	CinePRO Sound Design	SFX	
1rSklXQxmB4DD1KQ027dQccY0Lr-TPfr4	SFX - Soldagem #11	wav	2.82	CinePRO Sound Design	SFX	
1Yvwzv8rmrl_EtTM7UNdI9v-1nUWVjEfv	SFX - Soldagem #12	wav	0.48	CinePRO Sound Design	SFX	
1eD192oYeaZwlyKqJG3RbKMsoxUdcNvDN	SFX - Soldagem #13	wav	3.96	CinePRO Sound Design	SFX	
1qktGjuXgOifDOCoWpfiC2ZTgD9Ap-hr6	SFX - Soldagem #14	wav	0.47	CinePRO Sound Design	SFX	
1qPxM3FtqC0x1d4A8Y5PpVQ0w1OYiiMlG	SFX - Soldagem #15	wav	0.71	CinePRO Sound Design	SFX	
1wShKQSI_r3qbTTmcsescyLNIBjIyAv0A	SFX - Soldagem #16	wav	0.41	CinePRO Sound Design	SFX	
13xDi4uW8iSTXbcFuuzYfRnSgVOje_9Xt	SFX - Soldagem #17	wav	0.72	CinePRO Sound Design	SFX	
1Cpo9R55jyeKz06aMuV30tFQSw4sMlrJE	SFX - Soldagem #18	wav	0.98	CinePRO Sound Design	SFX	
1k8nNLylpZRoZhRpfE5bqoxbyeyV0ir-h	SFX - Soldagem #19	wav	0.78	CinePRO Sound Design	SFX	
1SIiwdvJ3u4WChC-v5t-dqosnaeCNnyBQ	SFX - Soldagem #2	wav	1.75	CinePRO Sound Design	SFX	
1ZeMbyJdxctEqZ3YxCulqkPX2wuaL0CmQ	SFX - Soldagem #20	wav	1.3	CinePRO Sound Design	SFX	
1DwQE83px4zwcmqFsbyjlKZ8TEU9-r38h	SFX - Soldagem #21	wav	0.61	CinePRO Sound Design	SFX	
1Wyc-qufcGNtaJAJfe0k0S_1ZjUU0Kmls	SFX - Soldagem #22	wav	0.95	CinePRO Sound Design	SFX	
17t5DeEZfODn94hBjEX_gCPvqwEY5z0-q	SFX - Soldagem #23	wav	1.59	CinePRO Sound Design	SFX	
1fIHPU4Z0up-b55-XQSeFsSr7XvHQwnOi	SFX - Soldagem #24	wav	1.33	CinePRO Sound Design	SFX	
1_rHsFRSMDRhH_xQhDladhUSygadLNpC5	SFX - Soldagem #25	wav	0.65	CinePRO Sound Design	SFX	
19mivKzl94PYGRfhIkrjPA0Sw9_r1ciR8	SFX - Soldagem #26	wav	0.98	CinePRO Sound Design	SFX	
1f7Sg7RlUHHQTDxzM3teCNCZt0R1lB6ri	SFX - Soldagem #27	wav	2.04	CinePRO Sound Design	SFX	
1pyimKEuAn-kvV1aEIgXig37TtlcMCfqw	SFX - Soldagem #28	wav	1.22	CinePRO Sound Design	SFX	
1gwBubYLbFCYs8sQLTHOvpenljCqlsvnf	SFX - Soldagem #29	wav	1.02	CinePRO Sound Design	SFX	
1PiViQpU_alnZQ4PNm025kP_aYgrLNSGU	SFX - Soldagem #3	wav	0.33	CinePRO Sound Design	SFX	
1U-FFUMVs4vh5p4vXrwTRXpTC3p24vojx	SFX - Soldagem #30	wav	1.8	CinePRO Sound Design	SFX	
1csBTMs92stBCFB1GUFHK_RPIvdmq81LD	SFX - Soldagem #31	wav	1.95	CinePRO Sound Design	SFX	
1YWye97fPeETzvIjKzT3rfVX0-anSRiFx	SFX - Soldagem #32	wav	0.41	CinePRO Sound Design	SFX	
1c2a-d7Mt-vfJbyvN5Mrfl145olgnSmg-	SFX - Soldagem #33	wav	1.46	CinePRO Sound Design	SFX	
1K_Q6XWGL1-xRn75eEavkwV7TVFsYlD4K	SFX - Soldagem #34	wav	0.43	CinePRO Sound Design	SFX	
19QhuoVlmz_6x9UKxqqYASjinb92m0Zjc	SFX - Soldagem #4	wav	1.87	CinePRO Sound Design	SFX	
1I8gVBytifPCkMn8_UjYpcl9BktoKm8FU	SFX - Soldagem #5	wav	0.65	CinePRO Sound Design	SFX	
18vQexQ4hPd9UgBw4c_W3ofml3Gi8TwLv	SFX - Soldagem #6	wav	0.98	CinePRO Sound Design	SFX	
1LZA8IudygkqMTzN09UKlp-SP_z3ko4mL	SFX - Soldagem #7	wav	1.53	CinePRO Sound Design	SFX	
1J9BDk4JBzCZUQ-WB4U2LeZnIWDccbsba	SFX - Soldagem #8	wav	0.61	CinePRO Sound Design	SFX	
1Z9liPWcv-6eZrXyS4TQdtP2xr3Ocfzse	SFX - Soldagem #9	wav	0.29	CinePRO Sound Design	SFX	
12-fLYASsn7qpz5br0dWouzhDcZxUvbuE	SFX - Sons Ambiente #1	wav	6.88	CinePRO Sound Design	Essentials	
1qe2zamrxolTuOFwGeFT0oP1Gm-Vp8Xmo	SFX - Sons Ambiente #10	wav	6.88	CinePRO Sound Design	Essentials	
1v8wq5nxxBlF1umsej1atWqyfQoanRw8u	SFX - Sons Ambiente #11	wav	6.88	CinePRO Sound Design	Essentials	
16REnYaNlnShPBTDFFnmxBOSivg1KqP_q	SFX - Sons Ambiente #12	wav	6.88	CinePRO Sound Design	Essentials	
1se0mdithDZpfczvgkGZjzWw7uOWPGTnO	SFX - Sons Ambiente #13	wav	6.88	CinePRO Sound Design	Essentials	
1Fbh4L7pQGFrr0APWvC5fz6k_QptyzV5W	SFX - Sons Ambiente #14	wav	6.88	CinePRO Sound Design	Essentials	
1ySzJnBoTu5IgxWAwsquI8cDwZe0aqTW9	SFX - Sons Ambiente #2	wav	6.88	CinePRO Sound Design	Essentials	
1JY4SCxmkLxJHnwVb0UJ9rjI564KCekB3	SFX - Sons Ambiente #3	wav	6.88	CinePRO Sound Design	Essentials	
1xCTkFCNA2SQDRWIkswHfYC7boT60WMN3	SFX - Sons Ambiente #4	wav	6.88	CinePRO Sound Design	Essentials	
1css-NDpJn6ZTfr98I2pvQCwTVa6vANSz	SFX - Sons Ambiente #5	wav	6.88	CinePRO Sound Design	Essentials	
1SfVGnER0nFRF7UiXio-7mAokpSec9OY3	SFX - Sons Ambiente #6	wav	6.88	CinePRO Sound Design	Essentials	
1yd3R0lu4M2Wb009UaMLS8Tffg3BUzGCN	SFX - Sons Ambiente #7	wav	6.88	CinePRO Sound Design	Essentials	
1P14nV6R_td9Yg2oxl1hZ5VqLe7FOz74F	SFX - Sons Ambiente #8	wav	6.88	CinePRO Sound Design	Essentials	
17Ji-40CdeZw6yQ-VBTK65Bg5oN6LJGTC	SFX - Sons Ambiente #9	wav	6.88	CinePRO Sound Design	Essentials	
1_2D4qwJ_dMo-89JIFsL8Ugq-REvQGrKc	SFX - Sopro Aquático	wav	6.05	CinePRO Sound Design	SFX	
1P2X7sNqlVYnb6X9sgNURWqv1ylDldA8_	SFX - Sopro Aquático (Curto-Panorâmica)	wav	5.07	CinePRO Sound Design	SFX	
11l61DgyWTT5sRkcnQ52kVPuHtBfq_bYn	SFX - Sopro Aquático (Curto)	wav	4.98	CinePRO Sound Design	SFX	
19Eaglg8YQya7azHlaeE1455bODBOA-io	SFX - Sopro Aquático (Longo-Panorâmica)	wav	5.95	CinePRO Sound Design	SFX	
1iCuhfhnDsNj9MiJvBSJTwwMN5GGzJNqw	SFX - Sopro Ciclonado (Curto-Panorâmica)	wav	10.29	CinePRO Sound Design	SFX	
1xyT2rA1Qi_tNWQuzyWJP_21si22d-9e3	SFX - Sopro Ciclonado (Curto)	wav	10.29	CinePRO Sound Design	SFX	
1syu7sG5Ki3osdp3kcUeu1_mzSz5t564f	SFX - Sopro Ciclonado (Longo-Panorâmica)	wav	10.29	CinePRO Sound Design	SFX	
189P6FqGaZYxJNDHttYRArAV_vUyXoA5t	SFX - Sopro Ciclonado (Longo)	wav	10.29	CinePRO Sound Design	SFX	
1TDLjNsw_oWrA4jkZpkKSuOVeSqEy5tcg	SFX - Sopro Ciclonado (Médio-Panorâmica)	wav	10.29	CinePRO Sound Design	SFX	
12qLRpzDM-1K9j-85QD8d1ht3gXrfnVn5	SFX - Sopro Ciclonado (Médio)	wav	10.29	CinePRO Sound Design	SFX	
1rTGNeQNYRnN1bhyxvLul4VizT3kza85J	SFX - Sopro Congelante	wav	5.15	CinePRO Sound Design	SFX	
12QYy2yXG8_yN19JfCXZCKQk9lAjaUxlh	SFX - Sopro Congelante (Panorâmica)	wav	5.15	CinePRO Sound Design	SFX	
1OEdOQdPot31f00O6uYEp9R1zqagcuEd2	SFX - Sopro Florestal	wav	7.39	CinePRO Sound Design	SFX	
1BFpN4Yg2YZnudbczr3zY_80a37sdmT5t	SFX - Sopro Florestal (Panorâmica)	wav	7.39	CinePRO Sound Design	SFX	
16wfMaqhWHPHNSHVvxteK3cXdTn2KDtq9	SFX - Splash #1	wav	1.88	CinePRO Sound Design	SFX	
1z-c1CkfPcPK-Bld1G_LMeFkjnSu8kAuH	SFX - Splash #10	wav	1.94	CinePRO Sound Design	SFX	
1rx7NZXsmWFP6ndV_7Wya6A9yE3BrfXLB	SFX - Splash #11	wav	3.38	CinePRO Sound Design	SFX	
1p3uegvsUkFycjsTAsS16eGrmgjpWE9i9	SFX - Splash #12	wav	3.38	CinePRO Sound Design	SFX	
1ZF1yv0aLh9HFlmWvpv_rnxZ48nbgUtTu	SFX - Splash #13	wav	2.19	CinePRO Sound Design	SFX	
1HWkng2wJzjBh6WSD0_y73FxeNJ_w5zja	SFX - Splash #14	wav	3.38	CinePRO Sound Design	SFX	
1sssr3ffERBtWHwZkjtMxJqynPOHT74aV	SFX - Splash #15	wav	1.97	CinePRO Sound Design	SFX	
1StZn4Unr5VwwzavQc5IXH5w2jrzUwyXw	SFX - Splash #16	wav	2.21	CinePRO Sound Design	SFX	
144eH7vhmVMH08Q6M6RcvseTebMlTsN5B	SFX - Splash #17	wav	2.34	CinePRO Sound Design	SFX	
1u1qHTIY7-IG1oXR9EILD07N2n6qWoDlA	SFX - Splash #18	wav	3.38	CinePRO Sound Design	SFX	
1aJXiBul0GtQAbI4AYMoPs5EIcQOBDoaZ	SFX - Splash #19	wav	2.27	CinePRO Sound Design	SFX	
1cuCCPOAEoLG6vb30v9emU3W5tw_mkrFE	SFX - Splash #2	wav	1.79	CinePRO Sound Design	SFX	
1pIPJQc4hpyMGs05AvTepXGgOLw4Q232I	SFX - Splash #20	wav	2.02	CinePRO Sound Design	SFX	
1zo0vyuw8kdQSA4AVli0gv7Yhuaw-tP3e	SFX - Splash #21	wav	3.99	CinePRO Sound Design	SFX	
1hM1F5Jncd8DXoUYzT0HcdDm7T27-RfSa	SFX - Splash #22	wav	2.02	CinePRO Sound Design	SFX	
1N4e4iOyR3jxektnjOpKY1MT1FmpeBCqB	SFX - Splash #23	wav	1.5	CinePRO Sound Design	SFX	
1gORHfmvfSlWjHLo45nmjTJiHgB_Jx46S	SFX - Splash #24	wav	1.73	CinePRO Sound Design	SFX	
14eXiJGrbN-KM7ZwzmXubAYENVDM5ABVu	SFX - Splash #25	wav	2.66	CinePRO Sound Design	SFX	
1tBPOo-qiXzqODixX-sGBISOAgamZyjCS	SFX - Splash #26	wav	2.88	CinePRO Sound Design	SFX	
1oceODBlvWWctr5e_I2KvN2deVV_8nbz7	SFX - Splash #27	wav	3.38	CinePRO Sound Design	SFX	
1iXkZtHI_4MxvpXsOTf_RSvG8mCXnAGIF	SFX - Splash #28	wav	2.38	CinePRO Sound Design	SFX	
1lYFDLIytEdki_SzCwQ9gmiCAqPtIwdg2	SFX - Splash #29	wav	3.15	CinePRO Sound Design	SFX	
1RZJl2IK5JKsXuKu_tNheSBVnLqVmB05v	SFX - Splash #3	wav	1.99	CinePRO Sound Design	SFX	
1uAdKLckkfZYSSQak3emg9JfW1gyd5Z2r	SFX - Splash #30	wav	2.35	CinePRO Sound Design	SFX	
1Bo16ROP45LZap1iq1SAA_S0rhuVA8fH5	SFX - Splash #31	wav	1.83	CinePRO Sound Design	SFX	
1hnfmWRB7P2PXJwrDoDbX-zQ_ydDGn7rH	SFX - Splash #32	wav	2.12	CinePRO Sound Design	SFX	
1uEoJD27Q3DAYBJD8A6duEbqGOLxkcm0J	SFX - Splash #33	wav	2.94	CinePRO Sound Design	SFX	
1h_VR2H3-Twal2ZSJFTH2nHzHdv8dimox	SFX - Splash #34	wav	2.56	CinePRO Sound Design	SFX	
156OLp9SIWVX3vEzdrNIIUHu8oXVi0VcH	SFX - Splash #35	wav	2.2	CinePRO Sound Design	SFX	
1cnhoQY3K21OKPRLzxjTn725ZLCSicfiA	SFX - Splash #36	wav	4.55	CinePRO Sound Design	SFX	
1hMgZUGPXnFjQV-wWyTElwMzS51io7FJ1	SFX - Splash #37	wav	2.36	CinePRO Sound Design	SFX	
1oWcS_GgedNGNsimSnwYuHHyFKOGxz7wO	SFX - Splash #38	wav	2.18	CinePRO Sound Design	SFX	
1UgGL2YLCsl8RfDQq4QHARkCEjCq8_mvI	SFX - Splash #39	wav	2.66	CinePRO Sound Design	SFX	
1j52TCfGcWvyx32t4ySzjxl7peR_cKJZY	SFX - Splash #4	wav	1.83	CinePRO Sound Design	SFX	
1-3TOroVzLD6U7TR_DPX9kOpzQFZWAvpF	SFX - Splash #40	wav	2.5	CinePRO Sound Design	SFX	
14hlX2cFYoKxDJ3LV74SgJTqNJcJGOTf9	SFX - Splash #41	wav	3.07	CinePRO Sound Design	SFX	
1lfEQZbxqyxuz8K9bmEYbS61rkGoYe-bz	SFX - Splash #42	wav	2.27	CinePRO Sound Design	SFX	
1x78yON6b3fk9VIkzg4um6k79-3mwA6dc	SFX - Splash #43	wav	1.68	CinePRO Sound Design	SFX	
1j7IvwzLu__iIoPykapsjetwSWhXiaF1b	SFX - Splash #44	wav	1.68	CinePRO Sound Design	SFX	
1sPULax1SNzQwnFJxhes18gzYbsu70idv	SFX - Splash #45	wav	3.38	CinePRO Sound Design	SFX	
1r8gjENKRRqcqBGxgyLQ7ayBWrzEvcs1f	SFX - Splash #46	wav	2.27	CinePRO Sound Design	SFX	
1GyLDiYPQptkj9KkExeC3mc_v3iMYrYmp	SFX - Splash #47	wav	3.15	CinePRO Sound Design	SFX	
1VLguEgwy_-MuYO0wzqYiPlh4Xugm8YT6	SFX - Splash #5	wav	1.97	CinePRO Sound Design	SFX	
1fKY-SUdwyPc9LoDicilLNCldM-y2iszl	SFX - Splash #6	wav	1.01	CinePRO Sound Design	SFX	
1HvpjeIf7L16Rz1bZZKDmR2f2_02UU6gx	SFX - Splash #7	wav	1.01	CinePRO Sound Design	SFX	
1AoHxWS2FWgtaXE4U6efsLcKgTPuPHOzk	SFX - Splash #8	wav	1.01	CinePRO Sound Design	SFX	
1BxPwsfBnRNRMM9LsJPfQ8QuiCSBHWO7O	SFX - Splash #9	wav	1.72	CinePRO Sound Design	SFX	
1dhORAN4JgQtiV2aoKaxaOdp9cW0798Dh	SFX - Splash Tropical	wav	2.93	CinePRO Sound Design	SFX	
1FKRiJXG3rXbf4JKoH7laSlINHm2Mnb-b	SFX - Splash Tropical (Panorâmica-Reverb)	wav	4.85	CinePRO Sound Design	SFX	
1nRP260E8n_sfItAUDZIqXghoP0zWzb4T	SFX - Splash Tropical (Panorâmica)	wav	2.93	CinePRO Sound Design	SFX	
15Ky6oQ9x6pqVH-kS17Vo-lFYgulJy_ZX	SFX - Splash Tropical (Reverb)	wav	4.78	CinePRO Sound Design	SFX	
15AL0bHQ3DFNiQXyDpOtCcTQJ06gBHAJg	SFX - Sub Zero	wav	5.13	CinePRO Sound Design	SFX	
1BjN7GRN6fqW8HSsqpXkK40yqHa5drmxK	SFX - Sub Zero (Panorâmica)	wav	5.13	CinePRO Sound Design	SFX	
1E9gyPP0DuzG8tLseNBE6S-hq9BJgiObo	SFX - Super Máquina (Desligando)	wav	13.75	CinePRO Sound Design	SFX	
1jo8UmxywMSG40K-mmzAEPciHHveT1PiL	SFX - Super Máquina (Ligando)	wav	13.75	CinePRO Sound Design	SFX	
1LPEJysEGtHDJ97zRmCqQ1XlIrb5InNbl	SFX - Suspiro de Tufão	wav	10.29	CinePRO Sound Design	SFX	
1QhI0EyclZbpisXWkvpbk0r7XCE4HK0-B	SFX - Suspiro de Tufão (Panorâmica)	wav	10.29	CinePRO Sound Design	SFX	
14-k7Ej8UP0dNfcXe3WLjTiz22RksJeJS	SFX - Suspiro do Silêncio	wav	10.91	CinePRO Sound Design	SFX	
1kry_m9t-eehmVlCsYbdNOpLGPT3XC3ko	SFX - Suspiro do Silêncio (Panorâmica)	wav	10.91	CinePRO Sound Design	SFX	
1qrGJiSH4w62aLJldBmk94i7EQoYiqGfe	SFX - Talheres #1	wav	2.64	CinePRO Sound Design	SFX	
1-63xtCR0CMmuD6SI47xyfbYXABoVD7Uk	SFX - Talheres #2	wav	0.6	CinePRO Sound Design	SFX	
1jmNODlpQD2P-uNPtvBC2XKY8niJolsMW	SFX - Talheres #3	wav	1.43	CinePRO Sound Design	SFX	
1gw1PCDssRy5KA5Wq1fY_2Qk17lcbZAUX	SFX - Talheres #4	wav	1.88	CinePRO Sound Design	SFX	
1VpoGQWz-DZ8twOtZ11I1pzfkBxCbgwM0	SFX - Talheres #5	wav	1.28	CinePRO Sound Design	SFX	
147Xn8J03QSAlpGZtOwTRWHVpFcrq95XM	SFX - Talheres #6	wav	6.18	CinePRO Sound Design	SFX	
1YFmAOl1Djnz_AYqmZz7GZUv7m-rprR2i	SFX - Tapa #1	wav	1.74	CinePRO Sound Design	SFX	
1d8B-uQJjh7T7nHli7SyJLdvImPlH5Zcs	SFX - Tapa #2	wav	1.74	CinePRO Sound Design	SFX	
1dnVG76Ccl7NchWCQDNTYJGSIHIVk-nBq	SFX - Tapa #3	wav	1.74	CinePRO Sound Design	SFX	
1sn4txqcCHqGGGwPWumKQxvGvnKGAq2S8	SFX - Tapa #4	wav	1.74	CinePRO Sound Design	SFX	
1uocaET_OvO4MMAwvkr5qEuFd4NMX7MIC	SFX - Tecla (Computador) #1	wav	0.42	CinePRO Sound Design	SFX	tutorial
1dai6CP5YULek8qfvdD4yisaKAtSkjmIJ	SFX - Tecla (Computador) #2	wav	0.31	CinePRO Sound Design	SFX	tutorial
1KCqFtenz5c9sqV4h5Le3rsUwQixKPDrf	SFX - Tecla (Notebook) #1	wav	0.22	CinePRO Sound Design	SFX	tutorial
1cDf407jTZIFDgTm369N94oFjp2tIHKaW	SFX - Tecla (Notebook) #2	wav	0.26	CinePRO Sound Design	SFX	tutorial
1IcM2pa9tk9-ysAAYYuNlSl9cwhu1_HFX	SFX - Tecla (Notebook) #3	wav	0.31	CinePRO Sound Design	SFX	tutorial
1V0PLXkqdQo_SH24zHGr5U3tKpzBiM6eI	SFX - Teclas de Telefone #1	wav	0.22	CinePRO Sound Design	SFX	
1bjLOnN5Nb828sCuGuqkoahzuWMTg1nT_	SFX - Teclas de Telefone #10	wav	0.3	CinePRO Sound Design	SFX	
1xgLSXQKtvvVLqcOfjBEw9GEVcaj7_A1Q	SFX - Teclas de Telefone #2	wav	0.21	CinePRO Sound Design	SFX	
1Cel6m4_2H3WBgYXlT-QNrRFbOm4cbr5b	SFX - Teclas de Telefone #3	wav	0.23	CinePRO Sound Design	SFX	
1iDbdzHEMOJ0AIBe91L6kg8-UOaiZ23IP	SFX - Teclas de Telefone #4	wav	0.2	CinePRO Sound Design	SFX	
1Qg7xAhpaMTTyhhmJaJJXYURI87jPsMzy	SFX - Teclas de Telefone #5	wav	0.22	CinePRO Sound Design	SFX	
1yM4-CC1S0Cp_6AxftxvV8-kLLcHR2lBE	SFX - Teclas de Telefone #6	wav	0.2	CinePRO Sound Design	SFX	
1HsJ6lPRy93fAO7JIsBofg1sh41BhdC3F	SFX - Teclas de Telefone #7	wav	0.36	CinePRO Sound Design	SFX	
17i9g2APUcWoxaWGX3V6l-am-uzXN4Sgt	SFX - Teclas de Telefone #8	wav	0.33	CinePRO Sound Design	SFX	
19G0-lVoVsp7vjnPhY9r9TK-YxE0PFXDH	SFX - Teclas de Telefone #9	wav	0.38	CinePRO Sound Design	SFX	
1c_McQoq1LkGnbkZCXcfjgoij-8pkDDI9	SFX - Tecnologia #1	wav	0.69	CinePRO Sound Design	SFX	
1UcmjSLKiSfrbjV7AWxl3lxTjM2bxj4pp	SFX - Tecnologia #10	wav	0.68	CinePRO Sound Design	SFX	
12SoOOiCBJK2KVeU2faEqe25b28BGXIQP	SFX - Tecnologia #11	wav	0.75	CinePRO Sound Design	SFX	
1-Z47Oo0KnxFLdAvLPqSxk40ov_F6xfk_	SFX - Tecnologia #12	wav	0.7	CinePRO Sound Design	SFX	
1NoP-lr2rYj8BDo07okm51JCzmndbRbgs	SFX - Tecnologia #13	wav	0.66	CinePRO Sound Design	SFX	
106nKDZbh22go6fP9EMGxCV_pWnq59Gjz	SFX - Tecnologia #14	wav	0.73	CinePRO Sound Design	SFX	
1HR7OOu9sucTUpmRqr0xvXNmck8XGZUMU	SFX - Tecnologia #15	wav	0.74	CinePRO Sound Design	SFX	
1NkU323Cdz2CuWM2g9exxYmscRIsDBi5R	SFX - Tecnologia #16	wav	0.71	CinePRO Sound Design	SFX	
1C0qwnELkELfgHyFMBGdwPC1hBVKt3OZm	SFX - Tecnologia #17	wav	0.86	CinePRO Sound Design	SFX	
1v3Ct3lNl9_7cFxSEmRRWUhlnT54TC8UL	SFX - Tecnologia #18	wav	1.37	CinePRO Sound Design	SFX	
1JioQRtkXlto8LNqtLX6r2E85cI2sR_Kt	SFX - Tecnologia #19	wav	0.54	CinePRO Sound Design	SFX	
1Fga2UUYzpnvZjto-V3AD6aIPYg5wG8Vj	SFX - Tecnologia #2	wav	0.72	CinePRO Sound Design	SFX	
16INIaFRkNiwpYnAi1JWrJFsTPvDbHkVL	SFX - Tecnologia #20	wav	1.01	CinePRO Sound Design	SFX	
1WFJQGyCuH7d_pGrs7vad0EJnsxX-XshG	SFX - Tecnologia #21	wav	0.38	CinePRO Sound Design	SFX	
1nVsi_UXiCjyR73TOM87PrvVDsM7eFnhR	SFX - Tecnologia #22	wav	0.59	CinePRO Sound Design	SFX	
1DEBWSGPrx_o7RYqX-12QE0SyzJqvHxqh	SFX - Tecnologia #23	wav	0.39	CinePRO Sound Design	SFX	
132RN-ds79C3Nipva6BUxXYjyT_ptyfs3	SFX - Tecnologia #24	wav	0.38	CinePRO Sound Design	SFX	
1yqEliH4_RNeuFMwnYqTh6tczzLXroJTf	SFX - Tecnologia #25	wav	0.72	CinePRO Sound Design	SFX	
1r5QF-9wVbgclY_ccHPOjm3VsmZ0MpBYv	SFX - Tecnologia #26	wav	0.96	CinePRO Sound Design	SFX	
1lnBDeJ7fIKQlPCnuM8yZphTFMbRABUrx	SFX - Tecnologia #27	wav	0.51	CinePRO Sound Design	SFX	
1cc-lt0u5SDQMeh6mvabizHzjyxHVOrxt	SFX - Tecnologia #28	wav	0.46	CinePRO Sound Design	SFX	
1ZE3vz8-JWtWPR7grYYXXOQOiI4Txaiju	SFX - Tecnologia #29	wav	0.52	CinePRO Sound Design	SFX	
1tUsxx9_W4uuJDwYFMsvQe5kEDfORrpft	SFX - Tecnologia #3	wav	1.18	CinePRO Sound Design	SFX	
1tpP-TM8iYltZnG8S_jgbjuRQgsYR2JWy	SFX - Tecnologia #30	wav	0.54	CinePRO Sound Design	SFX	
1nIVqHCoLWoVUFpHafCM6CUgEWFL4CWxO	SFX - Tecnologia #31	wav	0.49	CinePRO Sound Design	SFX	
1t2ABXeaVxSReSB5XDl51G4QmyjZUF19g	SFX - Tecnologia #32	wav	0.49	CinePRO Sound Design	SFX	
16d8aeC_ckBIpbqRk54de70FWVJ7TSRFT	SFX - Tecnologia #33	wav	0.51	CinePRO Sound Design	SFX	
1oUD0YggbGFk5jRBnFNHcV0BAIXCyzI44	SFX - Tecnologia #34	wav	0.54	CinePRO Sound Design	SFX	
1o0wTfIxFlyv6r6WxCLNtSca4B-yZaSgH	SFX - Tecnologia #35	wav	0.55	CinePRO Sound Design	SFX	
1njPLUqzZwiLHvesi4JHrAgTf6DHWOkeb	SFX - Tecnologia #36	wav	1.74	CinePRO Sound Design	SFX	
1YpgyHA1j30_iV_hdvag83CnTO-eQCBuk	SFX - Tecnologia #37	wav	1.54	CinePRO Sound Design	SFX	
1xJ8AiEERmWSFUfTj2zFkdY8lPuC0G4Yl	SFX - Tecnologia #38	wav	0.45	CinePRO Sound Design	SFX	
12sWamx1tmUf2SV555OixQv4NF2vwZCNh	SFX - Tecnologia #39	wav	0.45	CinePRO Sound Design	SFX	
1b9YdiwczttiTPhLtyJ7cNmPGIjX2d9fg	SFX - Tecnologia #4	wav	0.74	CinePRO Sound Design	SFX	
1Up1J31327GqOq9ZMecpCj5F0YOlhzeXr	SFX - Tecnologia #40	wav	0.88	CinePRO Sound Design	SFX	
1IO790pIHm8nMNTZZh85ivjh6j5Q8RlTb	SFX - Tecnologia #41	wav	0.73	CinePRO Sound Design	SFX	
1kvC5ETMLUmzcso2o2CKP82DqOwzA_xRj	SFX - Tecnologia #42	wav	0.82	CinePRO Sound Design	SFX	
1k-nobsf2gGlNbQhIcWz-cA9onGM1XAf3	SFX - Tecnologia #43	wav	0.59	CinePRO Sound Design	SFX	
1bZIP49YAJLDhdzYhqV1IGrwsR2qryenn	SFX - Tecnologia #44	wav	0.59	CinePRO Sound Design	SFX	
1jRtNh1Sw_mbLHARHaiVIy20UcytYvxdX	SFX - Tecnologia #45	wav	0.49	CinePRO Sound Design	SFX	
1ag7PVMi54_WpjFIZACVKB9Q-X4zyhaYk	SFX - Tecnologia #46	wav	0.54	CinePRO Sound Design	SFX	
14miWyNcyZUQ5nx1CbePSwczfiIoAaiXi	SFX - Tecnologia #47	wav	0.98	CinePRO Sound Design	SFX	
1G2JDO8GCbquJLkfd8dBMi9kBIUx6u5aY	SFX - Tecnologia #48	wav	1.5	CinePRO Sound Design	SFX	
1AmclaAezCMDtenSb-yofGSgVQMyYfT5e	SFX - Tecnologia #49	wav	1.01	CinePRO Sound Design	SFX	
1y-vBkDEiQibkI-EIAbtYXDvCwlYupeQl	SFX - Tecnologia #5	wav	1.12	CinePRO Sound Design	SFX	
1pkAGwVGXEA9sWlecBxqx4rSx5pEpSt98	SFX - Tecnologia #50	wav	1.18	CinePRO Sound Design	SFX	
1TDsV2x2PjLzpliiGqHlV8PdLaY8sFD7z	SFX - Tecnologia #51	wav	1.02	CinePRO Sound Design	SFX	
1-JSZ6nyb83ezN3GGpZoosMauxQMI3W-m	SFX - Tecnologia #52	wav	1.22	CinePRO Sound Design	SFX	
1HlmBGA5pv1IZ6vnkNQFwtNR10IeVbYkI	SFX - Tecnologia #53	wav	1.19	CinePRO Sound Design	SFX	
1ENPowgIS1PzC5SPx81bxVBFvlVpZ1Mq9	SFX - Tecnologia #54	wav	1.23	CinePRO Sound Design	SFX	
1lYRe6CglPGWhlkbcUmTvJFK9zDni46A7	SFX - Tecnologia #55	wav	0.88	CinePRO Sound Design	SFX	
1lC1HKnpmTtxS1ohmBiA1nCMdFmpkApUy	SFX - Tecnologia #56	wav	0.4	CinePRO Sound Design	SFX	
1j1nNsohZ6GWBylwvGbTOwC-pTsa5fkS4	SFX - Tecnologia #57	wav	0.65	CinePRO Sound Design	SFX	
1393DtvaGPTm4rmg1Lz-uZZWP50qoErEC	SFX - Tecnologia #58	wav	0.86	CinePRO Sound Design	SFX	
1h342x9V_SNASuBJj7EnxS2ohaASrRsvV	SFX - Tecnologia #59	wav	0.74	CinePRO Sound Design	SFX	
1pvqq3vuGSkXI_wT655LpVpUXv5RKh8Oi	SFX - Tecnologia #6	wav	1.16	CinePRO Sound Design	SFX	
1NUzqBwHAMgo4TjuMPM2tS22lfD07Vzej	SFX - Tecnologia #60	wav	0.53	CinePRO Sound Design	SFX	
1nHNzX3nFevukeqd6j2jo7Tr6HyLEGizB	SFX - Tecnologia #61	wav	0.53	CinePRO Sound Design	SFX	
1p4fODBJLlcGUBZKyQmx_bSkmI8v7UAp1	SFX - Tecnologia #7	wav	1.19	CinePRO Sound Design	SFX	
1H1fGuicVPkSnUVGQhuMu1dYOBGFhjsNT	SFX - Tecnologia #8	wav	1.11	CinePRO Sound Design	SFX	
1qXs_6GmPMjB-gZAOBE5AEZUpQQg7S7BX	SFX - Tecnologia #9	wav	0.69	CinePRO Sound Design	SFX	
16uxXhWWsUMwb8tYDHsV96ADvpFzmK2Jp	SFX - Telefone #1	wav	2.29	CinePRO Sound Design	SFX	
1Azornxmq3pUp036D1joFzB4t7CJRz-mD	SFX - Telefone #2	wav	2.08	CinePRO Sound Design	SFX	
18dgKI5mRASIgYXyQTtanOVFtnwVfwqms	SFX - Telefone #3	wav	1.07	CinePRO Sound Design	SFX	
1WFNykW0WTzZHzDgOO8eKLMC9N6ctAQFp	SFX - Telefone #4	wav	6.9	CinePRO Sound Design	SFX	
1omAACNThBCxEDKrmOZ6YJ6kO3RaP0T-m	SFX - Telefone #5	wav	4.45	CinePRO Sound Design	SFX	
1R8SQkvOWy6nQrLtzMFGr58e-TJ1RpHzi	SFX - Telefone #6	wav	1.16	CinePRO Sound Design	SFX	
1IrWsoUC0nEfFkC8yJ5fEVx2hgd1bVxxC	SFX - Telefone #7	wav	6.88	CinePRO Sound Design	SFX	
1ZUSEitZ32YnlQ2Sa4oPaSuRM2P-3YIgf	SFX - Telefone #8	wav	2.26	CinePRO Sound Design	SFX	
1SmKsdcOD0zGhBHl5Ed9I2bZX2wIHEsSH	SFX - Telefone #9	wav	1.66	CinePRO Sound Design	SFX	
1gCd6m6pTQpgtxnpAYkDMdSMp0KUuDgaN	SFX - Tênis #1	wav	6.88	CinePRO Sound Design	SFX	
1MNVPn9-JHtwQ8TipShiBYmpEswETpCnM	SFX - Tênis #2	wav	6.88	CinePRO Sound Design	SFX	
16D8SkxOfHTXSIe2vv6F9Jhpgb3v73jhg	SFX - Tênis #3	wav	6.88	CinePRO Sound Design	SFX	
1AadqVhFb8DZ42U-EHuQkJ3rLWLYK5rhA	SFX - Tênis #4	wav	6.88	CinePRO Sound Design	SFX	
10laYfBaiBWtvN6M5W2SIvtgMGzpAN1KV	SFX - Terra	wav	6.88	CinePRO Sound Design	SFX	
11nwmt75tg00hAXgv54ViZ7qvZOVRPO6G	SFX - Terra Molhada	wav	6.88	CinePRO Sound Design	SFX	
1-bONZDAO4R04kAyFgt_g_YERz-n2G6R5	SFX - Terremoto Imprevisto	wav	4.82	CinePRO Sound Design	SFX	
1RAge0Omw0OljAOjRK3ASfJKJI5qCLBAi	SFX - Terremoto Imprevisto (Panorâmica)	wav	4.82	CinePRO Sound Design	SFX	
1MLlitVejFxZf8Yyr4IEjbtI4OXq2UoSa	SFX - Tesoura	wav	0.44	CinePRO Sound Design	SFX	
12E1ps_xPmohQ1nah6LMhruGm0FC8zYpi	SFX - Texto #1	wav	11.21	CinePRO Sound Design	SFX	
1kobsu_0WCwU1NSVYda0PHMytmKdvzTen	SFX - Texto #10	wav	11.21	CinePRO Sound Design	SFX	
1Hx7ugPja5ebu18rIvx-XHiB7EJLbEvoG	SFX - Texto #11	wav	11.21	CinePRO Sound Design	SFX	
1XOhxqCttkX0GVI0Wy14xOd7JLR1LGgMq	SFX - Texto #12	wav	11.21	CinePRO Sound Design	SFX	
1qpivz4RaVL3qGfFV7DKRtp_1ZSoR9m3R	SFX - Texto #13	wav	11.21	CinePRO Sound Design	SFX	
14NMtcukqgkGTc0dxqyN9EVOjse6r5v3c	SFX - Texto #14	wav	11.21	CinePRO Sound Design	SFX	
1cLHZbxqpM7bwotcv3-0bGKsMUWv26lOi	SFX - Texto #15	wav	11.21	CinePRO Sound Design	SFX	
12JAsUMQPdQCvpqedNIJBh3xqTQXVzeMy	SFX - Texto #16	wav	11.21	CinePRO Sound Design	SFX	
1jA0V5FuXxn8ksgzzl0ubXVZt2qfxcsvA	SFX - Texto #17	wav	11.21	CinePRO Sound Design	SFX	
1dD2HKmBmKxrnwD4c98D3hCE4kifkxmEx	SFX - Texto #18	wav	11.21	CinePRO Sound Design	SFX	
1WacPLtetv_liVX37gkP9h3Q9VDw_u0Ck	SFX - Texto #19	wav	11.21	CinePRO Sound Design	SFX	
1afmfJa-m8fHJ93Ju6KxNWUDl3CFwLRV3	SFX - Texto #2	wav	11.21	CinePRO Sound Design	SFX	
1YfcbPMCXxCl2Tu9NsfJELKY-EQoQZCfr	SFX - Texto #20	wav	11.21	CinePRO Sound Design	SFX	
1uIbZi42J7wK16FlvNSxfd_ZR1OkjC0eI	SFX - Texto #21	wav	11.21	CinePRO Sound Design	SFX	
1oFc5ZrEGjqMtuID-W78gAG7oRVIlQqqy	SFX - Texto #22	wav	11.21	CinePRO Sound Design	SFX	
1NEA4D_nVxLxKqCqLyGuxvngFc8ujIQ5e	SFX - Texto #23	wav	11.21	CinePRO Sound Design	SFX	
1i9QYClmILNQxf43fAbnlt6_bN1ZiD5vC	SFX - Texto #3	wav	11.21	CinePRO Sound Design	SFX	
1JbC05RGWMCVCuxdbPVd5b2twpGpHJlTr	SFX - Texto #4	wav	11.21	CinePRO Sound Design	SFX	
11LVq2r9HXXtNcnQDFcBd0vjXVX6QZTGV	SFX - Texto #5	wav	11.21	CinePRO Sound Design	SFX	
1EAkfmMWbeAsIO81TcTYakd9EdUlMf15G	SFX - Texto #6	wav	11.21	CinePRO Sound Design	SFX	
11xd-ZbGMRKjtwqR4hOzQdj5GpvoEijLg	SFX - Texto #7	wav	11.21	CinePRO Sound Design	SFX	
1bwhYpiMqr-VQaTEP3ur7qQ9V1uq0AJqi	SFX - Texto #8	wav	11.21	CinePRO Sound Design	SFX	
1d3nI5qq3KZV6273vU3vdVh14suc6oUuD	SFX - Texto #9	wav	11.21	CinePRO Sound Design	SFX	
1U3x1PQXNgbi-h6itlTHokihL0OWjg_yC	SFX - Tocha Flamejante (Curto-Agudo)	wav	1.78	CinePRO Sound Design	SFX	
1yLvR24YyuPuVpa3b-tG4xYOclrnrGaeu	SFX - Tocha Flamejante (Curto-Grave)	wav	1.78	CinePRO Sound Design	SFX	
1hek0drtAEzDAj5361A6QAJ1_5rhiLixD	SFX - Tocha Flamejante (Curto-Médio)	wav	1.78	CinePRO Sound Design	SFX	
1INzzOsBfU7J5RzFM598m-KpeqbcW9QX5	SFX - Tocha Flamejante (Longo-Agudo)	wav	3.43	CinePRO Sound Design	SFX	
1VNqYjtOcDYISK55twToVvsNNhKZpyx5b	SFX - Tocha Flamejante (Longo-Grave)	wav	3.45	CinePRO Sound Design	SFX	
1wITfJ6gkv_Tto8vFPD4eWGw-3t7nfrDA	SFX - Tocha Flamejante (Longo-Médio)	wav	3.43	CinePRO Sound Design	SFX	
1rJHG_uGmfi-_asL9Sd6JB5OHHSFzD82k	SFX - Tocha Flamejante (Médio-Agudo)	wav	1.78	CinePRO Sound Design	SFX	
1TsSUM7TGXbN2zlgx4QvycnBNHuxfENIs	SFX - Tocha Flamejante (Médio-Grave)	wav	1.78	CinePRO Sound Design	SFX	
1TXodfDmH1Wmf3-J0S5Fc4Uz_xky19BGG	SFX - Tocha Flamejante (Médio-Médio)	wav	1.78	CinePRO Sound Design	SFX	
1xS3kc9q0i51MutTLQvU3h9cu8nFTgsLh	SFX - Tornado Imprevisto (Curto-Panorâmica)	wav	10.29	CinePRO Sound Design	SFX	
14D6Ci67Dzi-s99a_lk-rxFJGRdfLOm2q	SFX - Tornado Imprevisto (Curto)	wav	10.29	CinePRO Sound Design	SFX	
1x8eBIb5yjjqD2-5RvJPqe8S-pQ17Jcdt	SFX - Tornado Imprevisto (Longo-Panorâmica)	wav	10.29	CinePRO Sound Design	SFX	
17DUm-mj2KnKNJyARUiXIMIvBhuIUmQMP	SFX - Tornado Imprevisto (Longo)	wav	10.29	CinePRO Sound Design	SFX	
1DpB-8-5ovR-MK3KF9OE9ZbhVBdUlbDsY	SFX - Tornado Imprevisto (Médio-Panorâmica)	wav	10.29	CinePRO Sound Design	SFX	
1Yr-swqV_60Tgfdnf5x0FrxLJyjNVGMGr	SFX - Tornado Imprevisto (Médio)	wav	10.29	CinePRO Sound Design	SFX	
1E_Px2Pp0-bRYqEi9pus8yF_V-njS2CKm	SFX - Torneira #1	wav	6.88	CinePRO Sound Design	SFX	
13jzck7JJf4QzjBnbYZim6Fa6HsmoSRic	SFX - Torneira #2	wav	6.88	CinePRO Sound Design	SFX	
19fLfgObRR_gYle8X4-HpGEAvTPru8zol	SFX - Torneira #3	wav	2.95	CinePRO Sound Design	SFX	
1Xc3h8HpUZGj4vBs9RTfi1NRWUulEPIvC	SFX - Torneira #4	wav	2.51	CinePRO Sound Design	SFX	
1f8MGHTGBdB5y5UZz_iOWJjpdobK0jmI7	SFX - Torneira #5	wav	6.88	CinePRO Sound Design	SFX	
1lf-0RMvkXhC13tl_iOVuyFGlJRO4ldUv	SFX - Torneira #6	wav	5.9	CinePRO Sound Design	SFX	
1RcXZeXNAAwVX_ICpA_mMUi2Mv5wjnKG0	SFX - Torneira #7	wav	6.88	CinePRO Sound Design	SFX	
1ITPjiG9OHN4502VZh1bfASx3t1uwFdgy	SFX - Tráfego (1)	wav	12.62	CinePRO Sound Design	SFX	
1_wa5X1hjWfKWedhgkmUlciRTL02T5SOO	SFX - Tráfego (10)	wav	12.3	CinePRO Sound Design	SFX	
1HYu9TWHFZZy0_VeT5X1en0og-rREGZ7U	SFX - Tráfego (11)	wav	5.82	CinePRO Sound Design	SFX	documentario
1cm375Lux8SgB9iFZ-gpQXgdl0VS6m6cj	SFX - Tráfego (12)	wav	4.32	CinePRO Sound Design	SFX	
1hfVh_da3YrCvDzYEiXb7l55QVyMFQyw6	SFX - Tráfego (13)	wav	5.34	CinePRO Sound Design	SFX	
1pAnmlU1-K4eDO8TfjB9RjDdtmbt7Xbqj	SFX - Tráfego (14)	wav	7.08	CinePRO Sound Design	SFX	
1XG5ushMkyr1ktCwga66vsr6jp_mTAyKw	SFX - Tráfego (15)	wav	4.42	CinePRO Sound Design	SFX	documentario
1avIjZo_Nf31NPbLyJ8SDtnVmIfPU3KBD	SFX - Tráfego (16)	wav	5.5	CinePRO Sound Design	SFX	
11outztJfpOf1M7RXzw9Zm-RnAknebotR	SFX - Tráfego (17)	wav	5.91	CinePRO Sound Design	SFX	
1-l4Fs36Vk0uhhvG_oYB4X-K7zaGcTJxA	SFX - Tráfego (18)	wav	15.14	CinePRO Sound Design	SFX	documentario
1CYzcTP7RefSJ4QCjp8Xbc70bkFf3gQcC	SFX - Tráfego (19)	wav	7.8	CinePRO Sound Design	SFX	documentario
1ylcEUhGN4JFcGDlao9OAX1DuWc0tcCvk	SFX - Tráfego (2)	wav	14.17	CinePRO Sound Design	SFX	
1z2MwELnquGm-RlXLyiBa2WbWc0apDYls	SFX - Tráfego (20)	wav	4.91	CinePRO Sound Design	SFX	documentario
1s5kkfBvShSCfWQpc5Nf-CBZjLtqu7IWS	SFX - Tráfego (21)	wav	12.17	CinePRO Sound Design	SFX	documentario
1Uqwk5fWcHhui9uNAaMUdFKLb68QgGyfi	SFX - Tráfego (22)	wav	13.5	CinePRO Sound Design	SFX	documentario
1mneE0PUwYtRnbF74LDI9temdD1ZWYR8d	SFX - Tráfego (23)	wav	6.04	CinePRO Sound Design	SFX	documentario
1kglV3wD69a346ivYs2l-2wR-xV1Yc7HM	SFX - Tráfego (24)	wav	7.62	CinePRO Sound Design	SFX	documentario
1nnTY5Y8SK9ZdOPsY-I0qLFXxZbEdAp0H	SFX - Tráfego (25)	wav	4.93	CinePRO Sound Design	SFX	documentario
1LzJp2qoy8RRMLHAjpTDkP1tfyosWFuZz	SFX - Tráfego (26)	wav	5.43	CinePRO Sound Design	SFX	documentario
1MgEP6g7fy4MsYHSEHhAct8C0CKX6VPGP	SFX - Tráfego (27)	wav	15.39	CinePRO Sound Design	SFX	documentario
1m_Ge0KcBsX0MPK7Rd4O6NkmZpW5nIyfv	SFX - Tráfego (28)	wav	14.46	CinePRO Sound Design	SFX	documentario
1SWrq9zHRhKf4uE0fgQV5K9GDgICcoFD_	SFX - Tráfego (29)	wav	16.25	CinePRO Sound Design	SFX	documentario
1dhjg38EsexUV3URD58CiW7qxwSF1zzCu	SFX - Tráfego (3)	wav	12.85	CinePRO Sound Design	SFX	
1NrlD6q2c9Gu_RB9Kj30dh5dOvmH7kqz_	SFX - Tráfego (30)	wav	9.99	CinePRO Sound Design	SFX	documentario
1V_r3wXGLw1-qIFMaPUy7PpB4wJloROjk	SFX - Tráfego (31)	wav	11.97	CinePRO Sound Design	SFX	documentario
1KV4SmjrkrwyJPrQyQD98yslj5gv2YfJQ	SFX - Tráfego (32)	wav	6.76	CinePRO Sound Design	SFX	documentario
1rXymdKRGWNwyS0bkdDo8PSpGsBIcn3Rr	SFX - Tráfego (33)	wav	30.19	CinePRO Sound Design	SFX	documentario
1am9b8DLwnWBTbBZffxnyBrFerA3Bynl7	SFX - Tráfego (34)	wav	12.82	CinePRO Sound Design	SFX	documentario
1tCm00uKm1fLAUVpG9kPOMiZaWx-jAFfT	SFX - Tráfego (35)	wav	13.96	CinePRO Sound Design	SFX	documentario
12LBA70MLxsJ1kDTAlb9ZuojBn3wpaFfO	SFX - Tráfego (36)	wav	9.99	CinePRO Sound Design	SFX	documentario
1YvAjMgQWMfs2z2EG9P8ta5pMqP-nDX7o	SFX - Tráfego (37)	wav	15.79	CinePRO Sound Design	SFX	documentario
132NdYEU1noGae2tbQEtkqDXJG_usI21v	SFX - Tráfego (38)	wav	11.59	CinePRO Sound Design	SFX	documentario
1XT1aGQHIEtQbRdqXDFOLyFlASJQFUiIA	SFX - Tráfego (39)	wav	13.66	CinePRO Sound Design	SFX	documentario
1jsNWqU55OAhea7xsAJGdoPB7lSlozxN_	SFX - Tráfego (4)	wav	11.05	CinePRO Sound Design	SFX	
1gmjv0b2oTdPExXcZrMaBeiQxWdyDgzUC	SFX - Tráfego (40)	wav	14.62	CinePRO Sound Design	SFX	documentario
1iFZ-NRxAtlGRBHEzWyAbGA5jBmL7MCRE	SFX - Tráfego (41)	wav	21.03	CinePRO Sound Design	SFX	documentario
1JEq8hVYoWmS7CVwPi0SyMjSg3Sff8L_d	SFX - Tráfego (42)	wav	17.56	CinePRO Sound Design	SFX	documentario
1k4WqHKjjvER3ddl-83MvUkvJGOVCGPHM	SFX - Tráfego (43)	wav	10.65	CinePRO Sound Design	SFX	documentario
1sPHUc9EDvOc2JMOqDyg9aBrKQqdhr6SH	SFX - Tráfego (44)	wav	20.79	CinePRO Sound Design	SFX	
1H0dBX0wp01aL7AAKLq3TB292-IsQC4o6	SFX - Tráfego (45)	wav	4.18	CinePRO Sound Design	SFX	
1w2wTfysw1zGXKzACWFi914YqxzbQ30nE	SFX - Tráfego (46)	wav	19.37	CinePRO Sound Design	SFX	
12yz_4hj4XEFRTnPi8Bkbw1Xcw3vg_VOW	SFX - Tráfego (47)	wav	11.7	CinePRO Sound Design	SFX	
1aFO9aGbQ2Ci9--IcFPr4S70RvPh-PQuk	SFX - Tráfego (5)	wav	9.19	CinePRO Sound Design	SFX	
1P5iq4pczUPwY8DkoXeupts7k8VIZ4TrS	SFX - Tráfego (6)	wav	8.51	CinePRO Sound Design	SFX	
1V7s4Ako8u3ho2Gr7y-HJOUbD6GfnpIlS	SFX - Tráfego (7)	wav	10.08	CinePRO Sound Design	SFX	
1hjI0pUnyYlrkp15da7-lMQ2iGLACwc_5	SFX - Tráfego (8)	wav	9.34	CinePRO Sound Design	SFX	
1phpX8T4RDnn8iA6ZV17pMjcLZ3uo5UrY	SFX - Tráfego (9)	wav	9.31	CinePRO Sound Design	SFX	
17qXlvvumOzp-wQmE86OCBfsUf9I-tbZR	SFX - Trava Elétrica #1	wav	0.45	CinePRO Sound Design	Essentials	
1dcomsnLWh0A4HAU04d8PlTk3MEtKzFVS	SFX - Trava Elétrica #2	wav	1.1	CinePRO Sound Design	Essentials	
129WMMDGXvZAp5wmZYiwR9FcLX-8o8_NE	SFX - Trava Elétrica #3	wav	1.58	CinePRO Sound Design	Essentials	
1PS9vKCsjCX38VwSnnkpkk780zvXyvqmH	SFX - Trem	wav	6.88	CinePRO Sound Design	Essentials	
16o78OR5IMeGTtvZ2QC8Mw7lux80ODxp4	SFX - Trem #1	wav	6.87	CinePRO Sound Design	SFX	
1WxJGvu9OY7kkuAWU0xos9NUKJzY4e8Wk	SFX - Trem #10	wav	6.87	CinePRO Sound Design	SFX	
1WQxYN12I2Mv18uTpC2J5RlyXnzHhQbmO	SFX - Trem #11	wav	6.87	CinePRO Sound Design	SFX	
1IRGME1ERiAs_Xez3YmEX-6-dE00jIZNS	SFX - Trem #12	wav	6.87	CinePRO Sound Design	SFX	
1s3OOPnRdnfSsAmU1ZWBzzi1mbeID1BFQ	SFX - Trem #13	wav	27.55	CinePRO Sound Design	SFX	
1UXbv_YKcZDsCeFiQWQIO7RaE_29Fgr6l	SFX - Trem #14	wav	6.87	CinePRO Sound Design	SFX	
1-WNtVeQH_SHsGrePOSPE-nlxaKk0JbVh	SFX - Trem #15	wav	27.55	CinePRO Sound Design	SFX	
1KoG0iuZqU45dkelQpG2-FZrgdYeowUYg	SFX - Trem #16	wav	6.87	CinePRO Sound Design	SFX	
1lDw1qxEVWRU70SPazyAAWQmfaoHu-CSt	SFX - Trem #17	wav	27.55	CinePRO Sound Design	SFX	
1PMJf1DwBq6tQV-t67P8TQTgjwPdf29ZV	SFX - Trem #18	wav	27.55	CinePRO Sound Design	SFX	
1Q6Cf-MxXJuUlJ0CV-3om5MwaqS0wK5TX	SFX - Trem #19	wav	6.87	CinePRO Sound Design	SFX	
19AH2HoYMnM9sAIHDHXOr-FMJYp0auGUR	SFX - Trem #2	wav	27.55	CinePRO Sound Design	SFX	
1duP0tYJefYRdH4weejrakF9_bGqrTMs3	SFX - Trem #20	wav	27.55	CinePRO Sound Design	SFX	
1RVgXEEvltuHGNvtpbKzmt-eJsCJ9sf8m	SFX - Trem #21	wav	6.87	CinePRO Sound Design	SFX	
1X4MtFqdcNNjFzqrRcaUBZdTMmORJBlYj	SFX - Trem #22	wav	6.87	CinePRO Sound Design	SFX	
1Y9mc16NuFDz-bWGiJ7QGkCald_7WvB6Z	SFX - Trem #23	wav	6.87	CinePRO Sound Design	SFX	
14_dJ_amxFHRZRecowT6F1Bhcdlgc9vq6	SFX - Trem #24	wav	6.86	CinePRO Sound Design	SFX	
1o7sblhciOGokYKfWVNKa_TcUkb2CP3YH	SFX - Trem #25	wav	6.87	CinePRO Sound Design	SFX	
1HABL7XVHimZgoQMTTnvrEMC0lNQsiELY	SFX - Trem #26	wav	6.87	CinePRO Sound Design	SFX	
1IeGS5I3_tPwFTMRb0ZOMszGu5MgVQ3uJ	SFX - Trem #27	wav	6.87	CinePRO Sound Design	SFX	
1GX_KVcR8wrp_BKl8wdTUicGZ0ZqMutPW	SFX - Trem #28	wav	6.87	CinePRO Sound Design	SFX	
1hI-blaFMqCb-Lo45nmKb28R8_zMpuv6C	SFX - Trem #29	wav	6.87	CinePRO Sound Design	SFX	
1-1hfEoanWsAkghXtbh9E3p8yZJvo4skJ	SFX - Trem #3	wav	6.87	CinePRO Sound Design	SFX	
1azcybhdv5fDQOCYi1XRrFo3bO4vrY94N	SFX - Trem #30	wav	6.87	CinePRO Sound Design	SFX	
104-VVj9CxbvZaInRMtLZV8UG3PFMHBJx	SFX - Trem #31	wav	6.87	CinePRO Sound Design	SFX	
1JJDen3ZipQvsznIpl5fFSNFhUE_oVfyv	SFX - Trem #32	wav	6.87	CinePRO Sound Design	SFX	
1fvXC6adwpyvYVV7zbZ5dZXt0GfodyyXE	SFX - Trem #33	wav	6.87	CinePRO Sound Design	SFX	
1lTjHDCKvBcZGFdSC0nUiaXtjUT396wy2	SFX - Trem #34	wav	6.87	CinePRO Sound Design	SFX	
1YOsmiKvhWpoLA3fMatP02kdaAFoBoSjs	SFX - Trem #35	wav	6.87	CinePRO Sound Design	SFX	
1pf1GoUEgijYY3ZNH-F_jGIMXPSz4opEe	SFX - Trem #36	wav	6.86	CinePRO Sound Design	SFX	
1wdm4mCUp9fGQOXxpjCWaCYncJ0t_b4ON	SFX - Trem #37	wav	6.87	CinePRO Sound Design	SFX	
16JXIHv-TqBv2FZo0ydyoKiaow2AOkGai	SFX - Trem #38	wav	6.87	CinePRO Sound Design	SFX	
12X0BFmdt4EH3rol6CigoD8J8xNFV1_cg	SFX - Trem #39	wav	6.87	CinePRO Sound Design	SFX	
1_CIfNeWPZjcFHiqTzg0JjA72rs2qZy_m	SFX - Trem #4	wav	6.87	CinePRO Sound Design	SFX	
1P_jrUnT2CwYGZNpkls1mI1mw4y6qmqZK	SFX - Trem #40	wav	6.87	CinePRO Sound Design	SFX	
1nHZzaz2M6rTNLTCgqO8Dctiu-fY7eVHy	SFX - Trem #41	wav	6.87	CinePRO Sound Design	SFX	
1HgA6j-rDD9aFR5azyxG_5PITdtDcUGcR	SFX - Trem #42	wav	6.87	CinePRO Sound Design	SFX	
1V8bttglPyShKht7x6Vr-5EbeVgAmj-jd	SFX - Trem #43	wav	6.87	CinePRO Sound Design	SFX	
1KGSASyOY7jyopOSMUIjoNH9IQTkEPHGN	SFX - Trem #44	wav	6.87	CinePRO Sound Design	SFX	
1OS-Y5DX-IcGC06WoOwU96VCcEEhqBCdt	SFX - Trem #45	wav	6.87	CinePRO Sound Design	SFX	
11qvDqRrWL79z2RIj5dUHu_qau9fPsAbF	SFX - Trem #46	wav	6.87	CinePRO Sound Design	SFX	
15JyYFd08VBvg9QYQ2Wp-YGr1J6MPFO1w	SFX - Trem #47	wav	6.87	CinePRO Sound Design	SFX	
1bNsN2llnd0UDAgEyYglYyMCadO80PIul	SFX - Trem #48	wav	6.87	CinePRO Sound Design	SFX	
1JKML-JWx_JpFEEYH2sXuOcDff8eM_8E1	SFX - Trem #49	wav	6.87	CinePRO Sound Design	SFX	
1sRobH-nZ2O7WU-lCuRtkwYOvTF7ZWutu	SFX - Trem #5	wav	6.86	CinePRO Sound Design	SFX	
1I5FZkTEr8o1EWUSyUr8RdarU3G0jsy60	SFX - Trem #50	wav	6.87	CinePRO Sound Design	SFX	
1UmoZEbQ1Un5Hr-v9XqZkmJVKedaf_dN9	SFX - Trem #51	wav	6.87	CinePRO Sound Design	SFX	
1mXBCOXMRx6WFDEnhulAOpee4iSAgELLA	SFX - Trem #54	wav	6.87	CinePRO Sound Design	SFX	
1diXKk2hC7yKYWzgFmImv9IiMt3xLBuUh	SFX - Trem #55	wav	27.55	CinePRO Sound Design	SFX	
1G-I4GC5PHKinIOAWU5r5TwiQiUjOTLnA	SFX - Trem #56	wav	27.55	CinePRO Sound Design	SFX	
1syHfjysp9ry_N8ZmSjyTDnXJIRtwBBjK	SFX - Trem #57	wav	27.55	CinePRO Sound Design	SFX	
1nsf5DWmPnofW82Kg1xi6ppJJ5_acjbiG	SFX - Trem #58	wav	6.87	CinePRO Sound Design	SFX	
1UcZ6l_JXx6TuOoKJgBlW3H_TDKrWEa12	SFX - Trem #59	wav	27.55	CinePRO Sound Design	SFX	
1Ch43yLtTwaYVx7BxwW6Y9TChTOxuLSsL	SFX - Trem #6	wav	6.86	CinePRO Sound Design	SFX	
1Yw6K2dQ9mo3ukmd7eN9br2F4PMHpJjh8	SFX - Trem #60	wav	6.87	CinePRO Sound Design	SFX	
1XYmwO5DW11Wc3KrtzQ_F78oeZu8EAdOa	SFX - Trem #7	wav	6.87	CinePRO Sound Design	SFX	
1wtkSClS4T6Z4jkZBNBCrvUa9DqcE6S2L	SFX - Trem #8	wav	6.86	CinePRO Sound Design	SFX	
16DeyZu_odR3PV8BZb6Fh_pNNT_ViRx12	SFX - Trem #9	wav	27.55	CinePRO Sound Design	SFX	
1CG4QdTv8w9om7IaZ4eX06_vwu28tI8Kg	SFX - Trem Elétrico	wav	2.54	CinePRO Sound Design	SFX	
1RoQKS_msIYx3K8VtBUnWImEOaLTd3Oym	SFX - Tremor de Areia	wav	4.97	CinePRO Sound Design	SFX	
1TceTgyKK4tXyn3EbFLqzt6BvHi_dnrRK	SFX - Tremor de Areia (Panorâmica)	wav	4.97	CinePRO Sound Design	SFX	
1xD9kmvL5alYl2neVU8YkyeALunD9ezyS	SFX - Trempestade	wav	10.29	CinePRO Sound Design	SFX	
1UrEKtW5z7Ws0zv8DPyfKW0-qPZxCnv1F	SFX - Trempestade (Panorâmica)	wav	10.29	CinePRO Sound Design	SFX	
1FPMKIUyLBljwnFuOSmKwB1qsPz0-Dilm	SFX - Twist Folhoso	wav	7.07	CinePRO Sound Design	SFX	
1dxh4iC12mTcn2q8UYgCdiRUs4ZaYOfyT	SFX - Twist Folhoso (Panorâmica)	wav	6.92	CinePRO Sound Design	SFX	
1IVTt7tJOXkEIGF5BeOyn5rwMAjjJmJqD	SFX - Unha de Martelo #1	wav	0.79	CinePRO Sound Design	SFX	
1eTzJrfLHI8C7YkruwOmKHoGVl__PM7UE	SFX - Unha de Martelo #2	wav	0.86	CinePRO Sound Design	SFX	
1YfoRvmGfIu3vMhqk2GqmsPCUvSrsrjyM	SFX - Unha de Martelo #3	wav	0.71	CinePRO Sound Design	SFX	
12zqauCd2KUZhO1VrMWJLJ3uM_gEPkHEj	SFX - Urinando #1	wav	4.53	CinePRO Sound Design	SFX	
1GNYebnBGUO3zwDtR5EAgvYI481RkpfW1	SFX - Urinando #2	wav	6.88	CinePRO Sound Design	SFX	
18iwLhr4jhwP57bUNZtmvVkANQ-Q9v4MT	SFX - Vários Passos	wav	6.88	CinePRO Sound Design	SFX	
195jwT0Mrp8C6p86USswsxJJmqqY_EiDa	SFX - Ventania Sônica (Curto)	wav	10.29	CinePRO Sound Design	SFX	
1AXhcXY8r1yC7zqrYzSqCgyqkPAIKWIJb	SFX - Ventania Sônica (Longo)	wav	10.3	CinePRO Sound Design	SFX	
1kGce-TlfgE7Hi4WAYeFcAfo4GWVsSJO-	SFX - Ventania Sônica (Médio)	wav	10.29	CinePRO Sound Design	SFX	
1W41ZlxLC20bgWSwnJnlC_ApJBjoopaMw	SFX - Vento #1	wav	37.97	CinePRO Sound Design	SFX	
1PToDaTcOazsyiPSAEuXMF9s8WkiKnUeg	SFX - Vento #2	wav	33.96	CinePRO Sound Design	SFX	
1onLr5rjHGX-2hgf1HHfA5c5E2c4J7NI0	SFX - Vento Abrindo a Porta	wav	4.47	CinePRO Sound Design	SFX	
1Oy3UJwnvXYw3ur4JxhF0xb29f8ExylKT	SFX - Vento Cruzado (Curto-Panorâmica)	wav	10.29	CinePRO Sound Design	SFX	
1qdAtqZ0a9NdViZh_cPulNH_Mwt0lfGrY	SFX - Vento Cruzado (Curto)	wav	10.29	CinePRO Sound Design	SFX	
1ZzMIIcT8zTc0CUdb1NbLR8CTBVlafF4m	SFX - Vento Cruzado (Longo-Panorâmica)	wav	10.29	CinePRO Sound Design	SFX	
1eCMaednnegpEuf_ouYf7TC9WR4p73qtW	SFX - Vento Cruzado (Longo)	wav	10.29	CinePRO Sound Design	SFX	
112PWqGVzrWDvA0-dfFZwU8Dq0_3bwDa-	SFX - Vento Cruzado (Médio-Panorâmica)	wav	10.29	CinePRO Sound Design	SFX	
1zOKBCQHexChqLbicdiKqQsA6d1CvTL5W	SFX - Vento Cruzado (Médio)	wav	10.29	CinePRO Sound Design	SFX	
1oJ4UQpCErsOs0da2kB_O9qIBu2AAUzbz	SFX - Vento da Noite	wav	7.62	CinePRO Sound Design	SFX	
1434IPQANmfOIYgOIa8PXfbesVwRX1bph	SFX - Vento da Noite (Panorâmica)	wav	7.61	CinePRO Sound Design	SFX	
19oCrLwYCaL0UvR3xRfKvCujrZJg6qarh	SFX - Vento Molhado	wav	6.33	CinePRO Sound Design	SFX	
14TCEtYQBAjXf7NeAERPgfMvsbQakRz0w	SFX - Vento Molhado (Panorâmica-Reverb)	wav	6.87	CinePRO Sound Design	SFX	
1_9W9gJzbrqhnOfJn2UKsiv6cvdl1IeRd	SFX - Vento Molhado (Panorâmica)	wav	6.33	CinePRO Sound Design	SFX	
1ZQTkuK8NM4RA1CPGuczx_8QTdhSeqFl5	SFX - Vento Molhado (Reverb)	wav	6.87	CinePRO Sound Design	SFX	
1rCx1cJdtmnNfeJmItcP4m4vIbC0bshfc	SFX - Vibração (Dupla) #1	wav	0.82	CinePRO Sound Design	SFX	
1VWrfWT0tTIexck_1cLXQPbtbvbS4j4Sw	SFX - Vibração (Dupla) #2	wav	0.67	CinePRO Sound Design	SFX	
1yX1OrZUE4x_Vce1ujxQ8yhIHKT2FqvPr	SFX - Vibração (Longa)	wav	1.87	CinePRO Sound Design	SFX	
16jT5Tl5OGp5Y2T-87p3xRNMP8o1W_snU	SFX - Vidro e Trava Elétrica #1	wav	5.41	CinePRO Sound Design	Essentials	
1b2KfDeagV-i7uvfDdRFXyW0cMRMhRGn_	SFX - Vidro e Trava Elétrica #2	wav	6.88	CinePRO Sound Design	Essentials	
1pXgaYNJJIvmR0Y91BacgQDHGhKETOVYG	SFX - Vidro Elétrico #1	wav	3.77	CinePRO Sound Design	Essentials	
1udzf6wXrYNC8U8iQPaDL8XdwU3y8MaK2	SFX - Vidro Elétrico #2	wav	6.88	CinePRO Sound Design	Essentials	
1s6h-a69OhRumTRKtQr4J6dc2m80tCpyZ	SFX - Vidro Elétrico #3	wav	2.5	CinePRO Sound Design	Essentials	
1xUEvUwXDYvdHg4X1YtvbQZU8AOe-OmaH	SFX - Vidro Elétrico #4	wav	4.83	CinePRO Sound Design	Essentials	
1VpYuGngOyUFgl3mA0Nbyknswjurgh0hN	SFX - Vidro Elétrico #5	wav	3.37	CinePRO Sound Design	Essentials	
14FDwkEV9kE2i-tq4TDDY7LC3e5cAAAp8	SFX - Woosh #1	wav	0.73	CinePRO Sound Design	SFX	
194jvAYnNOyvrHPUO9eE0gSZ5cj1aegmw	SFX - Woosh #1	wav	2.12	CinePRO Sound Design	SFX	
1wAyHxaCtWRyaGOLt4T94CUKr5PRRCAlB	SFX - Woosh #1	wav	1.26	CinePRO Sound Design	SFX	
1_VZVWYQ6sRhSzirStuLbccpTBD393knw	SFX - Woosh #10	wav	7.67	CinePRO Sound Design	SFX	
1sYkgWZGDe7psQmuvp1W4TbXB10MdchwN	SFX - Woosh #10	wav	1.37	CinePRO Sound Design	SFX	
18n8pcQ9bNHVxAg5cjKUPoJfKTIdZaA0V	SFX - Woosh #10	wav	1.67	CinePRO Sound Design	SFX	
1vyxI0hQ7hhH_323tMzOmvHQ_XF55HAHo	SFX - Woosh #11	wav	10.12	CinePRO Sound Design	SFX	
15QwGXcEIldGubgWcrhnOoU7kIy8smC2W	SFX - Woosh #11	wav	1.78	CinePRO Sound Design	SFX	
1OUeRoOMSKLspvq6iLeyA3WDb5OSPbmHw	SFX - Woosh #11	wav	1.34	CinePRO Sound Design	SFX	
1UKnjORyhTiX8039UskVDgzgJeXy_8k9P	SFX - Woosh #12	wav	5.01	CinePRO Sound Design	SFX	
1IBPsXwzEhTA9fE8V7NPkw8rQOOC2npuf	SFX - Woosh #12	wav	2.38	CinePRO Sound Design	SFX	
1ucUvXqX0CcenhTO5goREoT1G33rCop05	SFX - Woosh #12	wav	1.41	CinePRO Sound Design	SFX	
1Ejethv7C3wA-cSSmtmteYPM_Y-2mrhPi	SFX - Woosh #13	wav	4.88	CinePRO Sound Design	SFX	
1QWMvoyjmTHUFuqV2NvoXKHyMgrkZFIYf	SFX - Woosh #13	wav	2.64	CinePRO Sound Design	SFX	
1rshFJ0t4z1G9LGvb8ZGdrBCHBUKKxDIL	SFX - Woosh #13	wav	1.32	CinePRO Sound Design	SFX	
1tQcIgMRjKPfAiUTEGNMRKPh7tXSxSTho	SFX - Woosh #14	wav	5.2	CinePRO Sound Design	SFX	
1YTV1jzXNDSKak8bB6ryOuUU3PEAVXmtk	SFX - Woosh #14	wav	3.07	CinePRO Sound Design	SFX	
19g-KDJBdiLq3ekam9c4JMfBSAABAUgLs	SFX - Woosh #14	wav	1.1	CinePRO Sound Design	SFX	
1Rwo_6lylDWC28jdb9eeNrShoHCRxVK-c	SFX - Woosh #15	wav	4.75	CinePRO Sound Design	SFX	
1DjOuIeAM1VLKyv71DG1EfiqP0DgSYaUE	SFX - Woosh #15	wav	1.54	CinePRO Sound Design	SFX	
17JDfDAcclzENEUfgp28YeW82wIo4PhD2	SFX - Woosh #15	wav	1.27	CinePRO Sound Design	SFX	
1hliVm7dxuAJL9DPZt5QlBLAAjaT-35eY	SFX - Woosh #16	wav	5.25	CinePRO Sound Design	SFX	
1laDHAqhLgTKmMiPO2JAWis78N3cuZDWQ	SFX - Woosh #16	wav	1.16	CinePRO Sound Design	SFX	
1JKL9LPxN5gY_o7_KGtpWTeCMwEcNZ86y	SFX - Woosh #16	wav	1.08	CinePRO Sound Design	SFX	
1b6unGlremgX9hT3ErWDdzA4DtHxucvx_	SFX - Woosh #17	wav	5	CinePRO Sound Design	SFX	
1A20bUOXJYe_eSXpjYG7wvlsWY9wGE4ee	SFX - Woosh #17	wav	1	CinePRO Sound Design	SFX	
174GSHoDLrB1NSxgARLi1PMj-h7s4eoPb	SFX - Woosh #18	wav	5.52	CinePRO Sound Design	SFX	
14AXVn2fY0pq7MKaluHZn7jbzGasK3_Ar	SFX - Woosh #18	wav	0.94	CinePRO Sound Design	SFX	
1g7XfKOmbS3_TKgazV4r4-GwapjfaQltQ	SFX - Woosh #19	wav	5.84	CinePRO Sound Design	SFX	
1LmzKWWWtkVkSRvrtGD4uizokVZiYnaRe	SFX - Woosh #19	wav	0.9	CinePRO Sound Design	SFX	
1jwFkVfBzzNoPe2G_b0ATn-54n2sid4tM	SFX - Woosh #2	wav	1.31	CinePRO Sound Design	SFX	
1uuGaxxq5EI8CwAc_oFtygsOg8hgcVHZv	SFX - Woosh #2	wav	2.05	CinePRO Sound Design	SFX	
1dkQ-ErH4a5d7EEiaXQqGiXyWKVkj7lVg	SFX - Woosh #2	wav	1.03	CinePRO Sound Design	SFX	
1cmH2HBnzlRPD7onh8acIeuHuKaC0oGMb	SFX - Woosh #20	wav	2.51	CinePRO Sound Design	SFX	
1fuPN9BVBSMkxzL3IyeS-9O9oTgqYuUqe	SFX - Woosh #20	wav	1.54	CinePRO Sound Design	SFX	
1XsyP_Ywy2NwVCodGL_2sf-BLxQOoyCY1	SFX - Woosh #21	wav	3.01	CinePRO Sound Design	SFX	
1m15VrEoPLUgw5VJ1DOwYttS0YWbOFvVN	SFX - Woosh #21	wav	1.33	CinePRO Sound Design	SFX	
1TjxHMZitwKld4AOPCGWKYwDovoIwnW9y	SFX - Woosh #22	wav	0.47	CinePRO Sound Design	SFX	
1r-AryDT80CXKablAMWNJqO6LZavTD88F	SFX - Woosh #22	wav	1.35	CinePRO Sound Design	SFX	
1WR7nZ9Q4lPSO69rz3Z-ArM85Q7_P_EsP	SFX - Woosh #23	wav	0.5	CinePRO Sound Design	SFX	
1qtptcxrMxW06FyleyYbQRLkBlJ5IWW7j	SFX - Woosh #23	wav	1.26	CinePRO Sound Design	SFX	
18HivS3u0ryIpt_GrAY_WjKHicz1F_wKA	SFX - Woosh #24	wav	2.01	CinePRO Sound Design	SFX	
1ItqoT54BfDIeKWrsWa-NitnCdr8gB6Te	SFX - Woosh #24	wav	2.05	CinePRO Sound Design	SFX	
1mOfOeQCivmixBKHwsDUDUPz9lwDR5FNm	SFX - Woosh #25	wav	3.01	CinePRO Sound Design	SFX	
1stiPlQMsyQi0N6mczLqy-IAgowm--3qL	SFX - Woosh #25	wav	2.12	CinePRO Sound Design	SFX	
1R3bdCGQ55bvnPXluk_BDAK7Wdx-BqVm5	SFX - Woosh #26	wav	1.76	CinePRO Sound Design	SFX	
1tYp2k_BixCWR2bjJJAGfXhgchF9utGBH	SFX - Woosh #26	wav	2.12	CinePRO Sound Design	SFX	
1bYIJbEA03MLdpeKLC2eC_KspmGby_qHz	SFX - Woosh #27	wav	2.01	CinePRO Sound Design	SFX	
1l-dUfO4-JlHP1xJUKkHl0-WGphTtyeG0	SFX - Woosh #27	wav	1.94	CinePRO Sound Design	SFX	
1qoz4zUthJqdg7Hi8kcmwrsCUMpoewuT1	SFX - Woosh #28	wav	2.76	CinePRO Sound Design	SFX	
1QP7rhha4dOjWVrcY4XOm3mIffk-N71Z-	SFX - Woosh #28	wav	1.63	CinePRO Sound Design	SFX	
1LM0Zljz36YyOijIJlyKiJBuft_1KURI_	SFX - Woosh #29	wav	3.51	CinePRO Sound Design	SFX	
1H8wLN9NRLtGldeY9e6s6r6lhVCzbLvqX	SFX - Woosh #29	wav	1.49	CinePRO Sound Design	SFX	
1VJozJ1U2lpVgd_pHvZsy9U9_5UdoUr11	SFX - Woosh #3	wav	1.06	CinePRO Sound Design	SFX	
1nseC2yGEcBuWclq2tfVpdoOAXFw7Z6hm	SFX - Woosh #3	wav	3.15	CinePRO Sound Design	SFX	
1kgkEAS0RFeG_xI9Srxv-NnvGPc2P09od	SFX - Woosh #3	wav	0.99	CinePRO Sound Design	SFX	
10DRnQrAn9zNsHVqwpn-NobWMzv6tPc4U	SFX - Woosh #30	wav	3.63	CinePRO Sound Design	SFX	
1LJsm5TUDDk9Zvszpo3csak89Ktd37Pi8	SFX - Woosh #30	wav	1.39	CinePRO Sound Design	SFX	
11Pvr77WZU95P9iUZ-JlH9rvMrTqhAFZw	SFX - Woosh #31	wav	1.38	CinePRO Sound Design	SFX	
1H6fx34JyZeLyZylQfBDVWUQJZM8IFeGy	SFX - Woosh #31	wav	1.31	CinePRO Sound Design	SFX	
17_wOH2ghF69dgz0G5xC2-SWEi20hRnx1	SFX - Woosh #32	wav	0.97	CinePRO Sound Design	SFX	
1rMZDlbg5kBqZpRAQJjWNFKqluve143TU	SFX - Woosh #32	wav	2.5	CinePRO Sound Design	SFX	
1P6ieYzA2JDh3McXXs2A494G2fnWxX35Y	SFX - Woosh #33	wav	1.26	CinePRO Sound Design	SFX	
1Or41ICZD1HI2C96DwBR_OAlgwhOtomEy	SFX - Woosh #33	wav	2.29	CinePRO Sound Design	SFX	
1pA2PBRqt6ZQBick-LfETdWnMyLVm7CrE	SFX - Woosh #34	wav	1.88	CinePRO Sound Design	SFX	
1LKCTUp7lXAu9G6LfyfQRhEwBz2GBaOlr	SFX - Woosh #35	wav	2.06	CinePRO Sound Design	SFX	
1ydHVy1zRAqhTYxRFUQKhZt58tlHd1k5q	SFX - Woosh #36	wav	1.95	CinePRO Sound Design	SFX	
1xAIL_IVNk_Lf0Zzia1qs3wHRE8pUM2FR	SFX - Woosh #37	wav	1.88	CinePRO Sound Design	SFX	
1vowuS-srC9JbqpANfZB6mZGCPP6qUVVD	SFX - Woosh #38	wav	4.44	CinePRO Sound Design	SFX	
1miy-Hjsow5fOgUH2hiqXIO0ePv-LpZ5R	SFX - Woosh #39	wav	3.35	CinePRO Sound Design	SFX	
1whockPkX8cmubDSPo_v7Ahh01MQx8CTk	SFX - Woosh #4	wav	1.15	CinePRO Sound Design	SFX	
1CdhSmbdtOyRMmnT-mTwbVFqqkiX4oXlE	SFX - Woosh #4	wav	2.93	CinePRO Sound Design	SFX	
1UXR7O1pqRJ9m02VwMCMlKaFQC_H5-9jA	SFX - Woosh #4	wav	0.95	CinePRO Sound Design	SFX	
1_5vLi1RiWPjpq4rlPjPCUPyPtmGamtYY	SFX - Woosh #40	wav	4.43	CinePRO Sound Design	SFX	
1bo4LReFrUft722qJDMje5RjMiWdNs6ir	SFX - Woosh #41	wav	4	CinePRO Sound Design	SFX	
1y1gxtdunNijBMDb0X2QO5Nr5iSFAk5Bb	SFX - Woosh #42	wav	3.06	CinePRO Sound Design	SFX	
1wcfakVz4cRqeZhaV_AB8LM3hPv3Z6aDb	SFX - Woosh #43	wav	2.52	CinePRO Sound Design	SFX	
10vgiHoGKpQnRTaVuvaytqRmZHbPtiAYm	SFX - Woosh #44	wav	2.53	CinePRO Sound Design	SFX	
1i9_yfNMemFCjCA9dGCnoNOvfFkuUg_eh	SFX - Woosh #45	wav	3.33	CinePRO Sound Design	SFX	
1yVgkkcpRQFV-x57XpCWypQwLoN5qSHnx	SFX - Woosh #46	wav	0.53	CinePRO Sound Design	SFX	
1uaPBD8hoDXJFQbYHhHv57qM09bbh69ym	SFX - Woosh #47	wav	0.64	CinePRO Sound Design	SFX	
1wZXoM5OC-DgblMAbDDpCrEZ2SFaI86W5	SFX - Woosh #48	wav	0.62	CinePRO Sound Design	SFX	
1iHgcnls2x0UZnu7A05VWFRKjKwzAQ8rx	SFX - Woosh #49	wav	0.51	CinePRO Sound Design	SFX	
1F9VZrJwCu2D1D8Dn1QPiXHo0GLWEssgi	SFX - Woosh #5	wav	0.46	CinePRO Sound Design	SFX	
1jT_Sc13R7tLa9hNWyoRNdrXIsU2_7Gxj	SFX - Woosh #5	wav	2.3	CinePRO Sound Design	SFX	
1EqMDl2yuzMgVroK9PjrszOxjaQXhbSLH	SFX - Woosh #5	wav	0.88	CinePRO Sound Design	SFX	
1kEzj-BR_SZcQU3f3op0MuH_JkiX3ZC9Y	SFX - Woosh #50	wav	0.54	CinePRO Sound Design	SFX	
1JFfGuhf7hiVmGupuJZmbd_AybBhV5mrG	SFX - Woosh #51	wav	0.55	CinePRO Sound Design	SFX	
1baaR0biR3wFokOEnEGYK7yIbEnHjGZEn	SFX - Woosh #6	wav	0.38	CinePRO Sound Design	SFX	vlog
1Hi9ZnlxDP-ngsZ84uc4JwnVaIvZ8kQbB	SFX - Woosh #6	wav	2.35	CinePRO Sound Design	SFX	
1MrG_mShTW5FDdD6U2xARrcZFN0f8zZLw	SFX - Woosh #6	wav	1.9	CinePRO Sound Design	SFX	
1OZXFpg_YUpwouw_MwTLEsl6JzLHiKbhx	SFX - Woosh #7	wav	0.31	CinePRO Sound Design	SFX	vlog
188EUGPJ74VgamD1RHBypsEWNEjSoE-I1	SFX - Woosh #7	wav	1.59	CinePRO Sound Design	SFX	
1OCW_zHolHSRCyGXlGv05r26nNMgnjgBI	SFX - Woosh #7	wav	2.16	CinePRO Sound Design	SFX	
16YThHlnxNEcADqatHyy-cA2FaGSG4vW8	SFX - Woosh #8	wav	0.29	CinePRO Sound Design	SFX	vlog
12OfAWTI2JXi-fQBmkSyCMYjqSTOVQD-h	SFX - Woosh #8	wav	1.62	CinePRO Sound Design	SFX	
1C-Drca4COsiyXIHRCsghscpvU5VKZfFb	SFX - Woosh #8	wav	2.34	CinePRO Sound Design	SFX	
1SlfNs6PZMceKEYHun08zwGuSXv-gpTwb	SFX - Woosh #9	wav	0.26	CinePRO Sound Design	SFX	vlog
16PGP5yLqXZq7hv12JJtvjIJNfzpYLZes	SFX - Woosh #9	wav	4.61	CinePRO Sound Design	SFX	
1rLp1JPSaaYMUKkuIB5mcOcy5YSJs6lCw	SFX - Woosh #9	wav	1.48	CinePRO Sound Design	SFX	
1DgV4G_0D3oxzx-3iPsYaXFOlWFW01e__	SFX - Woosh Sci-Fi & Cyberpunk #1	wav	2.8	CinePRO Sound Design	SFX	
1LiBvhzi2ERPHNW1jcy0ttZCuC26_sn6u	SFX - Woosh Sci-Fi & Cyberpunk #10	wav	3.14	CinePRO Sound Design	SFX	
1mAgXl9-_W0GRUf9Bg2HM-bVxmtU7Szdh	SFX - Woosh Sci-Fi & Cyberpunk #11	wav	3.06	CinePRO Sound Design	SFX	
1cOxu0iwTqeXmC00MM_pRx3mgsv9bJCnk	SFX - Woosh Sci-Fi & Cyberpunk #12	wav	2.58	CinePRO Sound Design	SFX	
1bc14AMLOccX_UYQfeTZVyjSeY0zHQiVK	SFX - Woosh Sci-Fi & Cyberpunk #13	wav	2.34	CinePRO Sound Design	SFX	
1lijtnoenEmtvtqUiEgF6jwCWawhZSkhN	SFX - Woosh Sci-Fi & Cyberpunk #14	wav	1.91	CinePRO Sound Design	SFX	
1BFKWpAwZe7tSCzzxN14by1RCBfe7mOUw	SFX - Woosh Sci-Fi & Cyberpunk #15	wav	3.45	CinePRO Sound Design	SFX	
1cwXJDDTFu4yN5dOj88VcQMwh8dqGKqih	SFX - Woosh Sci-Fi & Cyberpunk #16	wav	1.69	CinePRO Sound Design	SFX	
1s25hXWXsypvRXLKnJivHlqdekVj4VHTI	SFX - Woosh Sci-Fi & Cyberpunk #17	wav	3.24	CinePRO Sound Design	SFX	
1sSnAiMeOuWjp3P-8dhJA0Ogp3_Y6igyP	SFX - Woosh Sci-Fi & Cyberpunk #18	wav	2.69	CinePRO Sound Design	SFX	
1HWVkUpl9EqFWynleTUckjQmsPfuE6zx0	SFX - Woosh Sci-Fi & Cyberpunk #19	wav	2.79	CinePRO Sound Design	SFX	
1Tps0OF8i0ZQg6smIJKxlXi7IjUzUGUGV	SFX - Woosh Sci-Fi & Cyberpunk #2	wav	1.99	CinePRO Sound Design	SFX	
1hnv1syis8JYx83CqcCeqEMLMUEgE7M10	SFX - Woosh Sci-Fi & Cyberpunk #20	wav	3.45	CinePRO Sound Design	SFX	
1NQg3x_CpK7_v24KuVYhGLkxgPOI0LuL2	SFX - Woosh Sci-Fi & Cyberpunk #21	wav	3.45	CinePRO Sound Design	SFX	
16oOnEdMywiDsEnNU3Y_3vcfE3rSDqhq-	SFX - Woosh Sci-Fi & Cyberpunk #22	wav	2.37	CinePRO Sound Design	SFX	
1Eyf5BY3pBi5hxwZ01uqqnhZsS8P6K6l4	SFX - Woosh Sci-Fi & Cyberpunk #23	wav	2.61	CinePRO Sound Design	SFX	
1nbbasoE1xWUWcqjU4Me3s5SaUALejXp5	SFX - Woosh Sci-Fi & Cyberpunk #24	wav	1.74	CinePRO Sound Design	SFX	
1eyzuuXCh2JeYfICQn3cnCr_XoBmafM_S	SFX - Woosh Sci-Fi & Cyberpunk #25	wav	3.45	CinePRO Sound Design	SFX	
1MMu__g34NGlkx1Fyiv-ERB6fachW1_In	SFX - Woosh Sci-Fi & Cyberpunk #26	wav	3.45	CinePRO Sound Design	SFX	
1-mr6jULy_nhpoy06WOK2mKD2ZdokwnHM	SFX - Woosh Sci-Fi & Cyberpunk #27	wav	2.09	CinePRO Sound Design	SFX	
1pDP31zbMgjg01-w9SPBj5F76vZcarIt3	SFX - Woosh Sci-Fi & Cyberpunk #28	wav	1.81	CinePRO Sound Design	SFX	
11aqv-8tP0wsFjtxNChiKYEfbhClEjmNJ	SFX - Woosh Sci-Fi & Cyberpunk #29	wav	1.71	CinePRO Sound Design	SFX	
1IDxKlyt98D63HtZSvf5lL8ZzXzEiO4eL	SFX - Woosh Sci-Fi & Cyberpunk #3	wav	2.94	CinePRO Sound Design	SFX	
19UiG4awVqNKNUya8LaJNuecwbDF1hqAV	SFX - Woosh Sci-Fi & Cyberpunk #30	wav	1.4	CinePRO Sound Design	SFX	
1Ewia_hHN3oQYrmbs-qulBOtEtWBI9OhW	SFX - Woosh Sci-Fi & Cyberpunk #31	wav	2.22	CinePRO Sound Design	SFX	
1UrVh-Zk_Odmj0QEn-qAOHkHEiTrTx8e5	SFX - Woosh Sci-Fi & Cyberpunk #32	wav	3.45	CinePRO Sound Design	SFX	
1RvgP2biNZiAQdYoNT_vMzhrC9WUPtUsk	SFX - Woosh Sci-Fi & Cyberpunk #33	wav	3.45	CinePRO Sound Design	SFX	
1nf01Rnm1AC9f0Whzz_7Zgv_BNjabOkaJ	SFX - Woosh Sci-Fi & Cyberpunk #34	wav	2.56	CinePRO Sound Design	SFX	
1Ff5WahxovVz67TQbP4Kg7OMCDD3YHUkX	SFX - Woosh Sci-Fi & Cyberpunk #35	wav	1.94	CinePRO Sound Design	SFX	
1t68keX6bq5WTfA6dzSEjOrwoCCPXF9fO	SFX - Woosh Sci-Fi & Cyberpunk #36	wav	3	CinePRO Sound Design	SFX	
1QRgB1S1gPGno-HhWxaqEUK2JaY2WL8-7	SFX - Woosh Sci-Fi & Cyberpunk #37	wav	2.55	CinePRO Sound Design	SFX	
12mOobiJF_ahrQMTY_uFr3oIMu7In2LRU	SFX - Woosh Sci-Fi & Cyberpunk #38	wav	2.87	CinePRO Sound Design	SFX	
1X290It69pJWSG83U6L_qeFf5ZSXfhPzZ	SFX - Woosh Sci-Fi & Cyberpunk #39	wav	2.41	CinePRO Sound Design	SFX	
10BZOyULUN9wGoX6KQHUkPUV4_xNhUskH	SFX - Woosh Sci-Fi & Cyberpunk #4	wav	3.45	CinePRO Sound Design	SFX	
1UkDPm54Rzrw15C_-9cWD5lAnz2jFHGgh	SFX - Woosh Sci-Fi & Cyberpunk #40	wav	0.99	CinePRO Sound Design	SFX	
11U96f-vGxJIqb_YyISLegnBBMNbHOv-K	SFX - Woosh Sci-Fi & Cyberpunk #41	wav	3.45	CinePRO Sound Design	SFX	
16k0VpgJ6V381IgqN9TKp4Zf6U9Blo1MT	SFX - Woosh Sci-Fi & Cyberpunk #42	wav	2.66	CinePRO Sound Design	SFX	
1LwzhwIo9E2xR8bxJTZuN7YsPUzFdAsLd	SFX - Woosh Sci-Fi & Cyberpunk #43	wav	3.45	CinePRO Sound Design	SFX	
1PkhwUxR9TH4wDOinix_zrriURumzKL-x	SFX - Woosh Sci-Fi & Cyberpunk #44	wav	2.73	CinePRO Sound Design	SFX	
18tMt4K_Ed0Ftplvh6guhVo9_d9sbz83P	SFX - Woosh Sci-Fi & Cyberpunk #45	wav	2.31	CinePRO Sound Design	SFX	
1YqmkbiPn-BNqCz6Q8WPUR16-Yex76ao7	SFX - Woosh Sci-Fi & Cyberpunk #46	wav	3.45	CinePRO Sound Design	SFX	
1oytOb-ETOMPUTZ2mu1ubQkNWMwp5344F	SFX - Woosh Sci-Fi & Cyberpunk #47	wav	2.45	CinePRO Sound Design	SFX	
1veeDr0qt_godZGNbX_M1D2FRza8JYQ-a	SFX - Woosh Sci-Fi & Cyberpunk #48	wav	1.51	CinePRO Sound Design	SFX	
1qw8uSIb96cRcpraR74VMhApEH9_B6RXn	SFX - Woosh Sci-Fi & Cyberpunk #49	wav	2.6	CinePRO Sound Design	SFX	
1AYWl7d9K5eDLx-WBYWkgupE8cra6N4L_	SFX - Woosh Sci-Fi & Cyberpunk #5	wav	3.45	CinePRO Sound Design	SFX	
1HMAe62l6iPWraQhSCj7JC4hQc9VZYdiX	SFX - Woosh Sci-Fi & Cyberpunk #50	wav	2.44	CinePRO Sound Design	SFX	
19tYASannBl0coezEuFMkw65cdfBvEkSJ	SFX - Woosh Sci-Fi & Cyberpunk #51	wav	1.33	CinePRO Sound Design	SFX	
1dvryIwbUXM6wkiUKBSgANpeJdOgI_Q1G	SFX - Woosh Sci-Fi & Cyberpunk #52	wav	1.72	CinePRO Sound Design	SFX	
1V8tv9Yoi7bh8cnJqyGZACfe3CqwvYORp	SFX - Woosh Sci-Fi & Cyberpunk #53	wav	2.63	CinePRO Sound Design	SFX	
1Xzxi5JIAL2g2lvTwzkkMDm1a-QMNsuke	SFX - Woosh Sci-Fi & Cyberpunk #54	wav	2.67	CinePRO Sound Design	SFX	
11muvKtx1AUwX9tg8miA575DcD1YMAG2z	SFX - Woosh Sci-Fi & Cyberpunk #55	wav	1.32	CinePRO Sound Design	SFX	
1TyvtUVL53Uur66GkZn_wjklPjVTqKNzZ	SFX - Woosh Sci-Fi & Cyberpunk #56	wav	2.51	CinePRO Sound Design	SFX	
1vy13Q8G4vVqQQoah2OV7oVGoiM0H_ovC	SFX - Woosh Sci-Fi & Cyberpunk #57	wav	3.45	CinePRO Sound Design	SFX	
1kUxuobAgzjmzT7iToNYHeb0Cfahv3Pzw	SFX - Woosh Sci-Fi & Cyberpunk #58	wav	2.14	CinePRO Sound Design	SFX	
1rJyMACfWy8E5R8N6HTYrRgqiwhBf461H	SFX - Woosh Sci-Fi & Cyberpunk #59	wav	2.4	CinePRO Sound Design	SFX	
1-3b-ngTbKbUa95T3a3ZdT8tHukUKRkDG	SFX - Woosh Sci-Fi & Cyberpunk #6	wav	2.97	CinePRO Sound Design	SFX	
1jQDXALJ3j1aQC_qXXqEgOVCZL_Sf6bGU	SFX - Woosh Sci-Fi & Cyberpunk #60	wav	1.36	CinePRO Sound Design	SFX	
1bMZj1xmoguK7zzM-bnwxJtURgdGzfsB7	SFX - Woosh Sci-Fi & Cyberpunk #61	wav	2.35	CinePRO Sound Design	SFX	
1acuUiJCOhJGy5X_0ptU95tYyKiSJf3fH	SFX - Woosh Sci-Fi & Cyberpunk #7	wav	3.45	CinePRO Sound Design	SFX	
1z1NHg0sBzCirj7jVrcNFwWavv-2pJvdV	SFX - Woosh Sci-Fi & Cyberpunk #8	wav	3.45	CinePRO Sound Design	SFX	
19afAFuecJYB1CwiO14VbtoUtwyPTdMu0	SFX - Woosh Sci-Fi & Cyberpunk #9	wav	2.38	CinePRO Sound Design	SFX	
1fIJrJsOGBgZzYaKTAI51ASOLmcdHt52w	SFX - Ziper #1	wav	4.55	CinePRO Sound Design	SFX	
1gunELm25EmAULxxa9NVd1PiLBeSrJT9h	SFX - Ziper 2#	wav	2.27	CinePRO Sound Design	SFX	
1BI3OnDt8qbLk8cp-MTOw21yxr9GsPYE1	SFX - Zumbido	wav	0.54	CinePRO Sound Design	SFX	
1MgsXx1vXfdBAiUivz2wZBOUL1aSkqXQG	SFX ON - Barcelona	wav	180.43	CinePRO Sound Design	SFX	
1nRRGAh6FgSU2ToeFVrSoY_dZ0LBFOuFq	SFX ON - Berlim	wav	180.43	CinePRO Sound Design	SFX	
19MYYOe6nz_d1NHWJuOdAyYO0ML55glEX	SFX ON - Bruxelas	wav	180.43	CinePRO Sound Design	SFX	
1kkfV0l1NIeIbZ_UqYQOoZ4vOT-x-pXHA	SFX ON - Buenos Aires	wav	180.86	CinePRO Sound Design	SFX	
1aqR04msDGc2EBv6bIloB3TXH30d7Md4S	SFX ON - Cairo - Pirâmide de Gizé	wav	180.86	CinePRO Sound Design	SFX	
197JsKcNrgUf6-dlIvPo5s_YJ1feNBAjp	SFX ON - Cairo - Praça	wav	180.86	CinePRO Sound Design	SFX	
1s-PsVPIBmkwkw4TPEZ8ceEiz-8aDIiBp	SFX ON - Dubai - Beira Mar	wav	180.86	CinePRO Sound Design	SFX	
1eixb_2f7a_wcKTf0iB_aw8q4mxMSIvS-	SFX ON - Dubai - Mall (Externo)	wav	180.86	CinePRO Sound Design	SFX	
1sHufya2sqPvjDT0yUQLf658VLJLlJNJ1	SFX ON - Dubai - Mall (Interno)	wav	180.86	CinePRO Sound Design	SFX	
1vIx74dcdewwXoKM5ccBiGTL3XC-0CnzW	SFX ON - Hong Kong	wav	180.86	CinePRO Sound Design	SFX	
1SH0xem5rjjkrLYFJ3uvu_rpodel-iEBI	SFX ON - Las Vegas	wav	180.86	CinePRO Sound Design	SFX	
1gNMBvvQsve81GqRitd0mwTdkcKuNetF4	SFX ON - Las Vegas - Casino	wav	180.86	CinePRO Sound Design	SFX	
1vLhj_sSn7We16cbuCLLYNQNaWrYpppqv	SFX ON - Londres	wav	180.43	CinePRO Sound Design	SFX	
1ktIQl2-a2oHds7m2EHDvXDrrzlU9HCYD	SFX ON - Los Angeles - Hollywood	wav	180.86	CinePRO Sound Design	SFX	
1LldCNzIOm8EIARG6LDpEBqvuAO1GvNt7	SFX ON - Los Angeles - Santa Mônica	wav	180.86	CinePRO Sound Design	SFX	
1rPRG9wsgj5rXG_fN9Va7RXV0oUtq3Zno	SFX ON - Madrid	wav	180	CinePRO Sound Design	SFX	
1c5IWVLnWSNEVSlFzP3HPDVJ81y9ZoS_5	SFX ON - Milão	wav	180.43	CinePRO Sound Design	SFX	
1iKC7KcjROj9YfiSqEXomtAU6L1ZrhQ8E	SFX ON - Munique	wav	180.43	CinePRO Sound Design	SFX	
1t3eP_TpomFAxV1Vu7hEt04HiRkHAm9Ls	SFX ON - Nova Iorque	wav	180.86	CinePRO Sound Design	SFX	
1ot0YJgQoGZepLKKC3HGhB-p4tuyOtkVq	SFX ON - Paris	wav	180.43	CinePRO Sound Design	SFX	
1GS6w7vTh9CvJekdW6vDlmRzrvQLYDgb_	SFX ON - Roma	wav	180.43	CinePRO Sound Design	SFX	
1kxDlIFeNPTIqN57ucI2BUFCPR4LPYiTf	SFX ON - Santiago	wav	180.86	CinePRO Sound Design	SFX	
1zNPCTqSBBL7lpM7NSGbt0z4sxEae36Z3	SFX ON - São Francisco	wav	180.86	CinePRO Sound Design	SFX	
1qT5TJSJIlkoRBoAvZ5TC3C2NXzY7WjTE	SFX ON - São Paulo	wav	180.86	CinePRO Sound Design	SFX	
18LBeKqwrbFJgcCBxtLG-6l2oOCc3nvMK	SFX ON - Tóquio	wav	180.86	CinePRO Sound Design	SFX	
13uPMPwYKuComcZEKkyS8-BdHTfDXffCt	SFX ON - Toronto	wav	180.86	CinePRO Sound Design	SFX	
1496PtRcozz6HdCEmZKod8Mcgbq7i-zPm	SFX ON - Vancouver	wav	180.86	CinePRO Sound Design	SFX	
1LxChfJgz8klOqfnRoQMhnEMRBzEnQfLM	SFX ON - Xangai	wav	180	CinePRO Sound Design	SFX	
1xG61VbIP8-zN2uxpQkS0ZKoEQU9hOcwM	Shahead Mostafafar - A Cosmic Jump	wav	199.02	CinePRO Sound Design	PLAYLIST	
1oQ5Z4kgDsmfbC5_SRSnli97zy7J1C8eW	Shahead Mostafafar - A Cosmic Jump	mp3	199.05	CinePRO Sound Design	PLAYLIST	
1Azy2JZPfP-VNH9guBqlfiwyGLJLumsmA	Shahead Mostafafar - Map of the Stars	wav	178.69	CinePRO Sound Design	PLAYLIST	
1e7u8kphnx8Mdu86pT2r9gUCxJ_2cZEEm	Shake - Long	mp3	2.98	CinePRO Sound Design	Essentials	
1-32jYjTru79eDZ3A2vNxr4kELAYXgbVV	Shake - Long Alternative	mp3	3.05	CinePRO Sound Design	Essentials	
16HnDKNtnWtGjIP1HwYzJPXsLdUzv7k2e	Shake - Medium	mp3	2.04	CinePRO Sound Design	Essentials	
1xRtd7EIFdZQ_Ex0ds4723GsRNn60Ma_n	Shake - Short	mp3	1.06	CinePRO Sound Design	Essentials	
1mUMFS9JTuDGy5pWC5JsXEaGxqbyLYfxb	Shaker	wav	34.29	CinePRO Sound Design	Essentials	
1mF8RyUu-vssJIfcZ_d0kP0yRm5BvvfG9	SharpSwordTransition_1	wav	12	CinePRO Sound Design	SFX	
1pUOJQj0Zg3xi7MMMu33y97d4f1ykcWK5	SharpSwordTransition_2	wav	12	CinePRO Sound Design	SFX	
1Mal0HaasJyYjuBjMqhGfkMHrkbxiClVe	SharpSwordTransition_3	wav	12	CinePRO Sound Design	SFX	
1vo2z0-XLkQq_XIxX6QeE5Yp3NoqnO2C1	Shimmer	wav	26.4	CinePRO Sound Design	Essentials	
1gXuSvTd1lzYl9puJMzFVpfkcnd9j47yU	Shinto - Low Key	mp3	167.34	CinePRO Sound Design	PLAYLIST	
1pehxAmlNamdoBKbF3jvb7Zq_y7p3NsVG	Short Dark Rise	wav	6.54	CinePRO Sound Design	SFX	
1hJ9KxmPRAWbyrWa76PaDO1-msx8p2Q_W	short Whoosh	wav	3.25	CinePRO Sound Design	SFX	vlog
13636JnSoI0qZ929qbAf282q3tb-uCki8	Short Whoosh_Metalic	wav	4.84	CinePRO Sound Design	SFX	vlog
1iwyD7UQAfhqEP7wOUSMOglWUjmSE2jU0	Show Them Who You Are - Ruiqi Zhao	mp3	123.89	CinePRO Sound Design	PLAYLIST	
1OTj62uay-FvhAZCs2LE6BsHUp26G7f-G	Shutter Antigo v2 (1)	wav	3	CinePRO Sound Design	Essentials	
1izAkeolb6ncqBtujdUrvpRvSpgCIEg-7	Shutter Antigo v2 (10)	wav	3.45	CinePRO Sound Design	Essentials	
1nF5iFoquJaw9bdYD8njPcfIUM2yRP1kv	Shutter Antigo v2 (2)	wav	4.02	CinePRO Sound Design	Essentials	
1q69eN8EXWPErKgt5Myn4GIPcIBcRYlMC	Shutter Antigo v2 (3)	wav	3.26	CinePRO Sound Design	Essentials	
1_CZXR7Og2y4oE4BVL9hg01pAq4_nExuR	Shutter Antigo v2 (4)	wav	3.98	CinePRO Sound Design	Essentials	
19udj_6x2DIv-q01317KVbD488U9Ntzm8	Shutter Antigo v2 (5)	wav	3.98	CinePRO Sound Design	Essentials	
1VvwwuMNeL0bbWU3fnI3Q9_1gxvG90Khp	Shutter Antigo v2 (6)	wav	3.47	CinePRO Sound Design	Essentials	
1R4QHCrt5VPSzNOXaaIVNCyu3zF7gJWgr	Shutter Antigo v2 (7)	wav	4.28	CinePRO Sound Design	Essentials	
1Nj_ktYdAK3G8jkMq2cEL9FdVFHgSuBLy	Shutter Antigo v2 (8)	wav	3.84	CinePRO Sound Design	Essentials	
1Tgnz-3TIY2QzBmR-WjpxNeQQmct6_PSA	Shutter Antigo v2 (9)	wav	2.66	CinePRO Sound Design	Essentials	
1ZxA5uxmD4FpwAswbVf5n5mWpKf0fR6ky	Shutter Camera (1)	wav	0.73	CinePRO Sound Design	Essentials	
11GypJPDIdVkhwRYj9EvoQZadeWxJ5tGY	Shutter Camera (2)	wav	0.83	CinePRO Sound Design	Essentials	
1_w3FVNyXg9lfu81S6SQwRf__wUO3q7i6	Shutter Camera (3)	wav	0.8	CinePRO Sound Design	Essentials	
10hBn_im_KE-I8P7Ul94r8CxYYwvnNX9Y	Shutter Camera (4)	wav	0.9	CinePRO Sound Design	Essentials	
1MJeEP5eOVU8tBvU6SB__p-xoazGTZsHk	Shutter Camera (5)	wav	0.73	CinePRO Sound Design	Essentials	
1ItSdtOwhPVmZM3SHliXq26soI7kWJmhX	Shutter Camera (6)	wav	0.5	CinePRO Sound Design	Essentials	
15Bt0frj4gkVNHzVWMmBuL-cg7xkEhEci	Shutter Camera (7)	wav	0.8	CinePRO Sound Design	Essentials	
1xGHgL-LPHE0zRt2PGl5gaPgNIWLdAIP1	Shutter Camera (8)	wav	1.27	CinePRO Sound Design	Essentials	
1pvLJ7Uncjrz7vtokKNF9Oqct2_-iEPN5	Shutter vintage camera (1)	wav	2.46	CinePRO Sound Design	Essentials	
1RY8JcUZLzm8NxEfB9GYv4ePvBo4ilG2f	Shutter vintage camera (2)	wav	1.07	CinePRO Sound Design	Essentials	
1JCBo1HEF7hFeBZr5jEx1illpAI9gKUEY	Shutter vintage camera (3)	wav	2.38	CinePRO Sound Design	Essentials	
1YZv8YllaaH8vy9b7qiT0GJUKHyVsIdv2	ShutterCamera (1)	wav	1.56	CinePRO Sound Design	Essentials	
10DblsGu08H9xTwvuWeOdzyUbjx8dgxDN	ShutterCamera (2)	wav	0.69	CinePRO Sound Design	Essentials	
1fpwcQt-T0OPYagabeAupiCtZx2ieppLH	ShutterCamera (3)	wav	0.89	CinePRO Sound Design	Essentials	
1Qy19LzM3KgNUT5XmNaZLSFgjNBje8dIs	SICKO MODE (Skrillex Remix)	mp3	304.56	CinePRO Sound Design	PLAYLIST	
1isxsOjmsiBKd2WRdrc3p5k0XIbz2s_HZ	Simon Osterhold - Stormy Clouds	mp3	169.53	CinePRO Sound Design	PLAYLIST	
1Af0RE9yTSF7P0xwlUemalqiR0gsa8ARh	Simple Whoosh 1 - Single	mp3	1.06	CinePRO Sound Design	Essentials	corporativo
1o4I_DXvuM2bB5rDn7sZzAvx0sL7mRoZr	Simple Whoosh 10 - Single	mp3	1.06	CinePRO Sound Design	Essentials	corporativo
1F4eSyhoPe20F-ebRwpSN0yQjhLgtxSki	Simple Whoosh 11 - Single	mp3	0.58	CinePRO Sound Design	Essentials	corporativo
1TKRlk9dLOfI0PS3MkIZkwuBfQRhUTXnB	Simple Whoosh 12 - Single	mp3	0.53	CinePRO Sound Design	Essentials	corporativo
1_M-uic-5fjHYU1P5Pb-gl5afwHfTTLCD	Simple Whoosh 13 - Single	mp3	0.87	CinePRO Sound Design	Essentials	corporativo
1OXznR6UNV_-hrhM6CQIbN5T73GVY60rs	Simple Whoosh 14 - Single	mp3	1.61	CinePRO Sound Design	Essentials	corporativo
1XTuZX5Uheb-Vi8jZdCBKuQlw6jcmOTDI	Simple Whoosh 15 - Single	mp3	1.37	CinePRO Sound Design	Essentials	corporativo
1kGMOXvBPZenQjgDiVftJg8whLw7UJWro	Simple Whoosh 16 - Single	mp3	4.18	CinePRO Sound Design	Essentials	corporativo
1o6jRfERHmvUKmZ3yC4_KVj6wTn3MjgoF	Simple Whoosh 17 - Single	mp3	4.01	CinePRO Sound Design	Essentials	corporativo
1c1MGvTym1h_a1bfxlGov14Wyft2z-jmZ	Simple Whoosh 2 - Single	mp3	1.06	CinePRO Sound Design	Essentials	corporativo
1TrhBqZp4yTiRiEFsn-jdICpnzwYAZRsg	Simple Whoosh 3 - Single	mp3	1.06	CinePRO Sound Design	Essentials	corporativo
12RWItMk2QjU1ZdWa6-P2JI_hKf-R67dN	Simple Whoosh 4 - Single	mp3	1.06	CinePRO Sound Design	Essentials	corporativo
1Xs6pR5R4BI_CMyfBz9WooIVRUD_X-B9e	Simple Whoosh 5 - Single	mp3	1.06	CinePRO Sound Design	Essentials	corporativo
1ZjyUFhYkXKazK0LiKpoZm8eIKShtzq00	Simple Whoosh 6 - Single	mp3	1.06	CinePRO Sound Design	Essentials	corporativo
1Nu0O1xRqyQaTC1u-p3CQyjBVWLbbRq0a	Simple Whoosh 7 - Single	mp3	1.06	CinePRO Sound Design	Essentials	corporativo
1Arfpecc9Yrf4Sr9R_S6WLGVx37VmFzZ5	Simple Whoosh 8 - Single	mp3	1.06	CinePRO Sound Design	Essentials	corporativo
1cnyHw4qYUDI7Zs4EemFPZvrDsbrClDM8	Sinematic - Sub Sonic Bass Drops_01	wav	9.88	CinePRO Sound Design	SFX	
1mCUtX64Wc9t56irJkWBRcHAVAYidBM_1	Sinematic - Sub Sonic Bass Drops_02	wav	11.95	CinePRO Sound Design	SFX	
10omawEx2SkPYe_zmGIqzMMwLMCqbnpP9	Sinematic - Sub Sonic Bass Drops_03	wav	8.38	CinePRO Sound Design	SFX	
1HGgJUVmvoVkIc1f9z-uj_D6cnBhM71Ub	Sinematic - Sub Sonic Bass Drops_04	wav	6.81	CinePRO Sound Design	SFX	
1nS4H5FeqEiZ1a3gdeRLE5hhKVi6JmLyo	Sinematic - Sub Sonic Bass Drops_05	wav	11.31	CinePRO Sound Design	SFX	
1o5KOYM_s1dMIUOMSDJMZSFTKWgY7kXEk	Sinematic - Sub Sonic Bass Drops_06	wav	8.06	CinePRO Sound Design	SFX	
1DCVRFGhUgClg9LY9zQaAcfXGzbfV3h-F	Sinematic - Sub Sonic Bass Drops_07	wav	6.99	CinePRO Sound Design	SFX	
1tBPqQ_za6JwEAb7p_Vb79C5SlgH_Z22D	Sinematic - Sub Sonic Bass Drops_08	wav	5.57	CinePRO Sound Design	SFX	
1NQFnKMHm9juXRO0lBFRIvLltTsj62Dzc	Sinematic - Sub Sonic Bass Drops_09	wav	5.14	CinePRO Sound Design	SFX	
1VpNPnW2XSqbqwm1B6lIqiBn1pQrl6yzb	Sinematic - Sub Sonic Bass Drops_10	wav	8.3	CinePRO Sound Design	SFX	
1w_5b9d4-3guvDtRfxB2Y0OeOdNDMD1t3	Sinematic - Sub Sonic Bass Drops_11	wav	9.94	CinePRO Sound Design	SFX	
14QK4O6Icl9dUqUWy21CmAnomXXqlldHU	Sinematic - Sub Sonic Bass Drops_13	wav	5.49	CinePRO Sound Design	SFX	
1rIzAgqEYkzLF90XMa78d4gFj3F6AaXlS	Sinematic - Sub Sonic Bass Drops_14	wav	6.59	CinePRO Sound Design	SFX	
1yYitrOpXizxj2zuIz55TOQUVktUSR_fs	Sinematic - Sub Sonic Bass Drops_15	wav	8.46	CinePRO Sound Design	SFX	
18XC6KzR7SsjdoXF35hK7D2-H8TNWd483	Sinematic - Sub Sonic Bass Drops_16	wav	6.86	CinePRO Sound Design	SFX	
1YUqsYxR3ZFRJTdog50sRmi1uJCX1VRt8	Sinematic - Sub Sonic Bass Drops_17	wav	2.67	CinePRO Sound Design	SFX	
1gOYxjoqATV2vE9oOc_WH49CUMgxFFgGS	Sinematic - Sub Sonic Bass Drops_18	wav	6	CinePRO Sound Design	SFX	
1HLVZ0n8XfGaz8hlhkiI6u8fmkvUaQtW2	Sizeable Riser Synth	wav	22.97	CinePRO Sound Design	Essentials	
1EVaWte-SOgytCUZ2B4AVGyUdMi1QtYFm	SL 01 Air Dock	mp3	7.9	CinePRO Sound Design	Essentials	
11iOHM2HwvxalrW7WGOFWfDtpues7KIIq	SL 01 Bright Start A	mp3	16.71	CinePRO Sound Design	Essentials	
1Y2067Yf22awwijELrMg9LVszb5F40jro	SL 01 Existence	mp3	52.92	CinePRO Sound Design	Essentials	
1LSNfVMHkbc5sGqhoDhKzmaSu0YcWk_BU	SL 01 Moment of Truth	mp3	8.84	CinePRO Sound Design	Essentials	
19G4C6AsU8frlwPXLk8YukZiwqBjNtrYm	SL 01 New World	mp3	11.07	CinePRO Sound Design	Essentials	
1QnPRFRYDuoD90Zku9p0UGP6-zvnThFmR	SL 01 Pin Points	mp3	58.28	CinePRO Sound Design	Essentials	
1L1Ca5qOhCLvbKiU0-RdxrEUILaZ4scRr	SL 02 Bold Hit	mp3	7.85	CinePRO Sound Design	Essentials	
1ghOmrlVwAAGhhOa5KcFXbIyBsHTBgmau	SL 02 Bright Start B	mp3	8.07	CinePRO Sound Design	Essentials	
1pbt3EmKYNGYU9mITIbGM1jX6r_U85eKJ	SL 02 Dimensions	mp3	74.4	CinePRO Sound Design	Essentials	
1Za8UHyB_ywBNdnSSrc0_EbBSxYY3qYu9	SL 02 Dream	mp3	8.38	CinePRO Sound Design	Essentials	
1e_Ne1nur4GvjHR_VbCu5ovomb9Dudqjy	SL 02 Transcend	mp3	57.77	CinePRO Sound Design	Essentials	
1Pqtb7oQDFr_R1ziWn2xaMbwPZAUP1j4S	SL 02 Velocity Whoosh	mp3	3.17	CinePRO Sound Design	Essentials	
1h-6ZzRKIKzJrLn6QYymrblxnu8ObhdJX	SL 03 First Light	mp3	39.17	CinePRO Sound Design	Essentials	
1FAtzfSrKlZhDzCtLgkKuCoWyL_VZtrEW	SL 03 Human Touch	mp3	16.35	CinePRO Sound Design	Essentials	
1zAjFRgWcBmYDuvvR1cYoOVWHCqMWI_ov	SL 03 Surface	mp3	7.47	CinePRO Sound Design	Essentials	
1--oj9vBbUoRLvhfkdoQItBAuXG6wwfUe	SL 03 Travelers	mp3	4.83	CinePRO Sound Design	Essentials	
1J8uVxb54FR2Xf_FsM8MqIPJG8b4A3lXW	SL 03 Weightless	mp3	51.99	CinePRO Sound Design	Essentials	
1NT6-5JPh2ijPUgvLEIRCF6SS3mq8VXEt	SL 03 Whoosh Hit	mp3	5.91	CinePRO Sound Design	Essentials	reels
165WUT4DteC056G-EJHGdoqEfi04x2TwP	SL 04 Definitive Hit	mp3	4.47	CinePRO Sound Design	Essentials	
1UfSdU1ngD73ZCx7F73-XPE8uFAefr3I1	SL 04 Distant Energy	mp3	57.75	CinePRO Sound Design	Essentials	
1SvaO7EjzdECqzsXYi_XwOtIQNx5Ib-q3	SL 04 Gentle Gleams	mp3	26.86	CinePRO Sound Design	Essentials	
1dByeATUTFX1YjnTqJOrDTJZh7t6bwe0_	SL 04 Paradox A	mp3	10.92	CinePRO Sound Design	Essentials	
1L2E4Oku68k2tyDzjPVSLueVP6JzO_Jnz	SL 04 Storm	mp3	6.2	CinePRO Sound Design	Essentials	
1WcabTpOUyUd4On-NWFGNQtTDNc4foOD_	SL 04 Uncharted	mp3	6.99	CinePRO Sound Design	Essentials	
1v-m754wkyozjmcrpjPNEJMLZ2AVH9MTX	SL 05 Arriving	mp3	8.86	CinePRO Sound Design	Essentials	
1qZRDGvt7mlZ5o-gwQL4UgMkckc94hTvU	SL 05 Exhale A	mp3	8.86	CinePRO Sound Design	Essentials	
1p9IPJBWEDh8B2O0N95fVCkq7seLqXOaA	SL 05 Hum	mp3	37.9	CinePRO Sound Design	Essentials	
1GrPt_p07lvfKYgG9kwkXDMxGLSDS51Zb	SL 05 Paradox B	mp3	15.79	CinePRO Sound Design	Essentials	
1dEgJ6r4casBOAyCKeBgRwANqqF8ScIbP	SL 05 Resonance	mp3	58.32	CinePRO Sound Design	Essentials	
1DIm_66rml8hyqW5ztZj50MddQ9fxXHFT	SL 05 Subtle Hit	mp3	3.48	CinePRO Sound Design	Essentials	
1UZF02Smri35tZ1UUOE5vbzZF8L9UkZzd	SL 06 Afterwards	mp3	47.12	CinePRO Sound Design	Essentials	
1nJQd9IiyE1IN-0vrFCRed4bAV96nyCZ6	SL 06 Below The Surface	mp3	52.47	CinePRO Sound Design	Essentials	
17uuKL7hEoFqP_kRNQROD3QxYbCE5Gesq	SL 06 Exhale B	mp3	9.99	CinePRO Sound Design	Essentials	
1ZfI86Q3ElpOjqSfY-AyIOFcQ8YDXekPr	SL 06 Powerful A	mp3	16.8	CinePRO Sound Design	Essentials	
1i1YiOkfZVHQsJ069N0ToY_cm7yzODuIA	SL 06 Prisms	mp3	7.75	CinePRO Sound Design	Essentials	
1zPdkCk10p8fyMnmRipahwM3uIsOR7a7k	SL 06 Serious Hit A	mp3	11.64	CinePRO Sound Design	Essentials	
1RKG6NIAopqMUVCYKacqRiVhoRcOAjTvJ	SL 07 Coldness	mp3	26.66	CinePRO Sound Design	Essentials	
1v20qKbc_Qjqw--EgHDhCpTLY5MH1XZPQ	SL 07 Conceptual	mp3	5.54	CinePRO Sound Design	Essentials	
11zu1JYfTQgVR_5mcIe08mUZ6kSQBSxFL	SL 07 Exhale C	mp3	10.76	CinePRO Sound Design	Essentials	
1m9euJvv5bShPOrs6Jb6rwhA_Qqi_1XN8	SL 07 Powerful B	mp3	16.01	CinePRO Sound Design	Essentials	
1LKLogjXVqJQyv1S3YAJADa0mLgzJ5Wmn	SL 07 Serious Hit B	mp3	6.05	CinePRO Sound Design	Essentials	
1rUjHir7baj9OxeuRlHK9HO6vlljUxhHk	SL 07 The Factory	mp3	60.89	CinePRO Sound Design	Essentials	
12i31WbEJ05MzZET7uO3nL3aAicBY3IFZ	SL 08 Dark Build A	mp3	11.67	CinePRO Sound Design	Essentials	
1xSOeUb4YchsQNPRNZnveTeTTb2L21GWz	SL 08 Distant Lands	mp3	14.62	CinePRO Sound Design	Essentials	
14GuOxsl4W_QGCtMKHNc3LDb3qHz5Yhdc	SL 08 Growing Old	mp3	55.08	CinePRO Sound Design	Essentials	
1IHWnhJQySww5GIKv7X-4Hb1mGqnC4JF7	SL 08 Slow Whoosh A	mp3	11.19	CinePRO Sound Design	Essentials	
17aJKfHiIHL7S0TSJMlFND_C4zIKqa2ox	SL 08 Standstill	mp3	39.53	CinePRO Sound Design	Essentials	
1Kv82p-sjX1pTPv3HYcI5SzBYn9rrMrbh	SL 08 Throne Drop A	mp3	10.56	CinePRO Sound Design	Essentials	
1t_T5M6iDxWz720ruVcb1rZ4ltXooV0-O	SL 09 Certainty	mp3	50.5	CinePRO Sound Design	Essentials	
1K6gwItC41IgBtxxR3YO-V3wqHZc8V0pM	SL 09 Dark Build B	mp3	10.54	CinePRO Sound Design	Essentials	
1gt_mQsP19a6LJpkyYJ-n4s03sFUXcXcO	SL 09 Slow Whoosh B	mp3	12.96	CinePRO Sound Design	Essentials	
19gJTAO-Cl7dm5U7vKYgrA21nK3cvng8A	SL 09 Super Clean	mp3	10.52	CinePRO Sound Design	Essentials	
1NZoVLAa92OKZSGPrp37jj_xF9EC4rSL9	SL 09 The Furthest	mp3	51.02	CinePRO Sound Design	Essentials	
1qieAzEbSEUSl5WIKEdWdmfUiveiOj4Iv	SL 09 Throne Drop B	mp3	7.23	CinePRO Sound Design	Essentials	
1aNtRYq4PUaZMB4ddBmo8s7Cj9SImopU_	SL 10 Drop Whoosh	mp3	5.26	CinePRO Sound Design	Essentials	
1cBgsZXtSFfVcfDuDdT4UEEPfpk2O1mfw	SL 10 Massive Strike	mp3	4.25	CinePRO Sound Design	Essentials	
19tR6CcW-74E4VrWb4BEEbFtgU2jCJbfS	SL 10 Radiance	mp3	5.45	CinePRO Sound Design	Essentials	
1xaLWpp8CwePIl-sfd78C728-CHyOs83q	SL 10 Regenerate	mp3	7.88	CinePRO Sound Design	Essentials	
1VcWmxGWuHrF_hdEB2qO3ST3SGklBNdB7	SL 10 Reverent A	mp3	34.85	CinePRO Sound Design	Essentials	
1W3zM7FiGjnljwCyD9aV2D9lPid5zjj20	SL 10 Slow Tone	mp3	39.2	CinePRO Sound Design	Essentials	
1tW5_0yfCBgfoz3NxNk9uwAMZQeXHmxhi	SL 11 Concern	mp3	17.88	CinePRO Sound Design	Essentials	
1EaO6IqtqvUP9B1mK8f4D-u6gcuyeVUiG	SL 11 Continuum	mp3	41.91	CinePRO Sound Design	Essentials	
1qtP7evweZSHREAOD3F56tPy2lnuF0V8P	SL 11 Enemies	mp3	13.28	CinePRO Sound Design	Essentials	
1aqXOZj7Z_l1GMbAIcffjQ6jKVGBwJvWz	SL 11 Overwhelm	mp3	5.98	CinePRO Sound Design	Essentials	
1xO0HQmY1r_mcuUWegXbz1uKhDDL-sGhf	SL 11 Reverent B	mp3	41.14	CinePRO Sound Design	Essentials	
1p7EUrfFasHZDsQguW9ZAnyQlfLu0jhLy	SL 11 Rising Electricity	mp3	33.15	CinePRO Sound Design	Essentials	
1muvZfLz5oaz7_hNbhSTD1sJ21tgbaZkj	SL 12 Charging Up	mp3	19.66	CinePRO Sound Design	Essentials	
11fiae7V6wJAsjtXR3Z7mlzMVZVmlpDZv	SL 12 Depth	mp3	3.44	CinePRO Sound Design	Essentials	
1nwvRojRxxTllyP1qnLWxOa31q5qeEgDA	SL 12 Glass Machine	mp3	52.51	CinePRO Sound Design	Essentials	
1MzhBEB9oFL5UAS0CkJqjzw7PnMQDoDAn	SL 12 Out Of Place	mp3	7.92	CinePRO Sound Design	Essentials	
1RJMVk07eUCARMwB3P_svbt41GfHRPEkk	SL 12 Outer Darkness	mp3	34.06	CinePRO Sound Design	Essentials	terror
1IZeIErJsyCdjfB-VOK9Y54dC2ECDv8IQ	SL 12 Tunnel Hit	mp3	8.55	CinePRO Sound Design	Essentials	
1Yi4tKyIYzPxnLu36XVY7kT3URzU8eCsa	SL 13 Down There	mp3	59.28	CinePRO Sound Design	Essentials	
1Pz1QR4UxWU_ZHX0x3jEDQbx2tae6pxsh	SL 13 Glass	mp3	5.88	CinePRO Sound Design	Essentials	
1eAcHRtgJSiUV1pRmZ0EvDXvXfnghjNWZ	SL 13 Long Whoosh	mp3	6.17	CinePRO Sound Design	Essentials	
19GqoLvWCNNAWgqGIMXOochQF9PyV5aPu	SL 13 Problems Arise	mp3	21.44	CinePRO Sound Design	Essentials	
1wXh6qgD6x_YuFdLEaXSuAO8_nR7Y69nJ	SL 13 Turning Point	mp3	9.75	CinePRO Sound Design	Essentials	
1IZGGVMU9zN4lU00a7LaX_InNqjX--xr9	SL 14 Boiler Room	mp3	55.35	CinePRO Sound Design	Essentials	
1tyqsLF9GIo8yAqMX8A5HKQ4TpM_h48i0	SL 14 Breach	mp3	9.03	CinePRO Sound Design	Essentials	
1jJvRQGgZfX2ShmSYLp-jdcJQJnCZ_9fF	SL 14 Futuristic pan	mp3	7.28	CinePRO Sound Design	Essentials	
132CySqEEVII6c24d1he5TuR2hqajjfxX	SL 14 Jet Thrust	mp3	18.75	CinePRO Sound Design	Essentials	
100Lav7GNmGPlAqnpNQZ1DCpPSTiuqCHS	SL 14 Tunnel Chatter	mp3	5.52	CinePRO Sound Design	Essentials	
1Nv9scO48LGL9FhDUGpan-W7tuRX2bAbs	SL 15 Cables	mp3	5.5	CinePRO Sound Design	Essentials	
1rOtAKHpNfiTOqNvNiu-8o4MSeUXbS2Aj	SL 15 Dark Game	mp3	8.12	CinePRO Sound Design	Essentials	terror
1xtixqvknZwDlkn63u_jCSNiulJB8NfZD	SL 15 Quick Pan	mp3	2.62	CinePRO Sound Design	Essentials	
170oE58UxLQX2P-yuNUpmTxGaXaVbn5SP	SL 15 Stranded	mp3	48.63	CinePRO Sound Design	Essentials	
13pOeETdO5ExdOx4Dl_yRF7mCLOUVHISm	SL 15 Swarm	mp3	14.4	CinePRO Sound Design	Essentials	
1VS3Eq8sHP9Xl5a8R2GmFkWGxYNaHsTQm	SL 16 Hollow	mp3	50.98	CinePRO Sound Design	Essentials	
1_SSKT3hBwlIzXJHlylkagn53rfJdCZ4Z	SL 16 Power Cell	mp3	3.7	CinePRO Sound Design	Essentials	
17uVDoADdg7EAkbj-jho7ngxEe7bKFW88	SL 16 Swift Pan	mp3	2.38	CinePRO Sound Design	Essentials	
1TwqBmtarBkXySy9atRnUW5lDupaRZ4YL	SL 16 Timestamp	mp3	3.65	CinePRO Sound Design	Essentials	
1-QwF28EAc18Fny1jI3JgkHc4walfMWNc	SL 17 Dark Scan	mp3	5.5	CinePRO Sound Design	Essentials	
1dueHXLHXdAJRCnSVkDngL21wMu-P7fDq	SL 17 Lower Deck	mp3	58.28	CinePRO Sound Design	Essentials	
1w8GfQd9_xOx1ciaUIKMRAQPLFM3cqYvD	SL 17 Pulse Pan A	mp3	4.9	CinePRO Sound Design	Essentials	
1cjydgShdQMTL6Za0oKjztx1OXao9tSTO	SL 17 Whoosh Click	mp3	6.46	CinePRO Sound Design	Essentials	tutorial
1ZQWcSxNMdcWHsP4sJ7DEBZFUKMepzLPo	SL 18 Acute	mp3	4.42	CinePRO Sound Design	Essentials	
1U3tGtDBugEYsXI3kl1SwWwA1eBNG3q9K	SL 18 Clicker A	mp3	3.26	CinePRO Sound Design	Essentials	
1CwUWxlq5iUfSiEoC888lE2wUg-n8YYZd	SL 18 Pulse Pan B	mp3	2.96	CinePRO Sound Design	Essentials	
1c6-_COAVYtMAZAvbUQiDk_fSK6QK413K	SL 18 Sub Below	mp3	41.5	CinePRO Sound Design	Essentials	
1EAt3JGwm5Ctp2f8rnLmT7uu0D7Ur2CZJ	SL 19 Charged Pan	mp3	3.39	CinePRO Sound Design	Essentials	
178nC94yohwExLJvyfDR5m089Xj9tlc6h	SL 19 Clicker B	mp3	4.61	CinePRO Sound Design	Essentials	
1nWmE2K8hzfOFNYgnGYRT0b0qampQywRE	SL 19 System	mp3	5.04	CinePRO Sound Design	Essentials	
1fK9u1Wr87t3GjXkXGgoRt-mFq36dxh3e	SL 20 Machine Whoosh	mp3	6.46	CinePRO Sound Design	Essentials	
172oQSdv5yimLRV8xbxK5AgacFlh1rjWf	SL 20 Mysterious A	mp3	11.91	CinePRO Sound Design	Essentials	
1um17EZjQYUQgDoDD6SximAPzCI26xjJ4	SL 20 Simple Strike	mp3	6.2	CinePRO Sound Design	Essentials	
1UG4OgYzuGJdPDwlLcoXHwk2uojdYK9yh	SL 21 Mysterious B	mp3	7.42	CinePRO Sound Design	Essentials	
1srb1C6VKKcfBPr5ZPNb36QPP8XfJnJsL	SL 21 Supersonic	mp3	14.28	CinePRO Sound Design	Essentials	
19NQRR5MqUG373PrgETvysg_lnaK6GedZ	SL 22 Mysterious C	mp3	11.14	CinePRO Sound Design	Essentials	
1cqFQpOha6AIbI5KtawQ_ILRuRRExU2kN	SL 22 Shadow Whoosh	mp3	9.03	CinePRO Sound Design	Essentials	
1fxlCIlSVjdwd0S7FsMVhd-5zs-OkPq2o	SL 23 Odd Feeling	mp3	7.52	CinePRO Sound Design	Essentials	
1kAbsvoYUVXJNGFY6MmDmcCiR-IlvCfwa	SL 23 Pressure Leak	mp3	5.31	CinePRO Sound Design	Essentials	
1AeP03XSOIuGFGIxC47ZrviV1rU0SkbiE	SL 24 Flange Whoosh	mp3	6	CinePRO Sound Design	Essentials	
1dD-RibMLY8L_ANW8kyg0IV8YCMKo7wmt	SL 24 Imperfect	mp3	6.99	CinePRO Sound Design	Essentials	
1Yk3bkl9fNxL92noPUPzva8_-hQc5CXew	SL 25 Iron Whoosh A	mp3	2.38	CinePRO Sound Design	Essentials	
1c2GwRM3ikdpyVBSjzL5LqearDbRn-sSC	SL 25 Synthetic	mp3	11.36	CinePRO Sound Design	Essentials	
1_Wzi8ZK9jUPInT_kb6bAxfoETENG2OGf	SL 26 Unsettling	mp3	12.29	CinePRO Sound Design	Essentials	
1URHbe1CoQ1UfRwVhXm9mCDXX_iM4Rq91	SL 27 Transport	mp3	8.02	CinePRO Sound Design	Essentials	
1XbwTgv_dTBd-451HyUAzFyCkAf4pgDtv	SL 28 Vacant	mp3	8.21	CinePRO Sound Design	Essentials	
1tqaJI4p3euVzOQJPlOVYIwTev2TS7dCl	SL 29 Graven	mp3	6.7	CinePRO Sound Design	Essentials	
1qEiGtwdUySU4LefbiHGrBmA0ZomYmM4f	SL 30 Dark Texture	mp3	4.95	CinePRO Sound Design	Essentials	terror
1ixvOmVV9LBAcwD2VSWxVcDj4Ag0UnXt5	Slam Crystals	wav	6	CinePRO Sound Design	Essentials	
14V8wzlaRV-hbkhBloa59MIm7B2Z0-DiG	Slosh	wav	17.35	CinePRO Sound Design	Essentials	
1LdVje-cooNzV6fq9yTLkfCRMOmOK8Ipb	Sloshy Boat	wav	29.43	CinePRO Sound Design	Essentials	
1KUXNw4vF7MLRZXLdSFh6hD62Wt56Tz4e	Slow Motion	wav	6.56	CinePRO Sound Design	SFX	
15n-g59LCNfU9TOt2iAZY4RBmNf8CwrLN	Small River 1	wav	8.91	CinePRO Sound Design	SFX	
1SBXX9BG09fDGJavjCJZmdXYkgzbjAZ6E	Small River 2	wav	20.58	CinePRO Sound Design	SFX	
1CPDinQ3rQIIgDB-1asb79K1K0Iv6XzXT	Small Waterfall, crickets chirping	wav	16.96	CinePRO Sound Design	SFX	
1K_CPnnjwKwG-f6B5DP2Qgez5rTk8j0j8	Small Wave Whoosh	wav	3.27	CinePRO Sound Design	SFX	
1bVOQg4eTCFqm89FSK_HA18RXkvPBi2lG	Small Waves at Night 1	wav	42.29	CinePRO Sound Design	SFX	
15uCdqjT0IvfBriEiPfGoYu7qYiZqZ2hj	Small Waves at Night 2	wav	55.85	CinePRO Sound Design	SFX	
1dW28gHyhfHVYYYXrYkOmTOdJgupeSC4o	small_whoosh_chimes_1	wav	1.14	CinePRO Sound Design	Essentials	
1Rj0RVCItyuwEYfCROgXkD2N0D1mILGMZ	small_whoosh_chimes_2	wav	1	CinePRO Sound Design	Essentials	
1si4IcRARevR4KhT40D4CSZhc7XthoWHS	small_whoosh_chimes_3	wav	0.86	CinePRO Sound Design	Essentials	
1NIZSH5Z4Yj1yZrgZA1MPCQXzq6QlgEDY	small_whoosh_chimes_4	wav	0.98	CinePRO Sound Design	Essentials	
1lyHucZFLkuPapJ1MXBFYo_O-NjGCGxCC	small_whoosh_chimes_5	wav	1.1	CinePRO Sound Design	Essentials	
1juGGeAZihi-IJyWiKmzKKCp4TlHs11IO	small_whoosh_chimes_6	wav	0.96	CinePRO Sound Design	Essentials	
1dhJ_DttWOVrxxLJSfBqOFt9lt9EqRIn0	small_whoosh_chimes_7	wav	0.84	CinePRO Sound Design	Essentials	
1KAJnm3SR_Mf8z8btfrGM4fUnlJcJWMUv	small_whoosh_chimes_8	wav	0.91	CinePRO Sound Design	Essentials	
1BhyJAyF6HB9suqnTgb-napW54QWT1Y6B	small_whoosh_chimes_fast_1	wav	0.94	CinePRO Sound Design	Essentials	
1EGcmm9oKgGOyG2Ps13yBdp9GoIcwKs5p	small_whoosh_chimes_fast_2	wav	1.04	CinePRO Sound Design	Essentials	
1YaCfX-4d6QlVSmUj6HaahhTvPCb7KPC7	small_whoosh_chimes_fast_3	wav	1.03	CinePRO Sound Design	Essentials	
1yfcEkXNpm1JleaUnWnp3G4uTcr0r0-R2	small_whoosh_chimes_fast_4	wav	0.83	CinePRO Sound Design	Essentials	
1jSZ2tY9zNtrZu8Sx-_ipWK3OH8hUpNK3	small_whoosh_chimes_fast_5	wav	1.09	CinePRO Sound Design	Essentials	
1wHbv4Hr-1JZa359PxJJGmLp8Y6aOE3XI	small_whoosh_chimes_fast_6	wav	1.08	CinePRO Sound Design	Essentials	
1AhsU7bvTxn5d2h9eD9gX7CXXZIMno8Qs	small_whoosh_chimes_fast_7	wav	1.17	CinePRO Sound Design	Essentials	
1dBg4HY4ndqzfu7V0Bu4Wkd5LslLXnSZM	small_whoosh_chimes_fast_8	wav	1.14	CinePRO Sound Design	Essentials	
1NicTv-JO91Gu5677SEmvWrAVhqP7bqdY	small_whoosh_design_1	wav	0.4	CinePRO Sound Design	Essentials	
1TCuIS3tXjfve0amISWxJyzTREcW1AwSB	small_whoosh_design_10	wav	0.64	CinePRO Sound Design	Essentials	
1HDlcYu3PRs54br-n2_-2PmHABr1Utr1T	small_whoosh_design_11	wav	0.27	CinePRO Sound Design	Essentials	
1iDRThAEtBmuZC8EEafyzU1_xuoDk1uD7	small_whoosh_design_2	wav	0.39	CinePRO Sound Design	Essentials	
1kHifGzBbhDKi8wJ_MbGxeVnXixbxYmov	small_whoosh_design_3	wav	0.97	CinePRO Sound Design	Essentials	
1oMxI44j2PAOF0jAdaH122WUnhmAZp8jm	small_whoosh_design_4	wav	0.96	CinePRO Sound Design	Essentials	
1a0ttolOj6McWNPzArjcKxaB0C04C6Wul	small_whoosh_design_5	wav	0.56	CinePRO Sound Design	Essentials	
1obhsrnLDXeCHH6biDwB8detsDGzBJMTb	small_whoosh_design_6	wav	0.32	CinePRO Sound Design	Essentials	
11xrmDA-Gmf4z_kiowrFA41dZIe0T6gJ9	small_whoosh_design_7	wav	0.33	CinePRO Sound Design	Essentials	
1M25CR4uVkOFKNceK_kQAUAcu2izcQJrK	small_whoosh_design_8	wav	0.25	CinePRO Sound Design	Essentials	
13cJu0sFQ5ubjFNuXQbgFTIrJ9oDjEgN0	small_whoosh_design_9	wav	0.64	CinePRO Sound Design	Essentials	
1yDqzfnRMzwDx8HyqvLwQq96lzqVAFpXA	small_whoosh_fast_1	wav	1	CinePRO Sound Design	Essentials	
1SP7Dl-DxrHJFllJY6I1zWp9sBg0c72nS	small_whoosh_fast_10	wav	0.24	CinePRO Sound Design	Essentials	
1GhEx3pQHdTxFqccudBObB89YoGWkPFW0	small_whoosh_fast_11	wav	0.19	CinePRO Sound Design	Essentials	
1duJSvjkqumVoh6sHVhd7gqQJeKf70hUP	small_whoosh_fast_12	wav	0.19	CinePRO Sound Design	Essentials	
1qbWC6HTkSV3qP7Fjl-WcDa7szjEup4B_	small_whoosh_fast_2	wav	0.98	CinePRO Sound Design	Essentials	
1FwQaVcHXW6rE8NwPueHNuJJsk5UVeB5T	small_whoosh_fast_3	wav	0.96	CinePRO Sound Design	Essentials	
1N4_YNORUiphTYeOmpb-VYdGD4nKAvcoH	small_whoosh_fast_4	wav	1.05	CinePRO Sound Design	Essentials	
1dON9sNY5BCLZmDbAaEBBXjco21RrBdei	small_whoosh_fast_5	wav	1.11	CinePRO Sound Design	Essentials	
1y_bPCO2__tR-TeNWg5GsSSaiq_35RYF-	small_whoosh_fast_6	wav	1.21	CinePRO Sound Design	Essentials	
1QxBZ0_2y_fudcfh8A6onHVjKHb-m_vuv	small_whoosh_fast_7	wav	1.27	CinePRO Sound Design	Essentials	
14MIIuP4E2xb6J5EG9l6ND60IBmC4jbZF	small_whoosh_fast_8	wav	1.21	CinePRO Sound Design	Essentials	
1heOtKSZH7PPd8E5-Lykdjxj6_azBtQzz	Snap	wav	1.13	CinePRO Sound Design	Essentials	
19ME1cJ795xrH95SoP5xF_Wj_YxDW0UEu	Sneaky Drums	wav	36	CinePRO Sound Design	Essentials	
1B_7aRwXkdE_522GJhrvoTKoczb28a_aY	Sneaky Toms	wav	33.6	CinePRO Sound Design	Essentials	
1nJepzw5kVQt65xoBXpnTcLb2IfB1POnA	snow_stress_step_fast_1	wav	1.52	CinePRO Sound Design	Essentials	
1w4D4k7oxhbvQkJ5OyqY1DXaONjp2O_Db	snow_stress_step_fast_2	wav	1.52	CinePRO Sound Design	Essentials	
1eMfoaYODpaWY1LqyZbs8903v586qDiBc	snow_stress_step_fast_3	wav	1.52	CinePRO Sound Design	Essentials	
1kaXx5JsCtPSe28Pj3_Vj4KuJX34VvykC	snow_stress_step_fast_4	wav	1.52	CinePRO Sound Design	Essentials	
1WZdF-GSUZAlpOHMetgURzpwzXuwMLwBw	snow_stress_step_fast_5	wav	1.52	CinePRO Sound Design	Essentials	
12F-N9UW77fmEeoURoRZAo4Mrz1nnVIqj	snow_stress_step_fast_6	wav	1.52	CinePRO Sound Design	Essentials	
127jc3O9xJBg8zzw1dEqu931Hl9mHp-ww	snow_stress_step_fast_7	wav	1.52	CinePRO Sound Design	Essentials	
1SOxVMZOeUTERx2VvljCxG2XoQPRS5u7s	snow_stress_step_fast_8	wav	1.52	CinePRO Sound Design	Essentials	
1SgE7kcXui76_voHf3C4zYKL15YtzPCdd	snow_stress_step_slow_1	wav	1.17	CinePRO Sound Design	Essentials	
1HrJtcrrwXv5MtRigod3yemTjoJXCxgh6	snow_stress_step_slow_2	wav	1.17	CinePRO Sound Design	Essentials	
1BtMXaUkhZdmNiszWwpRDnDiw9GJKDWlt	snow_stress_step_slow_3	wav	1.17	CinePRO Sound Design	Essentials	
1fdJ5bnXkj-m1hxdy3jURqtTmZi63LLvI	snow_stress_step_slow_4	wav	1.17	CinePRO Sound Design	Essentials	
1RxPs2unk6fYEPIYanVoJz9Nbtvxn5xF2	snow_stress_step_slow_5	wav	1.42	CinePRO Sound Design	Essentials	
1xu7Rb2NMM9h09Uk4-_4TVVFHYkHZLGVt	snow_stress_step_slow_6	wav	1.42	CinePRO Sound Design	Essentials	
14zuj_9yvBSkt-ND3KC5PR0hHWcjh3FI7	snow_stress_step_slow_7	wav	1.82	CinePRO Sound Design	Essentials	
1w5XvnswK1Uc_C37Z57C85daFrjUfikWA	snow_stress_step_slow_8	wav	1.46	CinePRO Sound Design	Essentials	
1KCTi8fC6aceFPxs72iGRIV_rn8sV7XNZ	Só não pisa no meu boot (speed up + reverb + tiktok versão)	mp3	138	CinePRO Sound Design	PLAYLIST	
1wfnotKbmXGQlaHaDmCfljfZPKs6yL-aO	Soft Drops - Long	mp3	3.05	CinePRO Sound Design	Essentials	
15YtyLfZirZv6-h8wl5Ut3ugQJnsexe_J	Soft Drops - Medium	mp3	2.07	CinePRO Sound Design	Essentials	
1oVpZn6DbyoDOd7_PkbOjEdFMlbfFQpKe	Soft Drops - Short	mp3	1.06	CinePRO Sound Design	Essentials	
1lUkNF4iXXXlTPv9oqmI8VNkhJhp1XnlT	Solar Winds Rise	wav	9.09	CinePRO Sound Design	SFX	
1guHuVfDM0lorvKXnN_aiaf90i8JDz6Jg	SOM TOQUE DE CHAMADA IPHONE Link para download na descrição do vídeo (128 kbps)	mp3	55.82	CinePRO Sound Design	Essentials	
1FaVP0fHbTdzBvlXh2C5F70bXB13vOdU9	son of augustine - Telephone Hype - No Lead Vocals	mp3	175.8	CinePRO Sound Design	PLAYLIST	
1trcI5_7npBPCRAkLHVaHDKlbq-eqXynN	Sonar	wav	8.5	CinePRO Sound Design	Essentials	
1DRa4oAJwRLxKCVWskKG5rlAReiWmusJj	Sonar	wav	8.89	CinePRO Sound Design	Essentials	
1-pUR91AQdX7hjKcUVtTveadE_ZjZagZX	sonar_notification1_1	wav	1.38	CinePRO Sound Design	Essentials	
1Keel8f8WQo1zZH5mw7wBZ_a3xw_axJpO	sonar_notification1_2	wav	1.85	CinePRO Sound Design	Essentials	
1MpAV_XE_CyHVjBUk7WdPa4KZwmLgE2sz	sonar_notification2_1	wav	1.23	CinePRO Sound Design	Essentials	
1L4qVfhVg0zC8NhoK9sC14Ens6jTMhrmC	sonar_notification2_2	wav	1.2	CinePRO Sound Design	Essentials	
1d5r_o8FvgbClP2ihglE6o5NvhYk41ytQ	sonar_notification2_3	wav	1.74	CinePRO Sound Design	Essentials	
1bxGf9-N5UkZvaqwjEqbITGTFTO2IQbPm	sonar_notification2_4	wav	1.31	CinePRO Sound Design	Essentials	
1252bq-pb-FTZ27UBjlxZo9pDOqsJv2sU	sonar_notification2_5	wav	1.27	CinePRO Sound Design	Essentials	
1QW58LyUw8mJDrS65qr8EdRzcyByLLhPA	sonar_notification2_6	wav	1.41	CinePRO Sound Design	Essentials	
19sNcH2mpKoF0_OY9hBZp7K6pqNl5zj71	sonar_notification2_7	wav	0.68	CinePRO Sound Design	Essentials	
1pKhjwkGZbj2K2BmzBdkLsDzbdpRt5b_l	Sophie Ellis-Bextor - Murder On The Dancefloor (Lyric Video)	mp3	229.88	CinePRO Sound Design	PLAYLIST	
1z7UdlhFdDpA0Z3GPLmYwdCvUGOAdtXBP	Sou Musa do Verão	mp3	187.2	CinePRO Sound Design	PLAYLIST	
1V7OUyf7ND9IrclEWWlhscDiPHW8PvWZq	SOURWAH - Change the Game - Instrumental Version	wav	182.12	CinePRO Sound Design	PLAYLIST	
1sS33g06wDTRdIKcoisafEpCZkf4WSy3J	SP 01 Air Dock	mp3	12.7	CinePRO Sound Design	Essentials	
1Yn_o8YXG_kUprF7p84XbpVxOt6I2evO_	SP 01 Bright Start A	mp3	20.38	CinePRO Sound Design	Essentials	
1L6kmxQ-cJkrvKSelU_pEbUz5W9JUXOVO	SP 01 Existence	mp3	56.88	CinePRO Sound Design	Essentials	
1T6v57y3RWAcPM0wMVoptykbDJpQwrrq_	SP 01 Moment of Truth	mp3	13.32	CinePRO Sound Design	Essentials	
1SSnrNwjyeI0PikJt_wyPXhhLbzcbLZ4O	SP 01 New World	mp3	14.72	CinePRO Sound Design	Essentials	
125bksuKbDnqnZtsY6MaExaXBrfEq_hc4	SP 01 Pin Points	mp3	59	CinePRO Sound Design	Essentials	
1QqT2kCU2G_k4aQEkRxhU9oHGX_JEtHpY	SP 02 Bold Hit	mp3	12.03	CinePRO Sound Design	Essentials	
1s73DwZSgtNWVSMl2bVCDZnWzfknQG5Kl	SP 02 Bright Start B	mp3	12.51	CinePRO Sound Design	Essentials	
1A2Rp4GRfjM-fWAOchd6Gt1XgPEUKmONq	SP 02 Dimensions	mp3	76.95	CinePRO Sound Design	Essentials	
1AnBARSB9p8YQmSCqyHhifAisDLNozCuI	SP 02 Dream	mp3	17.6	CinePRO Sound Design	Essentials	
15LIgweXCSFJLQFRANWXBoSWUflbWaRlC	SP 02 Transcend	mp3	62.74	CinePRO Sound Design	Essentials	
1rEWZVQ2zV2c9GU9nnrljkXxAqL4u0E4V	SP 02 Velocity Whoosh	mp3	8.88	CinePRO Sound Design	Essentials	
1WWL6oDK-SjZ7dpwg6LU9DNcxaPjfOZ6D	SP 03 First Light	mp3	41.38	CinePRO Sound Design	Essentials	
1wK97jFu21nV5NTHQ6Y3aGcj3Y6PuMNMn	SP 03 Human Touch	mp3	20.81	CinePRO Sound Design	Essentials	
1Us9osGOYB-CA0qwl3Rmknfn7b1805D1c	SP 03 Surface	mp3	16.95	CinePRO Sound Design	Essentials	
1vf8xs6ul3oUHfirqoEEL6XmHz03_GxTP	SP 03 Travelers	mp3	8.76	CinePRO Sound Design	Essentials	
1ISHqc0KVaIOx5l39hKiqMUS3CZVuIpvZ	SP 03 Weightless	mp3	54.84	CinePRO Sound Design	Essentials	
1EDHG1q_lsnw8QwxTzPXb_sWgAYnF78Ug	SP 03 Whoosh Hit	mp3	12.58	CinePRO Sound Design	Essentials	reels
1Cqw3p0kAgEls40L4hS0qmyl_xEmITN48	SP 04 Definitive Hit	mp3	5.55	CinePRO Sound Design	Essentials	
15LtIw5oj2j388ClGb9SN2dH4PRo9jgSU	SP 04 Distant Energy	mp3	56.09	CinePRO Sound Design	Essentials	
1yS4LcMdPRJEcWxSDxqvjh00Dfw1kweTc	SP 04 Gentle Gleams	mp3	28.95	CinePRO Sound Design	Essentials	
1aMT_BF5kMtNaphAAaww8uD0TCVi_s2i0	SP 04 Paradox A	mp3	13.3	CinePRO Sound Design	Essentials	
1EN3Ak-aiV_kC_W3rT2BWekoHsnJ3Raef	SP 04 Storm	mp3	15.2	CinePRO Sound Design	Essentials	
1VwsFIK5lQC3ubYZF5Jl9_uE_TdCwbqXf	SP 04 Uncharted	mp3	14.07	CinePRO Sound Design	Essentials	
12b5tMid1Tia-3QNH67cn5PHBWrp4hIK9	SP 05 Arriving	mp3	16.95	CinePRO Sound Design	Essentials	
1UuJRayQKPkiUAMvIroDuP_V0zGeMERY2	SP 05 Exhale A	mp3	10.4	CinePRO Sound Design	Essentials	
1wmOXnKosbWEM1QzMSPQtMAzriU86uGom	SP 05 Hum	mp3	42.27	CinePRO Sound Design	Essentials	
1IGZP_HJGzkhThw43l6hJpVK0G8FfO8EG	SP 05 Paradox B	mp3	16.08	CinePRO Sound Design	Essentials	
1jHquD8T3dMOFQ43Lz_JzvDLBP4l1FL9J	SP 05 Resonance	mp3	64.06	CinePRO Sound Design	Essentials	
1Pij7JYvp1mX9oyR4rj2hs6Cjd4PQmi9D	SP 05 Subtle Hit	mp3	9.87	CinePRO Sound Design	Essentials	
1ediNY7Y0ptSd4raNk9fkTxW2iKU4B3oP	SP 06 Afterwards	mp3	51.34	CinePRO Sound Design	Essentials	
1ajAViWn6Em1i0NFjEVqP5KE3usKul0W7	SP 06 Below The Surface	mp3	53.52	CinePRO Sound Design	Essentials	
1UWRdYujEYHd6t-R8gHzLrgvf_FUbEmpd	SP 06 Exhale B	mp3	10.4	CinePRO Sound Design	Essentials	
18VUhOPrf8kGRo79LuSqvOKkzh_3ffj61	SP 06 Powerful A	mp3	26.14	CinePRO Sound Design	Essentials	
1IcBtfwBMOwjgJqTShusKS1uQ6a3Pttll	SP 06 Prisms	mp3	14.12	CinePRO Sound Design	Essentials	
12nXQAMKsGWSm1ahsV25PILBotLooKDkm	SP 06 Serious Hit A	mp3	13.2	CinePRO Sound Design	Essentials	
1NhzMdLpXg-IHX0tE83gOaGkwA4kqwqLb	SP 07 Coldness	mp3	28.25	CinePRO Sound Design	Essentials	
1en1cHGIm8ylD6dtQLqR1rpw3f5-la017	SP 07 Conceptual	mp3	9.55	CinePRO Sound Design	Essentials	
14cpzyoyvoe3qv-iQaDe0OoOJbJK7h-C2	SP 07 Exhale C	mp3	10.4	CinePRO Sound Design	Essentials	
1ZC9DWBufdXakONskpH9Wy-R2FGRHO_Vu	SP 07 Powerful B	mp3	25.2	CinePRO Sound Design	Essentials	
1Qks6bSlLWydkkrVtvNCGWDeLLbWae6TW	SP 07 Serious Hit B	mp3	11.52	CinePRO Sound Design	Essentials	
1jL27jW1J9vMo1BBpdNo4tUJ45o1swxY7	SP 07 The Factory	mp3	63.34	CinePRO Sound Design	Essentials	
1WWQEe4wz07L7NkY600R_MD3v2G7Mmsql	SP 08 Dark Build A	mp3	20.55	CinePRO Sound Design	Essentials	
1W764BqJf6zzoMpS4AsV4MN64ywCNnpX1	SP 08 Distant Lands	mp3	16.68	CinePRO Sound Design	Essentials	
1Em3t-YetmE0vkCJJfpTDvpYvs9N7SuB_	SP 08 Growing Old	mp3	57.92	CinePRO Sound Design	Essentials	
13dCV4PJsBEdPHPuzFjeJIhj0TQrvmYF9	SP 08 Slow Whoosh A	mp3	15.7	CinePRO Sound Design	Essentials	
1sQL-dgMvf5be1si7GFvCiin7CzGxN234	SP 08 Standstill	mp3	46.23	CinePRO Sound Design	Essentials	
1ogAActrNpanJQKhzmz18gpWqgp7e6dTM	SP 08 Throne Drop A	mp3	13.2	CinePRO Sound Design	Essentials	
1jgaSI4x54uzlIkCK24k6W8ynxtHeviTn	SP 09 Certainty	mp3	50.84	CinePRO Sound Design	Essentials	
1TJEJuBqvyWLEujilSSbhYXvzeF_1wh2M	SP 09 Dark Build B	mp3	20	CinePRO Sound Design	Essentials	
13jNb3BGpaZYCE-IKPeAZFy3ts9jLLAdF	SP 09 Slow Whoosh B	mp3	16.97	CinePRO Sound Design	Essentials	
1pBTe2VPYlwy9ZYYgbsm4gf3PHT70iQYZ	SP 09 Super Clean	mp3	12.5	CinePRO Sound Design	Essentials	
1dyRAlIW5tSpAjFZJKmuDRFrvkMx_dJJQ	SP 09 The Furthest	mp3	52.64	CinePRO Sound Design	Essentials	
1Z2OEtt0BwcwnKFGgDn29iaSFkO4-Zliv	SP 09 Throne Drop B	mp3	11.52	CinePRO Sound Design	Essentials	
1AA1T6MEB8i93Oilz7_vEztS1k5Ombyvf	SP 10 Drop Whoosh	mp3	11.33	CinePRO Sound Design	Essentials	
1cv0wvA4Sy3pNMdJfqkYaQpRiyT3NvgSm	SP 10 Massive Strike	mp3	10.66	CinePRO Sound Design	Essentials	
1E0PzJ4A2ZQ37ekJCmdBfmwKU31F2z8WH	SP 10 Radiance	mp3	10.49	CinePRO Sound Design	Essentials	
1zagBF-JnuLn7qlMHK_xbPROGKwu72ydx	SP 10 Regenerate	mp3	17.91	CinePRO Sound Design	Essentials	
1CjfPSIHRaPDi_mNv956fes0VTQ_-I3JW	SP 10 Reverent A	mp3	39.05	CinePRO Sound Design	Essentials	
1_MGbQgGEUYqUorrfOGUuAtkh433pyIjW	SP 10 Slow Tone	mp3	42.65	CinePRO Sound Design	Essentials	
1cOenIw2BH4e0f3laiPuHdcuVplci8AaM	SP 11 Concern	mp3	22.13	CinePRO Sound Design	Essentials	
1qggKA7L-Y9b4cv1u_7UyiuXz8ileqlv9	SP 11 Continuum	mp3	49.64	CinePRO Sound Design	Essentials	
1TKwILV7g7elqaU-ZpfPW6PRSH2EkCmgb	SP 11 Enemies	mp3	17.21	CinePRO Sound Design	Essentials	
1a-bAGOKhS6F-GdOhH1Ex7D_Jn49oG6OV	SP 11 Overwhelm	mp3	11.55	CinePRO Sound Design	Essentials	
1kN44sCRk5zHGD0TnXXP_Hl0m-42CvHEn	SP 11 Reverent B	mp3	46.73	CinePRO Sound Design	Essentials	
1DojZ43oMlnMgDbA3HXsFUv1EEQSzslGu	SP 11 Rising Electricity	mp3	36.68	CinePRO Sound Design	Essentials	
1KJazC5qfiK6Lfq1XMVCQvciaoD8v5SWN	SP 12 Charging Up	mp3	23.4	CinePRO Sound Design	Essentials	
1jlPApuuxggroJVJRZhsN4ydbF6bHnJ4S	SP 12 Depth	mp3	10.64	CinePRO Sound Design	Essentials	
1pYZ9ZO1rjwJm_nl6eiPbex26C52XgZ9w	SP 12 Glass Machine	mp3	58.23	CinePRO Sound Design	Essentials	
1JHGvqX53q8GOhjlYo3s56iaYFh_MRw8a	SP 12 Out Of Place	mp3	15.03	CinePRO Sound Design	Essentials	
1V9TGQzTVMF_h6bHQTFdd0M2eA9wyHpOT	SP 12 Outer Darkness	mp3	42.82	CinePRO Sound Design	Essentials	
1NP-hHbftd_53VNKK8AfYQri5FhjaZnpN	SP 12 Tunnel Hit	mp3	14.21	CinePRO Sound Design	Essentials	
1r7Dl9Bmi_9KbeGvpjeY6dt-kUGskBsNg	SP 13 Down There	mp3	63.6	CinePRO Sound Design	Essentials	
1gq-zEezLB6CuWwp2dyGEZbxOm_mNIyGX	SP 13 Glass	mp3	9.65	CinePRO Sound Design	Essentials	
19rkIEyET06Ant6DFFm6SMEwq4icHujHX	SP 13 Long Whoosh	mp3	12.77	CinePRO Sound Design	Essentials	
1H2Qqqv_htWjeanjOJE30i8V_c0b6ZmnI	SP 13 Problems Arise	mp3	30.65	CinePRO Sound Design	Essentials	
1fsnucJA9NDasqAXTBoHjSAfgceMjpqvc	SP 13 Turning Point	mp3	12.41	CinePRO Sound Design	Essentials	
1dFy3G_GhOfLzPnghEFjPaIkkgJlUPS7i	SP 14 Boiler Room	mp3	61.11	CinePRO Sound Design	Essentials	
1tNlwQMVsnCmAX91MTYYI7Tpf0Z4Ukz5n	SP 14 Breach	mp3	12.29	CinePRO Sound Design	Essentials	
1b7fuU7EH4gw3jnhLSd4dIuUxdtLuJD8a	SP 14 Futuristic Pan	mp3	11.33	CinePRO Sound Design	Essentials	
14etVRt1E4Db-cT5rXjslZkcb4mu7jrtz	SP 14 Jet Thrust	mp3	22.42	CinePRO Sound Design	Essentials	
1Na9UA4yZvNTR2VHjeHlrY1g3QThyZkgm	SP 14 Tunnel Chatter	mp3	11.12	CinePRO Sound Design	Essentials	
1MeiOcyvxiB5dohTrJK4g5pqIX2I357Ct	SP 15 Cables	mp3	9.68	CinePRO Sound Design	Essentials	
1rsE3nCchrJnHIKqkNKhjIaD8n--TPpst	SP 15 Dark Game	mp3	11.28	CinePRO Sound Design	Essentials	
1S8P5AKyvu8vEJRtvepWv-ZvHdmPleQ7e	SP 15 Quick Pan	mp3	8.12	CinePRO Sound Design	Essentials	
1a8ROvL1C-zy_C2Tf-jsYvIemDEs86qpo	SP 15 Stranded	mp3	51.39	CinePRO Sound Design	Essentials	
18DeixtmV7ri5V31gRsZT7ouTFmQ4PFkt	SP 15 Swarm	mp3	19.01	CinePRO Sound Design	Essentials	
1TeZDSu4ynhKJFnhw150ys75gdoLRGnJR	SP 16 Hollow	mp3	52.85	CinePRO Sound Design	Essentials	
1oLMhKeCM3_U3tU02XvoyrpfrA3wCqWp8	SP 16 Power Cell	mp3	10.4	CinePRO Sound Design	Essentials	
1MxG-Id2Bc5C9cbPrKr0VPs-ly4mCO50w	SP 16 Swift Pan	mp3	8.21	CinePRO Sound Design	Essentials	
1u-UU_K_9F-6ieCkYSYLHSxf08Ohal3V6	SP 16 Timestamp	mp3	10.32	CinePRO Sound Design	Essentials	
1FrqzkOiC0D5_tBKFtm0nVbHQKd3UtR0-	SP 17 Dark Scan	mp3	9.46	CinePRO Sound Design	Essentials	
1R3IJWVsBTL8ybzJPPVCsp6oJCGyWlooV	SP 17 Lower Deck	mp3	61.88	CinePRO Sound Design	Essentials	
1Q6HMgDQmzFDnJJ1MLkT1HijoTFkwMNl6	SP 17 Pulse Pan A	mp3	8.91	CinePRO Sound Design	Essentials	
1-ON1Q-89R9exZmNl7uOIgLed_3fp3WEh	SP 17 Whoosh Click	mp3	10.42	CinePRO Sound Design	Essentials	
13aEwZNI0t9YpQIRDcbwPyHERNLvnRRDn	SP 18 Acute	mp3	8.12	CinePRO Sound Design	Essentials	
1AF55gcLDLU7yHHrjg-D3f24wbYvL_xFS	SP 18 Clicker A	mp3	8.9	CinePRO Sound Design	Essentials	
13oJBKzXAKPoBNfHG0n19S0HPi-dYOGqk	SP 18 Pulse Pan B	mp3	8.67	CinePRO Sound Design	Essentials	
1sRlG-puS7iaUyoQ3xtq1isQrfWszMSJv	SP 18 Sub Below	mp3	48.03	CinePRO Sound Design	Essentials	
1fRFAWjSqathNuFha85LYvYnkTcJwHo3H	SP 19 Charged Pan	mp3	8.81	CinePRO Sound Design	Essentials	
1UVnsgN0Tkpbq8B5W6gMwm5N1JiJCl6_K	SP 19 Clicker B	mp3	7.58	CinePRO Sound Design	Essentials	
1OjaNI_wsE8N10WsPohMAsRM_Jhnm9CeD	SP 19 System	mp3	10.56	CinePRO Sound Design	Essentials	
1PQYb6eUIf8-xx-8HJ2R6dRFxkvujgXRo	SP 20 Machine Whoosh	mp3	9.41	CinePRO Sound Design	Essentials	
1-dQDtxjrDPGSf5ucA25nOaCRtxGBl8GR	SP 20 Mysterious A	mp3	16.04	CinePRO Sound Design	Essentials	
1Qgi29zmqweYNgy1DeKcZ2KubAP1Oe2Nr	SP 20 Simple Strike	mp3	8.62	CinePRO Sound Design	Essentials	
1oykEbpfL60oyMZSA5ACUSnOEWmotghYy	SP 21 Mysterious B	mp3	11.74	CinePRO Sound Design	Essentials	
1X_ex-LFxdoMFd3Q0f4OtxFB9QyULAWqR	SP 21 Supersonic	mp3	19.42	CinePRO Sound Design	Essentials	
1BMs0N_BLY8NUirOEMWo9ZF-hqT7ap0G7	SP 22 Mysterious C	mp3	15.46	CinePRO Sound Design	Essentials	
1nNHSiRyfyfIvQ_fY-AgKt0_MqNazQr4m	SP 22 Shadow Whoosh	mp3	10.4	CinePRO Sound Design	Essentials	
1VJPC5BmSls8gj-Zuj83ndmCSxnp_q5F9	SP 23 Odd Feeling	mp3	13.83	CinePRO Sound Design	Essentials	
1T3vxYlTYH5iTEIGVzVnyPQIHyB_cbaLi	SP 23 Pressure Leak	mp3	7.88	CinePRO Sound Design	Essentials	
19ZVfcTC2wbWpjCQzveMbB5ULFUXvisXh	SP 24 Flange Whoosh	mp3	13.16	CinePRO Sound Design	Essentials	
17kWUVRYiuycPGHA0H94QpvqlJW6_DSJo	SP 24 Imperfect	mp3	11	CinePRO Sound Design	Essentials	
1lUDVL3kULSgNKxjpZq-d4cacrN7owSv3	SP 25 Iron Whoosh A	mp3	9.46	CinePRO Sound Design	Essentials	
1ZPYK2UAM3VidvCQAxAvj38_Ii336QNPe	SP 25 Synthetic	mp3	12.22	CinePRO Sound Design	Essentials	
1b4zVa_vFj6gvKx6VJh2JRXVtLlBMABYs	SP 26 Unsettling	mp3	16.16	CinePRO Sound Design	Essentials	
1q07UaEI1XO-EtnrVuyjaF7DWtHum9t5j	SP 27 Transport	mp3	11.21	CinePRO Sound Design	Essentials	
1aNLZFYZ1soO-PjvyYXBy3B5uMhFaDCcv	SP 28 Vacant	mp3	14.86	CinePRO Sound Design	Essentials	
1MDqEXxM0P1IQRKAco_8wd9vMrAANVKBR	SP 29 Graven	mp3	12.8	CinePRO Sound Design	Essentials	
1MWxFM81IjuDwTkUDSNtLDCOjK7D9m9qS	SP 30 Dark Texture	mp3	9.6	CinePRO Sound Design	Essentials	terror
1JJZTsMgoFvs0lHGPnxsu_DXmKA7Dui-5	Space Ship Hits Ground	mp3	6.68	CinePRO Sound Design	Essentials	
1zUpeeWpALuzOQf_s11EeD-81Bj-GNy9E	Space Ship Passing	wav	5.33	CinePRO Sound Design	SFX	
1BHxAywNkGlTwb6xuut5GHkRdn5HKXnBK	Space ship woosh	mp3	2.26	CinePRO Sound Design	SFX	
1xkbYkD73XkpUzpUL3GsAz-stNS-S5TOL	Space Spine - nova (criativos+vsl+aulas+conteudos falados)	mp3	173.88	CinePRO Sound Design	PLAYLIST	
1YrnLel5XIxMxvMvT8T2B-W8YcKVPiOLK	Space Time Rise	wav	13	CinePRO Sound Design	SFX	
1lM1QdmWGkuf2OAiMjI1VBk-G8k1m0nEZ	Space Whoosh 1	wav	5.77	CinePRO Sound Design	SFX	
1HMh5W0jXlnDQEsNfIS7I73s4lrAsNdU9	Space Whoosh 1	mp3	5.82	CinePRO Sound Design	SFX	
1C6S4Y1kKv-zVt4izvLCLsBIwkJ347pEA	Space Whoosh 2	wav	5.77	CinePRO Sound Design	SFX	
1l7sZpIlCJ1SMr4gyheIrC4H1T1pH0Unv	Space Whoosh 2	mp3	5.82	CinePRO Sound Design	SFX	
1DVS0Uy5seORgxXQeUxrba5-WYgIPUpCJ	Space woosh	mp3	1.97	CinePRO Sound Design	SFX	
1NhEJeejgm4T4lvt-OExjcGl5hGAIKcrU	SpaceBike	wav	43.7	CinePRO Sound Design	Essentials	
1USdWtR6DYS_ALIRuEhwLtfZuobvwpWRc	Spaceman	wav	60	CinePRO Sound Design	Essentials	
1aXgxUUonVBpzlmsK5FI5bYhMgQjUW_9I	Spaceship Pass By Downer	wav	5.68	CinePRO Sound Design	SFX	
1TodV5D5RQHtLtba2pbM9MofwGSeIUm5c	Spaceship001	wav	5.48	CinePRO Sound Design	Essentials	
1Cwm9JbF9fuDHXJCDYdJ-U02Na9RSvw7O	Spaceship002	wav	4.11	CinePRO Sound Design	Essentials	
1t-pxv99iBegOx6hRDnWYuCT5exz3LXai	Spaceship003	wav	4.11	CinePRO Sound Design	Essentials	
1_5FGvjNlE0jtBh_0qsXs0000j2oHZf0i	Spacey woosh	mp3	4.61	CinePRO Sound Design	SFX	
1SC4ogwzpu2PTRYMAz9kvQH4_dGiCknXY	Sparks	mp3	9.5	CinePRO Sound Design	Party FX	
1lCoNMnxerMeyoMStB6fsN_uq89Iq9Gyl	Sparks 2	mp3	7.78	CinePRO Sound Design	Party FX	
1naqcmQdNu9tFcpZrR0XnsnaBKmeZ277s	SPEARFISHER - Vivace	mp3	177.27	CinePRO Sound Design	PLAYLIST	
19de0hS-YOZ9gK44UWH_q89fEX7QMJQHx	𝙨𝙥𝙚𝙙 𝙪𝙥 𝙨𝙤𝙣𝙜𝙨 𝙩𝙝𝙖𝙩 𝙖𝙧𝙚 𝙝𝙤𝙩 𝙖𝙨 𝙝 𝙡𝙡	mp3	3235.99	CinePRO Sound Design	PLAYLIST	
1IU2MoCXvtpGXS69akO-KMElYAwVj6wuv	SpeedyAirSwishes_01	wav	0.98	CinePRO Sound Design	SFX	vlog,corporativo
1DLA_P_1TSD8j0Nou9Gh9b-4rqYhKZHNS	SpeedyAirSwishes_02	wav	0.87	CinePRO Sound Design	SFX	vlog,corporativo
1xjc6nyQ2c9Qjo9_bf0s8gfffaC3c2I1-	SpeedyAirSwishes_03	wav	0.75	CinePRO Sound Design	SFX	vlog,corporativo
167xZpZhEPI-jIgqBXQzgqjRyr_J9WAMe	SpeedyAirSwishes_04	wav	0.88	CinePRO Sound Design	SFX	vlog,corporativo
14G0yUovsItcZe3Qn_Q1135DQr6eGI9Dw	SpeedyAirSwishes_05	wav	1	CinePRO Sound Design	SFX	vlog,corporativo
1ffaMA8mXkKP9L3WCii21qyh-bBj_o21i	SpeedyAirSwishes_06	wav	0.52	CinePRO Sound Design	SFX	vlog,corporativo
1mWm7c-n3ypR5kmB7naH30FIdA09tJxUh	Spiked Cider - Dylan Sitts	mp3	137.59	CinePRO Sound Design	PLAYLIST	
1jWjAE7Fps4t9rxYvis_n6Z4gJSjRKTev	SpillAudio - The Mixologist Vol 2 - Cork Opening	wav	1.1	CinePRO Sound Design	SFX	
1sVDehfnZlkB7jQlGsILv3Z8yvEvl0ojK	SPOOK Bionic Fainting	wav	13.29	CinePRO Sound Design	Essentials	
1F-hg5g5QlDqRwInlF91ojP_oUzWM5xnZ	SPOOK Chase	wav	4.29	CinePRO Sound Design	Essentials	
1W5WzZaQX96TKfy-x3umZP1GIbb7lTxzn	SPOOK Moog Rip	wav	6.86	CinePRO Sound Design	Essentials	
1ywlUMF9htnF1bw5ZtLja09ynvm0ixSfX	SPOOK Uneasy Moog	wav	13.71	CinePRO Sound Design	Essentials	
1vPr3DeE6nq_nNH0Z8yJhw_BEMhJ0MpAE	Sport Rock Driving	wav	165.48	CinePRO Sound Design	PLAYLIST	
1pVvIbLDm7LmZIUX0v9HbwGX0vYSqawGi	St. Society - End of Time feat Txsh - No Lead Vocals	mp3	233.46	CinePRO Sound Design	PLAYLIST	
10QAHxJSECyXdurS9UsWgHJatT68tHYrv	Static Noise 1 - Single	mp3	3.7	CinePRO Sound Design	Essentials	
1ztfuw6hP3JDKXAkAELFm-QUBC6W2a2Dn	Static Noise 2 - Single	mp3	3.7	CinePRO Sound Design	Essentials	
1VVSxk2vvk2HzD-_jeI17vKmaUCSnW6V1	StaticGlitches_1	wav	1.51	CinePRO Sound Design	SFX	
12uAM_tw0NYlfgPl3uyGl1YgkMhJKjsOj	StaticGlitches_2	wav	1.5	CinePRO Sound Design	SFX	
1Rh18hCaVBNoySGWUGlF3hUun_HMps7wV	StaticGlitches_3	wav	2.11	CinePRO Sound Design	SFX	
1gkPpZti6TAMRGEnfOEmYUEzoPGMZnHfO	StaticGlitches_4	wav	1.32	CinePRO Sound Design	SFX	
1Kga2Yx7-iNJ8L9CtTGgi1M9q_TiykyU7	StaticGlitches_5	wav	1.48	CinePRO Sound Design	SFX	
1px2bGd1NVLXNifzWWX4RWRG_HHd8xxav	StaticGlitches_6	wav	1.83	CinePRO Sound Design	SFX	
1otVc-FH05-uH4BvIAuWm1R2zoshsiHA2	StaticGlitches_7	wav	1.91	CinePRO Sound Design	SFX	
1iZLgYfyEXwXLToQeDUE23PzoNhvMubgp	Stems_Bass	wav	171.43	CinePRO Sound Design	PLAYLIST	
1Kkm0unnA-TnN7K0CNz5pgSCtfm9jMEXM	Stems_Drums	wav	171.43	CinePRO Sound Design	PLAYLIST	
1vhIvbob1M_6G9y7H9Vh_69erUMd-LD18	Stems_Guitars	wav	171.43	CinePRO Sound Design	PLAYLIST	
1Aazfs-h3aeLP5BK2hFB1BgBNmf-LmOKC	Stems_SFX	wav	171.43	CinePRO Sound Design	PLAYLIST	
1K6aZVcdqmr7mmUCy81GfzmQ2PTJAsUP-	Stems_Synths	wav	171.43	CinePRO Sound Design	PLAYLIST	
1Tkye1eV0Y1cSYxaP9l4DpSUqwiDtMr5r	Stems_Vox	wav	171.43	CinePRO Sound Design	PLAYLIST	
1OP8gMauqKfsJJK0lgllT6QXWGv4eGLjO	Stephen Keech - Flew Too Close to the Sun	wav	206.75	CinePRO Sound Design	PLAYLIST	
13KVCZ15BoSjUtFbGWxTe2c6ne-C8vCNV	Stepping On Lego 1	wav	0.51	CinePRO Sound Design	SFX	tutorial
1LUy1KhsdkmrHJ62-PHEQakZS57R3FIA5	Stereo woosh	mp3	5.83	CinePRO Sound Design	SFX	
1yUuVUVIIqlzKfSZZZyDttOcpt4kmS157	Stereo woosh.L	wav	5.79	CinePRO Sound Design	SFX	
1Rn7_ZB8SsiCyskN_-QSFWUDIuCXO5nYM	Steven Beddall - Fresh as Fudge	mp3	98.66	CinePRO Sound Design	PLAYLIST	
15kp2poKhWH2JGLNLcGDretuicua5_nwl	SticksAndLids	wav	114	CinePRO Sound Design	PLAYLIST	
1dKn-EknS0GFd3Y6J-53528OwK0zNcEEd	Stone in Water Whoosh	wav	3.41	CinePRO Sound Design	SFX	
1dB8-VtneIAeg2GnROEdVwA2er1bSRLcw	Strike_Medo	wav	9.26	CinePRO Sound Design	SFX	
1rcv45QFdyN40FIl9dmLtd6d_hbYBZd3X	StrongRumblingBooms_1	wav	6.66	CinePRO Sound Design	SFX	terror
1kT1xx2HoIMnxqLkZSMO1AKWek3pEvC7H	StrongRumblingBooms_2	wav	7.84	CinePRO Sound Design	SFX	terror
1XHIK5fGMDvWbiI14aNbUnGdCJgt0dV40	StrongRumblingBooms_3	wav	7.06	CinePRO Sound Design	SFX	terror
1LT0iStT1gdcCcpuRqCeDEvGiJg9FvE1Z	StrongRumblingBooms_4	wav	9.21	CinePRO Sound Design	SFX	terror
1qvoQA_zxMSWus8fDyFHDC-nQM4ZrbXuD	StrongRumblingBooms_5	wav	9.6	CinePRO Sound Design	SFX	terror
1uuyOmTvmV8AB0DmS4AP4vU15buqz__NI	Stutter Whoosh	wav	5.37	CinePRO Sound Design	SFX	
1SBv5SALQRW8zvbC_y6PL-cWhg6oU6vxg	Stutter001	wav	3.88	CinePRO Sound Design	Essentials	
16bgZxdvIL0t4xdlo3Pf-JuQmQaPhVciD	Stutter002	wav	3.88	CinePRO Sound Design	Essentials	
1eVsDf8ox9k1ipEr42Cm5I9yn-Ddek7YN	Stutter003	wav	3.88	CinePRO Sound Design	Essentials	
1A5mg8tO1Oyv_lXk8bP1ACNv52yxjBGC1	Stutter004	wav	3.88	CinePRO Sound Design	Essentials	
1OmoUyMUnXgC9MsuWFpzokWukJ3SG869v	Stutter005	wav	3.88	CinePRO Sound Design	Essentials	
1gj0pLPhbwOwyKq7ED6CJTztJon2d4WH7	Stutter006	wav	3.88	CinePRO Sound Design	Essentials	
1FPiUJrvancswWCjH9M46ERkoSYRbk70g	Sub_impact_Trailer	wav	7.06	CinePRO Sound Design	SFX	trailer
1ytmRA_7ZCm5VByRe09hLOdqnhdcoaRO6	Submerge Water Whoosh	wav	12.63	CinePRO Sound Design	SFX	
1dP04vG838mrEqdqr-tXIiXUw5taETkrY	subway_metro	wav	106.86	CinePRO Sound Design	Essentials	
1ddRPmy0m4r2tk5R_zCFwBOV0oJZAHKWP	subway_metro_arrived	wav	132.83	CinePRO Sound Design	Essentials	
1ABz_vdgNLdcMh8yMauQY25KyvlWN44ky	subway_metro_inside	wav	284.44	CinePRO Sound Design	Essentials	
17YR2SQTfczBxGORuDE9gadjyvSRKaK2k	subway_metro_inside_arrived	wav	182.83	CinePRO Sound Design	Essentials	
1hXdrPbXjBn3yzBcg9ma7eXaFOVLPMa2v	Suction	wav	6.2	CinePRO Sound Design	SFX	
1uivNWiG4MIS32D5gmgOISS00FBYy8b68	Suction Pop 1	wav	0.59	CinePRO Sound Design	SFX	
1RYJKA-PsWsxsfzgG0PO4i8ddngDF1bV0	Suction Swoosh	mp3	3.24	CinePRO Sound Design	SFX	
1U9BtXTsSTZXHvp9aQWN3AKcWQLQWCThQ	Suction Swoosh	wav	3.2	CinePRO Sound Design	SFX	
1BQt2jcm0Wy-9maLLj9II3gXzCPrmgQ4h	Sudden End - Single	mp3	2	CinePRO Sound Design	Essentials	
1hIwHGiQu4yIjt0PRMsTyK5RmXtynE4Qe	Sun Burst	wav	4.66	CinePRO Sound Design	SFX	
1jocf1A4NE0gC75HwflxImhu-W2gTP7EC	SuperRiser_Tenso	wav	5.77	CinePRO Sound Design	SFX	trailer
183pMs4RoIZ-cwcOCBBj6Z5RW_qLRaiR4	SuperRiser_Trailer	wav	8	CinePRO Sound Design	SFX	trailer
1csCDNp6xCJa0mFmWHcUwgzmGRUpAAXXm	SuperRiser_Trailer2	wav	10.77	CinePRO Sound Design	SFX	trailer
1MWqpdDgKOe84J-yje73Zpslyd7XNQXsa	SUPRA - STRLGHT	mp3	139.44	CinePRO Sound Design	PLAYLIST	
1XcUAKTOKoFVTuDBQj6Pna0u15Rq4PFr8	SweepHigh	wav	5.48	CinePRO Sound Design	Essentials	vlog,corporativo
1lgmaXwdCKZThDGRM_u8pjsD6IPFKJP8a	Swoosh	wav	0.64	CinePRO Sound Design	SFX	vlog,corporativo
1dvih0ZWb0Tcd9xC5MIVuzutT2F1BQSbe	Swoosh	mp3	244.87	CinePRO Sound Design	PLAYLIST	
1pFsiSE6sjs1flaP5WZHfQBLLcTi0cVlZ	Swoosh [music]	mp3	244.87	CinePRO Sound Design	PLAYLIST	
1dUx37pKY_9aPMPBWNcgHChfbGzOVEaOP	Swoosh [vocals]	mp3	244.87	CinePRO Sound Design	PLAYLIST	
14y0L93SuubJlPNkoNxXVs9_FmIPlG8v6	Swoosh 1	mp3	0.26	CinePRO Sound Design	SFX	vlog,corporativo
11L-GsPtHlo589bKL6Chf8p_PzOvjPxCy	Sword - Swoosh	wav	8.08	CinePRO Sound Design	SFX	vlog
130NtpGGOUpbfEg3QzvMACJIHD0Rgd-bS	Sword Tremolo - Long	mp3	3.05	CinePRO Sound Design	Essentials	
1kVE2PtT9JDOvt2CgAw5gi6S329HJcBrY	Sword Tremolo - Medium	mp3	2.07	CinePRO Sound Design	Essentials	
1wop_RjUdoUF-5Jfcu-zhZYN8hCpnfu1k	Sword Tremolo - Short	mp3	1.06	CinePRO Sound Design	Essentials	
1__vR_yr8EHbbBJvcq93nRrXZ5BTFjYQl	Sword Whoosh & Impact 1 wav	wav	1.37	CinePRO Sound Design	SFX	reels
1cQJ3JzYb-6bCaIljWR5PHXoExxwBODf-	Sword Whoosh 12 wav	wav	2.55	CinePRO Sound Design	SFX	
1zQH5cFEQx8IU0kMUJLk0eGzXe5sYOz-W	SymphoMix MyFantasy Main	wav	114.55	CinePRO Sound Design	PLAYLIST	
14BvoPqpi82JkQFK4UZ9vLThyQRSO2s3f	Synth Diddle	wav	2.18	CinePRO Sound Design	Essentials	
14Rf96GG_NEkUnx1SW8UqPMJkjjeJqyc2	Synth Drop	wav	2	CinePRO Sound Design	Essentials	
1zW8bDv0sf6mcbrTj8rcU1ZOpKFKoJqBo	Synth Line	wav	14.8	CinePRO Sound Design	Essentials	
17SXUDVT6X9HW27OTWt2wQC2uy-3rNHAj	SyntheticWhooshes_V1	wav	2.36	CinePRO Sound Design	SFX	vlog,corporativo
1Mq1uZVduCv6g31A8peSjYZfQVddTJ6oK	SyntheticWhooshes_V2	wav	3.72	CinePRO Sound Design	SFX	vlog,corporativo
1ys7bcXhhnDT0i1yMGzsOeGLjyRXG_Xoh	SyntheticWhooshes_V3	wav	3.06	CinePRO Sound Design	SFX	vlog,corporativo
1xzUwWENnIxKu1DetaMJYn7hq8scFvJsd	SyntheticWhooshes_V4	wav	3.34	CinePRO Sound Design	SFX	vlog,corporativo
10KkLBulkIl46C6ks6vInZEQIAHWuovBU	SyntheticWhooshes_V5	wav	2.47	CinePRO Sound Design	SFX	vlog,corporativo
1dziaqpiQMfrNIMrNkKqPkAwB7o0NGbuI	SyntheticWhooshes_V6	wav	2.73	CinePRO Sound Design	SFX	vlog,corporativo
1YyUrClZ8Pd8w6JkXqQ95Hi9pEyEOz7sX	syth_data_1	wav	12.07	CinePRO Sound Design	Essentials	
1_9Fbm7iItAPEDOxg0neP6LuMk6DyvcMc	syth_data_10	wav	4.57	CinePRO Sound Design	Essentials	
19kGTLhJSnYMUaCpW57H7r01eHl8I7VtG	syth_data_2	wav	4.57	CinePRO Sound Design	Essentials	
1enZ38mVkxh-zr6ItoKe3WB63Vvp6r4nx	syth_data_3	wav	4.17	CinePRO Sound Design	Essentials	
1TXSEu4osU23xQkkXHxrfDIyDUtHwmknl	syth_data_4	wav	4.8	CinePRO Sound Design	Essentials	
1oncZKVXpMNAmSfFXDISRHO8NzZBfwf5D	syth_data_5	wav	4.62	CinePRO Sound Design	Essentials	
1EPvx8qZ2LnTZTOfCeFBQXF19cCOQ6l4j	syth_data_6	wav	6.6	CinePRO Sound Design	Essentials	
1fspPXeblIfAy1o4Tt93I4l8pMpivt3EA	syth_data_7	wav	6.6	CinePRO Sound Design	Essentials	
1qVBrR_bvGP4JqbwNSpoabzte_YsP-Pr2	syth_data_8	wav	4.57	CinePRO Sound Design	Essentials	
1IhQM53IKP-2yc_IcxcMcOIba_MyfOAFf	syth_data_9	wav	4.57	CinePRO Sound Design	Essentials	
1X4FvmuDukw8H5xnqcoMSn8W2Pzj0nSig	syth_data_up_11	wav	1.04	CinePRO Sound Design	Essentials	
1SjrzZ17gzRjBNmxXgRLAUZQ56PkA1Bst	Talking_Catana	wav	13.43	CinePRO Sound Design	Essentials	
1i5YA-dasCR4dOT3JRDUL6NLIXK_Q9GUp	Tambo Tom Roll	wav	14	CinePRO Sound Design	Essentials	
1ZnHNMr6O4Ts-FQA28OiEqRxy_ahA1Qdu	Tambor_Cinematic_Hit	wav	8.43	CinePRO Sound Design	SFX	
1ccQj_tfp_W39N5OhIyyrZukO1uz68kfn	Tambor_Impact_Trailer	wav	4.67	CinePRO Sound Design	SFX	
1Adcd9T9ER3KAnl6FwTPVhdf_E3du6y4-	Tamuz Dekel - Blue Beings	mp3	205.79	CinePRO Sound Design	PLAYLIST	
1KCI1qkpDt6TzP44JNDbZEG1QAY0nJcaO	tear_paper_1	wav	0.99	CinePRO Sound Design	Essentials	
1mXFkJ66bxzS2AkLKHPK9YNVLm0W-b4hi	tear_paper_2	wav	0.91	CinePRO Sound Design	Essentials	
1R_tN_MH6bVLPpGwRXdZeYNE8mYkzvOkm	tear_paper_3	wav	2.07	CinePRO Sound Design	Essentials	
1iTo_7O_p4skTVP2UP-1_VSo0qaM-Zd5r	tear_tape_1	wav	0.96	CinePRO Sound Design	Essentials	
1UGhski1sBY06Mr3Nh04KGsnFqHRn99oL	tear_tape_2	wav	0.96	CinePRO Sound Design	Essentials	
1Cc90Fq9wzJKDg9tU7n6QH8zDeKO5XK5m	tear_tape_3	wav	1.53	CinePRO Sound Design	Essentials	
1KBcNIoJCmOerDeb88GK-1FxYSH5wU5Ug	tear_tape_4	wav	1.53	CinePRO Sound Design	Essentials	
1d16T855TwhRZ00FBnvsNMwGmZg4q-Soo	tear_tape_5	wav	1.05	CinePRO Sound Design	Essentials	
1_yA0L852ZnWgTQn45QMN6lJUof6NHydW	tear_tape_6	wav	1.05	CinePRO Sound Design	Essentials	
1nlCsFQPnOQjJtq36FmYBtR_TmPuLDP6n	Tense Space Resonant	wav	59.22	CinePRO Sound Design	SFX	terror
1P56BLPPuT4-RyMYtzRHeIQZbX6ewDBHJ	Tense Synth	wav	24.73	CinePRO Sound Design	Essentials	terror
1cXAoxXngPesDdwxV3Uwtf3TMwJxoG1eH	Tension Movie Style Swoosh	mp3	6.01	CinePRO Sound Design	SFX	
1I6gQirslOExpD5GZGZ2-0IBAruzj7zep	Tension Movie Style Swoosh	wav	5.98	CinePRO Sound Design	SFX	
1h-NWHg554o1NVJuBRNbOTFufwMZ0dXCO	Tent in a Thunderstorm from Inside	wav	26.35	CinePRO Sound Design	SFX	
1OXFrugJ9VOXrF7ifqRp65KE002btVXjs	Tent in a Thunderstorm from Outside	wav	29.54	CinePRO Sound Design	SFX	
1nhqf_aaA4yln0y1NJn3r8bsmXWCtHI_e	Tent in the Wind outside	wav	12.93	CinePRO Sound Design	SFX	
1gvGWyzfx1ZUl2UWayReFgyQAAsTio734	Teo Laza - Nowadays - Instrumental Version	mp3	126.72	CinePRO Sound Design	PLAYLIST	
1Rg1QMkKLFe4gZBKUwd8SXAXv6DdBLp5W	Tessa Violet - YES MOM (video feminino)	mp3	162.41	CinePRO Sound Design	PLAYLIST	
16ORax66km_eCNbH44I2W-CZ0vwlAYJbD	Teto - M4 Feat. Matuê (Ander Remix)	mp3	185.97	CinePRO Sound Design	PLAYLIST	
1-oNhcX42JJ8bupXjModW8iTs-sPCP8uu	Teto - M4 Feat. Matuê (Ander Remix) [music]	mp3	185.97	CinePRO Sound Design	PLAYLIST	
10VRk5ShC6EjkB8yulKS2ADoHh-teXjtX	Teto - M4 Feat. Matuê (Ander Remix) [vocals]	mp3	185.97	CinePRO Sound Design	PLAYLIST	
18IIhhpXWSLUSwELkHurl89BZhAdSB_WB	Teto - Manha de fazer dinheiro (Slowed)	mp3	210.55	CinePRO Sound Design	PLAYLIST	
1VaXcOcl9KhBiw1a3QU9S4z4Whpl5j9mU	TETO - Mustang Preto (LVKS! Remix)	mp3	190.54	CinePRO Sound Design	PLAYLIST	
1jUFmzbEgWe0CeOXm0W-mbFpnkX0HA3MP	TETO - Mustang Preto (LVKS! Remix) [music]	mp3	190.54	CinePRO Sound Design	PLAYLIST	
13eREW00a0ntFOu-hS1J5w7cjz4bd74n0	TETO - Mustang Preto (LVKS! Remix) [vocals]	mp3	190.54	CinePRO Sound Design	PLAYLIST	
1Vo0lsYq12SoMdObeqBdXBiIOcRabOGIf	Teto - Paypal (Slowed & Reverb) [Oficial Slowed]	mp3	226.49	CinePRO Sound Design	PLAYLIST	
1ZXKJ2OFYCJp2hszuLM03dU0HAnboZV9G	Teto & Wiu - Rico e Cheiroso	mp3	136.7	CinePRO Sound Design	PLAYLIST	
1R2zzIX4SvJGmF_EYd-3ZhLAb4JR11hjU	The Abyss_Main	wav	137.72	CinePRO Sound Design	PLAYLIST	
1fOzR0XcmaCFKL2mNgC5NYmEtZf5jjKmR	The Big Boss	wav	90.75	CinePRO Sound Design	PLAYLIST	
1stDZekX_HYmMo1LXUeXeg-zYcJwQzbDL	The Champion Rises Alternative Version	wav	121.12	CinePRO Sound Design	PLAYLIST	
1QyYO9RZIhkcl2ImNHGWgxdBH0XLt6C5O	The Champion Rises Full Version	wav	156.38	CinePRO Sound Design	PLAYLIST	
1dakGA9bB_tyhKrMtfSwMC-rM5zUMZ36Q	The Champion Rises_Stinger Version	wav	7.02	CinePRO Sound Design	PLAYLIST	
1F50MsrD2rtld_z5hJezM3bLlDHsYijiE	The David Roy Collective - Eternity Awaits	mp3	129.72	CinePRO Sound Design	PLAYLIST	
1UDTCYQ8vQtGsDL0KzOLfYo_nC3t--BAU	The David Roy Collective - His Mercy	mp3	164.6	CinePRO Sound Design	PLAYLIST	
1pDTVU9irXKfu44wCMQFv0Hpg5MLBz4CR	The David Roy Collective - The Race	mp3	137.53	CinePRO Sound Design	PLAYLIST	
199UzHzzTS47LC1VGcQTwmz8fMb_SwnYc	The Imitation Game Soundtrack - The Imitation Game	mp3	157.31	CinePRO Sound Design	PLAYLIST	
1knxQcsyWhNoOih3gmCAps1-XJlyY0qdr	The Most Dangerous Rides_Main	wav	128.37	CinePRO Sound Design	PLAYLIST	
1qwY7pdppeAQDYjcO2aXj1_y-cUeUNblf	The Mumbai Underground (Full)	wav	118.6	CinePRO Sound Design	PLAYLIST	
1gLd5TnrcNbLOb_YDsZyF6_YYzHP6K8wF	The Power Of Inspiration	wav	129.82	CinePRO Sound Design	PLAYLIST	
108P17JU1m10yxXxbZaoKXAklKE3kV-Tb	The Suspense	wav	75.43	CinePRO Sound Design	PLAYLIST	
1AEqK02J0o86dyWy8lxbbaNfbwum3eWz5	The-power-of-inspiration-868775	wav	129.82	CinePRO Sound Design	PLAYLIST	
1G-HbE-ZCjyP8IVnUBanLesXDUXDN4VJv	Theory of Everything - Ending Scene Music (The Cinematic Orchestra - Arrival of the birds)	mp3	315.12	CinePRO Sound Design	PLAYLIST	
18WV3sfRfL15Iz70pkN9vBNm7aZWrK0mS	TheReturnOfKing_Main	wav	150	CinePRO Sound Design	PLAYLIST	
1GcXs56y_HMbOaSlixxU9WipfwAyH4d9c	Thick hollow woosh	mp3	4.87	CinePRO Sound Design	SFX	
1ZNEiu6YcVNHuyBv_XfU8b6jb-V7kHzjK	Thick hollow woosh.L	wav	4.85	CinePRO Sound Design	SFX	
1mHnChPlAJqCTGhIKwYyIXr1W6QcTwgSQ	Thick woosh, phazed	mp3	3.5	CinePRO Sound Design	SFX	
10QuDOJ8__Q3hVjCXv5dK6-MCek0Gghkz	Thin Rise	wav	7.44	CinePRO Sound Design	SFX	
1dgtnCZu4eq-k_wIQ5ML7uEu614pW-ymo	Through Glass - Ooyy	mp3	179.16	CinePRO Sound Design	PLAYLIST	
1cP7mzJASvmb3nmzhdRcOOf8HboLyumJE	ThroughTheWind_Main	wav	87.86	CinePRO Sound Design	PLAYLIST	
1MD9CnTxE21VFcsUJ61Jwbm3UGjNViy4c	Throwing Stones in the Water	wav	18.14	CinePRO Sound Design	SFX	
1h6fEMsAJT2n1_WCR1ez-Ine-E_huCQBH	thunder_1	wav	45.6	CinePRO Sound Design	Essentials	
15jPSwiW817NSaLglVIICWEUSV48XdCZo	thunder_2	wav	35.33	CinePRO Sound Design	Essentials	
1EeCLsVq70_0k4tdX5ky7bN7M5JUi0_pg	thunder_3	wav	37.19	CinePRO Sound Design	Essentials	
1EjZtVhvWz8hKbFikqs7y4gRw7WmZRiJp	Thunderstorm and Rain	wav	56.19	CinePRO Sound Design	SFX	
1IDxVZuhS3WeMVsV5nzryW07kL2mqM3iY	Thunderstorm Hit	wav	9.8	CinePRO Sound Design	SFX	
1eEyX-b3nmnwFeATSxU467eTQtBv6nGns	Thundrous	wav	9	CinePRO Sound Design	Essentials	
17kMdhvV3hNB8TRP7KvvUdSTUXjsKGMDd	Time to Act	wav	3.48	CinePRO Sound Design	Essentials	
14FFmXs59YbX_P0WbLe_SM_lY5hPQiyPq	Time_Wave_Intense_Fluttering_Pass_Bys_Pulsing_OCP-1557-67-02	wav	5.42	CinePRO Sound Design	SFX	
1YFnqkOxPxkcq-FuzEYh_QGOb37EQvVRR	Time_Wave_Intense_Fluttering_Pass_Bys_Pulsing_OCP-1557-67-08	wav	7.99	CinePRO Sound Design	SFX	
110SeDkRh4DrNzU1_aoELgiLbJ07dLycD	Time_Wave_Intense_Fluttering_Pass_Bys_Pulsing_OCP-1557-67-08 2	wav	7.99	CinePRO Sound Design	SFX	
1ZKzVQW_prhgIqPPXKGqwTN71BSXQPiWx	Timelapse Rise, Whoosh	wav	7.37	CinePRO Sound Design	SFX	reels
1Loyx471edVzt3tbGHahadUbrU0zVBxhx	TimeToExecute	wav	106	CinePRO Sound Design	PLAYLIST	
1nk1nTH1FRY9azLnV6jEkYFWolrZlVXmb	TimTaj DesertTension	wav	104.63	CinePRO Sound Design	PLAYLIST	
1VGh8g9tTwQKRuN13l9DtL2PpqPlJ8A0b	TinyWhoosh_V1	wav	2	CinePRO Sound Design	SFX	vlog,corporativo
19WRKG1A9p-oROCs_FkcHkBnvkiDGRQea	TinyWhoosh_V2	wav	2	CinePRO Sound Design	SFX	vlog,corporativo
1zbVJc4EarhDWaUIb0gAE2p-xLLUnuvPw	TinyWhoosh_V3	wav	2	CinePRO Sound Design	SFX	vlog,corporativo
1wj77XiRzy_8wstNJjN2OUWH4vcJA531T	TinyWhoosh_V4	wav	2	CinePRO Sound Design	SFX	vlog,corporativo
1UTptFQl1gJ5w0zeyqtIzdj40chBhtwly	TinyWhoosh_V5	wav	1.99	CinePRO Sound Design	SFX	vlog,corporativo
1tS2hFXE48gNJ_KkB_YIpNjQEPMW9tje_	TinyWhoosh_V6	wav	2	CinePRO Sound Design	SFX	vlog,corporativo
14MDRhXpe0n0qGtFVU7ogLq9gbtjE3XZD	TinyWhoosh_V7	wav	2.5	CinePRO Sound Design	SFX	vlog,corporativo
1aqjVhUBH_JtEAbObu0JoSRGGAtP0dqkG	TinyWhoosh_V8	wav	2.5	CinePRO Sound Design	SFX	vlog,corporativo
1VgmmUVi-PKG4l0C3ddmOEYczgV9UFKkV	TIPO HOLLYWOOD (REMIX) - Triz, DJ TS, DJ TN Beat	mp3	131.14	CinePRO Sound Design	PLAYLIST	
1lsI1fsqLam3C_pn1YFkAwm8if2icDvqa	toilet_flush_1	wav	16.27	CinePRO Sound Design	Essentials	
1nH29xIFyek1EHBGqeiSasRGtcEvfkI9J	toilet_flush_2	wav	8.87	CinePRO Sound Design	Essentials	
1FgjAUfCIRLQ65mYZwewCM9wUH0HRu4SF	Tomas Herudek - Orbit Ride - No Drums	mp3	223.95	CinePRO Sound Design	PLAYLIST	
1XkyuV667Wu_ibKK9Neml2PcLVjUbai13	Tomas Herudek - Walk Faster - Drums Version	mp3	143.52	CinePRO Sound Design	PLAYLIST	
1cxPFhHo1jJi8ARhrge3vLjLLa7tGhuOc	Tommy Jervidal - The Ice Virgin	mp3	213.37	CinePRO Sound Design	PLAYLIST	
1cQcw08bk8QjXHsrapc527Q9swYXIlFqp	Toms Rushing	wav	42.67	CinePRO Sound Design	Essentials	
16ybfZbDsA4APizHZ9GwigvdjrYFDR5iY	Tomsynth	wav	32.54	CinePRO Sound Design	Essentials	
1SKhyT_6-XvpmQxAIi7wZXIwpD0K4szNc	Tone Riser	wav	7.96	CinePRO Sound Design	SFX	
1905y8YrFpzUVg_1lcskrMy1oU77kAQTL	TOOLMisc_MOVEMENT-Tape Measure Open Close 01	wav	1.27	CinePRO Sound Library	Utility	
1Iczgcfbf39ekt4JffMrhwYUogDWZcWqi	TOOLMisc_MOVEMENT-Tape Measure Open Close 02	wav	1.07	CinePRO Sound Library	Utility	
1TE10gA783jieHq74VqGEqjJFUCSt_Y_m	TOOLMisc_MOVEMENT-Tape Measure Open Close 03	wav	0.49	CinePRO Sound Library	Utility	
17LdhcNHn3k_2Ca59Ri9PheeKBGMpo4L4	TOOLMisc_MOVEMENT-Tape Measure Open Close 04	wav	0.67	CinePRO Sound Library	Utility	
1nEUib5igYC1UHqj140D5x4jKnEUWc4eH	TOOLMisc_MOVEMENT-Tape Measure Open Close 05	wav	0.77	CinePRO Sound Library	Utility	
1SUQS7rRC_tKGaiJq0rJMSusFwES4-TRv	TOOLMisc_MOVEMENT-Tape Measure Open Close 06	wav	0.75	CinePRO Sound Library	Utility	
1O3be5H3XnMztbyFbOvQDl1v0ZZJNYcpF	TOOLMisc_MOVEMENT-Tape Measure Open Close 07	wav	0.95	CinePRO Sound Library	Utility	
12s6cD1mjsPz3KQTmcvCK9vqwMbCeZaaa	TOOLMisc_MOVEMENT-Tape Measure Open Close 08	wav	0.87	CinePRO Sound Library	Utility	
1iRRZP_H5KZcDha5wSykOd3f1KNvT56VU	TOOLMisc_MOVEMENT-Tape Measure Open Close 09	wav	2.12	CinePRO Sound Library	Utility	
10NVDBU-FEoVIwY1B1sxiPRDzMiTA8Xxc	TOOLMisc_MOVEMENT-Tape Measure Open Close 10	wav	1.26	CinePRO Sound Library	Utility	
1os5FfxssfUCv9A0DAp4VrilLgZO_r7qT	TOOLMisc_MOVEMENT-Tape Measure Open Close 11	wav	0.58	CinePRO Sound Library	Utility	
1t6kY4MAsvLRjdePAEx4xo6XsyS-qm6Hz	TOOLMisc_MOVEMENT-Tape Measure Open Close 12	wav	0.69	CinePRO Sound Library	Utility	
1m6w0H05Tk7FsPrpSss_7zMpzIyMJOkkA	TOOLMisc_MOVEMENT-Tape Measure Open Close 13	wav	0.62	CinePRO Sound Library	Utility	
1PmxvNJi_T46tc5ko-fm85A--QJz4ZyR2	TOOLMisc_MOVEMENT-Tape Measure Open Close 14	wav	0.49	CinePRO Sound Library	Utility	
1PueMuNo04ux4EaQrwXADgAnGIaUh8p8y	TOOLMisc_MOVEMENT-Tape Measure Open Close 15	wav	0.54	CinePRO Sound Library	Utility	
1btj4ZTPijXAIBhJwJtUbIQazjt_TzZch	TOOLMisc_MOVEMENT-Tape Measure Open Close 16	wav	0.64	CinePRO Sound Library	Utility	
1knVNLvoXfWixqduASMadAJ-whX0VJisj	TOOLMisc_MOVEMENT-Tape Measure Open Close 17	wav	0.67	CinePRO Sound Library	Utility	
14rl0rHCrefDjKB9poX7COsNx9H7nM7OY	TOOLMisc_MOVEMENT-Tape Measure Open Close 18	wav	0.47	CinePRO Sound Library	Utility	
13txPmN_zDt1Y6ifV-SONyhp74H_aWj1p	TOOLMisc_MOVEMENT-Tape Measure Open Close 19	wav	0.92	CinePRO Sound Library	Utility	
1Xs5mIj4dZ2xuVBciLsZcEDBADN8HEk3j	TOOLMisc_MOVEMENT-Tape Measure Open Close 20	wav	0.64	CinePRO Sound Library	Utility	
1uUhgDT1OteheCHqyx5bHYqmRPZQPYDg5	TOOLMisc_MOVEMENT-Tape Measure Open Close 21	wav	1.11	CinePRO Sound Library	Utility	
1FWHFo0mqsNG6h_i2JPwlPhVUqMrBd7dn	TOOLMisc_MOVEMENT-Tape Measure Open Close 22	wav	1.18	CinePRO Sound Library	Utility	
1sglzDZPjjODjPnHhXvAjeDEWVVM3oHij	TOOLMisc_MOVEMENT-Tape Measure Open Close 23	wav	0.67	CinePRO Sound Library	Utility	
1-Cx4qUufIeM4tbMC7TXHDx86YHrngtqa	TOOLMisc_MOVEMENT-Tape Measure Open Close 24	wav	0.62	CinePRO Sound Library	Utility	
1vlE-oi4u2nC704bKSKPt8oQG0juuMTVa	TOOLMisc_MOVEMENT-Tape Measure Open Close 25	wav	0.44	CinePRO Sound Library	Utility	
1jOBpCGQYmdPi0DvDH319vZLNJu6oL2hY	TOOLMisc_MOVEMENT-Tape Measure Open Close 26	wav	0.51	CinePRO Sound Library	Utility	
12TcOh7_VEoW-1pPfrE5zOiDldXsKSXUn	TOOLMisc_MOVEMENT-Tape Measure Open Close 27	wav	0.66	CinePRO Sound Library	Utility	
1IvT-DsaCGC-vJJzySgfoPJf5r6fh4DqW	TOOLMisc_MOVEMENT-Tape Measure Open Close 28	wav	0.65	CinePRO Sound Library	Utility	
1mev9_EewRcG-C6cdZC0xTPGzmkOYqiYz	TOOLMisc_MOVEMENT-Tape Measure Open Close 29	wav	0.62	CinePRO Sound Library	Utility	
1VsIMDaq-boaiUPy7y3lTy7QsPI_vgVbD	TOOLMisc_MOVEMENT-Tape Measure Open Close 30	wav	0.7	CinePRO Sound Library	Utility	
1jg_RK9enPVt15lYwatAQiw99AnPO3HiO	Toque de notificação iPhone 12 - original 2021 (320 kbps)	mp3	4.31	CinePRO Sound Design	Essentials	
1ZxO54VM_SinGFVkhAMnfqJcWWGmn8P3y	Torpedo Whoosh	wav	2.16	CinePRO Sound Design	SFX	
12xjGsPKwEWVPmOjtgbwExBGqq8nIkY1r	Trafego de carro	mp3	163.31	CinePRO Sound Design	SFX	
1kUTaX69lC3AQ91HRMz9j4BMU8e30BUXq	Trailer Hit 1	wav	5.37	CinePRO Sound Design	SFX	trailer
1VaYTe5xSVITW_qZufqDbzeyoJiBfGjP0	Trailer Hit 1	mp3	5.41	CinePRO Sound Design	SFX	trailer
1-fCEWnd2XxtwR8ticbzZnoQZrkUw2A78	Trailer Hit 2	mp3	3.71	CinePRO Sound Design	SFX	trailer
10pDtind1Sj8KZA0LJbAsstku1D1XWETu	Trailer Hit 2	wav	3.66	CinePRO Sound Design	SFX	trailer
1P7-GI0847NQqWI1413_5SbPIdsuvhN-G	Trailer Hit 3	mp3	4.68	CinePRO Sound Design	SFX	trailer
1rpUHsebt2lcn_HHA2J9TlVBtt4k6b9uL	Trailer Hit 3	wav	4.62	CinePRO Sound Design	SFX	trailer
1Fu6GF4FZuY3kjzorwouXhV9DyvUrRNZp	Trailer Hit 4	mp3	5.38	CinePRO Sound Design	SFX	trailer
1aNlA37PHJcv7uUIGX939Ot9o1k6HAVRF	Trailer Hit 4	wav	5.34	CinePRO Sound Design	SFX	trailer
1vQGPM7OMoqnlh75p2Aqwofey-V60gG-Z	Trailer Hit 5	wav	5.54	CinePRO Sound Design	SFX	trailer
1LtMnAoOvrGHnMDphT4_h6x-LVMxyiGOs	Trailer Hit 5	mp3	5.59	CinePRO Sound Design	SFX	trailer
17DLTUrt1IW1bjFDt7-PVpFC3YnCO4FsY	Trailer_Riser_Fino	wav	7.32	CinePRO Sound Design	SFX	trailer
1WNBaB6h88fyGATVP8ERO34XOGsKkvBYN	Train Whoosh	wav	4.19	CinePRO Sound Design	SFX	
1YMSBNAXFHHRh3Z-VS4YGRmyVqG0H0tqW	train_air	wav	15.04	CinePRO Sound Design	Essentials	
1a4HVE8wZl1CtqctHMgwqCgeO9aJMv7eg	train_movement_1	wav	280	CinePRO Sound Design	Essentials	
1Y4xHstoTr0_de4A_cRo_GDNRvHoFIs0H	train_movement_2	wav	45.91	CinePRO Sound Design	Essentials	
1g1AX0ZFy361ZYgSAlKS4IZmihhe_ly6l	train_movement_3	wav	84.86	CinePRO Sound Design	Essentials	
1CvfEdmX4CHIcw9Fo3-bUvbe7QddDomgc	train_movement_horn_4	wav	70.7	CinePRO Sound Design	Essentials	
1C6ILue5VteH9smd_uPdZcJ0D5Z1Mh3Ua	Transition_Riser_Whoosh	wav	4.14	CinePRO Sound Design	SFX	reels
1TsJX3DITKCuk1QutgeIzT3eh-s17z_0a	Travis Scott - HYAENA (Official Audio) (320 kbps)	mp3	223.79	CinePRO Sound Design	PLAYLIST	
1Y-jJvqcezns-GTYTevvpRLwsnU-kHT2X	Travis Scott - NIAGARA FALLS ft. 21 Savage (320 kbps)	mp3	188.5	CinePRO Sound Design	PLAYLIST	
1_kZYZvlPMtVfiKEaYuPwpcCmDpezenBE	Travis Scott - TELEKINESIS	mp3	355.34	CinePRO Sound Design	PLAYLIST	
1Gahx893ao9ItdcL0ImJ94cwHLDVMHw_b	Travis Scott, Bad Bunny, The Weeknd - K-POP (Official Music Video)	mp3	210.29	CinePRO Sound Design	PLAYLIST	
1l0R_HljzQvg9kvTLpxe4BUn54P9lSR52	Tree Whoosh	wav	4.83	CinePRO Sound Design	SFX	
15KDEG__8-MGc9PNOhWjNHW5Bu7qOUiW4	Tremolo Build Arp	wav	24	CinePRO Sound Design	Essentials	
1PqmPz4iSbE8HA3x5jbJomYyyuniiVbq7	Tremstring	wav	20.34	CinePRO Sound Design	Essentials	
1YxAoqlw7xvSX51AXLit9tkd0ay03nxhf	TrilhaShort_Epica	wav	19.16	CinePRO Sound Design	SFX	
1gZQnifUxpZXeVL0T8K3hZSFZIFsqyvjL	Tristan Barton - Dawn Raider	mp3	242.83	CinePRO Sound Design	PLAYLIST	
1Br3NXCdxzvjDJDGVNJOMV0214s2w_4pJ	Tristan Barton - Eternal Life	mp3	177.08	CinePRO Sound Design	PLAYLIST	
18FBU_JmV7uAYDD20oouzbSbSRLJIvDif	Tristan Barton - Infini	wav	220.08	CinePRO Sound Design	PLAYLIST	
1KF44tUGj90dMnEm3PxbryQQTjjJKLm87	Tristan Barton - Revelations	mp3	215.99	CinePRO Sound Design	PLAYLIST	
1VS2qQtBNgEREC_8F8mH3jY2ZtPtjO7tF	TRVL - Atmo 1	wav	28.5	CinePRO Sound Design	SFX	
17NOvEy0GRaYDJw0ial06NZUzCJkGVrKx	TRVL - Atmo 10	wav	25.5	CinePRO Sound Design	SFX	
1Uw5Am9hXHZSDt1y-XVTrDUMOr8DYj0iA	TRVL - Atmo 11	wav	25.5	CinePRO Sound Design	SFX	
1DCzRLGid3mOOviGgnc_up_VHC9SqBl9f	TRVL - Atmo 2	wav	28.5	CinePRO Sound Design	SFX	
14mJfArYZF7U_Qm7z_uf647gTI7TajG95	TRVL - Atmo 3	wav	28.5	CinePRO Sound Design	SFX	
1Z_SN4LDTnMCHEtNyhhJugyH27jI337Z4	TRVL - Atmo 4	wav	28.5	CinePRO Sound Design	SFX	
1XrWsDYipSblITA3ron7UMc7iA7KYfygc	TRVL - Atmo 5	wav	28.5	CinePRO Sound Design	SFX	
1iOfOC6Nb3m5yUEQcw_Yi_CAUtLAVy61p	TRVL - Atmo 6	wav	25.12	CinePRO Sound Design	SFX	
1tqAAaOTG-J73IMfeffBWujg3ZpOeBLmb	TRVL - Atmo 7	wav	25.25	CinePRO Sound Design	SFX	
1P1Ii3cvPAy3XJXvUrYYW79xtucn8OY_Q	TRVL - Atmo 8	wav	25.5	CinePRO Sound Design	SFX	
15BEBc-rI4EnHDYpzzRphO0VzCSFYzIoa	TRVL - Atmo 9	wav	25.5	CinePRO Sound Design	SFX	
1GPC5EpfhrICRBkYixmpDhpCBt-UVykaK	turn_paper_1	wav	1.88	CinePRO Sound Design	Essentials	
1nQTtzfN5SvzXz5Ss3842J7A7q54sBTgT	turn_paper_10	wav	1.7	CinePRO Sound Design	Essentials	
1Mmc5dIH5F1X6fIK_hD_RhpF_wNJUo4JR	turn_paper_2	wav	1.78	CinePRO Sound Design	Essentials	
15IezH3nK7ANttGSzP_xMpkHyDV_UFTHZ	turn_paper_3	wav	1.62	CinePRO Sound Design	Essentials	
1qmQHN5gciSytQWVskmAjeYINjDqb_fzU	turn_paper_4	wav	1.94	CinePRO Sound Design	Essentials	
1ZxznKMkVhxBwHX9FPUQ_3Q_sXT6J4FCw	turn_paper_5	wav	1.3	CinePRO Sound Design	Essentials	
1i3Rz9fFACyd-5Gdq1LxLYRJvQi2nwV62	turn_paper_6	wav	0.83	CinePRO Sound Design	Essentials	
1MNJmHklrz2MUmDujnb_XRO21c-7sS_GH	turn_paper_7	wav	2.79	CinePRO Sound Design	Essentials	
1sZ72A0s8MwLblWZf7Z43mqBToPG5gu-c	turn_paper_8	wav	1.35	CinePRO Sound Design	Essentials	
1Q37N9kuZc930hUtMvuA63OIh_MJyGiaH	turn_paper_9	wav	2.14	CinePRO Sound Design	Essentials	
1z8mMT9MHP2f2C64skcDRe9MDN9WvxgPl	turn_paper_fast_1	wav	0.61	CinePRO Sound Design	Essentials	
1nOxjLGaXnw1uaQ1MPPugCnLv9zG_61Gt	turn_paper_fast_10	wav	0.59	CinePRO Sound Design	Essentials	
19cAY2swJavpd1eYGd5EXAkJ8bRsEDOya	turn_paper_fast_2	wav	1.03	CinePRO Sound Design	Essentials	
1BdBs9B5-qdpVOC9vRV8GWm24bu5AjxQa	turn_paper_fast_3	wav	0.75	CinePRO Sound Design	Essentials	
1x2e7_rMr4NSGiWk0-YTPUKTTpSLAWj44	turn_paper_fast_4	wav	1.5	CinePRO Sound Design	Essentials	
1Pc1MjzMX-DUZA2HMHTAw38nCcOJjuk4P	turn_paper_fast_5	wav	1.16	CinePRO Sound Design	Essentials	
139U1MQQZlvm-elYrUSOa5clP0JM-9j8A	turn_paper_fast_6	wav	1.03	CinePRO Sound Design	Essentials	
1YBW6zhFIwqSPH03i0MksnXafMVZbsgn_	turn_paper_fast_7	wav	0.7	CinePRO Sound Design	Essentials	
1CnQ-EOeChlONGNRUSCexjWYzClWTJNQ4	turn_paper_fast_8	wav	0.84	CinePRO Sound Design	Essentials	
17HSiGxxDH59xISxao0BbF8qyl9rwgyNo	turn_paper_fast_9	wav	0.38	CinePRO Sound Design	Essentials	
1tlkjigPZvjraYER0fadShFOrlgxV_ivp	TURPAK - Exceptional	mp3	121.16	CinePRO Sound Design	PLAYLIST	
1QhWTbK2JcDjvaEBFmcLiv5HxMsVwkX3s	TURPAK - Shaping the Future	mp3	160.76	CinePRO Sound Design	PLAYLIST	
1PAAVSpw6_W9woob2nSOptqJ4Va8O7bFg	TV Glitch Noise 01	wav	0.64	CinePRO Sound Design	SFX	
1LGDVf1I1LtMSVSoulcbdnbJ9pxp04bBt	TV Glitch Noise 02	wav	0.46	CinePRO Sound Design	SFX	
11eO66YXAACc2LeQakhyYL_7JKuAAeebE	TV Glitch Noise 03	wav	0.56	CinePRO Sound Design	SFX	
1XUgOqzjFRqwY8iv0-YfDo9wZ6tXu5zE5	TV Glitch Noise 04	wav	1.06	CinePRO Sound Design	SFX	
1nrfFgPqisaNF_Y0AMs6wdIPCxqhh5Mk6	TV Glitch Noise 05	wav	0.75	CinePRO Sound Design	SFX	
1ZL17D-qvjOHC-CAoM5XlVgVnQC0OXdqz	TV Glitch Noise 06	wav	1.09	CinePRO Sound Design	SFX	
1_OycxaR1DqzQOwuamfdCWXEtrZGP0nhB	TV Glitch Noise 07	wav	0.61	CinePRO Sound Design	SFX	
1O_lf_SirAxs0l_u2kdmCUh_mjyDPNH0H	TV Glitch Noise 08	wav	1.22	CinePRO Sound Design	SFX	
1kv0z_sOrkh-2gquw6U6xgI4gtqGpctA2	TV Glitch Noise 09	wav	1.29	CinePRO Sound Design	SFX	
1WFZaeyfZcFIq6A7JxXNG5azfGs6BeO8k	TV Glitch Noise 10	wav	0.95	CinePRO Sound Design	SFX	
1b57IZAv_9MMZPI9AkISvQyxMz8A0Vk9X	TV Power 1 - Single	mp3	3.94	CinePRO Sound Design	Essentials	
1XvHHB8-MJI_R38phj_Zx69vDJNCC7YZA	TV Power 2 - Single	mp3	4.32	CinePRO Sound Design	Essentials	
1BMP-X0OF_5Gqwy3p-6MTnw8pHaxFZTDo	TV Power 3 - Single	mp3	2.69	CinePRO Sound Design	Essentials	
1_WJR443_EjUeNDh_yIwSONfjxzUhQeo0	TV Power 4 - Single	mp3	3.36	CinePRO Sound Design	Essentials	
1y3d5VqcF_sKUi9k5B_4J-NtzBR-Ep2Nh	Twisted Harmonics - Long	mp3	3.12	CinePRO Sound Design	Essentials	
1ZJMXsjnCwO-2MrenDIKU-pMrj9llERwp	Twisted Harmonics - Medium	mp3	2.31	CinePRO Sound Design	Essentials	
1virTuXG9Rzg86W3MJKjwS8vV3vy_MtzK	Twisted Harmonics - short	mp3	1.06	CinePRO Sound Design	Essentials	
1SaplOX6mFTy1Lt1J0OndxWnxV8WpffsR	Ty Simon - The Thing Is	mp3	128.29	CinePRO Sound Design	PLAYLIST	
1EEaqjhfG0-dVvHiC6f_eMyIU6vF2Bb3H	UI_Interface (1)	wav	1	CinePRO Sound Design	Essentials	
13o8YpQhkoGsKdld0jsPLq75mA7l0BGBe	UI_Interface (2)	wav	0.84	CinePRO Sound Design	Essentials	
1aByrbbsUuN_0AD64MvYS4BTRijs6TePY	UI_Interface (3)	wav	1.07	CinePRO Sound Design	Essentials	
1sHt1Lz6r5ZP8wZW97VbCzh31fUE-vlB8	UI_Interface (4)	wav	1.91	CinePRO Sound Design	Essentials	
1JMv9g2rPne26pZnLn4d7eWZqZ0FWYCg7	UI_Interface (5)	wav	1.43	CinePRO Sound Design	Essentials	
1rwywo6MycyO0ZKE8h04986grz0_6-OR3	UI_Interface (6)	wav	2.05	CinePRO Sound Design	Essentials	
1GzqIK8wIdS4d-k2g20AxGGKQlCfFmtaI	UI_Interface (7)	wav	4.23	CinePRO Sound Design	Essentials	
1Ml46eEi5gBdknILEqzpvM0xhh6254Z_t	Ultra Riser_Fluttering_Long_EPIC	wav	10	CinePRO Sound Design	Essentials	
1PSKytCoUZMXCnxS3qoG2nsjkMEW-MFMA	Unaverage Gang - UNDERWORLD (Slowed & Bass Boosted)	mp3	305.38	CinePRO Sound Design	PLAYLIST	
1YA-ZpFnRZ1bhzAExJ3bUvS2RuVldk2AC	unicorn breath	wav	2.35	CinePRO Sound Design	Essentials	
1kjC7QsbQyTja6jyQAUa81cGOcHLzwQ6T	Unstoppable	wav	58.67	CinePRO Sound Design	PLAYLIST	
11RqLlJDpdUqfiUXoqodaBmocSdZKCk3k	Unstoppable (commercial version)	wav	48	CinePRO Sound Design	PLAYLIST	
1aPvhBP7t6IcM56w2UFsRl3xokagO8393	Unstoppable (middle version)	wav	34.67	CinePRO Sound Design	PLAYLIST	
1CHXul8JPWLNF7D1hlvpYitE_Yw12iap1	Unstoppable (short version)	wav	14	CinePRO Sound Design	PLAYLIST	
1Q2yxdk5y9JbXq2SyZsqkoWwZusUTmwNa	Urban Belarus - Firework Display, Explosions and Sparks	wav	56.34	CinePRO Sound Design	SFX	
1A74gJIfdbyErRyZx04-aaJwzXK5dnEXy	Veaceslav Draganov - Awards	mp3	83.44	CinePRO Sound Design	PLAYLIST	
1AMiNprI3x9o5Nm-mdpDqDCcxRq_9mzWv	Veaceslav Draganov - Enigmatic Ritual	mp3	151.85	CinePRO Sound Design	PLAYLIST	
1NyB5eJT3U1cJdTHC_s36u92VhRYhgZw0	Veaceslav Draganov - Fiery Heart	mp3	128.81	CinePRO Sound Design	PLAYLIST	
1sHCFwCX_jIMAHGXm0hkfwN4Vr23mDbSs	Veaceslav Draganov - The Last Hero	mp3	141.09	CinePRO Sound Design	PLAYLIST	
1ZHNLS_V7WlZ2YrT-FW-CAiDzrMWKXONx	VEHBy_DESIGNED RACE SEQUENCE-Pass By 01 Focus	wav	4.05	CinePRO Sound Library	Velocity	
17LHoQ-CS_vEKov6Inl7O_0Q63oKBOYb1	VEHBy_DESIGNED RACE SEQUENCE-Pass By 02 Focus	wav	7.94	CinePRO Sound Library	Velocity	
1KY9heqbglixszQaQH9TCNw-9T1eTkaUq	VEHBy_DESIGNED RACE SEQUENCE-Pass By 03 Focus	wav	2.92	CinePRO Sound Library	Velocity	
1aYee4y4B_maLvKfOCTYYh2IChUvzn8g7	VEHBy_DESIGNED RACE SEQUENCE-Pass By Stem 01 Link	wav	7.51	CinePRO Sound Library	Velocity	
1o5sAna7UltW4vZoSJLz7ZOLwH993tO_x	VEHBy_DESIGNED RACE SEQUENCE-Pass By Stem 01 Shifted	wav	3.59	CinePRO Sound Library	Velocity	
1UwZ5ezMOUNKAKkygW_9RHg5otCMcoiw3	VEHBy_DESIGNED RACE SEQUENCE-Pass By Stem 01 Sunset	wav	1.49	CinePRO Sound Library	Velocity	
1bEJ8jgf4l2Jms7hbbFFjRG4wbkh1p5H6	VEHBy_DESIGNED RACE SEQUENCE-Pass By Stem 02 Link	wav	5.87	CinePRO Sound Library	Velocity	
19oKm4x1LCz0SYXbIesZn6v4jDCQ_mmxZ	VEHBy_DESIGNED RACE SEQUENCE-Pass By Stem 02 Shifted	wav	4.97	CinePRO Sound Library	Velocity	
1GudC7VjSW5_yOR_TH_yrSegDhDb-10VK	VEHBy_DESIGNED RACE SEQUENCE-Pass By Stem 02 Sunset	wav	2.07	CinePRO Sound Library	Velocity	
1KMqIxotF5gwh4MiU7oUiD-Pq_4Vjm_4h	VEHBy_DESIGNED RACE SEQUENCE-Pass By Stem 03 Link	wav	7.19	CinePRO Sound Library	Velocity	
18NzOf-AR3jcED_ozRLgFx6TS0nvX5zUF	VEHBy_DESIGNED RACE SEQUENCE-Pass By Stem 03 Sunset	wav	3.54	CinePRO Sound Library	Velocity	
1XPiGgXFGLJ4INz-jpZ6MbsGtKdoHsOhY	VEHBy_SOURCE RECORDINGS-Pass By Stem 01 Throttle	wav	3.11	CinePRO Sound Library	Velocity	
15a2SkCIKmPE3jtC7e76T7D62VEf7F6dO	VEHBy_SOURCE RECORDINGS-Pass By Stem 02 Throttle	wav	8.87	CinePRO Sound Library	Velocity	
1Q_TKtKHxPI3-PB3VZTcnV9n28oRCIFMd	VEHInt_SOURCE RECORDINGS-Car Interior Button A 01	wav	0.35	CinePRO Sound Library	Velocity	
1kFzqJPWmFDJp8MrsCwxuhY-4iKuLEkq8	VEHInt_SOURCE RECORDINGS-Car Interior Button A 02	wav	0.4	CinePRO Sound Library	Velocity	
1zwC-bNZKne841OzmwvnR0edYLQvuzMGR	VEHInt_SOURCE RECORDINGS-Car Interior Button B 01	wav	0.32	CinePRO Sound Library	Velocity	
1uhJJ8xYeoatg3YadJbbvVXEe5iFUOg8d	VEHInt_SOURCE RECORDINGS-Car Interior Button B 02	wav	0.32	CinePRO Sound Library	Velocity	
12llqUpIxJI7-v6MB4O9IRYQoGAXELIV9	VEHInt_SOURCE RECORDINGS-Car Interior Button C 01	wav	0.36	CinePRO Sound Library	Velocity	
1dse22pko9YPtRACdxuRZZz_Kp6J7UWkI	VEHInt_SOURCE RECORDINGS-Car Interior Button C 02	wav	0.34	CinePRO Sound Library	Velocity	
15mTBKLWvGzpCkTlhGstX1MXSHP4iiH2b	VEHInt_SOURCE RECORDINGS-Car Interior Button D 01	wav	0.27	CinePRO Sound Library	Velocity	
1yHR7jPQnbUFR4p8cEuGe9FQj-iOmcLkQ	VEHInt_SOURCE RECORDINGS-Car Interior Button D 02	wav	0.27	CinePRO Sound Library	Velocity	
1hf-S2qZKCYeck5gHJFpQHVyxr9Vd4RLu	VEHInt_SOURCE RECORDINGS-Car Interior Windshield Wipers	wav	5.79	CinePRO Sound Library	Velocity	
1lnbjCU3wIwX8-kEXEB0XaUgNemGZsX5N	VEHJalop_DESIGNED RACE SEQUENCE-Exhaust Stem Shifted	wav	0.27	CinePRO Sound Library	Velocity	
1JtIKBXxqcjo0TetYS5p_iljV253d4EmL	VEHRace_DESIGNED RACE SEQUENCE-Blur	wav	8.29	CinePRO Sound Library	Velocity	
1039PG7EDk8EwF2PPX8UYrvZgyS54YJHT	VEHRace_DESIGNED RACE SEQUENCE-Focus	wav	16.68	CinePRO Sound Library	Velocity	
1VPKUPCr9SLJaQDzc7-Nws8orEefBlrQq	VEHRace_DESIGNED RACE SEQUENCE-Link	wav	28.16	CinePRO Sound Library	Velocity	
1cBIv2pdVUe9D-amNP2kijzAJnN4ji2co	VEHRace_DESIGNED RACE SEQUENCE-Marked	wav	11.52	CinePRO Sound Library	Velocity	
1U12tVJBhC2jwV0t71lUIPfo562ggGtwF	VEHRace_DESIGNED RACE SEQUENCE-Octane	wav	20.22	CinePRO Sound Library	Velocity	
1Ksb4PEyrXZJF8rI7mR7JJHW99kP48zvR	VEHRace_DESIGNED RACE SEQUENCE-Overdrive	wav	14.35	CinePRO Sound Library	Velocity	
1GlWT2RxDGZzttd--42JVFtsdgT_4X8kN	VEHRace_DESIGNED RACE SEQUENCE-Shifted	wav	10.88	CinePRO Sound Library	Velocity	
1CtefV4jscO9pdM9IHJRyP6VSYIxwkpkl	VEHRace_DESIGNED RACE SEQUENCE-Sunset	wav	9.66	CinePRO Sound Library	Velocity	
14U--1vkRDda01RdrO8T9W-0FWe5aVlbu	VEHRace_DESIGNED RACE SEQUENCE-Throttle	wav	25.63	CinePRO Sound Library	Velocity	
1FsNOHq2w-BtmrXwj913bROkBWAwvnI8v	VEHRace_SOURCE RECORDINGS-Long Drive 01	wav	11.28	CinePRO Sound Library	Velocity	
17nFrEtni-E3kXjrNxpSSGjVuhofY6IxP	VEHRace_SOURCE RECORDINGS-Long Drive 02	wav	10.22	CinePRO Sound Library	Velocity	
1LGqOT3vSZIummfE_YQggtHXG7MaP61wW	VEHSkid_DESIGNED RACE SEQUENCE-Skid Link	wav	4.08	CinePRO Sound Library	Velocity	
1By3a6sBR4m98SQ0eIOd2VsheI1g7b_Vh	VEHSkid_DESIGNED RACE SEQUENCE-Skids Stem Marked	wav	4.48	CinePRO Sound Library	Velocity	
1Ts4gVXJkWEmFpRN_y7SdH7eiqOEIJddd	VEHSkid_DESIGNED RACE SEQUENCE-Skids Stem Shifted	wav	4.79	CinePRO Sound Library	Velocity	
1iO5DG6vvFDPdlFzhVtWDAV_SFMKFlVvR	VEHSkid_SOURCE RECORDINGS-Skid Stem Throttle	wav	2.14	CinePRO Sound Library	Velocity	
1GQeXlYclomHuF83uBS76YGMzSBv24B5q	VEHSkid_SOURCE RECORDINGS-Skids 01	wav	2.98	CinePRO Sound Library	Velocity	
1L30qZci1cyHjGCh27TXIQcXfOvgIGKpM	VEHSkid_SOURCE RECORDINGS-Skids 02	wav	2.17	CinePRO Sound Library	Velocity	
1qf5BHN5Mdl_dklOGL3Id_MV5puWiSEuZ	VEHSkid_SOURCE RECORDINGS-Skids 03	wav	4.05	CinePRO Sound Library	Velocity	
1rB_8ipblWRR9uQRN3BfHwmxtEFZkNvWN	VEHSkid_SOURCE RECORDINGS-Skids 04	wav	4.36	CinePRO Sound Library	Velocity	
1WIDdcp8CyKlAd5DXfGQzyEfVevBHhUGD	VEHSkid_SOURCE RECORDINGS-Skids 05	wav	4.05	CinePRO Sound Library	Velocity	
1_ls47mNxdDyk_XQkdQzFMVHAd1vD-r6w	VEHSkid_SOURCE RECORDINGS-Skids 06	wav	4.23	CinePRO Sound Library	Velocity	
18RXWiQLfiLn2w5bsm5vQRMDZCvtTUsPq	VEIGH - VIDA CHIQUE FT. KAASH PAIGE	mp3	210.55	CinePRO Sound Design	PLAYLIST	
1wuiPbTh3P_l3YEnhM5ci--D7mmiakbx2	Vengeance (versâo viral)	mp3	134.9	CinePRO Sound Design	PLAYLIST	
125EHKeVnML7-gBnd03A-60Xbe2oopg9M	Vine boom sound effect	mp3	3.27	CinePRO Sound Design	SFX	
11PnRe7k50xk-3tr4uBKCd-xGqaK1dvJB	Vintage Movie Projector 1	wav	47	CinePRO Sound Design	SFX	
1rPDxj8KrCDPjujQBIa3ejPb5SPy2g8VJ	Vintage Movie Projector 2 - Start	wav	8	CinePRO Sound Design	SFX	
1yIbd-XlY0-wG7UlSYm84zcLHbGSRjXhC	Vintage Movie Projector 3 - Loop	wav	15	CinePRO Sound Design	SFX	
1dxw7lzalhb9shof_uFXF6Sg-bUAZcIsl	Vintage Movie Projector 4 - Finish	wav	11.5	CinePRO Sound Design	SFX	
1teQvMFlBJRSHNOM33QeqGtWdiIEQykII	Vinyl	wav	60.78	CinePRO Sound Design	Essentials	
1H6jch_EBTY1hNbcVB3kB-qERSQOV7h79	Violin	wav	192.01	CinePRO Sound Design	PLAYLIST	
1k7F0itgl7HGic70N_rt017_Ph47wX6V0	Virginio Aiello, On Piano - Van Gogh	mp3	181.63	CinePRO Sound Design	PLAYLIST	
1zngFdX6D6GAcmDKEIHWzQBhCNeSYslCv	VIZÃO DE CRIA 2 - Anezzi, Tz da Coronel, Filipe Ret, Caio Luccas, PJ HOUDINI, MC Maneirinho, Dallass	mp3	306.17	CinePRO Sound Design	PLAYLIST	
1UporkqWKwUVomysBPAcZzfeJdcjOJBVN	Walz - Family and What	mp3	147.15	CinePRO Sound Design	PLAYLIST	
1xgsooJLcmCFRVhaZeuPjPLExxi8Ownrd	warmkeys. - Songbirds	mp3	203.81	CinePRO Sound Design	PLAYLIST	
1HbPD71n17AL1naFjij3oIaDDb_jCDgFU	Warning	wav	21.09	CinePRO Sound Design	Essentials	
1ZVrOWoh4v4ibIyGET5z8ocEa4xmzBopT	Water Splashes	wav	10.91	CinePRO Sound Design	SFX	
1BeSGkHy_Sd4xnhd8fzYZeL6nsIFbFioQ	Water Splashes, Swimming	wav	24.92	CinePRO Sound Design	SFX	
1NYmaMI0GOXXI-SVqUK5oSRaiSf2Bmfvk	Water woosh	mp3	1.9	CinePRO Sound Design	SFX	
1ggAomDo_vLaPixajfgOwW8EyiSPLAdH3	Water woosh.L	wav	1.86	CinePRO Sound Design	SFX	
1IXP00Bmv0STX_7VHAv1knw82wK1Sr8ar	water_bubbles	wav	7.79	CinePRO Sound Design	Essentials	
1f-c_ik-jiP9zkkHI6-yIRL9hbFkSjhtS	water_crane	wav	30.9	CinePRO Sound Design	Essentials	
12h15A579hIypwHkvOcvcQoO2_hhYjflf	water_pour_1	wav	10.48	CinePRO Sound Design	Essentials	
17SwdBMHRC_ZS8qGHn-GWgXWT_J6uo4c-	water_pour_2	wav	4.85	CinePRO Sound Design	Essentials	
1c1-_T5tXPaIaKx5_cn844DZlvHNpB80c	water_shower	wav	8.71	CinePRO Sound Design	Essentials	
1X3fJV-cZC__8sz2nICB0Ik084tO-6oyj	water_splash_1	wav	2.93	CinePRO Sound Design	Essentials	
1OY4qHjVpJrEq1jkU17sD361-ihKhxBAj	water_splash_2	wav	2.57	CinePRO Sound Design	Essentials	
1hK2esUpsGjQh1j-ZLoSWGeKDk2S1q2jg	water_splash_3	wav	2.64	CinePRO Sound Design	Essentials	
1gFMYWn72p69Db-U8SWpxOWQaYqeUzYTH	water_splash_4	wav	2.95	CinePRO Sound Design	Essentials	
1wBA2sDRzSiTxz7n1eb9s4qbvDvRnE1l-	Waterfall Big	wav	12.64	CinePRO Sound Design	SFX	
1a1HwkNMp1ZDVYm8hsCNJalFqAmyKWnEe	Waterfall small	wav	11.76	CinePRO Sound Design	SFX	
1GbHZITfJzhKRQy7186brYkcM1d6Nnu7v	waterfall_big_1	wav	45.78	CinePRO Sound Design	Essentials	
1khfBDbE6Lxww2sBYaa8XTS5A5qHpq8XV	waterfall_big_2	wav	41.1	CinePRO Sound Design	Essentials	
1ZmswCqvYsofczQyfGZh7axrhlcW-Da1Q	waterfall_medium_1	wav	37.28	CinePRO Sound Design	Essentials	
1ZUEd_4suRPzIPKj22fpQylM48hjGHINZ	waterfall_medium_2	wav	44.58	CinePRO Sound Design	Essentials	
1q0C7DwkxAkNGtuOoz91do-72ijTu3RCZ	WATRFlow_RIVER-Stream Ambience Loop 01	wav	141.31	CinePRO Sound Library	The Provence	
1WExZ0bCdkbKVHguQzrLuqVsqpG3yXxc6	WATRFlow_RIVER-Stream Ambience Loop 02	wav	141.27	CinePRO Sound Library	The Provence	
1JA8xN89liW0Pjl0qRkRjKTBAYWyFXIMu	Wav Haven - Unapologetic - Instrumental Version	mp3	170	CinePRO Sound Design	PLAYLIST	
1na5RCa9CKwIZrYUouIEvXAgB-GMKlu0M	Wave Whoosh 1	wav	3.52	CinePRO Sound Design	SFX	
142T_GBUkjIxJE5Hgl4h6BDEtn8p1jF-F	Waves in a Cave	wav	125.37	CinePRO Sound Design	SFX	
1TBbWVM0hzqwlC_ddW7vMEe9MX4fn0r7C	Waves on a Gravel Beach	wav	42.65	CinePRO Sound Design	SFX	
1k0kVO0g7CXvi-xwFGZ45eS-rkX89pl52	Weapon and Whoosh wav	wav	4.8	CinePRO Sound Design	SFX	
1BdYpd9uCckpe74lQInkFGgrcpCnDNJxc	WEARETHEGOOD - Outlawz - Instrumental Version	mp3	172.04	CinePRO Sound Design	PLAYLIST	
1bwbESj-YboyjfBJkYd0eiGF4x1wFqPkY	WhatWeFeel_Main	wav	175.49	CinePRO Sound Design	PLAYLIST	
1umTg6PREu2d-Spn90jnirS7FIcP2fYcA	WhatWeFeel_PianoSolo	wav	175.97	CinePRO Sound Design	PLAYLIST	
1k6NsVnDF7vcTRFSjSp9laOnEFWgegXvB	When It Hits Ya	mp3	154.1	CinePRO Sound Design	PLAYLIST	
1Nl7jdphFqbVpCUvI67ci8ROh5_IEP3WT	Whispers	wav	19.59	CinePRO Sound Design	Essentials	
18fxCLUZUb3wsIsBoG8H10KUbc0x9xpIG	White Noise Riser	wav	5.3	CinePRO Sound Design	Essentials	
1oXcQTNoyIIeI9e7MQhvAWyqwOXLrVYNw	Whoosh - Airy Whoosh- light and slow	wav	7.34	CinePRO Sound Design	SFX	corporativo
1x8lZpjskHRgwZGN6oJGiGPNswBvZWVAN	Whoosh - Hollw Space Whoosh- dark and low with Cinematic Impact	wav	6.94	CinePRO Sound Design	SFX	reels
1-dv9j-6r-mApG_fDrpaOgoxd1LFA1UdD	Whoosh 1	wav	6.84	CinePRO Sound Design	SFX	
1pm3NFOzaZELF5X_FuUMYqoLrpkViqDpN	Whoosh 1 - Long	mp3	3.22	CinePRO Sound Design	Essentials	
1G2GLDANr0UL0Tg4NCz7eV4JcvTMIbUL9	Whoosh 1 - Medium	mp3	2.02	CinePRO Sound Design	Essentials	
11wlJgzUHVuD6KlowSLVGE9CQhF-nWIv2	Whoosh 1 - Short	mp3	1.23	CinePRO Sound Design	Essentials	
1Hu0-vXgdkT7vu1r1JjixfI8sLGBMf8uu	Whoosh 10 - Long	mp3	3.05	CinePRO Sound Design	Essentials	
1JNNNmC7uFd3kIt2Jl1Z7WZgUwO6KXhms	Whoosh 10 - Medium	mp3	2.07	CinePRO Sound Design	Essentials	
1porRnvgRLlb2ORYIELlVvSSMfzYezDiE	Whoosh 10 - Short	mp3	1.06	CinePRO Sound Design	Essentials	
1ajin0AxUBVQgEiEuoSuxLYq4kk9XoSrc	Whoosh 11 - Long	mp3	3.05	CinePRO Sound Design	Essentials	
1JqTejVwKOCWpwru5Ubo5LI6el_4wNkx6	Whoosh 11 - Medium	mp3	2.07	CinePRO Sound Design	Essentials	
1MgYeLQvIa8uxo-ZLsl1ogqFLCAZ4K_R4	Whoosh 11 - Short	mp3	1.06	CinePRO Sound Design	Essentials	
1aUZMBklgYsr3trScwnyaOvLbADrETsYv	Whoosh 12 - Long	mp3	3.05	CinePRO Sound Design	Essentials	
1jW9XWNOoQQex5xbz4GeJJrn6oz2LZYIo	Whoosh 12 - Medium	mp3	2.07	CinePRO Sound Design	Essentials	
14AXl62Z259cGEQp_IdOkT-MqgFGu_WJQ	Whoosh 12 - Short	mp3	1.06	CinePRO Sound Design	Essentials	
14ebS-U4I9r-CT1vD5uLqFRyPqC56_tvb	Whoosh 13 - Long	mp3	3.05	CinePRO Sound Design	Essentials	
1KPFaOSc0eVFqKJuvdbV3zDwV1kFFbXWT	Whoosh 13 - Medium	mp3	2.07	CinePRO Sound Design	Essentials	
1qw_gom4PIfLbS5U19RkFO9HRedlu6Q4V	Whoosh 13 - Short	mp3	1.06	CinePRO Sound Design	Essentials	
12wHKGVnvxIlsQd9K3lNyDraluEHWsZOC	Whoosh 14	mp3	6.97	CinePRO Sound Design	SFX	
166J1nxzhXK9-l2BNGd7JT2QsQL1rEWLv	Whoosh 14	wav	6.91	CinePRO Sound Design	SFX	
1V3SEnaWtoo0RTrDs05H-VjwU5lzZ1xr8	Whoosh 14 - Medium	mp3	2.02	CinePRO Sound Design	Essentials	
1BsaKr3HK4D2dYp4tQL_z49Z0O8efBqGi	Whoosh 15 - Long	mp3	3.05	CinePRO Sound Design	Essentials	
1mnyGvyvA5JvirekgEuBPg1jf8AlJ7jMu	Whoosh 15 - Medium	mp3	2.07	CinePRO Sound Design	Essentials	
1GbU-LoU1YlDwGr9BJ46Ous1BRWhatUZN	Whoosh 15 - Short	mp3	1.06	CinePRO Sound Design	Essentials	
1id1t0UDhKh-qUX4mkhVdq9mKZtG8CVck	Whoosh 16 - Long	mp3	3.05	CinePRO Sound Design	Essentials	
1T2kyJVDpVaK39TQ6ZjgmJVUrKeU2J5XX	Whoosh 16 - Medium	mp3	2.07	CinePRO Sound Design	Essentials	
1nM4Y2koqc5p6KAVBRJ-bJ0UydJkq2ATb	Whoosh 16 - Short	mp3	1.06	CinePRO Sound Design	Essentials	
1gsdNGvSeLwEPHkFA1u7QRNNMLnukTX2X	Whoosh 17 - Long	mp3	3.05	CinePRO Sound Design	Essentials	
1ND_vpmpBkeC_Ut74PBjuph02kkJ5MvyH	Whoosh 17 - Medium	mp3	2.07	CinePRO Sound Design	Essentials	
1L0Ygtwz8c8U37VPRopC5kwTAqpKEsBcC	Whoosh 18 - Medium	mp3	2.04	CinePRO Sound Design	Essentials	
1X0c4YHV-Qcz3opMlEk-lOLcUVfco0MNa	Whoosh 18 - Short	mp3	0.96	CinePRO Sound Design	Essentials	
1mH2Ie5D7nVb7Ag9WC5AhnryGXGItgtP6	Whoosh 19 - Long	mp3	3.03	CinePRO Sound Design	Essentials	
1j_9BduMr99QKOS1PBYGe9W_rN00MoOQu	Whoosh 19 - Medium	mp3	2.04	CinePRO Sound Design	Essentials	
1b3JITb6Zmalhk1dcDTgMum7ov68zRZ6P	Whoosh 19 - Short	mp3	1.06	CinePRO Sound Design	Essentials	
1kUHdcvBX5xQWdtik7KMBy41AKUa0XaEf	Whoosh 2	wav	7.47	CinePRO Sound Design	SFX	
1uO6OAjXaFTTIKb2OphZ9V4eLukQsCe5m	Whoosh 2 - Long	mp3	3.05	CinePRO Sound Design	Essentials	
1GJ_OrawJs-Sp_MDBZhtueMUYtnEkVVpV	Whoosh 2 - Medium	mp3	2.07	CinePRO Sound Design	Essentials	
1-ny1w6nZR9akS4w_eFjItYqrJZeVuvbk	Whoosh 2 - Short	mp3	1.06	CinePRO Sound Design	Essentials	
1VCZ9x43FDy0k6pgUEdHIo2CLaTZd7Pdf	Whoosh 20 - Medium	mp3	2.04	CinePRO Sound Design	Essentials	
1VfhsgPRh--lff9KTR0u-jqxJt7UpiWpE	Whoosh 20 - Short	mp3	1.04	CinePRO Sound Design	Essentials	
1aWY8E3Z4ivsCmoTqXg_7cTvKjeNk1tuY	Whoosh 3	wav	7.88	CinePRO Sound Design	SFX	
1Cry8Bd_5jWl5LD5-bexMBChqLgz9rmgj	Whoosh 3 - Medium	mp3	2.07	CinePRO Sound Design	Essentials	
1pDR-iOzJO-bWfn8IcPzwW1BumJcDz3-z	Whoosh 4	wav	3.92	CinePRO Sound Design	SFX	
13rSd95rR7OH9bT93EyvO5K4o29jlJakw	Whoosh 4 - Medium	mp3	2.07	CinePRO Sound Design	Essentials	
13hi9FqpIYKTcAy9rM45GBkTLCohtz80S	Whoosh 4 - Short	mp3	1.06	CinePRO Sound Design	Essentials	
1BfqYG7h5brMVbkcXlfibQBpoaK4uWEl8	Whoosh 5	wav	7.39	CinePRO Sound Design	SFX	
1nMw2x1s3S297jMzyu5m_8J61i4-Qveue	Whoosh 5 - Long	mp3	3.05	CinePRO Sound Design	Essentials	
1wzQrIe5yYqAs9SFE-aQnICvGmJsO5dE-	Whoosh 5 - Medium	mp3	2.04	CinePRO Sound Design	Essentials	
1LvpGdNdlTQGkA-t5I2sQhePM5aAoT3Lu	Whoosh 5 - Short	mp3	1.06	CinePRO Sound Design	Essentials	
1v5_QmCWDd_cd8b7sjVDIx2N5yGe6tHMI	Whoosh 6	wav	9.25	CinePRO Sound Design	SFX	
1oaep0KcKsYUajW6kSUnKq9VoYgDqCFC7	Whoosh 6 - Long	mp3	3.05	CinePRO Sound Design	Essentials	
157fVk1c2R9xbw-D1GweCyAmN12l0jISj	Whoosh 6 - Medium	mp3	2.07	CinePRO Sound Design	Essentials	
1UTQqsrXz5E5xkgzffnI03LbwfgPhAbIv	Whoosh 6 - Short	mp3	1.06	CinePRO Sound Design	Essentials	
1cIw91wQYFvk-HjLTb34aavBvcjKTfXaR	Whoosh 7 - Long	mp3	3.05	CinePRO Sound Design	Essentials	
1MIj8Rpsc_fQA7aS6X0-Jo5yv2zvPSFnj	Whoosh 7 - Medium	mp3	2.07	CinePRO Sound Design	Essentials	
1StnEpzJGtvbY9qFmONJN7eGw7_0pKcWb	Whoosh 7 - Short	mp3	1.06	CinePRO Sound Design	Essentials	
1dOVrLliesPMUqX7RZFTx-ED-J6kL1biR	Whoosh 8 - Long	mp3	3.05	CinePRO Sound Design	Essentials	
1n9asGpjfM9d93L3-za8GbyySxY3tab8g	Whoosh 8- Medium	mp3	2.04	CinePRO Sound Design	Essentials	
1tyJiMleMVXfs4CJ1wBUdXN0ej8gJmVhl	Whoosh 8- Short	mp3	1.06	CinePRO Sound Design	Essentials	
1NnqgWCSoSnwlCXfDUtU-CYlJRXVRWOVv	Whoosh 9 - Long	mp3	3.05	CinePRO Sound Design	Essentials	
1cLf7tboXGyvCanlT6Cr1KDi1R9yWwQxx	Whoosh 9 - Medium	mp3	2.07	CinePRO Sound Design	Essentials	
1a9c6Z9tUFTWXtRGfhOOMU04TvWFfo_TR	Whoosh 9 - Short	mp3	1.06	CinePRO Sound Design	Essentials	
1uHzno1HHosnq1ojEUyRP6auSsohP_b6P	Whoosh and Downer 1 wav	wav	3	CinePRO Sound Design	SFX	
18MDQy0IVBIB8k0_8YRjCmZHymL0J5Jw2	Whoosh and Downer wav	wav	3.09	CinePRO Sound Design	SFX	
12RD3KdEXFrXVJA9kP_Bv1bLJp_xaq9aH	Whoosh Hit 1	wav	6.78	CinePRO Sound Design	SFX	reels
1ntFHrcHY0BL1jhyPGIwjvVY4AkCqzcad	Whoosh Hit 2	wav	6.78	CinePRO Sound Design	SFX	reels
1TXmYUEw4OOOsVt2Bymc7S97yLnuvrLQ8	Whoosh Hit 3	wav	6.78	CinePRO Sound Design	SFX	reels
1tTch2AQEcabKZ8mbyElxRfqkCJuxx1os	Whoosh Impact	wav	3	CinePRO Sound Design	SFX	vlog,reels,corporativo
1JzmwJmHC0lyZLG5cI0dDIbc6cj9a4ILE	Whoosh mp3	mp3	1.25	CinePRO Sound Design	SFX	
1WFirPODClv-wutKy7aaIWR24cQF1_GPT	Whoosh Pack-1	wav	0.6	CinePRO Sound Design	SFX	vlog,corporativo
1ArmBr5V8IzCEcXldi23qIXUCOjXnCJsf	Whoosh Pack-10	wav	0.56	CinePRO Sound Design	SFX	vlog,corporativo
12qenbLJzSBKX0538Vqu7eFZINKvyCvlZ	Whoosh Pack-11	wav	1.08	CinePRO Sound Design	SFX	vlog,corporativo
1P3rio-a4NOKSyLehpanyNQ0UaDx3JrNX	Whoosh Pack-12	wav	0.72	CinePRO Sound Design	SFX	vlog,corporativo
1eBfn5fj-d7Lyii4E4smxew_IhH4cA8Rm	Whoosh Pack-13	wav	0.69	CinePRO Sound Design	SFX	vlog,corporativo
1JZx6Y3iaQ-JQZsH9I0CwX0aYm-_1miGE	Whoosh Pack-14	wav	0.69	CinePRO Sound Design	SFX	vlog,corporativo
1Ytwt_GsDqN770RR90ae-PnMKSicyJ5O1	Whoosh Pack-2	wav	0.58	CinePRO Sound Design	SFX	vlog,corporativo
14YrNmo8gR0PTQyRLvww-g8mL08ay8JDt	Whoosh Pack-3	wav	0.64	CinePRO Sound Design	SFX	vlog,corporativo
1SDaX5bj4A2YLIX7CKLPvoT8w5td72PxR	Whoosh Pack-4	wav	1.26	CinePRO Sound Design	SFX	vlog,corporativo
13RAnDI5_6SRPp4RvQlucr0iMO_Fm0U-g	Whoosh Pack-5	wav	1.22	CinePRO Sound Design	SFX	vlog,corporativo
1GJ590_7H7UvMQxrvNrNZo6W-nyC0E4vm	Whoosh Pack-6	wav	1.16	CinePRO Sound Design	SFX	vlog,corporativo
1dZFIqfFKuNEJg5aHGMNgxUG2S1WsniBE	Whoosh Pack-7	wav	1.26	CinePRO Sound Design	SFX	vlog,corporativo
1Sow59kgdMdltntlyF0atMbrSWkPnhS8W	Whoosh Pack-8	wav	0.41	CinePRO Sound Design	SFX	vlog,corporativo
1qk3_MQTFxKoVVdmjvJCKedlEFczInNpF	Whoosh Pack-9	wav	0.51	CinePRO Sound Design	SFX	vlog,corporativo
1jXf2RHT8HJzeH4cyqx6Fekivs27yxdJ8	Whoosh Riser Transition	wav	6.5	CinePRO Sound Design	SFX	reels
1xcwecdAwg6b4E__5Sw4xIG2n1UKgxhbn	Whoosh Short	wav	3.4	CinePRO Sound Design	SFX	vlog
1IQtHRdZF0HJHmgo8dXYrPHLjQ2yYsUFu	Whoosh to Hit 18 wav	wav	7.38	CinePRO Sound Design	SFX	reels
128tgZ0eGMsuj7CwIdi3hvw6_B70ab_EJ	Whoosh wav	wav	1.12	CinePRO Sound Design	SFX	
12WiWx1h-Sci2dr131kpgeloqQ__oZMJw	Whoosh_Abafado	wav	3.11	CinePRO Sound Design	SFX	vlog
1R-DYYGp92s-Dy0yfjx0cW92fH9_kkuOK	Whoosh_Brilho_Shine	wav	6.82	CinePRO Sound Design	SFX	
1O-0cGYfF0V8zBKt3RQG58A1_UV4QI-c_	Whoosh_Fluttering_Short	wav	2.5	CinePRO Sound Design	SFX	vlog
1yFKyl4ITjJrfczkhmjp-CBRoDV1tyE1P	Whoosh_Fogo_Torch	wav	2.53	CinePRO Sound Design	SFX	
1MxM-vHt_yAx3Qz7lR3jy58Ilyw8CApv-	Whoosh_Fogo_Trovao_short	wav	6	CinePRO Sound Design	SFX	
1iIgI0pAxMFftpqOsoZFatcheJmeqEXP9	Whoosh_Grave_Long	wav	5	CinePRO Sound Design	SFX	
1HjdkH9EQdlVkk68kzjCpAfwyYZw0fgpp	whoosh_hit_01	wav	5.08	CinePRO Sound Design	Essentials	trailer,reels
181u2vROu0bCpFUJVKblFfuKO_WD4NrS7	whoosh_hit_02	wav	8.55	CinePRO Sound Design	Essentials	trailer,reels
12M4kwHUIyAZD8nJQxAqsPVR3tvn9Sk3i	whoosh_hit_03	wav	7.58	CinePRO Sound Design	Essentials	trailer,reels
1fCHU3z87BZZn6zo6JlBrkhZ6RhJZp_su	whoosh_hit_04	wav	7.08	CinePRO Sound Design	Essentials	trailer,reels
16RZS8Dd8KfUGmNWXHSxskpjhjFkxgYzW	whoosh_hit_05	wav	6.6	CinePRO Sound Design	Essentials	trailer,reels
1GjbvTP4RKy6cCZxXrVWtkjNe_i46NwGJ	whoosh_hit_06	wav	5.7	CinePRO Sound Design	Essentials	trailer,reels
1_gRGtHpZxaWK3aPc_16AdtwTg9dWMrGs	whoosh_hit_07	wav	5.8	CinePRO Sound Design	Essentials	trailer,reels
1Kh3O0Hfjs6U0CwNHlUtNHUvYhXbdKJ60	whoosh_hit_08	wav	5.37	CinePRO Sound Design	Essentials	trailer,reels
1Of--3IppJPGzR-WZQwnH5ab4kiqt0IH0	Whoosh_Ice	wav	2.38	CinePRO Sound Design	SFX	vlog
1-LQczzQ6OvuUbndzCmbEVhucq1EuuzdZ	Whoosh_Ice2	wav	2.39	CinePRO Sound Design	SFX	vlog
1gpRyqDKKrfnUTYc7draDfxWfwSLuae4J	Whoosh_Magic_Medium	wav	5	CinePRO Sound Design	SFX	
1zR5_r7ShOAdn_2LNsP1GbrZNuAdDPMiC	Whoosh_Magic_Sword	wav	1.55	CinePRO Sound Design	SFX	
1YhKWZJFD12J3G1BxMK2VoPWHXq3bnyFc	Whoosh_Reverse_Short	wav	2.2	CinePRO Sound Design	SFX	vlog
1Wxck3DcSqWml7pw1uxxRFobznATi_e-7	Whoosh_Short_Agudo	wav	3.43	CinePRO Sound Design	SFX	
19rZ5iR2CrjS3H0SZr-3_Eh8KEV2JN0zt	Whoosh_Short_Fino	wav	2.5	CinePRO Sound Design	SFX	vlog
1Qv8OcTgJ_ibeyw1zhnIsoxbC-Pdu0yzb	Whoosh_Short_R to L	wav	4.25	CinePRO Sound Design	SFX	vlog
10orqZtjE963tfqrrQZsvMFqAB8cd23tY	Whoosh_Short2	wav	6	CinePRO Sound Design	SFX	vlog
1xVL8vE6fDrAJSZmKbWea3GXLu0H-qPQw	Whoosh_Tecnologia_short	wav	6	CinePRO Sound Design	SFX	vlog
1kM-21ZgdAMh0SYxvnEDrLT55YyX_TyCy	Whoosh_Terror_short	wav	6	CinePRO Sound Design	SFX	vlog
1y2EPAMU_MlVdpsCVFIaakxW44d1jrzLp	Whoosh_Trailer	wav	7.47	CinePRO Sound Design	SFX	
1ZIXYsrxGTLpi6oIZDGLMZAlX8WGn8i4P	Whoosh_Travando	wav	4.02	CinePRO Sound Design	SFX	
121jgMxWTPmg6W9ytVq0WatuRVQLXBvtH	WhooshFino (1)	wav	1.31	CinePRO Sound Design	SFX	vlog,corporativo
1Sd5iGq7t2t0yviglNTDrwFT9YqMuIrLG	WhooshFino (2)	wav	1.31	CinePRO Sound Design	SFX	vlog,corporativo
1mzLm2aG5CeZLhv0mtY1wpcL5D6vMIuW0	WhooshFino (3)	wav	1.31	CinePRO Sound Design	SFX	vlog,corporativo
1ClEUIg4BLARqOHhu04d_2xBtleBpqLLK	WhooshFino (4)	wav	1.31	CinePRO Sound Design	SFX	vlog,corporativo
1eLAaAMuvEb-0hsYGzuhVXP5eIa5sq0Ll	WhooshFino (5)	wav	1.31	CinePRO Sound Design	SFX	vlog,corporativo
1T2_zv2Jooa3q52Pz1CARvlW_xP4EbFeU	WhooshFino (6)	wav	1.31	CinePRO Sound Design	SFX	vlog,corporativo
1SwgW6bYg4azQmDv5FH5I1IER94XzkpxG	WhooshFino (7)	wav	1.31	CinePRO Sound Design	SFX	vlog,corporativo
1fBIntmq4SOYrcBtiWIzJ5Onf3vM8Gbeo	WhooshFino (8)	wav	1.31	CinePRO Sound Design	SFX	vlog,corporativo
1teRjq9j8UI6I2sdLIMLEHfy6QIquvJHD	WhooshFino (9)	wav	1.31	CinePRO Sound Design	SFX	vlog,corporativo
138mASs0R-iM9Eyf9CTjs-zDy6nXP9eAF	WhooshMedium_Riser	wav	6	CinePRO Sound Design	SFX	reels
1cofsKmvCX4KlzjbMwWoe4bwls2GZdXbt	Whooshs (1)	wav	4.16	CinePRO Sound Design	SFX	vlog
1czJWvZ0Rz5FWNLhRdKZh7Xc0kvb-fXTu	Whooshs (2)	wav	4.16	CinePRO Sound Design	SFX	vlog
1VYJK9V1YBx8AEKNVWwk-3qCMlFLCihWl	Whooshs (3)	wav	4.16	CinePRO Sound Design	SFX	vlog
1aJhi1n4VwBmWbgIdsnH1B9q2QDkWiuF1	WhooshSwipe (1)	wav	2.28	CinePRO Sound Design	SFX	vlog,corporativo
1BpRUTh3dKjSRNKZT3Oe9yjgl2Tr4Aiai	WhooshSwipe (10)	wav	0.74	CinePRO Sound Design	SFX	vlog,corporativo
1XXyJ7kaNnZiiDxO0Yb-B0Ll-sRGncylc	WhooshSwipe (2)	wav	1.08	CinePRO Sound Design	SFX	vlog,corporativo
1Scm7CiVOqgBHzNW7MJzJwNxUj5Pvh5u2	WhooshSwipe (3)	wav	1.82	CinePRO Sound Design	SFX	vlog,corporativo
1_0LIPhsY1N8c3GytFTBfyvpJf-n913Mr	WhooshSwipe (4)	wav	0.9	CinePRO Sound Design	SFX	vlog,corporativo
1K7fl5jGk4Mgi8PcVdlLlN4ze1a0P5Svw	WhooshSwipe (5)	wav	1.48	CinePRO Sound Design	SFX	vlog,corporativo
12__FSAhavL9_3GTs-wBXn6gf_lrUSAl8	WhooshSwipe (6)	wav	0.56	CinePRO Sound Design	SFX	vlog,corporativo
1zYNON1zUs7_ZDj8TzCP7BS0QVt_coGA-	WhooshSwipe (7)	wav	0.74	CinePRO Sound Design	SFX	vlog,corporativo
1rfI2eJ0lqC1jQYngyYqsPoyonpVwlenk	WhooshSwipe (8)	wav	2.67	CinePRO Sound Design	SFX	vlog,corporativo
1xfqOHsorn2J17MLWOymWyiDXNp696hlM	WhooshSwipe (9)	wav	0.36	CinePRO Sound Design	SFX	vlog,corporativo
1sKe_IzEz_6nwe4Y2znDC6XeK7B-MMopv	Will Van De Crommert - Dissidents	mp3	94.22	CinePRO Sound Design	PLAYLIST	
164688u0xeIvDVkJ1EVBBhVkJreT2gN_C	Win 1	wav	3.44	CinePRO Sound Design	Essentials	
1jlCJrkbLwpQOM3O8J6Q_MUsf5WNB3zfF	Win 2	wav	2.28	CinePRO Sound Design	Essentials	
12XtQW6vAe6iYxg1Y7rlwqARMDxbm5LTy	Win 3	wav	2.26	CinePRO Sound Design	Essentials	
1qjZYUzbFQqHz5100RtQxLa78kSD7TS01	Win 4	wav	1.88	CinePRO Sound Design	Essentials	
1NzccQyVSpfm3xES_dC0JNapDYKXmHna4	Wind	wav	43.71	CinePRO Sound Design	Essentials	
14UWQH2pGFgaj8cqrZjeJUdtkKPy_aPKm	Wind in the Forest Leaves with Birds	wav	26.38	CinePRO Sound Design	SFX	
1SBchD1zzswI_cAEomlqJUpaKid56GRcS	Wind in the Forest with falling Leaves	wav	50.67	CinePRO Sound Design	SFX	
1_Y_FSppcDoOVLdrSs0uymzhpdNoEVJC6	Wind in the Forest with falling Leaves and Brds	wav	14.86	CinePRO Sound Design	SFX	
1FKQ9UTReOQPgFx9a2_YbaV736RNoIRpQ	Wind in Trees	wav	34.69	CinePRO Sound Design	SFX	
11FpGLw-Gp6nTPJALp8U9O_tWr5Xd1BMl	Wind in Trees Whoosh	wav	7.29	CinePRO Sound Design	SFX	
1OBsfmZI29fg-0UoehT0e8Qiafx1bxt8Y	Wind in Trees Whoosh 2	wav	4.33	CinePRO Sound Design	SFX	
1fT69T6k-yHffqC_6WVoIqlHlPWGNc8Mm	Wind on a Field, Crickets Chirping	wav	28.71	CinePRO Sound Design	SFX	
1L6mPn_nt7YZKNC37lRA5WOPUjRtbtVBW	Wind on a Field, Crickets Chirping 2	wav	47.77	CinePRO Sound Design	SFX	
1KFMYFl2kHBU8vgXSYFoU2mw-iftjtZKn	Wind Riser (long)	wav	6.21	CinePRO Sound Design	SFX	
1sAlQTq8W5bHs2ETOXx9x3icI4gzkcIst	Wind Riser (short)	wav	5.56	CinePRO Sound Design	SFX	
1UJeaDav9Wyr3MguFIYX8zlPeJseG-5_s	Wind through Fields of Gras	wav	14.76	CinePRO Sound Design	SFX	
1cdeO7QnPgPB17oJlHQqLUNUOODgCOtfK	Wind Whoosh 1	wav	7.38	CinePRO Sound Design	SFX	
1kD9z5chsHN6sbyRV4BI0NYoQkPubK41R	Wind Whoosh 2	wav	6.56	CinePRO Sound Design	SFX	
1NiOQP2ftY9X5_sLtUVvunCOlY5olDm7S	Wind Whoosh 3	wav	11	CinePRO Sound Design	SFX	
1yiOpBOaLMeDCvxrJWzhjFrEVPpfH0fVM	Wine Glass Toast	wav	4.8	CinePRO Sound Design	Essentials	
1vMdZDRS2guVv1oy4JP43IfGfy7iZScBo	WIthdraw Money	wav	33.52	CinePRO Sound Design	Essentials	
1iWiGP1B3a6z8ElUX7kUTsN2xc_HiJAx6	WIU - Eu Fumei a Árvore de Natal 🎄 [music]	mp3	221.75	CinePRO Sound Design	PLAYLIST	
1PN0IWV4qo9zzTFMPiw_Hve7JSqWd5HEy	WIU - Eu Fumei a Árvore de Natal 🎄 [vocals]	mp3	221.75	CinePRO Sound Design	PLAYLIST	
1jrQhokDrIwh8_gc0FaeeFtN0aLq_F4CT	Wood and Iron Elements - Long	mp3	3.08	CinePRO Sound Design	Essentials	
1xFHxmbwRdadFaothOwVX0egcA6K5qzq5	Wood and Iron Elements - Medium	mp3	2.04	CinePRO Sound Design	Essentials	
1h4cBSf-RPHt61dyifF9r35f8IpRpYcTx	Wood and Iron Elements - Short	mp3	1.06	CinePRO Sound Design	Essentials	
10jY2sr1H-QxHAobYEXNE5BUihu3onhar	Woodbrosound_GoToTheTop	wav	180	CinePRO Sound Design	PLAYLIST	
1e3K-y1irLtxoEtgiLgAkUjG0TiHEybxn	Woosh	wav	3.02	CinePRO Sound Design	SFX	vlog,corporativo
1NubdvZium8FGIbuOVs0jRawD6rq2g6J7	Woosh 01	mp3	2.35	CinePRO Sound Design	SFX	
1P29UeOszZOsCqw2LZX2AOfvu0uCptOSD	Woosh 01	wav	2.31	CinePRO Sound Design	SFX	
1uu9_HxxPQSvHaXTfzCG4QTEKbGUTI6sl	Woosh 01	wav	2.62	CinePRO Sound Design	SFX	vlog,corporativo
1qpqyeGqCkGNayd7KQ0QTKH6eOeHtld76	WOOSH 01 copy	wav	57.64	CinePRO Sound Design	SFX	
1VRpR28JJCeFMvHKiAM4_Eq19REiMcXCL	Woosh 02	mp3	1.8	CinePRO Sound Design	SFX	
1yf-YGsP6s7HAT_8duyIQGEWBry4oap6I	Woosh 02	wav	1.76	CinePRO Sound Design	SFX	
1Ea8fSUjanVOUDK1mH_OAmSbioaXV6k6L	Woosh 02	wav	2	CinePRO Sound Design	SFX	vlog,corporativo
1omtZ6hIlpN8mncsMtNOU68htiScKneJf	Woosh 03	mp3	1.65	CinePRO Sound Design	SFX	
1MlxMa8VDcNWl4PhTODQPW0yX6j_7ddHG	Woosh 03	wav	1.59	CinePRO Sound Design	SFX	
1jzw5tzunrP83QZURAZLnKHrLsGsYVSAo	Woosh 03	wav	0.86	CinePRO Sound Design	SFX	vlog,corporativo
1L18Z-k3AVULf1pwA6LbSEKhJTrTxHWAl	Woosh 04	mp3	2.3	CinePRO Sound Design	SFX	
1b857X6RkrAtm1iXHK4Rkt7W0tMPCQe7Z	Woosh 04	wav	2.27	CinePRO Sound Design	SFX	
1tXI-lohs_eJx5sD_-TzKxJ0a51rr7d-W	Woosh 04	wav	3.89	CinePRO Sound Design	SFX	vlog,corporativo
1-xtJf6e1lVafzx_KT-dnE7m1CMpUuDSV	WOOSH 04 copy	wav	3.01	CinePRO Sound Design	SFX	
151CDOhXPswFhNnwKF6Z5o3yIjSc7FiqR	Woosh 05	mp3	2.69	CinePRO Sound Design	SFX	
1WxbNZ-rHneMKkn9_yRQBJlkYteakjkwM	Woosh 05	wav	2.65	CinePRO Sound Design	SFX	
1aUODnSxJjeMzuACEjbjibFIgZJ7Fd_WA	Woosh 06	mp3	1.91	CinePRO Sound Design	SFX	
1w1p6WJt728z_f4ycCq-yFTJaEvrEvgFm	Woosh 06	wav	1.87	CinePRO Sound Design	SFX	
1qeELUHdpObUYoQ69LPW3IXAyGNXG9a37	Woosh 1	wav	1.77	CinePRO Sound Design	SFX	
1I_GDY1TDkGk_rvCIC3fYJfmUjnk_IcuT	Woosh 3	wav	2.93	CinePRO Sound Design	SFX	
1rgHdFubg0VU-769g3qnKv3MSSOkpz_bl	Woosh 4	wav	2.68	CinePRO Sound Design	SFX	
1FVEFA5eTt4VHMRh40EwDjni3WJKdhLW0	WOOSH BASE	wav	4.09	CinePRO Sound Design	SFX	
1FnIA4A9o7DCv22jH7_qraXpf-3q0xnYl	Woosh Pack 01	mp3	2.04	CinePRO Sound Design	SFX	vlog
106dfisWeeZr2DPfWhVCFI_cixHat4gF1	Woosh Pack 02	mp3	2.53	CinePRO Sound Design	SFX	vlog
1kOcc0suYFpYSa3Wikgp2vGZfNkQLF4We	Woosh Pack 03	mp3	2.17	CinePRO Sound Design	SFX	vlog
1tpF6yXWek7f13gKvJxrYjD6OV2ixi-zA	Woosh Pack 04	mp3	3.42	CinePRO Sound Design	SFX	vlog
1Q2W2_fEZvauCbfLnuw36HaQJdd8kA0br	Woosh Pack 05	mp3	1.78	CinePRO Sound Design	SFX	vlog
1fs-bUrgAbb5nelJshcmk-BqdG-0mvgQO	Woosh Pack 06	mp3	2.04	CinePRO Sound Design	SFX	vlog
1ZXGfkTtXuFUjMf1acbIu7jgcA5thwwVR	Woosh rattle	mp3	3.17	CinePRO Sound Design	SFX	
1tjbcM4b74W-E533B32oT_sHh6pwSkMzI	Woosh stutter	mp3	5.42	CinePRO Sound Design	SFX	
1SonqPFs9xuSv67uYZR3oYziA84yrosgB	WOOSH_FLYBY_SpeedofSound	wav	5.19	CinePRO Sound Design	SFX	
1HWci3hA7NXp4JagINyF3oP_a9t_uSbkY	Woosh_Move_Transition_01	wav	1.82	CinePRO Sound Design	SFX	vlog,corporativo
1Gv9sDIg6AyEm-vTrEeHGtf9eG2dpHFay	Woosh_Move_Transition_02	wav	1.82	CinePRO Sound Design	SFX	vlog,corporativo
1y_k3BxAWIcot_f2p4nAErgdS7cUqo08J	Woosh1DRY	wav	16.56	CinePRO Sound Design	SFX	
1juE4u5M5ccNyufox5mrjF72nshedHxki	WooShazam! J	wav	1.05	CinePRO Sound Design	SFX	
1RSl1WxY1dRLoOXyewqVdkaOM_qBkXdd5	Wooshes 1	wav	3.61	CinePRO Sound Design	SFX	vlog,corporativo
1FD9b-O2gNLbebxl0VZaEacExiJQw1exU	Wooshes 2	wav	4.08	CinePRO Sound Design	SFX	vlog,corporativo
1MbA7lwaqudQcZr7ngil0PCgDe3UKFrTV	Wooshes 3	wav	3.82	CinePRO Sound Design	SFX	vlog,corporativo
1Xn5OG2bxqLPi68SCggDJUeOxAbsGv1X7	Wooshes 4	wav	3.33	CinePRO Sound Design	SFX	vlog,corporativo
1ROq64anNzlGmzFGUWNsM0bN0d2BSmhog	Wooshes 5	wav	3.53	CinePRO Sound Design	SFX	vlog,corporativo
1F6u7kiWVwoUbW_H7aa9LotBwjWeCdh9r	Wooshes 6	wav	3.65	CinePRO Sound Design	SFX	vlog,corporativo
12LFBRkdJ1vb0jerASFOCjOXPfEJ1QlNS	Woozy Warble	wav	32.47	CinePRO Sound Design	Essentials	
1xhVCvGTlT8qTK0qK3BuKe1dMcmbQZC-L	Wrong FULL	mp3	125.66	CinePRO Sound Design	PLAYLIST	
1iphU1ORCS-mgbey2tt1DYcnuYLGrNlfa	Wrong STEMS BASS	mp3	111.53	CinePRO Sound Design	PLAYLIST	
1ut8mPWQM__gF29cJee2XHPIhft0Wm5iT	Wrong STEMS DRUMS	mp3	111.53	CinePRO Sound Design	PLAYLIST	
1gr03TT_oHmPLD1nKJFvqISvc-zMlbL9L	Wrong STEMS INSTRUMENTS	mp3	111.53	CinePRO Sound Design	PLAYLIST	
1kNCGd3UNdIHbaCK2NTbePBDCQP8kbvjo	Wrong STEMS MELODY	mp3	125.66	CinePRO Sound Design	PLAYLIST	
1a4k3SacNXdStQjYPI6YbDkSoKYFnFtRQ	Xmas Ding	wav	2.97	CinePRO Sound Design	Essentials	
1nWrl1BJEl4OGS0bvzbp98PhkPAZ6Bjgp	Yarin Primak - NO CAP - No Lead Vocals	mp3	181	CinePRO Sound Design	PLAYLIST	
12ekNGThkPcb6t7pH9y1noux56005scJe	Yoed Nir - Mechanical Black	mp3	169.77	CinePRO Sound Design	PLAYLIST	
1LBYQTxGwr0uATBb19sgO83PX43N425pF	Yonatan Riklis - Tales of the Mind	mp3	318.38	CinePRO Sound Design	PLAYLIST	
1eCNCx6iTiQb03RS4HxywHOaNkPCzkBML	Young Rich Pixies - Brotherhood	mp3	120.92	CinePRO Sound Design	PLAYLIST	
19hDwBGFiTmpnI1pXV-4jnc-81rf2t-5C	Young Rich Pixies - Rainy Day - Instrumental Version	mp3	172.51	CinePRO Sound Design	PLAYLIST	
1XgS7kmokIzfsSS_Mia5AGrurHFIttigv	Young Rich Pixies - Saturday Shopping - No Whistles	mp3	159.14	CinePRO Sound Design	PLAYLIST	
1Xzg-GVr8cP-OLTkylB9Uil0INDTWNQSJ	Yuna - lullabies (slowed+lyrics) (Adventure Club Remix)	mp3	280.99	CinePRO Sound Design	PLAYLIST	
1bCYWfrJZId7XcDlCJx_6EiDyyld1-hjJ	Zephyr Gold - Ashes	mp3	178.44	CinePRO Sound Design	PLAYLIST	
1msiWQlQnfXHm6Mqls1KCiaTMdY9-3XfN	Zip Whoosh	wav	4.76	CinePRO Sound Design	SFX	
15DOjTrckvlPfhLEjPKWQh1wdtYlGdrss	zip_medium_1	wav	2.39	CinePRO Sound Design	Essentials	
1-DjiiR-xOGL5NtBknv1hG1gf1VAMCjPq	zip_medium_2	wav	1.8	CinePRO Sound Design	Essentials	
10ZcQZCCR2-QI7DItGTyIvIOhyed1VK0P	zip_medium_3	wav	2.39	CinePRO Sound Design	Essentials	
1Ud0bRQ3BGqMwEcwiC4osdLcFASN_nXyd	zip_medium_4	wav	1.33	CinePRO Sound Design	Essentials	
1aD3ZyYcp2hQK9_QCH4UTZ0c_gfQujmWR	zip_medium_5	wav	1.33	CinePRO Sound Design	Essentials	
1u5mwwDrBNvnU-N-tKVUlIykF9-9IrbiT	zip_small_1	wav	1.13	CinePRO Sound Design	Essentials	
11-WFzUA-ZJMhpV7XWlmlkzahLvtBphdF	zip_small_2	wav	1.13	CinePRO Sound Design	Essentials	
1BA7ud1QACsjlnIXVXahLCihgWeqx5W-k	zip_small_3	wav	1.13	CinePRO Sound Design	Essentials	
1wpEwDrVm0kVPwKo65fnT1cBLWrOu_jy0	zip_small_4	wav	1.13	CinePRO Sound Design	Essentials	
1x-pw-mWWXvD2lLYds5W5oFv0P_e7gZRX	Ziv Grinberg - Its Fun Being a Cat	mp3	140.62	CinePRO Sound Design	PLAYLIST	
18ltstewQyx151NpU7TSOHjWsYNEFaV0z	Zoom	mp3	2.85	CinePRO Sound Design	SFX	
1uiAkf-HUIJVf7STVl2aThmLJgT3NUSyP	Zoom	wav	2.81	CinePRO Sound Design	SFX	
1cI5BOQmRGP_ptGbGhmCyZyQTbKFyqrmT	Zoom Camera 01	mp3	0.55	CinePRO Sound Design	Essentials	
1UVP25Y5_AdLyL2Lt0wLi8A1RbJXTYq6K	Zoom Camera 02	mp3	0.73	CinePRO Sound Design	Essentials	
1X3rrtlv_TmWrVjzacOMJAb2Xq1Q1NbhY	Zoom Camera 03	mp3	1.18	CinePRO Sound Design	Essentials	
1vRIAhiu07e4MGWZ5EMn6WLDSZdxnuon4	Zoom Camera 04	mp3	1.78	CinePRO Sound Design	Essentials	
1L6mfn7RS3ZUv8d-6Wf5VbRoNOD1qg_nU	Zoom Lente Camera (1)	wav	0.89	CinePRO Sound Design	Essentials	
1OI7AVZ1cIa8FyQXyrzpQJNpHPsaSuUOy	Zoom Lente Camera (10)	wav	0.63	CinePRO Sound Design	Essentials	
1Mip96p3FMQM9LRwlfGUgrSt_prt2xyd5	Zoom Lente Camera (2)	wav	1.37	CinePRO Sound Design	Essentials	
1ONgtYixxZ3R4bJo9utkbsHvTgWVmkAcZ	Zoom Lente Camera (3)	wav	1.53	CinePRO Sound Design	Essentials	
19zbRID_CcKcly9dGowQIBrb90uRCNW2J	Zoom Lente Camera (4)	wav	1.15	CinePRO Sound Design	Essentials	
1obGVIadA7uGGnqU5MSrkD8oFWNxQG-DE	Zoom Lente Camera (5)	wav	1.18	CinePRO Sound Design	Essentials	
1AEuw0zjl6tlX3b24gpqYeVPh0OqXmGm2	Zoom Lente Camera (6)	wav	1.92	CinePRO Sound Design	Essentials	
1oGYv4zoCPa7nVaneFPExA7wdddT512Ej	Zoom Lente Camera (7)	wav	0.71	CinePRO Sound Design	Essentials	
1xhCs0gU6XA4fQJJ5EBq8tVwKkBAiHtz7	Zoom Lente Camera (8)	wav	0.82	CinePRO Sound Design	Essentials	
1Sp1JT_wHm4luD34Lez1CpcGS_h4oC9ID	Zoom Lente Camera (9)	wav	0.49	CinePRO Sound Design	Essentials	
